5405 stored digests; sampling 400
[32m2026-09-10 16:13:49.244[0m | [1mINFO    [0m | [36msrc.analysis.sentiment[0m:[36manalyse_sentiment[0m:[36m1629[0m - [1mOCGN raw_sentiment=-0.24 (local, 9 articles)[0m
[32m2026-09-10 16:13:49.244[0m | [34m[1mDEBUG   [0m | [36msrc.analysis.sentiment[0m:[36manalyse_sentiment[0m:[36m1685[0m - [34m[1mOCGN sentiment scaled -0.24 \u2192 -0.21 (count=9, sources=9, scale=0.88)[0m
[32m2026-09-10 16:13:53.929[0m | [1mINFO    [0m | [36msrc.analysis.sentiment[0m:[36manalyse_sentiment[0m:[36m1629[0m - [1mXBI raw_sentiment=+0.16 (local, 20 articles)[0m
[32m2026-09-10 16:13:53.930[0m | [34m[1mDEBUG   [0m | [36msrc.analysis.sentiment[0m:[36manalyse_sentiment[0m:[36m1685[0m - [34m[1mXBI sentiment scaled +0.16 \u2192 +0.12 (count=20, sources=12, scale=0.76)[0m
[32m2026-09-10 16:13:56.683[0m | [1mINFO    [0m | [36msrc.analysis.sentiment[0m:[36manalyse_sentiment[0m:[36m1629[0m - [1mSLV raw_sentiment=+0.05 (local, 4 articles)[0m
[32m2026-09-10 16:13:56.683[0m | [34m[1mDEBUG   [0m | [36msrc.analysis.sentiment[0m:[36manalyse_sentiment[0m:[36m1685[0m - [34m[1mSLV sentiment scaled +0.05 \u2192 +0.03 (count=4, sources=4, scale=0.59)[0m
[32m2026-09-10 16:14:00.402[0m | [1mINFO    [0m | [36msrc.analysis.sentiment[0m:[36manalyse_sentiment[0m:[36m1629[0m - [1mIBB raw_sentiment=-0.27 (local, 20 articles)[0m
[32m2026-09-10 16:14:00.402[0m | [34m[1mDEBUG   [0m | [36msrc.analysis.sentiment[0m:[36manalyse_sentiment[0m:[36m1685[0m - [34m[1mIBB sentiment scaled -0.27 \u2192 -0.19 (count=20, sources=10, scale=0.68)[0m
[32m2026-09-10 16:14:00.404[0m | [34m[1mDEBUG   [0m | [36msrc.analysis.sentiment[0m:[36manalyse_sentiment[0m:[36m1426[0m - [34m[1mAEP sentiment abstained: 100% of the digest names it only in the body (>= 75%) — a round-up, not coverage[0m
[32m2026-09-10 16:14:02.805[0m | [1mINFO    [0m | [36msrc.analysis.sentiment[0m:[36manalyse_sentiment[0m:[36m1629[0m - [1mXOM raw_sentiment=+0.16 (local, 3 articles)[0m
[32m2026-09-10 16:14:02.806[0m | [34m[1mDEBUG   [0m | [36msrc.analysis.sentiment[0m:[36manalyse_sentiment[0m:[36m1685[0m - [34m[1mXOM sentiment scaled +0.16 \u2192 +0.10 (count=3, sources=3, scale=0.62)[0m
[32m2026-09-10 16:14:05.900[0m | [1mINFO    [0m | [36msrc.analysis.sentiment[0m:[36manalyse_sentiment[0m:[36m1629[0m - [1mXLE raw_sentiment=+0.42 (local, 20 articles)[0m
[32m2026-09-10 16:14:05.900[0m | [34m[1mDEBUG   [0m | [36msrc.analysis.sentiment[0m:[36manalyse_sentiment[0m:[36m1685[0m - [34m[1mXLE sentiment scaled +0.42 \u2192 +0.37 (count=20, sources=11, scale=0.88)[0m
[32m2026-09-10 16:14:10.121[0m | [1mINFO    [0m | [36msrc.analysis.sentiment[0m:[36manalyse_sentiment[0m:[36m1629[0m - [1mROIV raw_sentiment=+0.26 (local, 20 articles)[0m
[32m2026-09-10 16:14:12.030[0m | [1mINFO    [0m | [36msrc.analysis.sentiment[0m:[36manalyse_sentiment[0m:[36m1629[0m - [1mSNOW raw_sentiment=+0.39 (local, 2 articles)[0m
[32m2026-09-10 16:14:12.030[0m | [34m[1mDEBUG   [0m | [36msrc.analysis.sentiment[0m:[36manalyse_sentiment[0m:[36m1685[0m - [34m[1mSNOW sentiment scaled +0.39 \u2192 +0.20 (count=2, sources=2, scale=0.53)[0m
[32m2026-09-10 16:14:14.978[0m | [1mINFO    [0m | [36msrc.analysis.sentiment[0m:[36manalyse_sentiment[0m:[36m1629[0m - [1mGLD raw_sentiment=+0.38 (local, 14 articles)[0m
[32m2026-09-10 16:14:14.978[0m | [34m[1mDEBUG   [0m | [36msrc.analysis.sentiment[0m:[36manalyse_sentiment[0m:[36m1685[0m - [34m[1mGLD sentiment scaled +0.38 \u2192 +0.30 (count=14, sources=7, scale=0.79)[0m
[32m2026-09-10 16:14:18.726[0m | [1mINFO    [0m | [36msrc.analysis.sentiment[0m:[36manalyse_sentiment[0m:[36m1629[0m - [1mHWM raw_sentiment=-0.54 (local, 18 articles)[0m
[32m2026-09-10 16:14:18.726[0m | [34m[1mDEBUG   [0m | [36msrc.analysis.sentiment[0m:[36manalyse_sentiment[0m:[36m1685[0m - [34m[1mHWM sentiment scaled -0.54 \u2192 -0.44 (count=18, sources=11, scale=0.83)[0m
[32m2026-09-10 16:14:18.729[0m | [34m[1mDEBUG   [0m | [36msrc.analysis.sentiment[0m:[36manalyse_sentiment[0m:[36m1426[0m - [34m[1mBLSH sentiment abstained: 85% of the digest names it only in the body (>= 75%) — a round-up, not coverage[0m
[32m2026-09-10 16:14:22.526[0m | [1mINFO    [0m | [36msrc.analysis.sentiment[0m:[36manalyse_sentiment[0m:[36m1629[0m - [1mXLE raw_sentiment=+0.60 (local, 20 articles)[0m
[32m2026-09-10 16:14:25.896[0m | [1mINFO    [0m | [36msrc.analysis.sentiment[0m:[36manalyse_sentiment[0m:[36m1629[0m - [1mBLSH raw_sentiment=+0.00 (local, 20 articles)[0m
[32m2026-09-10 16:14:28.781[0m | [1mINFO    [0m | [36msrc.analysis.sentiment[0m:[36manalyse_sentiment[0m:[36m1629[0m - [1mXLF raw_sentiment=+0.26 (local, 13 articles)[0m
[32m2026-09-10 16:14:28.781[0m | [34m[1mDEBUG   [0m | [36msrc.analysis.sentiment[0m:[36manalyse_sentiment[0m:[36m1685[0m - [34m[1mXLF sentiment scaled +0.26 \u2192 +0.15 (count=13, sources=9, scale=0.57)[0m
[32m2026-09-10 16:14:30.856[0m | [1mINFO    [0m | [36msrc.analysis.sentiment[0m:[36manalyse_sentiment[0m:[36m1629[0m - [1mAVAV raw_sentiment=-0.06 (local, 1 articles)[0m
[32m2026-09-10 16:14:30.856[0m | [34m[1mDEBUG   [0m | [36msrc.analysis.sentiment[0m:[36manalyse_sentiment[0m:[36m1685[0m - [34m[1mAVAV sentiment scaled -0.06 \u2192 -0.02 (count=1, sources=1, scale=0.32)[0m
[32m2026-09-10 16:14:35.192[0m | [1mINFO    [0m | [36msrc.analysis.sentiment[0m:[36manalyse_sentiment[0m:[36m1629[0m - [1mXLI raw_sentiment=-0.15 (local, 8 articles)[0m
[32m2026-09-10 16:14:35.193[0m | [34m[1mDEBUG   [0m | [36msrc.analysis.sentiment[0m:[36manalyse_sentiment[0m:[36m1685[0m - [34m[1mXLI sentiment scaled -0.15 \u2192 -0.09 (count=8, sources=6, scale=0.58)[0m
[32m2026-09-10 16:14:51.479[0m | [1mINFO    [0m | [36msrc.analysis.sentiment[0m:[36manalyse_sentiment[0m:[36m1629[0m - [1mIGV raw_sentiment=-0.49 (local, 8 articles)[0m
[32m2026-09-10 16:14:51.479[0m | [34m[1mDEBUG   [0m | [36msrc.analysis.sentiment[0m:[36manalyse_sentiment[0m:[36m1685[0m - [34m[1mIGV sentiment scaled -0.49 \u2192 -0.30 (count=8, sources=6, scale=0.60)[0m
[32m2026-09-10 16:15:05.275[0m | [1mINFO    [0m | [36msrc.analysis.sentiment[0m:[36manalyse_sentiment[0m:[36m1629[0m - [1mGM raw_sentiment=+0.78 (local, 10 articles)[0m
[32m2026-09-10 16:15:05.275[0m | [34m[1mDEBUG   [0m | [36msrc.analysis.sentiment[0m:[36manalyse_sentiment[0m:[36m1685[0m - [34m[1mGM sentiment scaled +0.78 \u2192 +0.53 (count=10, sources=8, scale=0.68)[0m
[32m2026-09-10 16:15:12.834[0m | [1mINFO    [0m | [36msrc.analysis.sentiment[0m:[36manalyse_sentiment[0m:[36m1629[0m - [1mXLF raw_sentiment=+0.06 (local, 19 articles)[0m
[32m2026-09-10 16:15:12.835[0m | [34m[1mDEBUG   [0m | [36msrc.analysis.sentiment[0m:[36manalyse_sentiment[0m:[36m1685[0m - [34m[1mXLF sentiment scaled +0.06 \u2192 +0.04 (count=19, sources=12, scale=0.71)[0m
[32m2026-09-10 16:15:12.838[0m | [34m[1mDEBUG   [0m | [36msrc.analysis.sentiment[0m:[36manalyse_sentiment[0m:[36m1426[0m - [34m[1mXLV sentiment abstained: 100% of the digest names it only in the body (>= 75%) — a round-up, not coverage[0m
[32m2026-09-10 16:15:21.275[0m | [1mINFO    [0m | [36msrc.analysis.sentiment[0m:[36manalyse_sentiment[0m:[36m1629[0m - [1mAVAV raw_sentiment=+0.22 (local, 11 articles)[0m
[32m2026-09-10 16:15:21.275[0m | [34m[1mDEBUG   [0m | [36msrc.analysis.sentiment[0m:[36manalyse_sentiment[0m:[36m1685[0m - [34m[1mAVAV sentiment scaled +0.22 \u2192 +0.14 (count=11, sources=10, scale=0.64)[0m
[32m2026-09-10 16:15:35.881[0m | [1mINFO    [0m | [36msrc.analysis.sentiment[0m:[36manalyse_sentiment[0m:[36m1629[0m - [1mIRD raw_sentiment=+0.75 (local, 20 articles)[0m
[32m2026-09-10 16:15:35.883[0m | [34m[1mDEBUG   [0m | [36msrc.analysis.sentiment[0m:[36manalyse_sentiment[0m:[36m1426[0m - [34m[1mPANW sentiment abstained: 100% of the digest names it only in the body (>= 75%) — a round-up, not coverage[0m
[32m2026-09-10 16:16:02.930[0m | [1mINFO    [0m | [36msrc.analysis.sentiment[0m:[36manalyse_sentiment[0m:[36m1629[0m - [1mTBBK raw_sentiment=-0.79 (local, 3 articles)[0m
[32m2026-09-10 16:16:02.931[0m | [34m[1mDEBUG   [0m | [36msrc.analysis.sentiment[0m:[36manalyse_sentiment[0m:[36m1685[0m - [34m[1mTBBK sentiment scaled -0.79 \u2192 -0.44 (count=3, sources=3, scale=0.55)[0m
[32m2026-09-10 16:16:21.596[0m | [1mINFO    [0m | [36msrc.analysis.sentiment[0m:[36manalyse_sentiment[0m:[36m1629[0m - [1mIBB raw_sentiment=+0.35 (local, 20 articles)[0m
[32m2026-09-10 16:16:21.596[0m | [34m[1mDEBUG   [0m | [36msrc.analysis.sentiment[0m:[36manalyse_sentiment[0m:[36m1685[0m - [34m[1mIBB sentiment scaled +0.35 \u2192 +0.26 (count=20, sources=11, scale=0.73)[0m
[32m2026-09-10 16:16:33.184[0m | [1mINFO    [0m | [36msrc.analysis.sentiment[0m:[36manalyse_sentiment[0m:[36m1629[0m - [1mAEO raw_sentiment=+0.56 (local, 20 articles)[0m
[32m2026-09-10 16:16:43.839[0m | [1mINFO    [0m | [36msrc.analysis.sentiment[0m:[36manalyse_sentiment[0m:[36m1629[0m - [1mDIS raw_sentiment=+0.50 (local, 15 articles)[0m
[32m2026-09-10 16:16:49.958[0m | [1mINFO    [0m | [36msrc.analysis.sentiment[0m:[36manalyse_sentiment[0m:[36m1629[0m - [1mVICI raw_sentiment=+0.05 (local, 10 articles)[0m
[32m2026-09-10 16:16:49.958[0m | [34m[1mDEBUG   [0m | [36msrc.analysis.sentiment[0m:[36manalyse_sentiment[0m:[36m1685[0m - [34m[1mVICI sentiment scaled +0.05 \u2192 +0.04 (count=10, sources=4, scale=0.71)[0m
[32m2026-09-10 16:16:56.540[0m | [1mINFO    [0m | [36msrc.analysis.sentiment[0m:[36manalyse_sentiment[0m:[36m1629[0m - [1mFCX raw_sentiment=-0.17 (local, 12 articles)[0m
[32m2026-09-10 16:17:03.109[0m | [1mINFO    [0m | [36msrc.analysis.sentiment[0m:[36manalyse_sentiment[0m:[36m1629[0m - [1mDRAM raw_sentiment=+0.79 (local, 6 articles)[0m
[32m2026-09-10 16:17:03.110[0m | [34m[1mDEBUG   [0m | [36msrc.analysis.sentiment[0m:[36manalyse_sentiment[0m:[36m1685[0m - [34m[1mDRAM sentiment scaled +0.79 \u2192 +0.39 (count=6, sources=5, scale=0.49)[0m
[32m2026-09-10 16:17:13.932[0m | [1mINFO    [0m | [36msrc.analysis.sentiment[0m:[36manalyse_sentiment[0m:[36m1629[0m - [1mIRD raw_sentiment=+0.36 (local, 20 articles)[0m
[32m2026-09-10 16:17:26.177[0m | [1mINFO    [0m | [36msrc.analysis.sentiment[0m:[36manalyse_sentiment[0m:[36m1629[0m - [1mLLY raw_sentiment=+0.52 (local, 5 articles)[0m
[32m2026-09-10 16:17:26.177[0m | [34m[1mDEBUG   [0m | [36msrc.analysis.sentiment[0m:[36manalyse_sentiment[0m:[36m1685[0m - [34m[1mLLY sentiment scaled +0.52 \u2192 +0.31 (count=5, sources=4, scale=0.59)[0m
[32m2026-09-10 16:17:26.179[0m | [34m[1mDEBUG   [0m | [36msrc.analysis.sentiment[0m:[36manalyse_sentiment[0m:[36m1426[0m - [34m[1mXLF sentiment abstained: 80% of the digest names it only in the body (>= 75%) — a round-up, not coverage[0m
[32m2026-09-10 16:17:26.182[0m | [34m[1mDEBUG   [0m | [36msrc.analysis.sentiment[0m:[36manalyse_sentiment[0m:[36m1426[0m - [34m[1mXLRE sentiment abstained: 100% of the digest names it only in the body (>= 75%) — a round-up, not coverage[0m
[32m2026-09-10 16:17:31.447[0m | [1mINFO    [0m | [36msrc.analysis.sentiment[0m:[36manalyse_sentiment[0m:[36m1629[0m - [1mJPM raw_sentiment=-0.05 (local, 8 articles)[0m
[32m2026-09-10 16:17:31.447[0m | [34m[1mDEBUG   [0m | [36msrc.analysis.sentiment[0m:[36manalyse_sentiment[0m:[36m1685[0m - [34m[1mJPM sentiment scaled -0.05 \u2192 -0.03 (count=8, sources=5, scale=0.58)[0m
[32m2026-09-10 16:17:34.531[0m | [1mINFO    [0m | [36msrc.analysis.sentiment[0m:[36manalyse_sentiment[0m:[36m1629[0m - [1mAFRM raw_sentiment=+0.00 (local, 1 articles)[0m
[32m2026-09-10 16:17:34.531[0m | [34m[1mDEBUG   [0m | [36msrc.analysis.sentiment[0m:[36manalyse_sentiment[0m:[36m1685[0m - [34m[1mAFRM sentiment scaled +0.00 \u2192 +0.00 (count=1, sources=1, scale=0.32)[0m
[32m2026-09-10 16:17:39.369[0m | [1mINFO    [0m | [36msrc.analysis.sentiment[0m:[36manalyse_sentiment[0m:[36m1629[0m - [1mIVZ raw_sentiment=-0.15 (local, 3 articles)[0m
[32m2026-09-10 16:17:39.369[0m | [34m[1mDEBUG   [0m | [36msrc.analysis.sentiment[0m:[36manalyse_sentiment[0m:[36m1685[0m - [34m[1mIVZ sentiment scaled -0.15 \u2192 -0.08 (count=3, sources=2, scale=0.53)[0m
[32m2026-09-10 16:17:39.373[0m | [34m[1mDEBUG   [0m | [36msrc.analysis.sentiment[0m:[36manalyse_sentiment[0m:[36m1426[0m - [34m[1mJETS sentiment abstained: 100% of the digest names it only in the body (>= 75%) — a round-up, not coverage[0m
[32m2026-09-10 16:17:46.928[0m | [1mINFO    [0m | [36msrc.analysis.sentiment[0m:[36manalyse_sentiment[0m:[36m1629[0m - [1mASST raw_sentiment=+0.68 (local, 12 articles)[0m
[32m2026-09-10 16:17:46.928[0m | [34m[1mDEBUG   [0m | [36msrc.analysis.sentiment[0m:[36manalyse_sentiment[0m:[36m1685[0m - [34m[1mASST sentiment scaled +0.68 \u2192 +0.47 (count=12, sources=11, scale=0.69)[0m
[32m2026-09-10 16:17:55.020[0m | [1mINFO    [0m | [36msrc.analysis.sentiment[0m:[36manalyse_sentiment[0m:[36m1629[0m - [1mDOCN raw_sentiment=+0.75 (local, 20 articles)[0m
[32m2026-09-10 16:17:55.021[0m | [34m[1mDEBUG   [0m | [36msrc.analysis.sentiment[0m:[36manalyse_sentiment[0m:[36m1685[0m - [34m[1mDOCN sentiment scaled +0.75 \u2192 +0.60 (count=20, sources=17, scale=0.81)[0m
[32m2026-09-10 16:17:59.209[0m | [1mINFO    [0m | [36msrc.analysis.sentiment[0m:[36manalyse_sentiment[0m:[36m1629[0m - [1mAPP raw_sentiment=+0.15 (local, 3 articles)[0m
[32m2026-09-10 16:17:59.209[0m | [34m[1mDEBUG   [0m | [36msrc.analysis.sentiment[0m:[36manalyse_sentiment[0m:[36m1685[0m - [34m[1mAPP sentiment scaled +0.15 \u2192 +0.12 (count=3, sources=3, scale=0.77)[0m
[32m2026-09-10 16:18:05.201[0m | [1mINFO    [0m | [36msrc.analysis.sentiment[0m:[36manalyse_sentiment[0m:[36m1629[0m - [1mGME raw_sentiment=+0.75 (local, 20 articles)[0m
[32m2026-09-10 16:18:11.452[0m | [1mINFO    [0m | [36msrc.analysis.sentiment[0m:[36manalyse_sentiment[0m:[36m1629[0m - [1mPHVS raw_sentiment=+0.15 (local, 20 articles)[0m
[32m2026-09-10 16:18:11.452[0m | [34m[1mDEBUG   [0m | [36msrc.analysis.sentiment[0m:[36manalyse_sentiment[0m:[36m1685[0m - [34m[1mPHVS sentiment scaled +0.15 \u2192 +0.13 (count=20, sources=15, scale=0.85)[0m
[32m2026-09-10 16:18:16.880[0m | [1mINFO    [0m | [36msrc.analysis.sentiment[0m:[36manalyse_sentiment[0m:[36m1629[0m - [1mSUNE raw_sentiment=+0.59 (local, 14 articles)[0m
[32m2026-09-10 16:18:16.880[0m | [34m[1mDEBUG   [0m | [36msrc.analysis.sentiment[0m:[36manalyse_sentiment[0m:[36m1685[0m - [34m[1mSUNE sentiment scaled +0.59 \u2192 +0.51 (count=14, sources=10, scale=0.86)[0m
[32m2026-09-10 16:18:24.040[0m | [1mINFO    [0m | [36msrc.analysis.sentiment[0m:[36manalyse_sentiment[0m:[36m1629[0m - [1mGME raw_sentiment=+0.70 (local, 17 articles)[0m
[32m2026-09-10 16:18:28.686[0m | [1mINFO    [0m | [36msrc.analysis.sentiment[0m:[36manalyse_sentiment[0m:[36m1629[0m - [1mZ raw_sentiment=-0.15 (local, 1 articles)[0m
[32m2026-09-10 16:18:28.686[0m | [34m[1mDEBUG   [0m | [36msrc.analysis.sentiment[0m:[36manalyse_sentiment[0m:[36m1685[0m - [34m[1mZ sentiment scaled -0.15 \u2192 -0.05 (count=1, sources=1, scale=0.34)[0m
[32m2026-09-10 16:18:32.519[0m | [1mINFO    [0m | [36msrc.analysis.sentiment[0m:[36manalyse_sentiment[0m:[36m1629[0m - [1mNVTS raw_sentiment=+0.32 (local, 5 articles)[0m
[32m2026-09-10 16:18:32.519[0m | [34m[1mDEBUG   [0m | [36msrc.analysis.sentiment[0m:[36manalyse_sentiment[0m:[36m1685[0m - [34m[1mNVTS sentiment scaled +0.32 \u2192 +0.20 (count=5, sources=5, scale=0.64)[0m
[32m2026-09-10 16:18:36.434[0m | [1mINFO    [0m | [36msrc.analysis.sentiment[0m:[36manalyse_sentiment[0m:[36m1629[0m - [1mGPI raw_sentiment=-0.16 (local, 1 articles)[0m
[32m2026-09-10 16:18:36.435[0m | [34m[1mDEBUG   [0m | [36msrc.analysis.sentiment[0m:[36manalyse_sentiment[0m:[36m1685[0m - [34m[1mGPI sentiment scaled -0.16 \u2192 -0.06 (count=1, sources=1, scale=0.35)[0m
[32m2026-09-10 16:18:42.036[0m | [1mINFO    [0m | [36msrc.analysis.sentiment[0m:[36manalyse_sentiment[0m:[36m1629[0m - [1mPVH raw_sentiment=-0.31 (local, 10 articles)[0m
[32m2026-09-10 16:18:42.037[0m | [34m[1mDEBUG   [0m | [36msrc.analysis.sentiment[0m:[36manalyse_sentiment[0m:[36m1685[0m - [34m[1mPVH sentiment scaled -0.31 \u2192 -0.20 (count=10, sources=10, scale=0.66)[0m
  50/400 in 296s (dropped non-local: 0)
[32m2026-09-10 16:18:45.847[0m | [1mINFO    [0m | [36msrc.analysis.sentiment[0m:[36manalyse_sentiment[0m:[36m1629[0m - [1mIWM raw_sentiment=-0.01 (local, 3 articles)[0m
[32m2026-09-10 16:18:45.847[0m | [34m[1mDEBUG   [0m | [36msrc.analysis.sentiment[0m:[36manalyse_sentiment[0m:[36m1685[0m - [34m[1mIWM sentiment scaled -0.01 \u2192 -0.00 (count=3, sources=3, scale=0.43)[0m
[32m2026-09-10 16:18:52.522[0m | [1mINFO    [0m | [36msrc.analysis.sentiment[0m:[36manalyse_sentiment[0m:[36m1629[0m - [1mIRD raw_sentiment=+0.45 (local, 18 articles)[0m
[32m2026-09-10 16:18:58.120[0m | [1mINFO    [0m | [36msrc.analysis.sentiment[0m:[36manalyse_sentiment[0m:[36m1629[0m - [1mCMCSA raw_sentiment=-0.73 (local, 10 articles)[0m
[32m2026-09-10 16:18:58.120[0m | [34m[1mDEBUG   [0m | [36msrc.analysis.sentiment[0m:[36manalyse_sentiment[0m:[36m1685[0m - [34m[1mCMCSA sentiment scaled -0.73 \u2192 -0.62 (count=10, sources=7, scale=0.86)[0m
[32m2026-09-10 16:19:01.160[0m | [1mINFO    [0m | [36msrc.analysis.sentiment[0m:[36manalyse_sentiment[0m:[36m1629[0m - [1mXLP raw_sentiment=-0.27 (local, 14 articles)[0m
[32m2026-09-10 16:19:01.160[0m | [34m[1mDEBUG   [0m | [36msrc.analysis.sentiment[0m:[36manalyse_sentiment[0m:[36m1685[0m - [34m[1mXLP sentiment scaled -0.27 \u2192 -0.24 (count=14, sources=6, scale=0.90)[0m
[32m2026-09-10 16:19:04.842[0m | [1mINFO    [0m | [36msrc.analysis.sentiment[0m:[36manalyse_sentiment[0m:[36m1629[0m - [1mIBIT raw_sentiment=+0.51 (local, 13 articles)[0m
[32m2026-09-10 16:19:04.842[0m | [34m[1mDEBUG   [0m | [36msrc.analysis.sentiment[0m:[36manalyse_sentiment[0m:[36m1685[0m - [34m[1mIBIT sentiment scaled +0.51 \u2192 +0.42 (count=13, sources=12, scale=0.82)[0m
[32m2026-09-10 16:19:09.372[0m | [1mINFO    [0m | [36msrc.analysis.sentiment[0m:[36manalyse_sentiment[0m:[36m1629[0m - [1mBYD raw_sentiment=-0.35 (local, 12 articles)[0m
[32m2026-09-10 16:19:13.434[0m | [1mINFO    [0m | [36msrc.analysis.sentiment[0m:[36manalyse_sentiment[0m:[36m1629[0m - [1mLLY raw_sentiment=-0.15 (local, 8 articles)[0m
[32m2026-09-10 16:19:13.434[0m | [34m[1mDEBUG   [0m | [36msrc.analysis.sentiment[0m:[36manalyse_sentiment[0m:[36m1685[0m - [34m[1mLLY sentiment scaled -0.15 \u2192 -0.09 (count=8, sources=6, scale=0.61)[0m
[32m2026-09-10 16:19:15.251[0m | [1mINFO    [0m | [36msrc.analysis.sentiment[0m:[36manalyse_sentiment[0m:[36m1629[0m - [1mTARS raw_sentiment=+0.34 (local, 2 articles)[0m
[32m2026-09-10 16:19:15.251[0m | [34m[1mDEBUG   [0m | [36msrc.analysis.sentiment[0m:[36manalyse_sentiment[0m:[36m1685[0m - [34m[1mTARS sentiment scaled +0.34 \u2192 +0.15 (count=2, sources=2, scale=0.44)[0m
[32m2026-09-10 16:19:17.795[0m | [1mINFO    [0m | [36msrc.analysis.sentiment[0m:[36manalyse_sentiment[0m:[36m1629[0m - [1mOCGN raw_sentiment=-0.24 (local, 7 articles)[0m
[32m2026-09-10 16:19:17.795[0m | [34m[1mDEBUG   [0m | [36msrc.analysis.sentiment[0m:[36manalyse_sentiment[0m:[36m1685[0m - [34m[1mOCGN sentiment scaled -0.24 \u2192 -0.19 (count=7, sources=7, scale=0.79)[0m
[32m2026-09-10 16:19:17.797[0m | [34m[1mDEBUG   [0m | [36msrc.analysis.sentiment[0m:[36manalyse_sentiment[0m:[36m1426[0m - [34m[1mTLYS sentiment abstained: 100% of the digest names it only in the body (>= 75%) — a round-up, not coverage[0m
[32m2026-09-10 16:19:19.993[0m | [1mINFO    [0m | [36msrc.analysis.sentiment[0m:[36manalyse_sentiment[0m:[36m1629[0m - [1mAPGE raw_sentiment=-0.61 (local, 2 articles)[0m
[32m2026-09-10 16:19:19.993[0m | [34m[1mDEBUG   [0m | [36msrc.analysis.sentiment[0m:[36manalyse_sentiment[0m:[36m1685[0m - [34m[1mAPGE sentiment scaled -0.61 \u2192 -0.26 (count=2, sources=2, scale=0.42)[0m
[32m2026-09-10 16:19:22.497[0m | [1mINFO    [0m | [36msrc.analysis.sentiment[0m:[36manalyse_sentiment[0m:[36m1629[0m - [1mXLY raw_sentiment=-0.11 (local, 3 articles)[0m
[32m2026-09-10 16:19:22.497[0m | [34m[1mDEBUG   [0m | [36msrc.analysis.sentiment[0m:[36manalyse_sentiment[0m:[36m1685[0m - [34m[1mXLY sentiment scaled -0.11 \u2192 -0.08 (count=3, sources=3, scale=0.71)[0m
[32m2026-09-10 16:19:24.767[0m | [1mINFO    [0m | [36msrc.analysis.sentiment[0m:[36manalyse_sentiment[0m:[36m1629[0m - [1mSWKS raw_sentiment=-0.05 (local, 2 articles)[0m
[32m2026-09-10 16:19:24.767[0m | [34m[1mDEBUG   [0m | [36msrc.analysis.sentiment[0m:[36manalyse_sentiment[0m:[36m1685[0m - [34m[1mSWKS sentiment scaled -0.05 \u2192 -0.02 (count=2, sources=2, scale=0.44)[0m
[32m2026-09-10 16:19:28.652[0m | [1mINFO    [0m | [36msrc.analysis.sentiment[0m:[36manalyse_sentiment[0m:[36m1629[0m - [1mSPY raw_sentiment=-0.17 (local, 20 articles)[0m
[32m2026-09-10 16:19:31.431[0m | [1mINFO    [0m | [36msrc.analysis.sentiment[0m:[36manalyse_sentiment[0m:[36m1629[0m - [1mRH raw_sentiment=-0.23 (local, 9 articles)[0m
[32m2026-09-10 16:19:31.431[0m | [34m[1mDEBUG   [0m | [36msrc.analysis.sentiment[0m:[36manalyse_sentiment[0m:[36m1685[0m - [34m[1mRH sentiment scaled -0.23 \u2192 -0.12 (count=9, sources=5, scale=0.54)[0m
[32m2026-09-10 16:19:31.434[0m | [34m[1mDEBUG   [0m | [36msrc.analysis.sentiment[0m:[36manalyse_sentiment[0m:[36m1426[0m - [34m[1mXLU sentiment abstained: 100% of the digest names it only in the body (>= 75%) — a round-up, not coverage[0m
[32m2026-09-10 16:19:33.897[0m | [1mINFO    [0m | [36msrc.analysis.sentiment[0m:[36manalyse_sentiment[0m:[36m1629[0m - [1mITA raw_sentiment=+0.00 (local, 2 articles)[0m
[32m2026-09-10 16:19:33.897[0m | [34m[1mDEBUG   [0m | [36msrc.analysis.sentiment[0m:[36manalyse_sentiment[0m:[36m1685[0m - [34m[1mITA sentiment scaled +0.00 \u2192 +0.00 (count=2, sources=2, scale=0.43)[0m
[32m2026-09-10 16:19:38.343[0m | [1mINFO    [0m | [36msrc.analysis.sentiment[0m:[36manalyse_sentiment[0m:[36m1629[0m - [1mBRZE raw_sentiment=-0.56 (local, 20 articles)[0m
[32m2026-09-10 16:19:38.343[0m | [34m[1mDEBUG   [0m | [36msrc.analysis.sentiment[0m:[36manalyse_sentiment[0m:[36m1685[0m - [34m[1mBRZE sentiment scaled -0.56 \u2192 -0.50 (count=20, sources=16, scale=0.89)[0m
[32m2026-09-10 16:19:42.971[0m | [1mINFO    [0m | [36msrc.analysis.sentiment[0m:[36manalyse_sentiment[0m:[36m1629[0m - [1mSMH raw_sentiment=+0.38 (local, 20 articles)[0m
[32m2026-09-10 16:19:42.971[0m | [34m[1mDEBUG   [0m | [36msrc.analysis.sentiment[0m:[36manalyse_sentiment[0m:[36m1685[0m - [34m[1mSMH sentiment scaled +0.38 \u2192 +0.30 (count=20, sources=12, scale=0.79)[0m
[32m2026-09-10 16:19:45.955[0m | [1mINFO    [0m | [36msrc.analysis.sentiment[0m:[36manalyse_sentiment[0m:[36m1629[0m - [1mSMCIP raw_sentiment=-0.05 (local, 8 articles)[0m
[32m2026-09-10 16:19:45.955[0m | [34m[1mDEBUG   [0m | [36msrc.analysis.sentiment[0m:[36manalyse_sentiment[0m:[36m1685[0m - [34m[1mSMCIP sentiment scaled -0.05 \u2192 -0.03 (count=8, sources=8, scale=0.61)[0m
[32m2026-09-10 16:19:48.557[0m | [1mINFO    [0m | [36msrc.analysis.sentiment[0m:[36manalyse_sentiment[0m:[36m1629[0m - [1mSNAP raw_sentiment=+0.72 (local, 12 articles)[0m
[32m2026-09-10 16:19:50.577[0m | [1mINFO    [0m | [36msrc.analysis.sentiment[0m:[36manalyse_sentiment[0m:[36m1629[0m - [1mRDDT raw_sentiment=+0.15 (local, 1 articles)[0m
[32m2026-09-10 16:19:50.577[0m | [34m[1mDEBUG   [0m | [36msrc.analysis.sentiment[0m:[36manalyse_sentiment[0m:[36m1685[0m - [34m[1mRDDT sentiment scaled +0.15 \u2192 +0.05 (count=1, sources=1, scale=0.32)[0m
[32m2026-09-10 16:19:54.964[0m | [1mINFO    [0m | [36msrc.analysis.sentiment[0m:[36manalyse_sentiment[0m:[36m1629[0m - [1mBLSH raw_sentiment=+0.00 (local, 20 articles)[0m
[32m2026-09-10 16:19:54.965[0m | [34m[1mDEBUG   [0m | [36msrc.analysis.sentiment[0m:[36manalyse_sentiment[0m:[36m1685[0m - [34m[1mBLSH sentiment scaled +0.00 \u2192 +0.00 (count=20, sources=13, scale=0.78)[0m
[32m2026-09-10 16:19:57.797[0m | [1mINFO    [0m | [36msrc.analysis.sentiment[0m:[36manalyse_sentiment[0m:[36m1629[0m - [1mATAI raw_sentiment=-0.31 (local, 6 articles)[0m
[32m2026-09-10 16:19:57.798[0m | [34m[1mDEBUG   [0m | [36msrc.analysis.sentiment[0m:[36manalyse_sentiment[0m:[36m1685[0m - [34m[1mATAI sentiment scaled -0.31 \u2192 -0.21 (count=6, sources=6, scale=0.66)[0m
[32m2026-09-10 16:20:01.874[0m | [1mINFO    [0m | [36msrc.analysis.sentiment[0m:[36manalyse_sentiment[0m:[36m1629[0m - [1mSPY raw_sentiment=-0.15 (local, 20 articles)[0m
[32m2026-09-10 16:20:04.353[0m | [1mINFO    [0m | [36msrc.analysis.sentiment[0m:[36manalyse_sentiment[0m:[36m1629[0m - [1mSOXL raw_sentiment=+0.00 (local, 2 articles)[0m
[32m2026-09-10 16:20:04.353[0m | [34m[1mDEBUG   [0m | [36msrc.analysis.sentiment[0m:[36manalyse_sentiment[0m:[36m1685[0m - [34m[1mSOXL sentiment scaled +0.00 \u2192 +0.00 (count=2, sources=1, scale=0.36)[0m
[32m2026-09-10 16:20:04.354[0m | [34m[1mDEBUG   [0m | [36msrc.analysis.sentiment[0m:[36manalyse_sentiment[0m:[36m1426[0m - [34m[1mXBI sentiment abstained: 100% of the digest names it only in the body (>= 75%) — a round-up, not coverage[0m
[32m2026-09-10 16:20:08.423[0m | [1mINFO    [0m | [36msrc.analysis.sentiment[0m:[36manalyse_sentiment[0m:[36m1629[0m - [1mQCOM raw_sentiment=+0.65 (local, 20 articles)[0m
[32m2026-09-10 16:20:08.424[0m | [34m[1mDEBUG   [0m | [36msrc.analysis.sentiment[0m:[36manalyse_sentiment[0m:[36m1685[0m - [34m[1mQCOM sentiment scaled +0.65 \u2192 +0.54 (count=20, sources=18, scale=0.83)[0m
[32m2026-09-10 16:20:11.157[0m | [1mINFO    [0m | [36msrc.analysis.sentiment[0m:[36manalyse_sentiment[0m:[36m1629[0m - [1mIBIT raw_sentiment=-0.24 (local, 8 articles)[0m
[32m2026-09-10 16:20:11.157[0m | [34m[1mDEBUG   [0m | [36msrc.analysis.sentiment[0m:[36manalyse_sentiment[0m:[36m1685[0m - [34m[1mIBIT sentiment scaled -0.24 \u2192 -0.13 (count=8, sources=7, scale=0.57)[0m
[32m2026-09-10 16:20:15.820[0m | [1mINFO    [0m | [36msrc.analysis.sentiment[0m:[36manalyse_sentiment[0m:[36m1629[0m - [1mROIV raw_sentiment=+0.47 (local, 20 articles)[0m
[32m2026-09-10 16:20:15.821[0m | [34m[1mDEBUG   [0m | [36msrc.analysis.sentiment[0m:[36manalyse_sentiment[0m:[36m1685[0m - [34m[1mROIV sentiment scaled +0.47 \u2192 +0.39 (count=20, sources=17, scale=0.83)[0m
[32m2026-09-10 16:20:17.801[0m | [1mINFO    [0m | [36msrc.analysis.sentiment[0m:[36manalyse_sentiment[0m:[36m1629[0m - [1mSUI raw_sentiment=+0.12 (local, 1 articles)[0m
[32m2026-09-10 16:20:17.801[0m | [34m[1mDEBUG   [0m | [36msrc.analysis.sentiment[0m:[36manalyse_sentiment[0m:[36m1685[0m - [34m[1mSUI sentiment scaled +0.12 \u2192 +0.04 (count=1, sources=1, scale=0.34)[0m
[32m2026-09-10 16:20:20.780[0m | [1mINFO    [0m | [36msrc.analysis.sentiment[0m:[36manalyse_sentiment[0m:[36m1629[0m - [1mSNAP raw_sentiment=+0.57 (local, 10 articles)[0m
[32m2026-09-10 16:20:20.781[0m | [34m[1mDEBUG   [0m | [36msrc.analysis.sentiment[0m:[36manalyse_sentiment[0m:[36m1685[0m - [34m[1mSNAP sentiment scaled +0.57 \u2192 +0.45 (count=10, sources=9, scale=0.78)[0m
[32m2026-09-10 16:20:24.995[0m | [1mINFO    [0m | [36msrc.analysis.sentiment[0m:[36manalyse_sentiment[0m:[36m1629[0m - [1mIBIT raw_sentiment=-0.16 (local, 12 articles)[0m
[32m2026-09-10 16:20:24.995[0m | [34m[1mDEBUG   [0m | [36msrc.analysis.sentiment[0m:[36manalyse_sentiment[0m:[36m1685[0m - [34m[1mIBIT sentiment scaled -0.16 \u2192 -0.10 (count=12, sources=8, scale=0.62)[0m
[32m2026-09-10 16:20:27.762[0m | [1mINFO    [0m | [36msrc.analysis.sentiment[0m:[36manalyse_sentiment[0m:[36m1629[0m - [1mPURR raw_sentiment=-0.85 (local, 6 articles)[0m
[32m2026-09-10 16:20:27.762[0m | [34m[1mDEBUG   [0m | [36msrc.analysis.sentiment[0m:[36manalyse_sentiment[0m:[36m1685[0m - [34m[1mPURR sentiment scaled -0.85 \u2192 -0.71 (count=6, sources=4, scale=0.83)[0m
[32m2026-09-10 16:20:30.026[0m | [1mINFO    [0m | [36msrc.analysis.sentiment[0m:[36manalyse_sentiment[0m:[36m1629[0m - [1mGM raw_sentiment=+0.84 (local, 3 articles)[0m
[32m2026-09-10 16:20:30.026[0m | [34m[1mDEBUG   [0m | [36msrc.analysis.sentiment[0m:[36manalyse_sentiment[0m:[36m1685[0m - [34m[1mGM sentiment scaled +0.84 \u2192 +0.45 (count=3, sources=2, scale=0.54)[0m
[32m2026-09-10 16:20:34.068[0m | [1mINFO    [0m | [36msrc.analysis.sentiment[0m:[36manalyse_sentiment[0m:[36m1629[0m - [1mSEI raw_sentiment=+0.34 (local, 18 articles)[0m
[32m2026-09-10 16:20:34.069[0m | [34m[1mDEBUG   [0m | [36msrc.analysis.sentiment[0m:[36manalyse_sentiment[0m:[36m1685[0m - [34m[1mSEI sentiment scaled +0.34 \u2192 +0.29 (count=18, sources=16, scale=0.86)[0m
[32m2026-09-10 16:20:37.939[0m | [1mINFO    [0m | [36msrc.analysis.sentiment[0m:[36manalyse_sentiment[0m:[36m1629[0m - [1mXBI raw_sentiment=-0.44 (local, 15 articles)[0m
[32m2026-09-10 16:20:37.940[0m | [34m[1mDEBUG   [0m | [36msrc.analysis.sentiment[0m:[36manalyse_sentiment[0m:[36m1685[0m - [34m[1mXBI sentiment scaled -0.44 \u2192 -0.24 (count=15, sources=7, scale=0.55)[0m
[32m2026-09-10 16:20:43.180[0m | [1mINFO    [0m | [36msrc.analysis.sentiment[0m:[36manalyse_sentiment[0m:[36m1629[0m - [1mSUNB raw_sentiment=+0.28 (local, 20 articles)[0m
[32m2026-09-10 16:20:45.886[0m | [1mINFO    [0m | [36msrc.analysis.sentiment[0m:[36manalyse_sentiment[0m:[36m1629[0m - [1mLEN-B raw_sentiment=+0.00 (local, 5 articles)[0m
[32m2026-09-10 16:20:45.886[0m | [34m[1mDEBUG   [0m | [36msrc.analysis.sentiment[0m:[36manalyse_sentiment[0m:[36m1685[0m - [34m[1mLEN-B sentiment scaled +0.00 \u2192 +0.00 (count=5, sources=3, scale=0.44)[0m
[32m2026-09-10 16:20:49.359[0m | [1mINFO    [0m | [36msrc.analysis.sentiment[0m:[36manalyse_sentiment[0m:[36m1629[0m - [1mXBI raw_sentiment=+0.19 (local, 20 articles)[0m
[32m2026-09-10 16:20:49.359[0m | [34m[1mDEBUG   [0m | [36msrc.analysis.sentiment[0m:[36manalyse_sentiment[0m:[36m1685[0m - [34m[1mXBI sentiment scaled +0.19 \u2192 +0.14 (count=20, sources=8, scale=0.74)[0m
[32m2026-09-10 16:20:51.451[0m | [1mINFO    [0m | [36msrc.analysis.sentiment[0m:[36manalyse_sentiment[0m:[36m1629[0m - [1mGIL raw_sentiment=-0.06 (local, 2 articles)[0m
[32m2026-09-10 16:20:51.451[0m | [34m[1mDEBUG   [0m | [36msrc.analysis.sentiment[0m:[36manalyse_sentiment[0m:[36m1685[0m - [34m[1mGIL sentiment scaled -0.06 \u2192 -0.03 (count=2, sources=2, scale=0.50)[0m
[32m2026-09-10 16:20:55.366[0m | [1mINFO    [0m | [36msrc.analysis.sentiment[0m:[36manalyse_sentiment[0m:[36m1629[0m - [1mIBB raw_sentiment=+0.52 (local, 20 articles)[0m
[32m2026-09-10 16:20:55.366[0m | [34m[1mDEBUG   [0m | [36msrc.analysis.sentiment[0m:[36manalyse_sentiment[0m:[36m1685[0m - [34m[1mIBB sentiment scaled +0.52 \u2192 +0.42 (count=20, sources=11, scale=0.81)[0m
[32m2026-09-10 16:20:59.825[0m | [1mINFO    [0m | [36msrc.analysis.sentiment[0m:[36manalyse_sentiment[0m:[36m1629[0m - [1mZIM raw_sentiment=-0.74 (local, 17 articles)[0m
[32m2026-09-10 16:20:59.826[0m | [34m[1mDEBUG   [0m | [36msrc.analysis.sentiment[0m:[36manalyse_sentiment[0m:[36m1685[0m - [34m[1mZIM sentiment scaled -0.74 \u2192 -0.58 (count=17, sources=14, scale=0.79)[0m
[32m2026-09-10 16:20:59.828[0m | [34m[1mDEBUG   [0m | [36msrc.analysis.sentiment[0m:[36manalyse_sentiment[0m:[36m1426[0m - [34m[1mXLK sentiment abstained: 100% of the digest names it only in the body (>= 75%) — a round-up, not coverage[0m
[32m2026-09-10 16:21:04.313[0m | [1mINFO    [0m | [36msrc.analysis.sentiment[0m:[36manalyse_sentiment[0m:[36m1629[0m - [1mMS raw_sentiment=-0.44 (local, 18 articles)[0m
[32m2026-09-10 16:21:04.313[0m | [34m[1mDEBUG   [0m | [36msrc.analysis.sentiment[0m:[36manalyse_sentiment[0m:[36m1685[0m - [34m[1mMS sentiment scaled -0.44 \u2192 -0.38 (count=18, sources=13, scale=0.86)[0m
[32m2026-09-10 16:21:07.445[0m | [1mINFO    [0m | [36msrc.analysis.sentiment[0m:[36manalyse_sentiment[0m:[36m1629[0m - [1mXLY raw_sentiment=-0.15 (local, 9 articles)[0m
[32m2026-09-10 16:21:07.445[0m | [34m[1mDEBUG   [0m | [36msrc.analysis.sentiment[0m:[36manalyse_sentiment[0m:[36m1685[0m - [34m[1mXLY sentiment scaled -0.15 \u2192 -0.10 (count=9, sources=4, scale=0.64)[0m
[32m2026-09-10 16:21:10.451[0m | [1mINFO    [0m | [36msrc.analysis.sentiment[0m:[36manalyse_sentiment[0m:[36m1629[0m - [1mGLD raw_sentiment=-0.26 (local, 7 articles)[0m
[32m2026-09-10 16:21:10.451[0m | [34m[1mDEBUG   [0m | [36msrc.analysis.sentiment[0m:[36manalyse_sentiment[0m:[36m1685[0m - [34m[1mGLD sentiment scaled -0.26 \u2192 -0.18 (count=7, sources=6, scale=0.70)[0m
[32m2026-09-10 16:21:10.452[0m | [34m[1mDEBUG   [0m | [36msrc.analysis.sentiment[0m:[36manalyse_sentiment[0m:[36m1426[0m - [34m[1mPANW sentiment abstained: 83% of the digest names it only in the body (>= 75%) — a round-up, not coverage[0m
[32m2026-09-10 16:21:15.133[0m | [1mINFO    [0m | [36msrc.analysis.sentiment[0m:[36manalyse_sentiment[0m:[36m1629[0m - [1mSEI raw_sentiment=+0.23 (local, 18 articles)[0m
[32m2026-09-10 16:21:15.134[0m | [34m[1mDEBUG   [0m | [36msrc.analysis.sentiment[0m:[36manalyse_sentiment[0m:[36m1685[0m - [34m[1mSEI sentiment scaled +0.23 \u2192 +0.20 (count=18, sources=16, scale=0.86)[0m
  100/400 in 449s (dropped non-local: 0)
[32m2026-09-10 16:21:17.923[0m | [1mINFO    [0m | [36msrc.analysis.sentiment[0m:[36manalyse_sentiment[0m:[36m1629[0m - [1mSNAP raw_sentiment=+0.60 (local, 11 articles)[0m
[32m2026-09-10 16:21:17.923[0m | [34m[1mDEBUG   [0m | [36msrc.analysis.sentiment[0m:[36manalyse_sentiment[0m:[36m1685[0m - [34m[1mSNAP sentiment scaled +0.60 \u2192 +0.47 (count=11, sources=10, scale=0.78)[0m
[32m2026-09-10 16:21:23.169[0m | [1mINFO    [0m | [36msrc.analysis.sentiment[0m:[36manalyse_sentiment[0m:[36m1629[0m - [1mRDDT raw_sentiment=+0.63 (local, 20 articles)[0m
[32m2026-09-10 16:21:26.563[0m | [1mINFO    [0m | [36msrc.analysis.sentiment[0m:[36manalyse_sentiment[0m:[36m1629[0m - [1mDYN raw_sentiment=-0.68 (local, 8 articles)[0m
[32m2026-09-10 16:21:26.563[0m | [34m[1mDEBUG   [0m | [36msrc.analysis.sentiment[0m:[36manalyse_sentiment[0m:[36m1685[0m - [34m[1mDYN sentiment scaled -0.68 \u2192 -0.45 (count=8, sources=8, scale=0.67)[0m
[32m2026-09-10 16:21:30.212[0m | [1mINFO    [0m | [36msrc.analysis.sentiment[0m:[36manalyse_sentiment[0m:[36m1629[0m - [1mNET raw_sentiment=+0.25 (local, 16 articles)[0m
[32m2026-09-10 16:21:34.635[0m | [1mINFO    [0m | [36msrc.analysis.sentiment[0m:[36manalyse_sentiment[0m:[36m1629[0m - [1mZIM raw_sentiment=+0.67 (local, 14 articles)[0m
[32m2026-09-10 16:21:34.635[0m | [34m[1mDEBUG   [0m | [36msrc.analysis.sentiment[0m:[36manalyse_sentiment[0m:[36m1685[0m - [34m[1mZIM sentiment scaled +0.67 \u2192 +0.49 (count=14, sources=12, scale=0.73)[0m
[32m2026-09-10 16:21:36.785[0m | [1mINFO    [0m | [36msrc.analysis.sentiment[0m:[36manalyse_sentiment[0m:[36m1629[0m - [1mYSS raw_sentiment=-0.29 (local, 1 articles)[0m
[32m2026-09-10 16:21:36.786[0m | [34m[1mDEBUG   [0m | [36msrc.analysis.sentiment[0m:[36manalyse_sentiment[0m:[36m1685[0m - [34m[1mYSS sentiment scaled -0.29 \u2192 -0.09 (count=1, sources=1, scale=0.32)[0m
[32m2026-09-10 16:21:38.956[0m | [1mINFO    [0m | [36msrc.analysis.sentiment[0m:[36manalyse_sentiment[0m:[36m1629[0m - [1mCRL raw_sentiment=+0.00 (local, 1 articles)[0m
[32m2026-09-10 16:21:38.956[0m | [34m[1mDEBUG   [0m | [36msrc.analysis.sentiment[0m:[36manalyse_sentiment[0m:[36m1685[0m - [34m[1mCRL sentiment scaled +0.00 \u2192 +0.00 (count=1, sources=1, scale=0.34)[0m
[32m2026-09-10 16:21:41.468[0m | [1mINFO    [0m | [36msrc.analysis.sentiment[0m:[36manalyse_sentiment[0m:[36m1629[0m - [1mNVTS raw_sentiment=+0.83 (local, 4 articles)[0m
[32m2026-09-10 16:21:41.469[0m | [34m[1mDEBUG   [0m | [36msrc.analysis.sentiment[0m:[36manalyse_sentiment[0m:[36m1685[0m - [34m[1mNVTS sentiment scaled +0.83 \u2192 +0.49 (count=4, sources=4, scale=0.59)[0m
[32m2026-09-10 16:21:43.688[0m | [1mINFO    [0m | [36msrc.analysis.sentiment[0m:[36manalyse_sentiment[0m:[36m1629[0m - [1mXLI raw_sentiment=-0.01 (local, 10 articles)[0m
[32m2026-09-10 16:21:43.688[0m | [34m[1mDEBUG   [0m | [36msrc.analysis.sentiment[0m:[36manalyse_sentiment[0m:[36m1685[0m - [34m[1mXLI sentiment scaled -0.01 \u2192 -0.01 (count=10, sources=7, scale=0.73)[0m
[32m2026-09-10 16:21:48.432[0m | [1mINFO    [0m | [36msrc.analysis.sentiment[0m:[36manalyse_sentiment[0m:[36m1629[0m - [1mMS raw_sentiment=+0.14 (local, 15 articles)[0m
[32m2026-09-10 16:21:50.979[0m | [1mINFO    [0m | [36msrc.analysis.sentiment[0m:[36manalyse_sentiment[0m:[36m1629[0m - [1mALKT raw_sentiment=+0.18 (local, 3 articles)[0m
[32m2026-09-10 16:21:50.979[0m | [34m[1mDEBUG   [0m | [36msrc.analysis.sentiment[0m:[36manalyse_sentiment[0m:[36m1685[0m - [34m[1mALKT sentiment scaled +0.18 \u2192 +0.09 (count=3, sources=3, scale=0.49)[0m
[32m2026-09-10 16:21:53.431[0m | [1mINFO    [0m | [36msrc.analysis.sentiment[0m:[36manalyse_sentiment[0m:[36m1629[0m - [1mZS raw_sentiment=+0.04 (local, 2 articles)[0m
[32m2026-09-10 16:21:53.431[0m | [34m[1mDEBUG   [0m | [36msrc.analysis.sentiment[0m:[36manalyse_sentiment[0m:[36m1685[0m - [34m[1mZS sentiment scaled +0.04 \u2192 +0.01 (count=2, sources=2, scale=0.38)[0m
[32m2026-09-10 16:21:58.485[0m | [1mINFO    [0m | [36msrc.analysis.sentiment[0m:[36manalyse_sentiment[0m:[36m1629[0m - [1mXLRE raw_sentiment=+0.29 (local, 20 articles)[0m
[32m2026-09-10 16:22:01.283[0m | [1mINFO    [0m | [36msrc.analysis.sentiment[0m:[36manalyse_sentiment[0m:[36m1629[0m - [1mBAC raw_sentiment=+0.00 (local, 6 articles)[0m
[32m2026-09-10 16:22:01.283[0m | [34m[1mDEBUG   [0m | [36msrc.analysis.sentiment[0m:[36manalyse_sentiment[0m:[36m1685[0m - [34m[1mBAC sentiment scaled +0.00 \u2192 +0.00 (count=6, sources=5, scale=0.73)[0m
[32m2026-09-10 16:22:03.242[0m | [1mINFO    [0m | [36msrc.analysis.sentiment[0m:[36manalyse_sentiment[0m:[36m1629[0m - [1mRDDT raw_sentiment=+0.15 (local, 5 articles)[0m
[32m2026-09-10 16:22:03.242[0m | [34m[1mDEBUG   [0m | [36msrc.analysis.sentiment[0m:[36manalyse_sentiment[0m:[36m1685[0m - [34m[1mRDDT sentiment scaled +0.15 \u2192 +0.09 (count=5, sources=5, scale=0.63)[0m
[32m2026-09-10 16:22:05.435[0m | [1mINFO    [0m | [36msrc.analysis.sentiment[0m:[36manalyse_sentiment[0m:[36m1629[0m - [1mXLC raw_sentiment=+0.15 (local, 2 articles)[0m
[32m2026-09-10 16:22:05.436[0m | [34m[1mDEBUG   [0m | [36msrc.analysis.sentiment[0m:[36manalyse_sentiment[0m:[36m1685[0m - [34m[1mXLC sentiment scaled +0.15 \u2192 +0.07 (count=2, sources=2, scale=0.46)[0m
[32m2026-09-10 16:22:08.474[0m | [1mINFO    [0m | [36msrc.analysis.sentiment[0m:[36manalyse_sentiment[0m:[36m1629[0m - [1mAVAV raw_sentiment=+0.29 (local, 7 articles)[0m
[32m2026-09-10 16:22:08.474[0m | [34m[1mDEBUG   [0m | [36msrc.analysis.sentiment[0m:[36manalyse_sentiment[0m:[36m1685[0m - [34m[1mAVAV sentiment scaled +0.29 \u2192 +0.18 (count=7, sources=7, scale=0.62)[0m
[32m2026-09-10 16:22:11.161[0m | [1mINFO    [0m | [36msrc.analysis.sentiment[0m:[36manalyse_sentiment[0m:[36m1629[0m - [1mZS raw_sentiment=-0.28 (local, 4 articles)[0m
[32m2026-09-10 16:22:11.161[0m | [34m[1mDEBUG   [0m | [36msrc.analysis.sentiment[0m:[36manalyse_sentiment[0m:[36m1685[0m - [34m[1mZS sentiment scaled -0.28 \u2192 -0.18 (count=4, sources=4, scale=0.65)[0m
[32m2026-09-10 16:22:13.692[0m | [1mINFO    [0m | [36msrc.analysis.sentiment[0m:[36manalyse_sentiment[0m:[36m1629[0m - [1mCOIN raw_sentiment=+0.09 (local, 1 articles)[0m
[32m2026-09-10 16:22:13.692[0m | [34m[1mDEBUG   [0m | [36msrc.analysis.sentiment[0m:[36manalyse_sentiment[0m:[36m1685[0m - [34m[1mCOIN sentiment scaled +0.09 \u2192 +0.03 (count=1, sources=1, scale=0.37)[0m
[32m2026-09-10 16:22:16.115[0m | [1mINFO    [0m | [36msrc.analysis.sentiment[0m:[36manalyse_sentiment[0m:[36m1629[0m - [1mIVZ raw_sentiment=-0.16 (local, 2 articles)[0m
[32m2026-09-10 16:22:16.115[0m | [34m[1mDEBUG   [0m | [36msrc.analysis.sentiment[0m:[36manalyse_sentiment[0m:[36m1685[0m - [34m[1mIVZ sentiment scaled -0.16 \u2192 -0.08 (count=2, sources=2, scale=0.48)[0m
[32m2026-09-10 16:22:20.136[0m | [1mINFO    [0m | [36msrc.analysis.sentiment[0m:[36manalyse_sentiment[0m:[36m1629[0m - [1mMS raw_sentiment=+0.13 (local, 17 articles)[0m
[32m2026-09-10 16:22:20.137[0m | [34m[1mDEBUG   [0m | [36msrc.analysis.sentiment[0m:[36manalyse_sentiment[0m:[36m1685[0m - [34m[1mMS sentiment scaled +0.13 \u2192 +0.10 (count=17, sources=8, scale=0.73)[0m
[32m2026-09-10 16:22:23.154[0m | [1mINFO    [0m | [36msrc.analysis.sentiment[0m:[36manalyse_sentiment[0m:[36m1629[0m - [1mSMCIP raw_sentiment=+0.15 (local, 7 articles)[0m
[32m2026-09-10 16:22:23.154[0m | [34m[1mDEBUG   [0m | [36msrc.analysis.sentiment[0m:[36manalyse_sentiment[0m:[36m1685[0m - [34m[1mSMCIP sentiment scaled +0.15 \u2192 +0.09 (count=7, sources=7, scale=0.58)[0m
[32m2026-09-10 16:22:23.154[0m | [34m[1mDEBUG   [0m | [36msrc.analysis.sentiment[0m:[36manalyse_sentiment[0m:[36m1426[0m - [34m[1mPANW sentiment abstained: 100% of the digest names it only in the body (>= 75%) — a round-up, not coverage[0m
[32m2026-09-10 16:22:25.977[0m | [1mINFO    [0m | [36msrc.analysis.sentiment[0m:[36manalyse_sentiment[0m:[36m1629[0m - [1mLLY raw_sentiment=-0.28 (local, 5 articles)[0m
[32m2026-09-10 16:22:25.977[0m | [34m[1mDEBUG   [0m | [36msrc.analysis.sentiment[0m:[36manalyse_sentiment[0m:[36m1685[0m - [34m[1mLLY sentiment scaled -0.28 \u2192 -0.17 (count=5, sources=4, scale=0.59)[0m
[32m2026-09-10 16:22:28.362[0m | [1mINFO    [0m | [36msrc.analysis.sentiment[0m:[36manalyse_sentiment[0m:[36m1629[0m - [1mCVX raw_sentiment=-0.25 (local, 2 articles)[0m
[32m2026-09-10 16:22:28.362[0m | [34m[1mDEBUG   [0m | [36msrc.analysis.sentiment[0m:[36manalyse_sentiment[0m:[36m1685[0m - [34m[1mCVX sentiment scaled -0.25 \u2192 -0.12 (count=2, sources=2, scale=0.49)[0m
[32m2026-09-10 16:22:30.434[0m | [1mINFO    [0m | [36msrc.analysis.sentiment[0m:[36manalyse_sentiment[0m:[36m1629[0m - [1mZIM raw_sentiment=+0.84 (local, 1 articles)[0m
[32m2026-09-10 16:22:30.434[0m | [34m[1mDEBUG   [0m | [36msrc.analysis.sentiment[0m:[36manalyse_sentiment[0m:[36m1685[0m - [34m[1mZIM sentiment scaled +0.84 \u2192 +0.28 (count=1, sources=1, scale=0.34)[0m
[32m2026-09-10 16:22:30.435[0m | [34m[1mDEBUG   [0m | [36msrc.analysis.sentiment[0m:[36manalyse_sentiment[0m:[36m1426[0m - [34m[1mXLV sentiment abstained: 86% of the digest names it only in the body (>= 75%) — a round-up, not coverage[0m
[32m2026-09-10 16:22:34.791[0m | [1mINFO    [0m | [36msrc.analysis.sentiment[0m:[36manalyse_sentiment[0m:[36m1629[0m - [1mBRZE raw_sentiment=-0.64 (local, 20 articles)[0m
[32m2026-09-10 16:22:37.000[0m | [1mINFO    [0m | [36msrc.analysis.sentiment[0m:[36manalyse_sentiment[0m:[36m1629[0m - [1mSNAP raw_sentiment=-0.05 (local, 2 articles)[0m
[32m2026-09-10 16:22:37.001[0m | [34m[1mDEBUG   [0m | [36msrc.analysis.sentiment[0m:[36manalyse_sentiment[0m:[36m1685[0m - [34m[1mSNAP sentiment scaled -0.05 \u2192 -0.02 (count=2, sources=2, scale=0.43)[0m
[32m2026-09-10 16:22:41.601[0m | [1mINFO    [0m | [36msrc.analysis.sentiment[0m:[36manalyse_sentiment[0m:[36m1629[0m - [1mBRK-B raw_sentiment=+0.27 (local, 20 articles)[0m
[32m2026-09-10 16:22:41.601[0m | [34m[1mDEBUG   [0m | [36msrc.analysis.sentiment[0m:[36manalyse_sentiment[0m:[36m1685[0m - [34m[1mBRK-B sentiment scaled +0.27 \u2192 +0.23 (count=20, sources=12, scale=0.85)[0m
[32m2026-09-10 16:22:46.311[0m | [1mINFO    [0m | [36msrc.analysis.sentiment[0m:[36manalyse_sentiment[0m:[36m1629[0m - [1mBYD raw_sentiment=-0.13 (local, 18 articles)[0m
[32m2026-09-10 16:22:46.314[0m | [34m[1mDEBUG   [0m | [36msrc.analysis.sentiment[0m:[36manalyse_sentiment[0m:[36m1426[0m - [34m[1mGEV sentiment abstained: 100% of the digest names it only in the body (>= 75%) — a round-up, not coverage[0m
[32m2026-09-10 16:22:48.646[0m | [1mINFO    [0m | [36msrc.analysis.sentiment[0m:[36manalyse_sentiment[0m:[36m1629[0m - [1mAPGE raw_sentiment=-0.74 (local, 4 articles)[0m
[32m2026-09-10 16:22:48.646[0m | [34m[1mDEBUG   [0m | [36msrc.analysis.sentiment[0m:[36manalyse_sentiment[0m:[36m1685[0m - [34m[1mAPGE sentiment scaled -0.74 \u2192 -0.41 (count=4, sources=4, scale=0.55)[0m
[32m2026-09-10 16:22:51.004[0m | [1mINFO    [0m | [36msrc.analysis.sentiment[0m:[36manalyse_sentiment[0m:[36m1629[0m - [1mIBB raw_sentiment=+0.27 (local, 3 articles)[0m
[32m2026-09-10 16:22:51.004[0m | [34m[1mDEBUG   [0m | [36msrc.analysis.sentiment[0m:[36manalyse_sentiment[0m:[36m1685[0m - [34m[1mIBB sentiment scaled +0.27 \u2192 +0.15 (count=3, sources=3, scale=0.55)[0m
[32m2026-09-10 16:22:53.220[0m | [1mINFO    [0m | [36msrc.analysis.sentiment[0m:[36manalyse_sentiment[0m:[36m1629[0m - [1mUTZ raw_sentiment=+0.15 (local, 3 articles)[0m
[32m2026-09-10 16:22:53.220[0m | [34m[1mDEBUG   [0m | [36msrc.analysis.sentiment[0m:[36manalyse_sentiment[0m:[36m1685[0m - [34m[1mUTZ sentiment scaled +0.15 \u2192 +0.08 (count=3, sources=3, scale=0.53)[0m
[32m2026-09-10 16:22:56.071[0m | [1mINFO    [0m | [36msrc.analysis.sentiment[0m:[36manalyse_sentiment[0m:[36m1629[0m - [1mNVTS raw_sentiment=+0.29 (local, 2 articles)[0m
[32m2026-09-10 16:22:56.071[0m | [34m[1mDEBUG   [0m | [36msrc.analysis.sentiment[0m:[36manalyse_sentiment[0m:[36m1685[0m - [34m[1mNVTS sentiment scaled +0.29 \u2192 +0.13 (count=2, sources=2, scale=0.45)[0m
[32m2026-09-10 16:22:59.733[0m | [1mINFO    [0m | [36msrc.analysis.sentiment[0m:[36manalyse_sentiment[0m:[36m1629[0m - [1mMS raw_sentiment=+0.05 (local, 15 articles)[0m
[32m2026-09-10 16:22:59.734[0m | [34m[1mDEBUG   [0m | [36msrc.analysis.sentiment[0m:[36manalyse_sentiment[0m:[36m1426[0m - [34m[1mIWM sentiment abstained: 85% of the digest names it only in the body (>= 75%) — a round-up, not coverage[0m
[32m2026-09-10 16:23:03.492[0m | [1mINFO    [0m | [36msrc.analysis.sentiment[0m:[36manalyse_sentiment[0m:[36m1629[0m - [1mAEO raw_sentiment=-0.21 (local, 20 articles)[0m
[32m2026-09-10 16:23:08.138[0m | [1mINFO    [0m | [36msrc.analysis.sentiment[0m:[36manalyse_sentiment[0m:[36m1629[0m - [1mSEI raw_sentiment=+0.55 (local, 16 articles)[0m
[32m2026-09-10 16:23:08.139[0m | [34m[1mDEBUG   [0m | [36msrc.analysis.sentiment[0m:[36manalyse_sentiment[0m:[36m1685[0m - [34m[1mSEI sentiment scaled +0.55 \u2192 +0.47 (count=16, sources=14, scale=0.86)[0m
[32m2026-09-10 16:23:08.141[0m | [34m[1mDEBUG   [0m | [36msrc.analysis.sentiment[0m:[36manalyse_sentiment[0m:[36m1426[0m - [34m[1mTHC sentiment abstained: 100% of the digest names it only in the body (>= 75%) — a round-up, not coverage[0m
[32m2026-09-10 16:23:08.142[0m | [34m[1mDEBUG   [0m | [36msrc.analysis.sentiment[0m:[36manalyse_sentiment[0m:[36m1426[0m - [34m[1mXLK sentiment abstained: 86% of the digest names it only in the body (>= 75%) — a round-up, not coverage[0m
[32m2026-09-10 16:23:10.976[0m | [1mINFO    [0m | [36msrc.analysis.sentiment[0m:[36manalyse_sentiment[0m:[36m1629[0m - [1mD raw_sentiment=-0.13 (local, 2 articles)[0m
[32m2026-09-10 16:23:10.976[0m | [34m[1mDEBUG   [0m | [36msrc.analysis.sentiment[0m:[36manalyse_sentiment[0m:[36m1685[0m - [34m[1mD sentiment scaled -0.13 \u2192 -0.06 (count=2, sources=2, scale=0.42)[0m
[32m2026-09-10 16:23:15.014[0m | [1mINFO    [0m | [36msrc.analysis.sentiment[0m:[36manalyse_sentiment[0m:[36m1629[0m - [1mAVAV raw_sentiment=+0.22 (local, 20 articles)[0m
[32m2026-09-10 16:23:17.641[0m | [1mINFO    [0m | [36msrc.analysis.sentiment[0m:[36manalyse_sentiment[0m:[36m1629[0m - [1mCRCL raw_sentiment=-0.05 (local, 2 articles)[0m
[32m2026-09-10 16:23:17.641[0m | [34m[1mDEBUG   [0m | [36msrc.analysis.sentiment[0m:[36manalyse_sentiment[0m:[36m1685[0m - [34m[1mCRCL sentiment scaled -0.05 \u2192 -0.02 (count=2, sources=2, scale=0.43)[0m
[32m2026-09-10 16:23:19.998[0m | [1mINFO    [0m | [36msrc.analysis.sentiment[0m:[36manalyse_sentiment[0m:[36m1629[0m - [1mASST raw_sentiment=-0.66 (local, 4 articles)[0m
[32m2026-09-10 16:23:19.998[0m | [34m[1mDEBUG   [0m | [36msrc.analysis.sentiment[0m:[36manalyse_sentiment[0m:[36m1685[0m - [34m[1mASST sentiment scaled -0.66 \u2192 -0.33 (count=4, sources=4, scale=0.50)[0m
[32m2026-09-10 16:23:24.101[0m | [1mINFO    [0m | [36msrc.analysis.sentiment[0m:[36manalyse_sentiment[0m:[36m1629[0m - [1mAMC raw_sentiment=+0.55 (local, 20 articles)[0m
[32m2026-09-10 16:23:29.879[0m | [1mINFO    [0m | [36msrc.analysis.sentiment[0m:[36manalyse_sentiment[0m:[36m1629[0m - [1mSKHY raw_sentiment=+0.25 (local, 20 articles)[0m
  150/400 in 584s (dropped non-local: 0)
[32m2026-09-10 16:23:32.189[0m | [1mINFO    [0m | [36msrc.analysis.sentiment[0m:[36manalyse_sentiment[0m:[36m1629[0m - [1mABG raw_sentiment=+0.23 (local, 3 articles)[0m
[32m2026-09-10 16:23:32.189[0m | [34m[1mDEBUG   [0m | [36msrc.analysis.sentiment[0m:[36manalyse_sentiment[0m:[36m1685[0m - [34m[1mABG sentiment scaled +0.23 \u2192 +0.11 (count=3, sources=3, scale=0.47)[0m
[32m2026-09-10 16:23:34.150[0m | [1mINFO    [0m | [36msrc.analysis.sentiment[0m:[36manalyse_sentiment[0m:[36m1629[0m - [1mLITE raw_sentiment=+0.65 (local, 4 articles)[0m
[32m2026-09-10 16:23:34.151[0m | [34m[1mDEBUG   [0m | [36msrc.analysis.sentiment[0m:[36manalyse_sentiment[0m:[36m1685[0m - [34m[1mLITE sentiment scaled +0.65 \u2192 +0.34 (count=4, sources=4, scale=0.52)[0m
[32m2026-09-10 16:23:34.152[0m | [34m[1mDEBUG   [0m | [36msrc.analysis.sentiment[0m:[36manalyse_sentiment[0m:[36m1426[0m - [34m[1mXLF sentiment abstained: 80% of the digest names it only in the body (>= 75%) — a round-up, not coverage[0m
[32m2026-09-10 16:23:36.291[0m | [1mINFO    [0m | [36msrc.analysis.sentiment[0m:[36manalyse_sentiment[0m:[36m1629[0m - [1mXLU raw_sentiment=-0.82 (local, 6 articles)[0m
[32m2026-09-10 16:23:36.292[0m | [34m[1mDEBUG   [0m | [36msrc.analysis.sentiment[0m:[36manalyse_sentiment[0m:[36m1685[0m - [34m[1mXLU sentiment scaled -0.82 \u2192 -0.61 (count=6, sources=5, scale=0.74)[0m
[32m2026-09-10 16:23:38.641[0m | [1mINFO    [0m | [36msrc.analysis.sentiment[0m:[36manalyse_sentiment[0m:[36m1629[0m - [1mRDDT raw_sentiment=+0.15 (local, 6 articles)[0m
[32m2026-09-10 16:23:38.641[0m | [34m[1mDEBUG   [0m | [36msrc.analysis.sentiment[0m:[36manalyse_sentiment[0m:[36m1685[0m - [34m[1mRDDT sentiment scaled +0.15 \u2192 +0.07 (count=6, sources=5, scale=0.49)[0m
[32m2026-09-10 16:23:38.642[0m | [34m[1mDEBUG   [0m | [36msrc.analysis.sentiment[0m:[36manalyse_sentiment[0m:[36m1426[0m - [34m[1mPANW sentiment abstained: 100% of the digest names it only in the body (>= 75%) — a round-up, not coverage[0m
[32m2026-09-10 16:23:43.385[0m | [1mINFO    [0m | [36msrc.analysis.sentiment[0m:[36manalyse_sentiment[0m:[36m1629[0m - [1mGWRE raw_sentiment=-0.36 (local, 19 articles)[0m
[32m2026-09-10 16:23:43.386[0m | [34m[1mDEBUG   [0m | [36msrc.analysis.sentiment[0m:[36manalyse_sentiment[0m:[36m1685[0m - [34m[1mGWRE sentiment scaled -0.36 \u2192 -0.30 (count=19, sources=14, scale=0.82)[0m
[32m2026-09-10 16:23:46.028[0m | [1mINFO    [0m | [36msrc.analysis.sentiment[0m:[36manalyse_sentiment[0m:[36m1629[0m - [1mHZO raw_sentiment=-0.48 (local, 3 articles)[0m
[32m2026-09-10 16:23:46.028[0m | [34m[1mDEBUG   [0m | [36msrc.analysis.sentiment[0m:[36manalyse_sentiment[0m:[36m1685[0m - [34m[1mHZO sentiment scaled -0.48 \u2192 -0.26 (count=3, sources=3, scale=0.55)[0m
[32m2026-09-10 16:23:48.351[0m | [1mINFO    [0m | [36msrc.analysis.sentiment[0m:[36manalyse_sentiment[0m:[36m1629[0m - [1mVG raw_sentiment=-0.24 (local, 1 articles)[0m
[32m2026-09-10 16:23:48.351[0m | [34m[1mDEBUG   [0m | [36msrc.analysis.sentiment[0m:[36manalyse_sentiment[0m:[36m1685[0m - [34m[1mVG sentiment scaled -0.24 \u2192 -0.09 (count=1, sources=1, scale=0.38)[0m
[32m2026-09-10 16:23:50.749[0m | [1mINFO    [0m | [36msrc.analysis.sentiment[0m:[36manalyse_sentiment[0m:[36m1629[0m - [1mSTZ raw_sentiment=+0.29 (local, 5 articles)[0m
[32m2026-09-10 16:23:50.749[0m | [34m[1mDEBUG   [0m | [36msrc.analysis.sentiment[0m:[36manalyse_sentiment[0m:[36m1685[0m - [34m[1mSTZ sentiment scaled +0.29 \u2192 +0.19 (count=5, sources=5, scale=0.66)[0m
[32m2026-09-10 16:23:53.145[0m | [1mINFO    [0m | [36msrc.analysis.sentiment[0m:[36manalyse_sentiment[0m:[36m1629[0m - [1mLPG raw_sentiment=+0.15 (local, 1 articles)[0m
[32m2026-09-10 16:23:53.145[0m | [34m[1mDEBUG   [0m | [36msrc.analysis.sentiment[0m:[36manalyse_sentiment[0m:[36m1685[0m - [34m[1mLPG sentiment scaled +0.15 \u2192 +0.06 (count=1, sources=1, scale=0.38)[0m
[32m2026-09-10 16:23:57.085[0m | [1mINFO    [0m | [36msrc.analysis.sentiment[0m:[36manalyse_sentiment[0m:[36m1629[0m - [1mGME raw_sentiment=-0.14 (local, 20 articles)[0m
[32m2026-09-10 16:23:57.086[0m | [34m[1mDEBUG   [0m | [36msrc.analysis.sentiment[0m:[36manalyse_sentiment[0m:[36m1685[0m - [34m[1mGME sentiment scaled -0.14 \u2192 -0.11 (count=20, sources=17, scale=0.80)[0m
[32m2026-09-10 16:24:00.500[0m | [1mINFO    [0m | [36msrc.analysis.sentiment[0m:[36manalyse_sentiment[0m:[36m1629[0m - [1mCHYM raw_sentiment=-0.13 (local, 8 articles)[0m
[32m2026-09-10 16:24:00.500[0m | [34m[1mDEBUG   [0m | [36msrc.analysis.sentiment[0m:[36manalyse_sentiment[0m:[36m1685[0m - [34m[1mCHYM sentiment scaled -0.13 \u2192 -0.08 (count=8, sources=7, scale=0.62)[0m
[32m2026-09-10 16:24:04.602[0m | [1mINFO    [0m | [36msrc.analysis.sentiment[0m:[36manalyse_sentiment[0m:[36m1629[0m - [1mNAVN raw_sentiment=-0.44 (local, 20 articles)[0m
[32m2026-09-10 16:24:06.776[0m | [1mINFO    [0m | [36msrc.analysis.sentiment[0m:[36manalyse_sentiment[0m:[36m1629[0m - [1mSOC raw_sentiment=+0.00 (local, 1 articles)[0m
[32m2026-09-10 16:24:06.776[0m | [34m[1mDEBUG   [0m | [36msrc.analysis.sentiment[0m:[36manalyse_sentiment[0m:[36m1685[0m - [34m[1mSOC sentiment scaled +0.00 \u2192 +0.00 (count=1, sources=1, scale=0.36)[0m
[32m2026-09-10 16:24:06.777[0m | [34m[1mDEBUG   [0m | [36msrc.analysis.sentiment[0m:[36manalyse_sentiment[0m:[36m1426[0m - [34m[1mXLK sentiment abstained: 85% of the digest names it only in the body (>= 75%) — a round-up, not coverage[0m
[32m2026-09-10 16:24:09.506[0m | [1mINFO    [0m | [36msrc.analysis.sentiment[0m:[36manalyse_sentiment[0m:[36m1629[0m - [1mSMH raw_sentiment=+0.47 (local, 9 articles)[0m
[32m2026-09-10 16:24:09.506[0m | [34m[1mDEBUG   [0m | [36msrc.analysis.sentiment[0m:[36manalyse_sentiment[0m:[36m1685[0m - [34m[1mSMH sentiment scaled +0.47 \u2192 +0.29 (count=9, sources=5, scale=0.63)[0m
[32m2026-09-10 16:24:13.242[0m | [1mINFO    [0m | [36msrc.analysis.sentiment[0m:[36manalyse_sentiment[0m:[36m1629[0m - [1mVZ raw_sentiment=+0.28 (local, 9 articles)[0m
[32m2026-09-10 16:24:13.242[0m | [34m[1mDEBUG   [0m | [36msrc.analysis.sentiment[0m:[36manalyse_sentiment[0m:[36m1685[0m - [34m[1mVZ sentiment scaled +0.28 \u2192 +0.18 (count=9, sources=6, scale=0.64)[0m
[32m2026-09-10 16:24:15.024[0m | [1mINFO    [0m | [36msrc.analysis.sentiment[0m:[36manalyse_sentiment[0m:[36m1629[0m - [1mHWM raw_sentiment=+0.06 (local, 2 articles)[0m
[32m2026-09-10 16:24:15.024[0m | [34m[1mDEBUG   [0m | [36msrc.analysis.sentiment[0m:[36manalyse_sentiment[0m:[36m1685[0m - [34m[1mHWM sentiment scaled +0.06 \u2192 +0.03 (count=2, sources=2, scale=0.41)[0m
[32m2026-09-10 16:24:19.214[0m | [1mINFO    [0m | [36msrc.analysis.sentiment[0m:[36manalyse_sentiment[0m:[36m1629[0m - [1mPHVS raw_sentiment=+0.64 (local, 20 articles)[0m
[32m2026-09-10 16:24:23.326[0m | [1mINFO    [0m | [36msrc.analysis.sentiment[0m:[36manalyse_sentiment[0m:[36m1629[0m - [1mQCOM raw_sentiment=+0.22 (local, 20 articles)[0m
[32m2026-09-10 16:24:23.326[0m | [34m[1mDEBUG   [0m | [36msrc.analysis.sentiment[0m:[36manalyse_sentiment[0m:[36m1685[0m - [34m[1mQCOM sentiment scaled +0.22 \u2192 +0.18 (count=20, sources=17, scale=0.82)[0m
[32m2026-09-10 16:24:26.159[0m | [1mINFO    [0m | [36msrc.analysis.sentiment[0m:[36manalyse_sentiment[0m:[36m1629[0m - [1mSNAP raw_sentiment=+0.26 (local, 4 articles)[0m
[32m2026-09-10 16:24:26.159[0m | [34m[1mDEBUG   [0m | [36msrc.analysis.sentiment[0m:[36manalyse_sentiment[0m:[36m1685[0m - [34m[1mSNAP sentiment scaled +0.26 \u2192 +0.15 (count=4, sources=4, scale=0.56)[0m
[32m2026-09-10 16:24:26.160[0m | [34m[1mDEBUG   [0m | [36msrc.analysis.sentiment[0m:[36manalyse_sentiment[0m:[36m1426[0m - [34m[1mIBB sentiment abstained: 75% of the digest names it only in the body (>= 75%) — a round-up, not coverage[0m
[32m2026-09-10 16:24:26.160[0m | [34m[1mDEBUG   [0m | [36msrc.analysis.sentiment[0m:[36manalyse_sentiment[0m:[36m1426[0m - [34m[1mXLP sentiment abstained: 78% of the digest names it only in the body (>= 75%) — a round-up, not coverage[0m
[32m2026-09-10 16:24:27.931[0m | [1mINFO    [0m | [36msrc.analysis.sentiment[0m:[36manalyse_sentiment[0m:[36m1629[0m - [1mSNDK raw_sentiment=+0.18 (local, 1 articles)[0m
[32m2026-09-10 16:24:27.931[0m | [34m[1mDEBUG   [0m | [36msrc.analysis.sentiment[0m:[36manalyse_sentiment[0m:[36m1685[0m - [34m[1mSNDK sentiment scaled +0.18 \u2192 +0.06 (count=1, sources=1, scale=0.32)[0m
[32m2026-09-10 16:24:27.932[0m | [34m[1mDEBUG   [0m | [36msrc.analysis.sentiment[0m:[36manalyse_sentiment[0m:[36m1426[0m - [34m[1mGLD sentiment abstained: 75% of the digest names it only in the body (>= 75%) — a round-up, not coverage[0m
[32m2026-09-10 16:24:30.867[0m | [1mINFO    [0m | [36msrc.analysis.sentiment[0m:[36manalyse_sentiment[0m:[36m1629[0m - [1mPHVS raw_sentiment=+0.45 (local, 6 articles)[0m
[32m2026-09-10 16:24:30.867[0m | [34m[1mDEBUG   [0m | [36msrc.analysis.sentiment[0m:[36manalyse_sentiment[0m:[36m1685[0m - [34m[1mPHVS sentiment scaled +0.45 \u2192 +0.38 (count=6, sources=6, scale=0.84)[0m
[32m2026-09-10 16:24:35.290[0m | [1mINFO    [0m | [36msrc.analysis.sentiment[0m:[36manalyse_sentiment[0m:[36m1629[0m - [1mIBB raw_sentiment=+0.22 (local, 14 articles)[0m
[32m2026-09-10 16:24:35.291[0m | [34m[1mDEBUG   [0m | [36msrc.analysis.sentiment[0m:[36manalyse_sentiment[0m:[36m1685[0m - [34m[1mIBB sentiment scaled +0.22 \u2192 +0.17 (count=14, sources=9, scale=0.75)[0m
[32m2026-09-10 16:24:37.737[0m | [1mINFO    [0m | [36msrc.analysis.sentiment[0m:[36manalyse_sentiment[0m:[36m1629[0m - [1mBB raw_sentiment=+0.00 (local, 3 articles)[0m
[32m2026-09-10 16:24:37.737[0m | [34m[1mDEBUG   [0m | [36msrc.analysis.sentiment[0m:[36manalyse_sentiment[0m:[36m1685[0m - [34m[1mBB sentiment scaled +0.00 \u2192 +0.00 (count=3, sources=2, scale=0.55)[0m
[32m2026-09-10 16:24:40.661[0m | [1mINFO    [0m | [36msrc.analysis.sentiment[0m:[36manalyse_sentiment[0m:[36m1629[0m - [1mNKE raw_sentiment=-0.15 (local, 5 articles)[0m
[32m2026-09-10 16:24:40.661[0m | [34m[1mDEBUG   [0m | [36msrc.analysis.sentiment[0m:[36manalyse_sentiment[0m:[36m1685[0m - [34m[1mNKE sentiment scaled -0.15 \u2192 -0.11 (count=5, sources=5, scale=0.73)[0m
[32m2026-09-10 16:24:44.807[0m | [1mINFO    [0m | [36msrc.analysis.sentiment[0m:[36manalyse_sentiment[0m:[36m1629[0m - [1mASST raw_sentiment=+0.24 (local, 17 articles)[0m
[32m2026-09-10 16:24:44.808[0m | [34m[1mDEBUG   [0m | [36msrc.analysis.sentiment[0m:[36manalyse_sentiment[0m:[36m1685[0m - [34m[1mASST sentiment scaled +0.24 \u2192 +0.18 (count=17, sources=15, scale=0.77)[0m
[32m2026-09-10 16:24:49.882[0m | [1mINFO    [0m | [36msrc.analysis.sentiment[0m:[36manalyse_sentiment[0m:[36m1629[0m - [1mASST raw_sentiment=+0.45 (local, 20 articles)[0m
[32m2026-09-10 16:24:49.882[0m | [34m[1mDEBUG   [0m | [36msrc.analysis.sentiment[0m:[36manalyse_sentiment[0m:[36m1685[0m - [34m[1mASST sentiment scaled +0.45 \u2192 +0.37 (count=20, sources=17, scale=0.82)[0m
[32m2026-09-10 16:24:52.847[0m | [1mINFO    [0m | [36msrc.analysis.sentiment[0m:[36manalyse_sentiment[0m:[36m1629[0m - [1mSGI raw_sentiment=+0.25 (local, 5 articles)[0m
[32m2026-09-10 16:24:52.847[0m | [34m[1mDEBUG   [0m | [36msrc.analysis.sentiment[0m:[36manalyse_sentiment[0m:[36m1685[0m - [34m[1mSGI sentiment scaled +0.25 \u2192 +0.12 (count=5, sources=4, scale=0.50)[0m
[32m2026-09-10 16:24:57.897[0m | [1mINFO    [0m | [36msrc.analysis.sentiment[0m:[36manalyse_sentiment[0m:[36m1629[0m - [1mASST raw_sentiment=+0.60 (local, 20 articles)[0m
[32m2026-09-10 16:24:57.897[0m | [34m[1mDEBUG   [0m | [36msrc.analysis.sentiment[0m:[36manalyse_sentiment[0m:[36m1685[0m - [34m[1mASST sentiment scaled +0.60 \u2192 +0.50 (count=20, sources=16, scale=0.84)[0m
[32m2026-09-10 16:25:00.296[0m | [1mINFO    [0m | [36msrc.analysis.sentiment[0m:[36manalyse_sentiment[0m:[36m1629[0m - [1mAVAH raw_sentiment=+0.66 (local, 4 articles)[0m
[32m2026-09-10 16:25:00.296[0m | [34m[1mDEBUG   [0m | [36msrc.analysis.sentiment[0m:[36manalyse_sentiment[0m:[36m1685[0m - [34m[1mAVAH sentiment scaled +0.66 \u2192 +0.48 (count=4, sources=4, scale=0.73)[0m
[32m2026-09-10 16:25:02.465[0m | [1mINFO    [0m | [36msrc.analysis.sentiment[0m:[36manalyse_sentiment[0m:[36m1629[0m - [1mGIII raw_sentiment=+0.26 (local, 3 articles)[0m
[32m2026-09-10 16:25:02.465[0m | [34m[1mDEBUG   [0m | [36msrc.analysis.sentiment[0m:[36manalyse_sentiment[0m:[36m1685[0m - [34m[1mGIII sentiment scaled +0.26 \u2192 +0.14 (count=3, sources=3, scale=0.55)[0m
[32m2026-09-10 16:25:04.850[0m | [1mINFO    [0m | [36msrc.analysis.sentiment[0m:[36manalyse_sentiment[0m:[36m1629[0m - [1mWDAY raw_sentiment=+0.65 (local, 6 articles)[0m
[32m2026-09-10 16:25:04.850[0m | [34m[1mDEBUG   [0m | [36msrc.analysis.sentiment[0m:[36manalyse_sentiment[0m:[36m1685[0m - [34m[1mWDAY sentiment scaled +0.65 \u2192 +0.33 (count=6, sources=4, scale=0.50)[0m
[32m2026-09-10 16:25:04.851[0m | [34m[1mDEBUG   [0m | [36msrc.analysis.sentiment[0m:[36manalyse_sentiment[0m:[36m1426[0m - [34m[1mXLF sentiment abstained: 85% of the digest names it only in the body (>= 75%) — a round-up, not coverage[0m
[32m2026-09-10 16:25:07.528[0m | [1mINFO    [0m | [36msrc.analysis.sentiment[0m:[36manalyse_sentiment[0m:[36m1629[0m - [1mOXM raw_sentiment=-0.37 (local, 5 articles)[0m
[32m2026-09-10 16:25:07.528[0m | [34m[1mDEBUG   [0m | [36msrc.analysis.sentiment[0m:[36manalyse_sentiment[0m:[36m1685[0m - [34m[1mOXM sentiment scaled -0.37 \u2192 -0.23 (count=5, sources=4, scale=0.62)[0m
[32m2026-09-10 16:25:10.012[0m | [1mINFO    [0m | [36msrc.analysis.sentiment[0m:[36manalyse_sentiment[0m:[36m1629[0m - [1mXHB raw_sentiment=-0.05 (local, 5 articles)[0m
[32m2026-09-10 16:25:10.012[0m | [34m[1mDEBUG   [0m | [36msrc.analysis.sentiment[0m:[36manalyse_sentiment[0m:[36m1685[0m - [34m[1mXHB sentiment scaled -0.05 \u2192 -0.03 (count=5, sources=5, scale=0.54)[0m
[32m2026-09-10 16:25:10.012[0m | [34m[1mDEBUG   [0m | [36msrc.analysis.sentiment[0m:[36manalyse_sentiment[0m:[36m1426[0m - [34m[1mBAC sentiment abstained: 100% of the digest names it only in the body (>= 75%) — a round-up, not coverage[0m
[32m2026-09-10 16:25:12.178[0m | [1mINFO    [0m | [36msrc.analysis.sentiment[0m:[36manalyse_sentiment[0m:[36m1629[0m - [1mWTW raw_sentiment=-0.27 (local, 1 articles)[0m
[32m2026-09-10 16:25:12.178[0m | [34m[1mDEBUG   [0m | [36msrc.analysis.sentiment[0m:[36manalyse_sentiment[0m:[36m1685[0m - [34m[1mWTW sentiment scaled -0.27 \u2192 -0.12 (count=1, sources=1, scale=0.44)[0m
[32m2026-09-10 16:25:12.180[0m | [34m[1mDEBUG   [0m | [36msrc.analysis.sentiment[0m:[36manalyse_sentiment[0m:[36m1426[0m - [34m[1mDT sentiment abstained: 100% of the digest names it only in the body (>= 75%) — a round-up, not coverage[0m
[32m2026-09-10 16:25:14.305[0m | [1mINFO    [0m | [36msrc.analysis.sentiment[0m:[36manalyse_sentiment[0m:[36m1629[0m - [1mSNAP raw_sentiment=+0.27 (local, 2 articles)[0m
[32m2026-09-10 16:25:14.305[0m | [34m[1mDEBUG   [0m | [36msrc.analysis.sentiment[0m:[36manalyse_sentiment[0m:[36m1685[0m - [34m[1mSNAP sentiment scaled +0.27 \u2192 +0.12 (count=2, sources=2, scale=0.43)[0m
[32m2026-09-10 16:25:17.929[0m | [1mINFO    [0m | [36msrc.analysis.sentiment[0m:[36manalyse_sentiment[0m:[36m1629[0m - [1mWBD raw_sentiment=+0.47 (local, 10 articles)[0m
[32m2026-09-10 16:25:17.929[0m | [34m[1mDEBUG   [0m | [36msrc.analysis.sentiment[0m:[36manalyse_sentiment[0m:[36m1685[0m - [34m[1mWBD sentiment scaled +0.47 \u2192 +0.42 (count=10, sources=8, scale=0.88)[0m
[32m2026-09-10 16:25:22.175[0m | [1mINFO    [0m | [36msrc.analysis.sentiment[0m:[36manalyse_sentiment[0m:[36m1629[0m - [1mNET raw_sentiment=+0.25 (local, 20 articles)[0m
[32m2026-09-10 16:25:26.762[0m | [1mINFO    [0m | [36msrc.analysis.sentiment[0m:[36manalyse_sentiment[0m:[36m1629[0m - [1mNET raw_sentiment=+0.32 (local, 20 articles)[0m
[32m2026-09-10 16:25:30.235[0m | [1mINFO    [0m | [36msrc.analysis.sentiment[0m:[36manalyse_sentiment[0m:[36m1629[0m - [1mXLI raw_sentiment=+0.05 (local, 7 articles)[0m
[32m2026-09-10 16:25:30.235[0m | [34m[1mDEBUG   [0m | [36msrc.analysis.sentiment[0m:[36manalyse_sentiment[0m:[36m1685[0m - [34m[1mXLI sentiment scaled +0.05 \u2192 +0.03 (count=7, sources=5, scale=0.58)[0m
[32m2026-09-10 16:25:34.271[0m | [1mINFO    [0m | [36msrc.analysis.sentiment[0m:[36manalyse_sentiment[0m:[36m1629[0m - [1mXLV raw_sentiment=+0.51 (local, 20 articles)[0m
[32m2026-09-10 16:25:34.271[0m | [34m[1mDEBUG   [0m | [36msrc.analysis.sentiment[0m:[36manalyse_sentiment[0m:[36m1685[0m - [34m[1mXLV sentiment scaled +0.51 \u2192 +0.42 (count=20, sources=11, scale=0.82)[0m
[32m2026-09-10 16:25:36.626[0m | [34m[1mDEBUG   [0m | [36msrc.analysis.logprob_score[0m:[36mexpected_score[0m:[36m139[0m - [34m[1m[logprob_score] correction +0.302 beyond 0.25 — keeping the argmax[0m
[32m2026-09-10 16:25:36.626[0m | [1mINFO    [0m | [36msrc.analysis.sentiment[0m:[36manalyse_sentiment[0m:[36m1629[0m - [1mCXW raw_sentiment=-0.35 (local, 2 articles)[0m
[32m2026-09-10 16:25:36.626[0m | [34m[1mDEBUG   [0m | [36msrc.analysis.sentiment[0m:[36manalyse_sentiment[0m:[36m1685[0m - [34m[1mCXW sentiment scaled -0.35 \u2192 -0.15 (count=2, sources=2, scale=0.42)[0m
  200/400 in 711s (dropped non-local: 0)
[32m2026-09-10 16:25:40.427[0m | [1mINFO    [0m | [36msrc.analysis.sentiment[0m:[36manalyse_sentiment[0m:[36m1629[0m - [1mSWKS raw_sentiment=+0.20 (local, 15 articles)[0m
[32m2026-09-10 16:25:43.455[0m | [1mINFO    [0m | [36msrc.analysis.sentiment[0m:[36manalyse_sentiment[0m:[36m1629[0m - [1mLLY raw_sentiment=-0.25 (local, 8 articles)[0m
[32m2026-09-10 16:25:43.455[0m | [34m[1mDEBUG   [0m | [36msrc.analysis.sentiment[0m:[36manalyse_sentiment[0m:[36m1685[0m - [34m[1mLLY sentiment scaled -0.25 \u2192 -0.15 (count=8, sources=6, scale=0.61)[0m
[32m2026-09-10 16:25:46.398[0m | [1mINFO    [0m | [36msrc.analysis.sentiment[0m:[36manalyse_sentiment[0m:[36m1629[0m - [1mWBD raw_sentiment=+0.55 (local, 9 articles)[0m
[32m2026-09-10 16:25:46.399[0m | [34m[1mDEBUG   [0m | [36msrc.analysis.sentiment[0m:[36manalyse_sentiment[0m:[36m1685[0m - [34m[1mWBD sentiment scaled +0.55 \u2192 +0.47 (count=9, sources=7, scale=0.86)[0m
[32m2026-09-10 16:25:49.246[0m | [1mINFO    [0m | [36msrc.analysis.sentiment[0m:[36manalyse_sentiment[0m:[36m1629[0m - [1mOXM raw_sentiment=-0.43 (local, 9 articles)[0m
[32m2026-09-10 16:25:49.246[0m | [34m[1mDEBUG   [0m | [36msrc.analysis.sentiment[0m:[36manalyse_sentiment[0m:[36m1685[0m - [34m[1mOXM sentiment scaled -0.43 \u2192 -0.20 (count=9, sources=7, scale=0.45)[0m
[32m2026-09-10 16:25:51.766[0m | [1mINFO    [0m | [36msrc.analysis.sentiment[0m:[36manalyse_sentiment[0m:[36m1629[0m - [1mSMCIP raw_sentiment=+0.15 (local, 7 articles)[0m
[32m2026-09-10 16:25:51.767[0m | [34m[1mDEBUG   [0m | [36msrc.analysis.sentiment[0m:[36manalyse_sentiment[0m:[36m1685[0m - [34m[1mSMCIP sentiment scaled +0.15 \u2192 +0.09 (count=7, sources=7, scale=0.59)[0m
[32m2026-09-10 16:25:53.917[0m | [1mINFO    [0m | [36msrc.analysis.sentiment[0m:[36manalyse_sentiment[0m:[36m1629[0m - [1mPSX raw_sentiment=+0.09 (local, 3 articles)[0m
[32m2026-09-10 16:25:53.917[0m | [34m[1mDEBUG   [0m | [36msrc.analysis.sentiment[0m:[36manalyse_sentiment[0m:[36m1685[0m - [34m[1mPSX sentiment scaled +0.09 \u2192 +0.06 (count=3, sources=2, scale=0.62)[0m
[32m2026-09-10 16:25:56.630[0m | [1mINFO    [0m | [36msrc.analysis.sentiment[0m:[36manalyse_sentiment[0m:[36m1629[0m - [1mPHVS raw_sentiment=+0.19 (local, 4 articles)[0m
[32m2026-09-10 16:25:56.630[0m | [34m[1mDEBUG   [0m | [36msrc.analysis.sentiment[0m:[36manalyse_sentiment[0m:[36m1685[0m - [34m[1mPHVS sentiment scaled +0.19 \u2192 +0.15 (count=4, sources=4, scale=0.80)[0m
[32m2026-09-10 16:26:02.717[0m | [1mINFO    [0m | [36msrc.analysis.sentiment[0m:[36manalyse_sentiment[0m:[36m1629[0m - [1mENB raw_sentiment=-0.47 (local, 20 articles)[0m
[32m2026-09-10 16:26:05.296[0m | [1mINFO    [0m | [36msrc.analysis.sentiment[0m:[36manalyse_sentiment[0m:[36m1629[0m - [1mGWRE raw_sentiment=-0.41 (local, 8 articles)[0m
[32m2026-09-10 16:26:05.296[0m | [34m[1mDEBUG   [0m | [36msrc.analysis.sentiment[0m:[36manalyse_sentiment[0m:[36m1685[0m - [34m[1mGWRE sentiment scaled -0.41 \u2192 -0.19 (count=8, sources=6, scale=0.47)[0m
[32m2026-09-10 16:26:08.139[0m | [1mINFO    [0m | [36msrc.analysis.sentiment[0m:[36manalyse_sentiment[0m:[36m1629[0m - [1mAPLD raw_sentiment=+0.81 (local, 2 articles)[0m
[32m2026-09-10 16:26:08.140[0m | [34m[1mDEBUG   [0m | [36msrc.analysis.sentiment[0m:[36manalyse_sentiment[0m:[36m1685[0m - [34m[1mAPLD sentiment scaled +0.81 \u2192 +0.34 (count=2, sources=2, scale=0.42)[0m
[32m2026-09-10 16:26:11.157[0m | [1mINFO    [0m | [36msrc.analysis.sentiment[0m:[36manalyse_sentiment[0m:[36m1629[0m - [1mIBB raw_sentiment=+0.38 (local, 20 articles)[0m
[32m2026-09-10 16:26:11.157[0m | [34m[1mDEBUG   [0m | [36msrc.analysis.sentiment[0m:[36manalyse_sentiment[0m:[36m1685[0m - [34m[1mIBB sentiment scaled +0.38 \u2192 +0.29 (count=20, sources=9, scale=0.77)[0m
[32m2026-09-10 16:26:15.132[0m | [1mINFO    [0m | [36msrc.analysis.sentiment[0m:[36manalyse_sentiment[0m:[36m1629[0m - [1mQRVO raw_sentiment=+0.66 (local, 18 articles)[0m
[32m2026-09-10 16:26:17.755[0m | [1mINFO    [0m | [36msrc.analysis.sentiment[0m:[36manalyse_sentiment[0m:[36m1629[0m - [1mONEW raw_sentiment=-0.57 (local, 7 articles)[0m
[32m2026-09-10 16:26:17.756[0m | [34m[1mDEBUG   [0m | [36msrc.analysis.sentiment[0m:[36manalyse_sentiment[0m:[36m1685[0m - [34m[1mONEW sentiment scaled -0.57 \u2192 -0.40 (count=7, sources=7, scale=0.70)[0m
[32m2026-09-10 16:26:20.071[0m | [1mINFO    [0m | [36msrc.analysis.sentiment[0m:[36manalyse_sentiment[0m:[36m1629[0m - [1mRBLX raw_sentiment=-0.29 (local, 1 articles)[0m
[32m2026-09-10 16:26:20.072[0m | [34m[1mDEBUG   [0m | [36msrc.analysis.sentiment[0m:[36manalyse_sentiment[0m:[36m1685[0m - [34m[1mRBLX sentiment scaled -0.29 \u2192 -0.10 (count=1, sources=1, scale=0.34)[0m
[32m2026-09-10 16:26:22.475[0m | [1mINFO    [0m | [36msrc.analysis.sentiment[0m:[36manalyse_sentiment[0m:[36m1629[0m - [1mUPS raw_sentiment=+0.19 (local, 3 articles)[0m
[32m2026-09-10 16:26:22.476[0m | [34m[1mDEBUG   [0m | [36msrc.analysis.sentiment[0m:[36manalyse_sentiment[0m:[36m1685[0m - [34m[1mUPS sentiment scaled +0.19 \u2192 +0.09 (count=3, sources=3, scale=0.45)[0m
[32m2026-09-10 16:26:24.633[0m | [1mINFO    [0m | [36msrc.analysis.sentiment[0m:[36manalyse_sentiment[0m:[36m1629[0m - [1mLEN raw_sentiment=+0.66 (local, 3 articles)[0m
[32m2026-09-10 16:26:24.633[0m | [34m[1mDEBUG   [0m | [36msrc.analysis.sentiment[0m:[36manalyse_sentiment[0m:[36m1685[0m - [34m[1mLEN sentiment scaled +0.66 \u2192 +0.33 (count=3, sources=3, scale=0.49)[0m
[32m2026-09-10 16:26:28.509[0m | [1mINFO    [0m | [36msrc.analysis.sentiment[0m:[36manalyse_sentiment[0m:[36m1629[0m - [1mSPY raw_sentiment=-0.14 (local, 20 articles)[0m
[32m2026-09-10 16:26:30.921[0m | [1mINFO    [0m | [36msrc.analysis.sentiment[0m:[36manalyse_sentiment[0m:[36m1629[0m - [1mCRL raw_sentiment=-0.01 (local, 1 articles)[0m
[32m2026-09-10 16:26:30.921[0m | [34m[1mDEBUG   [0m | [36msrc.analysis.sentiment[0m:[36manalyse_sentiment[0m:[36m1685[0m - [34m[1mCRL sentiment scaled -0.01 \u2192 -0.01 (count=1, sources=1, scale=0.38)[0m
[32m2026-09-10 16:26:33.273[0m | [1mINFO    [0m | [36msrc.analysis.sentiment[0m:[36manalyse_sentiment[0m:[36m1629[0m - [1mAVO raw_sentiment=+0.29 (local, 6 articles)[0m
[32m2026-09-10 16:26:33.274[0m | [34m[1mDEBUG   [0m | [36msrc.analysis.sentiment[0m:[36manalyse_sentiment[0m:[36m1685[0m - [34m[1mAVO sentiment scaled +0.29 \u2192 +0.15 (count=6, sources=6, scale=0.52)[0m
[32m2026-09-10 16:26:35.141[0m | [1mINFO    [0m | [36msrc.analysis.sentiment[0m:[36manalyse_sentiment[0m:[36m1629[0m - [1mPCVX raw_sentiment=-0.05 (local, 1 articles)[0m
[32m2026-09-10 16:26:35.141[0m | [34m[1mDEBUG   [0m | [36msrc.analysis.sentiment[0m:[36manalyse_sentiment[0m:[36m1685[0m - [34m[1mPCVX sentiment scaled -0.05 \u2192 -0.02 (count=1, sources=1, scale=0.34)[0m
[32m2026-09-10 16:26:39.641[0m | [1mINFO    [0m | [36msrc.analysis.sentiment[0m:[36manalyse_sentiment[0m:[36m1629[0m - [1mAMC raw_sentiment=+0.36 (local, 20 articles)[0m
[32m2026-09-10 16:26:44.788[0m | [1mINFO    [0m | [36msrc.analysis.sentiment[0m:[36manalyse_sentiment[0m:[36m1629[0m - [1mXLV raw_sentiment=-0.27 (local, 19 articles)[0m
[32m2026-09-10 16:26:47.205[0m | [1mINFO    [0m | [36msrc.analysis.sentiment[0m:[36manalyse_sentiment[0m:[36m1629[0m - [1mADI raw_sentiment=+0.76 (local, 2 articles)[0m
[32m2026-09-10 16:26:47.205[0m | [34m[1mDEBUG   [0m | [36msrc.analysis.sentiment[0m:[36manalyse_sentiment[0m:[36m1685[0m - [34m[1mADI sentiment scaled +0.76 \u2192 +0.35 (count=2, sources=2, scale=0.46)[0m
[32m2026-09-10 16:26:49.274[0m | [1mINFO    [0m | [36msrc.analysis.sentiment[0m:[36manalyse_sentiment[0m:[36m1629[0m - [1mCRL raw_sentiment=-0.05 (local, 1 articles)[0m
[32m2026-09-10 16:26:49.275[0m | [34m[1mDEBUG   [0m | [36msrc.analysis.sentiment[0m:[36manalyse_sentiment[0m:[36m1685[0m - [34m[1mCRL sentiment scaled -0.05 \u2192 -0.02 (count=1, sources=1, scale=0.38)[0m
[32m2026-09-10 16:26:49.275[0m | [34m[1mDEBUG   [0m | [36msrc.analysis.sentiment[0m:[36manalyse_sentiment[0m:[36m1426[0m - [34m[1mADI sentiment abstained: 100% of the digest names it only in the body (>= 75%) — a round-up, not coverage[0m
[32m2026-09-10 16:26:53.912[0m | [1mINFO    [0m | [36msrc.analysis.sentiment[0m:[36manalyse_sentiment[0m:[36m1629[0m - [1mMS raw_sentiment=-0.25 (local, 20 articles)[0m
[32m2026-09-10 16:26:53.913[0m | [34m[1mDEBUG   [0m | [36msrc.analysis.sentiment[0m:[36manalyse_sentiment[0m:[36m1685[0m - [34m[1mMS sentiment scaled -0.25 \u2192 -0.22 (count=20, sources=14, scale=0.89)[0m
[32m2026-09-10 16:26:57.460[0m | [1mINFO    [0m | [36msrc.analysis.sentiment[0m:[36manalyse_sentiment[0m:[36m1629[0m - [1mXLE raw_sentiment=+0.15 (local, 20 articles)[0m
[32m2026-09-10 16:27:00.002[0m | [1mINFO    [0m | [36msrc.analysis.sentiment[0m:[36manalyse_sentiment[0m:[36m1629[0m - [1mXBI raw_sentiment=+0.15 (local, 10 articles)[0m
[32m2026-09-10 16:27:00.002[0m | [34m[1mDEBUG   [0m | [36msrc.analysis.sentiment[0m:[36manalyse_sentiment[0m:[36m1685[0m - [34m[1mXBI sentiment scaled +0.15 \u2192 +0.11 (count=10, sources=6, scale=0.71)[0m
[32m2026-09-10 16:27:04.304[0m | [1mINFO    [0m | [36msrc.analysis.sentiment[0m:[36manalyse_sentiment[0m:[36m1629[0m - [1mBRZE raw_sentiment=-0.58 (local, 20 articles)[0m
[32m2026-09-10 16:27:07.242[0m | [1mINFO    [0m | [36msrc.analysis.sentiment[0m:[36manalyse_sentiment[0m:[36m1629[0m - [1mGM raw_sentiment=-0.17 (local, 10 articles)[0m
[32m2026-09-10 16:27:07.242[0m | [34m[1mDEBUG   [0m | [36msrc.analysis.sentiment[0m:[36manalyse_sentiment[0m:[36m1685[0m - [34m[1mGM sentiment scaled -0.17 \u2192 -0.12 (count=10, sources=8, scale=0.73)[0m
[32m2026-09-10 16:27:07.243[0m | [34m[1mDEBUG   [0m | [36msrc.analysis.sentiment[0m:[36manalyse_sentiment[0m:[36m1426[0m - [34m[1mBLSH sentiment abstained: 95% of the digest names it only in the body (>= 75%) — a round-up, not coverage[0m
[32m2026-09-10 16:27:12.481[0m | [1mINFO    [0m | [36msrc.analysis.sentiment[0m:[36manalyse_sentiment[0m:[36m1629[0m - [1mSPY raw_sentiment=+0.16 (local, 20 articles)[0m
[32m2026-09-10 16:27:12.481[0m | [34m[1mDEBUG   [0m | [36msrc.analysis.sentiment[0m:[36manalyse_sentiment[0m:[36m1685[0m - [34m[1mSPY sentiment scaled +0.16 \u2192 +0.12 (count=20, sources=14, scale=0.77)[0m
[32m2026-09-10 16:27:12.482[0m | [34m[1mDEBUG   [0m | [36msrc.analysis.sentiment[0m:[36manalyse_sentiment[0m:[36m1426[0m - [34m[1mXLF sentiment abstained: 81% of the digest names it only in the body (>= 75%) — a round-up, not coverage[0m
[32m2026-09-10 16:27:14.903[0m | [1mINFO    [0m | [36msrc.analysis.sentiment[0m:[36manalyse_sentiment[0m:[36m1629[0m - [1mTTAN raw_sentiment=-0.05 (local, 1 articles)[0m
[32m2026-09-10 16:27:14.903[0m | [34m[1mDEBUG   [0m | [36msrc.analysis.sentiment[0m:[36manalyse_sentiment[0m:[36m1685[0m - [34m[1mTTAN sentiment scaled -0.05 \u2192 -0.02 (count=1, sources=1, scale=0.32)[0m
[32m2026-09-10 16:27:18.200[0m | [1mINFO    [0m | [36msrc.analysis.sentiment[0m:[36manalyse_sentiment[0m:[36m1629[0m - [1mIGV raw_sentiment=-0.45 (local, 8 articles)[0m
[32m2026-09-10 16:27:18.201[0m | [34m[1mDEBUG   [0m | [36msrc.analysis.sentiment[0m:[36manalyse_sentiment[0m:[36m1685[0m - [34m[1mIGV sentiment scaled -0.45 \u2192 -0.27 (count=8, sources=6, scale=0.60)[0m
[32m2026-09-10 16:27:21.387[0m | [1mINFO    [0m | [36msrc.analysis.sentiment[0m:[36manalyse_sentiment[0m:[36m1629[0m - [1mXLI raw_sentiment=-0.05 (local, 10 articles)[0m
[32m2026-09-10 16:27:21.388[0m | [34m[1mDEBUG   [0m | [36msrc.analysis.sentiment[0m:[36manalyse_sentiment[0m:[36m1685[0m - [34m[1mXLI sentiment scaled -0.05 \u2192 -0.04 (count=10, sources=8, scale=0.72)[0m
[32m2026-09-10 16:27:24.697[0m | [1mINFO    [0m | [36msrc.analysis.sentiment[0m:[36manalyse_sentiment[0m:[36m1629[0m - [1mBRK-B raw_sentiment=-0.06 (local, 4 articles)[0m
[32m2026-09-10 16:27:24.697[0m | [34m[1mDEBUG   [0m | [36msrc.analysis.sentiment[0m:[36manalyse_sentiment[0m:[36m1685[0m - [34m[1mBRK-B sentiment scaled -0.06 \u2192 -0.03 (count=4, sources=2, scale=0.43)[0m
[32m2026-09-10 16:27:29.213[0m | [1mINFO    [0m | [36msrc.analysis.sentiment[0m:[36manalyse_sentiment[0m:[36m1629[0m - [1mXLRE raw_sentiment=-0.02 (local, 20 articles)[0m
[32m2026-09-10 16:27:31.102[0m | [1mINFO    [0m | [36msrc.analysis.sentiment[0m:[36manalyse_sentiment[0m:[36m1629[0m - [1mGIII raw_sentiment=-0.05 (local, 1 articles)[0m
[32m2026-09-10 16:27:31.102[0m | [34m[1mDEBUG   [0m | [36msrc.analysis.sentiment[0m:[36manalyse_sentiment[0m:[36m1685[0m - [34m[1mGIII sentiment scaled -0.05 \u2192 -0.02 (count=1, sources=1, scale=0.32)[0m
[32m2026-09-10 16:27:36.424[0m | [1mINFO    [0m | [36msrc.analysis.sentiment[0m:[36manalyse_sentiment[0m:[36m1629[0m - [1mGME raw_sentiment=+0.45 (local, 20 articles)[0m
[32m2026-09-10 16:27:39.924[0m | [1mINFO    [0m | [36msrc.analysis.sentiment[0m:[36manalyse_sentiment[0m:[36m1629[0m - [1mFDX raw_sentiment=-0.00 (local, 13 articles)[0m
[32m2026-09-10 16:27:39.924[0m | [34m[1mDEBUG   [0m | [36msrc.analysis.sentiment[0m:[36manalyse_sentiment[0m:[36m1685[0m - [34m[1mFDX sentiment scaled -0.00 \u2192 -0.00 (count=13, sources=11, scale=0.66)[0m
[32m2026-09-10 16:27:44.119[0m | [1mINFO    [0m | [36msrc.analysis.sentiment[0m:[36manalyse_sentiment[0m:[36m1629[0m - [1mGME raw_sentiment=-0.13 (local, 19 articles)[0m
[32m2026-09-10 16:27:44.119[0m | [34m[1mDEBUG   [0m | [36msrc.analysis.sentiment[0m:[36manalyse_sentiment[0m:[36m1685[0m - [34m[1mGME sentiment scaled -0.13 \u2192 -0.11 (count=19, sources=17, scale=0.79)[0m
[32m2026-09-10 16:27:46.786[0m | [1mINFO    [0m | [36msrc.analysis.sentiment[0m:[36manalyse_sentiment[0m:[36m1629[0m - [1mGEV raw_sentiment=+0.22 (local, 3 articles)[0m
[32m2026-09-10 16:27:46.786[0m | [34m[1mDEBUG   [0m | [36msrc.analysis.sentiment[0m:[36manalyse_sentiment[0m:[36m1685[0m - [34m[1mGEV sentiment scaled +0.22 \u2192 +0.10 (count=3, sources=2, scale=0.46)[0m
[32m2026-09-10 16:27:51.886[0m | [1mINFO    [0m | [36msrc.analysis.sentiment[0m:[36manalyse_sentiment[0m:[36m1629[0m - [1mNAVN raw_sentiment=-0.24 (local, 20 articles)[0m
[32m2026-09-10 16:27:54.614[0m | [1mINFO    [0m | [36msrc.analysis.sentiment[0m:[36manalyse_sentiment[0m:[36m1629[0m - [1mBRK-B raw_sentiment=-0.04 (local, 6 articles)[0m
[32m2026-09-10 16:27:54.615[0m | [34m[1mDEBUG   [0m | [36msrc.analysis.sentiment[0m:[36manalyse_sentiment[0m:[36m1685[0m - [34m[1mBRK-B sentiment scaled -0.04 \u2192 -0.02 (count=6, sources=3, scale=0.52)[0m
[32m2026-09-10 16:27:58.157[0m | [1mINFO    [0m | [36msrc.analysis.sentiment[0m:[36manalyse_sentiment[0m:[36m1629[0m - [1mIRD raw_sentiment=+0.21 (local, 9 articles)[0m
[32m2026-09-10 16:27:58.157[0m | [34m[1mDEBUG   [0m | [36msrc.analysis.sentiment[0m:[36manalyse_sentiment[0m:[36m1685[0m - [34m[1mIRD sentiment scaled +0.21 \u2192 +0.16 (count=9, sources=7, scale=0.79)[0m
[32m2026-09-10 16:28:01.926[0m | [1mINFO    [0m | [36msrc.analysis.sentiment[0m:[36manalyse_sentiment[0m:[36m1629[0m - [1mIRD raw_sentiment=+0.84 (local, 20 articles)[0m
[32m2026-09-10 16:28:07.758[0m | [1mINFO    [0m | [36msrc.analysis.sentiment[0m:[36manalyse_sentiment[0m:[36m1629[0m - [1mYSS raw_sentiment=+0.37 (local, 13 articles)[0m
[32m2026-09-10 16:28:11.738[0m | [1mINFO    [0m | [36msrc.analysis.sentiment[0m:[36manalyse_sentiment[0m:[36m1629[0m - [1mHWM raw_sentiment=-0.56 (local, 20 articles)[0m
[32m2026-09-10 16:28:11.738[0m | [34m[1mDEBUG   [0m | [36msrc.analysis.sentiment[0m:[36manalyse_sentiment[0m:[36m1685[0m - [34m[1mHWM sentiment scaled -0.56 \u2192 -0.48 (count=20, sources=13, scale=0.85)[0m
[32m2026-09-10 16:28:13.622[0m | [1mINFO    [0m | [36msrc.analysis.sentiment[0m:[36manalyse_sentiment[0m:[36m1629[0m - [1mWT raw_sentiment=-0.05 (local, 1 articles)[0m
[32m2026-09-10 16:28:13.623[0m | [34m[1mDEBUG   [0m | [36msrc.analysis.sentiment[0m:[36manalyse_sentiment[0m:[36m1685[0m - [34m[1mWT sentiment scaled -0.05 \u2192 -0.02 (count=1, sources=1, scale=0.37)[0m
  250/400 in 868s (dropped non-local: 0)
[32m2026-09-10 16:28:18.278[0m | [1mINFO    [0m | [36msrc.analysis.sentiment[0m:[36manalyse_sentiment[0m:[36m1629[0m - [1mCSR raw_sentiment=+0.29 (local, 19 articles)[0m
[32m2026-09-10 16:28:21.422[0m | [1mINFO    [0m | [36msrc.analysis.sentiment[0m:[36manalyse_sentiment[0m:[36m1629[0m - [1mXLP raw_sentiment=-0.28 (local, 15 articles)[0m
[32m2026-09-10 16:28:21.422[0m | [34m[1mDEBUG   [0m | [36msrc.analysis.sentiment[0m:[36manalyse_sentiment[0m:[36m1685[0m - [34m[1mXLP sentiment scaled -0.28 \u2192 -0.24 (count=15, sources=8, scale=0.88)[0m
[32m2026-09-10 16:28:24.913[0m | [1mINFO    [0m | [36msrc.analysis.sentiment[0m:[36manalyse_sentiment[0m:[36m1629[0m - [1mTTAN raw_sentiment=-0.23 (local, 10 articles)[0m
[32m2026-09-10 16:28:24.913[0m | [34m[1mDEBUG   [0m | [36msrc.analysis.sentiment[0m:[36manalyse_sentiment[0m:[36m1685[0m - [34m[1mTTAN sentiment scaled -0.23 \u2192 -0.16 (count=10, sources=9, scale=0.69)[0m
[32m2026-09-10 16:28:24.914[0m | [34m[1mDEBUG   [0m | [36msrc.analysis.sentiment[0m:[36manalyse_sentiment[0m:[36m1426[0m - [34m[1mIWM sentiment abstained: 100% of the digest names it only in the body (>= 75%) — a round-up, not coverage[0m
[32m2026-09-10 16:28:27.407[0m | [1mINFO    [0m | [36msrc.analysis.sentiment[0m:[36manalyse_sentiment[0m:[36m1629[0m - [1mTBBK raw_sentiment=-0.63 (local, 3 articles)[0m
[32m2026-09-10 16:28:27.408[0m | [34m[1mDEBUG   [0m | [36msrc.analysis.sentiment[0m:[36manalyse_sentiment[0m:[36m1685[0m - [34m[1mTBBK sentiment scaled -0.63 \u2192 -0.38 (count=3, sources=3, scale=0.60)[0m
[32m2026-09-10 16:28:31.987[0m | [1mINFO    [0m | [36msrc.analysis.sentiment[0m:[36manalyse_sentiment[0m:[36m1629[0m - [1mIBIT raw_sentiment=+0.32 (local, 18 articles)[0m
[32m2026-09-10 16:28:31.987[0m | [34m[1mDEBUG   [0m | [36msrc.analysis.sentiment[0m:[36manalyse_sentiment[0m:[36m1685[0m - [34m[1mIBIT sentiment scaled +0.32 \u2192 +0.25 (count=18, sources=15, scale=0.79)[0m
[32m2026-09-10 16:28:34.670[0m | [1mINFO    [0m | [36msrc.analysis.sentiment[0m:[36manalyse_sentiment[0m:[36m1629[0m - [1mXLI raw_sentiment=-0.25 (local, 7 articles)[0m
[32m2026-09-10 16:28:34.670[0m | [34m[1mDEBUG   [0m | [36msrc.analysis.sentiment[0m:[36manalyse_sentiment[0m:[36m1685[0m - [34m[1mXLI sentiment scaled -0.25 \u2192 -0.14 (count=7, sources=5, scale=0.56)[0m
[32m2026-09-10 16:28:36.478[0m | [1mINFO    [0m | [36msrc.analysis.sentiment[0m:[36manalyse_sentiment[0m:[36m1629[0m - [1mBLTE raw_sentiment=+0.26 (local, 3 articles)[0m
[32m2026-09-10 16:28:36.478[0m | [34m[1mDEBUG   [0m | [36msrc.analysis.sentiment[0m:[36manalyse_sentiment[0m:[36m1685[0m - [34m[1mBLTE sentiment scaled +0.26 \u2192 +0.12 (count=3, sources=3, scale=0.47)[0m
[32m2026-09-10 16:28:36.480[0m | [34m[1mDEBUG   [0m | [36msrc.analysis.sentiment[0m:[36manalyse_sentiment[0m:[36m1426[0m - [34m[1mALGN sentiment abstained: 100% of the digest names it only in the body (>= 75%) — a round-up, not coverage[0m
[32m2026-09-10 16:28:40.908[0m | [1mINFO    [0m | [36msrc.analysis.sentiment[0m:[36manalyse_sentiment[0m:[36m1629[0m - [1mENB raw_sentiment=+0.57 (local, 20 articles)[0m
[32m2026-09-10 16:28:40.909[0m | [34m[1mDEBUG   [0m | [36msrc.analysis.sentiment[0m:[36manalyse_sentiment[0m:[36m1426[0m - [34m[1mIWM sentiment abstained: 100% of the digest names it only in the body (>= 75%) — a round-up, not coverage[0m
[32m2026-09-10 16:28:43.778[0m | [1mINFO    [0m | [36msrc.analysis.sentiment[0m:[36manalyse_sentiment[0m:[36m1629[0m - [1mSTX raw_sentiment=+0.25 (local, 2 articles)[0m
[32m2026-09-10 16:28:43.778[0m | [34m[1mDEBUG   [0m | [36msrc.analysis.sentiment[0m:[36manalyse_sentiment[0m:[36m1685[0m - [34m[1mSTX sentiment scaled +0.25 \u2192 +0.12 (count=2, sources=2, scale=0.48)[0m
[32m2026-09-10 16:28:45.782[0m | [1mINFO    [0m | [36msrc.analysis.sentiment[0m:[36manalyse_sentiment[0m:[36m1629[0m - [1mGLD raw_sentiment=+0.13 (local, 3 articles)[0m
[32m2026-09-10 16:28:45.782[0m | [34m[1mDEBUG   [0m | [36msrc.analysis.sentiment[0m:[36manalyse_sentiment[0m:[36m1685[0m - [34m[1mGLD sentiment scaled +0.13 \u2192 +0.06 (count=3, sources=3, scale=0.44)[0m
[32m2026-09-10 16:28:49.677[0m | [1mINFO    [0m | [36msrc.analysis.sentiment[0m:[36manalyse_sentiment[0m:[36m1629[0m - [1mIBB raw_sentiment=-0.42 (local, 19 articles)[0m
[32m2026-09-10 16:28:49.677[0m | [34m[1mDEBUG   [0m | [36msrc.analysis.sentiment[0m:[36manalyse_sentiment[0m:[36m1685[0m - [34m[1mIBB sentiment scaled -0.42 \u2192 -0.27 (count=19, sources=10, scale=0.64)[0m
[32m2026-09-10 16:28:51.941[0m | [1mINFO    [0m | [36msrc.analysis.sentiment[0m:[36manalyse_sentiment[0m:[36m1629[0m - [1mSOC raw_sentiment=+0.00 (local, 1 articles)[0m
[32m2026-09-10 16:28:51.941[0m | [34m[1mDEBUG   [0m | [36msrc.analysis.sentiment[0m:[36manalyse_sentiment[0m:[36m1685[0m - [34m[1mSOC sentiment scaled +0.00 \u2192 +0.00 (count=1, sources=1, scale=0.36)[0m
[32m2026-09-10 16:28:54.458[0m | [1mINFO    [0m | [36msrc.analysis.sentiment[0m:[36manalyse_sentiment[0m:[36m1629[0m - [1mCMPS raw_sentiment=-0.15 (local, 4 articles)[0m
[32m2026-09-10 16:28:54.459[0m | [34m[1mDEBUG   [0m | [36msrc.analysis.sentiment[0m:[36manalyse_sentiment[0m:[36m1685[0m - [34m[1mCMPS sentiment scaled -0.15 \u2192 -0.11 (count=4, sources=3, scale=0.74)[0m
[32m2026-09-10 16:28:57.113[0m | [1mINFO    [0m | [36msrc.analysis.sentiment[0m:[36manalyse_sentiment[0m:[36m1629[0m - [1mMS raw_sentiment=+0.15 (local, 4 articles)[0m
[32m2026-09-10 16:28:57.113[0m | [34m[1mDEBUG   [0m | [36msrc.analysis.sentiment[0m:[36manalyse_sentiment[0m:[36m1685[0m - [34m[1mMS sentiment scaled +0.15 \u2192 +0.08 (count=4, sources=4, scale=0.52)[0m
[32m2026-09-10 16:29:00.070[0m | [1mINFO    [0m | [36msrc.analysis.sentiment[0m:[36manalyse_sentiment[0m:[36m1629[0m - [1mXLI raw_sentiment=-0.15 (local, 4 articles)[0m
[32m2026-09-10 16:29:00.070[0m | [34m[1mDEBUG   [0m | [36msrc.analysis.sentiment[0m:[36manalyse_sentiment[0m:[36m1685[0m - [34m[1mXLI sentiment scaled -0.15 \u2192 -0.08 (count=4, sources=4, scale=0.55)[0m
[32m2026-09-10 16:29:04.274[0m | [1mINFO    [0m | [36msrc.analysis.sentiment[0m:[36manalyse_sentiment[0m:[36m1629[0m - [1mIBIT raw_sentiment=+0.46 (local, 16 articles)[0m
[32m2026-09-10 16:29:04.274[0m | [34m[1mDEBUG   [0m | [36msrc.analysis.sentiment[0m:[36manalyse_sentiment[0m:[36m1685[0m - [34m[1mIBIT sentiment scaled +0.46 \u2192 +0.36 (count=16, sources=13, scale=0.79)[0m
[32m2026-09-10 16:29:06.136[0m | [1mINFO    [0m | [36msrc.analysis.sentiment[0m:[36manalyse_sentiment[0m:[36m1629[0m - [1mCPAY raw_sentiment=+0.69 (local, 2 articles)[0m
[32m2026-09-10 16:29:06.136[0m | [34m[1mDEBUG   [0m | [36msrc.analysis.sentiment[0m:[36manalyse_sentiment[0m:[36m1685[0m - [34m[1mCPAY sentiment scaled +0.69 \u2192 +0.33 (count=2, sources=2, scale=0.47)[0m
[32m2026-09-10 16:29:09.001[0m | [34m[1mDEBUG   [0m | [36msrc.analysis.logprob_score[0m:[36mexpected_score[0m:[36m139[0m - [34m[1m[logprob_score] correction +0.329 beyond 0.25 — keeping the argmax[0m
[32m2026-09-10 16:29:09.001[0m | [1mINFO    [0m | [36msrc.analysis.sentiment[0m:[36manalyse_sentiment[0m:[36m1629[0m - [1mSFD raw_sentiment=-0.35 (local, 7 articles)[0m
[32m2026-09-10 16:29:09.001[0m | [34m[1mDEBUG   [0m | [36msrc.analysis.sentiment[0m:[36manalyse_sentiment[0m:[36m1685[0m - [34m[1mSFD sentiment scaled -0.35 \u2192 -0.30 (count=7, sources=7, scale=0.84)[0m
[32m2026-09-10 16:29:11.184[0m | [1mINFO    [0m | [36msrc.analysis.sentiment[0m:[36manalyse_sentiment[0m:[36m1629[0m - [1mABG raw_sentiment=+0.31 (local, 3 articles)[0m
[32m2026-09-10 16:29:11.184[0m | [34m[1mDEBUG   [0m | [36msrc.analysis.sentiment[0m:[36manalyse_sentiment[0m:[36m1685[0m - [34m[1mABG sentiment scaled +0.31 \u2192 +0.15 (count=3, sources=3, scale=0.47)[0m
[32m2026-09-10 16:29:16.239[0m | [1mINFO    [0m | [36msrc.analysis.sentiment[0m:[36manalyse_sentiment[0m:[36m1629[0m - [1mBRK-B raw_sentiment=+0.28 (local, 20 articles)[0m
[32m2026-09-10 16:29:16.240[0m | [34m[1mDEBUG   [0m | [36msrc.analysis.sentiment[0m:[36manalyse_sentiment[0m:[36m1685[0m - [34m[1mBRK-B sentiment scaled +0.28 \u2192 +0.23 (count=20, sources=11, scale=0.82)[0m
[32m2026-09-10 16:29:19.956[0m | [1mINFO    [0m | [36msrc.analysis.sentiment[0m:[36manalyse_sentiment[0m:[36m1629[0m - [1mBAC raw_sentiment=+0.15 (local, 8 articles)[0m
[32m2026-09-10 16:29:19.956[0m | [34m[1mDEBUG   [0m | [36msrc.analysis.sentiment[0m:[36manalyse_sentiment[0m:[36m1685[0m - [34m[1mBAC sentiment scaled +0.15 \u2192 +0.11 (count=8, sources=6, scale=0.75)[0m
[32m2026-09-10 16:29:25.553[0m | [1mINFO    [0m | [36msrc.analysis.sentiment[0m:[36manalyse_sentiment[0m:[36m1629[0m - [1mPHVS raw_sentiment=+0.73 (local, 20 articles)[0m
[32m2026-09-10 16:29:25.553[0m | [34m[1mDEBUG   [0m | [36msrc.analysis.sentiment[0m:[36manalyse_sentiment[0m:[36m1685[0m - [34m[1mPHVS sentiment scaled +0.73 \u2192 +0.65 (count=20, sources=14, scale=0.90)[0m
[32m2026-09-10 16:29:28.692[0m | [1mINFO    [0m | [36msrc.analysis.sentiment[0m:[36manalyse_sentiment[0m:[36m1629[0m - [1mEGAN raw_sentiment=-0.40 (local, 11 articles)[0m
[32m2026-09-10 16:29:28.693[0m | [34m[1mDEBUG   [0m | [36msrc.analysis.sentiment[0m:[36manalyse_sentiment[0m:[36m1685[0m - [34m[1mEGAN sentiment scaled -0.40 \u2192 -0.23 (count=11, sources=10, scale=0.57)[0m
[32m2026-09-10 16:29:31.355[0m | [1mINFO    [0m | [36msrc.analysis.sentiment[0m:[36manalyse_sentiment[0m:[36m1629[0m - [1mCME raw_sentiment=+0.07 (local, 2 articles)[0m
[32m2026-09-10 16:29:31.355[0m | [34m[1mDEBUG   [0m | [36msrc.analysis.sentiment[0m:[36manalyse_sentiment[0m:[36m1685[0m - [34m[1mCME sentiment scaled +0.07 \u2192 +0.03 (count=2, sources=2, scale=0.42)[0m
[32m2026-09-10 16:29:34.340[0m | [1mINFO    [0m | [36msrc.analysis.sentiment[0m:[36manalyse_sentiment[0m:[36m1629[0m - [1mATRC raw_sentiment=+0.42 (local, 5 articles)[0m
[32m2026-09-10 16:29:34.340[0m | [34m[1mDEBUG   [0m | [36msrc.analysis.sentiment[0m:[36manalyse_sentiment[0m:[36m1685[0m - [34m[1mATRC sentiment scaled +0.42 \u2192 +0.29 (count=5, sources=5, scale=0.69)[0m
[32m2026-09-10 16:29:39.121[0m | [1mINFO    [0m | [36msrc.analysis.sentiment[0m:[36manalyse_sentiment[0m:[36m1629[0m - [1mCMPS raw_sentiment=+0.62 (local, 16 articles)[0m
[32m2026-09-10 16:29:41.403[0m | [1mINFO    [0m | [36msrc.analysis.sentiment[0m:[36manalyse_sentiment[0m:[36m1629[0m - [1mNOW raw_sentiment=+0.16 (local, 6 articles)[0m
[32m2026-09-10 16:29:41.404[0m | [34m[1mDEBUG   [0m | [36msrc.analysis.sentiment[0m:[36manalyse_sentiment[0m:[36m1685[0m - [34m[1mNOW sentiment scaled +0.16 \u2192 +0.10 (count=6, sources=6, scale=0.60)[0m
[32m2026-09-10 16:29:45.608[0m | [1mINFO    [0m | [36msrc.analysis.sentiment[0m:[36manalyse_sentiment[0m:[36m1629[0m - [1mBRK-B raw_sentiment=+0.15 (local, 17 articles)[0m
[32m2026-09-10 16:29:45.608[0m | [34m[1mDEBUG   [0m | [36msrc.analysis.sentiment[0m:[36manalyse_sentiment[0m:[36m1685[0m - [34m[1mBRK-B sentiment scaled +0.15 \u2192 +0.13 (count=17, sources=11, scale=0.86)[0m
[32m2026-09-10 16:29:50.674[0m | [1mINFO    [0m | [36msrc.analysis.sentiment[0m:[36manalyse_sentiment[0m:[36m1629[0m - [1mSKHY raw_sentiment=+0.50 (local, 20 articles)[0m
[32m2026-09-10 16:29:53.764[0m | [1mINFO    [0m | [36msrc.analysis.sentiment[0m:[36manalyse_sentiment[0m:[36m1629[0m - [1mXLF raw_sentiment=-0.15 (local, 20 articles)[0m
[32m2026-09-10 16:29:56.787[0m | [1mINFO    [0m | [36msrc.analysis.sentiment[0m:[36manalyse_sentiment[0m:[36m1629[0m - [1mOXM raw_sentiment=-0.68 (local, 6 articles)[0m
[32m2026-09-10 16:29:56.787[0m | [34m[1mDEBUG   [0m | [36msrc.analysis.sentiment[0m:[36manalyse_sentiment[0m:[36m1685[0m - [34m[1mOXM sentiment scaled -0.68 \u2192 -0.57 (count=6, sources=5, scale=0.84)[0m
[32m2026-09-10 16:29:59.063[0m | [1mINFO    [0m | [36msrc.analysis.sentiment[0m:[36manalyse_sentiment[0m:[36m1629[0m - [1mLITE raw_sentiment=+0.19 (local, 6 articles)[0m
[32m2026-09-10 16:29:59.064[0m | [34m[1mDEBUG   [0m | [36msrc.analysis.sentiment[0m:[36manalyse_sentiment[0m:[36m1685[0m - [34m[1mLITE sentiment scaled +0.19 \u2192 +0.12 (count=6, sources=6, scale=0.64)[0m
[32m2026-09-10 16:30:01.737[0m | [1mINFO    [0m | [36msrc.analysis.sentiment[0m:[36manalyse_sentiment[0m:[36m1629[0m - [1mGDX raw_sentiment=-0.28 (local, 4 articles)[0m
[32m2026-09-10 16:30:01.738[0m | [34m[1mDEBUG   [0m | [36msrc.analysis.sentiment[0m:[36manalyse_sentiment[0m:[36m1685[0m - [34m[1mGDX sentiment scaled -0.28 \u2192 -0.16 (count=4, sources=4, scale=0.59)[0m
[32m2026-09-10 16:30:04.293[0m | [1mINFO    [0m | [36msrc.analysis.sentiment[0m:[36manalyse_sentiment[0m:[36m1629[0m - [1mBB raw_sentiment=+0.00 (local, 3 articles)[0m
[32m2026-09-10 16:30:04.293[0m | [34m[1mDEBUG   [0m | [36msrc.analysis.sentiment[0m:[36manalyse_sentiment[0m:[36m1685[0m - [34m[1mBB sentiment scaled +0.00 \u2192 +0.00 (count=3, sources=2, scale=0.55)[0m
[32m2026-09-10 16:30:06.171[0m | [1mINFO    [0m | [36msrc.analysis.sentiment[0m:[36manalyse_sentiment[0m:[36m1629[0m - [1mXLF raw_sentiment=-0.05 (local, 6 articles)[0m
[32m2026-09-10 16:30:06.172[0m | [34m[1mDEBUG   [0m | [36msrc.analysis.sentiment[0m:[36manalyse_sentiment[0m:[36m1685[0m - [34m[1mXLF sentiment scaled -0.05 \u2192 -0.04 (count=6, sources=5, scale=0.75)[0m
[32m2026-09-10 16:30:08.531[0m | [1mINFO    [0m | [36msrc.analysis.sentiment[0m:[36manalyse_sentiment[0m:[36m1629[0m - [1mSNAP raw_sentiment=-0.15 (local, 1 articles)[0m
[32m2026-09-10 16:30:08.531[0m | [34m[1mDEBUG   [0m | [36msrc.analysis.sentiment[0m:[36manalyse_sentiment[0m:[36m1685[0m - [34m[1mSNAP sentiment scaled -0.15 \u2192 -0.05 (count=1, sources=1, scale=0.33)[0m
[32m2026-09-10 16:30:10.801[0m | [1mINFO    [0m | [36msrc.analysis.sentiment[0m:[36manalyse_sentiment[0m:[36m1629[0m - [1mRDDT raw_sentiment=+0.34 (local, 2 articles)[0m
[32m2026-09-10 16:30:10.801[0m | [34m[1mDEBUG   [0m | [36msrc.analysis.sentiment[0m:[36manalyse_sentiment[0m:[36m1685[0m - [34m[1mRDDT sentiment scaled +0.34 \u2192 +0.13 (count=2, sources=2, scale=0.38)[0m
[32m2026-09-10 16:30:13.061[0m | [1mINFO    [0m | [36msrc.analysis.sentiment[0m:[36manalyse_sentiment[0m:[36m1629[0m - [1mUNH raw_sentiment=-0.30 (local, 2 articles)[0m
[32m2026-09-10 16:30:13.061[0m | [34m[1mDEBUG   [0m | [36msrc.analysis.sentiment[0m:[36manalyse_sentiment[0m:[36m1685[0m - [34m[1mUNH sentiment scaled -0.30 \u2192 -0.15 (count=2, sources=2, scale=0.50)[0m
[32m2026-09-10 16:30:13.061[0m | [34m[1mDEBUG   [0m | [36msrc.analysis.sentiment[0m:[36manalyse_sentiment[0m:[36m1426[0m - [34m[1mXLK sentiment abstained: 100% of the digest names it only in the body (>= 75%) — a round-up, not coverage[0m
[32m2026-09-10 16:30:17.171[0m | [1mINFO    [0m | [36msrc.analysis.sentiment[0m:[36manalyse_sentiment[0m:[36m1629[0m - [1mSPY raw_sentiment=-0.06 (local, 20 articles)[0m
[32m2026-09-10 16:30:17.171[0m | [34m[1mDEBUG   [0m | [36msrc.analysis.sentiment[0m:[36manalyse_sentiment[0m:[36m1685[0m - [34m[1mSPY sentiment scaled -0.06 \u2192 -0.05 (count=20, sources=12, scale=0.81)[0m
[32m2026-09-10 16:30:17.172[0m | [34m[1mDEBUG   [0m | [36msrc.analysis.sentiment[0m:[36manalyse_sentiment[0m:[36m1426[0m - [34m[1mXLK sentiment abstained: 92% of the digest names it only in the body (>= 75%) — a round-up, not coverage[0m
[32m2026-09-10 16:30:19.527[0m | [1mINFO    [0m | [36msrc.analysis.sentiment[0m:[36manalyse_sentiment[0m:[36m1629[0m - [1mPSX raw_sentiment=+0.00 (local, 2 articles)[0m
[32m2026-09-10 16:30:19.527[0m | [34m[1mDEBUG   [0m | [36msrc.analysis.sentiment[0m:[36manalyse_sentiment[0m:[36m1685[0m - [34m[1mPSX sentiment scaled +0.00 \u2192 +0.00 (count=2, sources=2, scale=0.47)[0m
[32m2026-09-10 16:30:22.862[0m | [1mINFO    [0m | [36msrc.analysis.sentiment[0m:[36manalyse_sentiment[0m:[36m1629[0m - [1mFDX raw_sentiment=+0.20 (local, 10 articles)[0m
[32m2026-09-10 16:30:22.862[0m | [34m[1mDEBUG   [0m | [36msrc.analysis.sentiment[0m:[36manalyse_sentiment[0m:[36m1685[0m - [34m[1mFDX sentiment scaled +0.20 \u2192 +0.13 (count=10, sources=9, scale=0.66)[0m
[32m2026-09-10 16:30:26.249[0m | [1mINFO    [0m | [36msrc.analysis.sentiment[0m:[36manalyse_sentiment[0m:[36m1629[0m - [1mBAC raw_sentiment=+0.00 (local, 11 articles)[0m
[32m2026-09-10 16:30:26.249[0m | [34m[1mDEBUG   [0m | [36msrc.analysis.sentiment[0m:[36manalyse_sentiment[0m:[36m1685[0m - [34m[1mBAC sentiment scaled +0.00 \u2192 +0.00 (count=11, sources=6, scale=0.73)[0m
[32m2026-09-10 16:30:26.249[0m | [34m[1mDEBUG   [0m | [36msrc.analysis.sentiment[0m:[36manalyse_sentiment[0m:[36m1426[0m - [34m[1mIWM sentiment abstained: 100% of the digest names it only in the body (>= 75%) — a round-up, not coverage[0m
[32m2026-09-10 16:30:28.514[0m | [1mINFO    [0m | [36msrc.analysis.sentiment[0m:[36manalyse_sentiment[0m:[36m1629[0m - [1mRBLX raw_sentiment=-0.25 (local, 1 articles)[0m
[32m2026-09-10 16:30:28.514[0m | [34m[1mDEBUG   [0m | [36msrc.analysis.sentiment[0m:[36manalyse_sentiment[0m:[36m1685[0m - [34m[1mRBLX sentiment scaled -0.25 \u2192 -0.08 (count=1, sources=1, scale=0.33)[0m
[32m2026-09-10 16:30:32.340[0m | [1mINFO    [0m | [36msrc.analysis.sentiment[0m:[36manalyse_sentiment[0m:[36m1629[0m - [1mWBD raw_sentiment=-0.70 (local, 8 articles)[0m
[32m2026-09-10 16:30:32.340[0m | [34m[1mDEBUG   [0m | [36msrc.analysis.sentiment[0m:[36manalyse_sentiment[0m:[36m1685[0m - [34m[1mWBD sentiment scaled -0.70 \u2192 -0.57 (count=8, sources=6, scale=0.81)[0m
  300/400 in 1007s (dropped non-local: 0)
[32m2026-09-10 16:30:32.341[0m | [34m[1mDEBUG   [0m | [36msrc.analysis.sentiment[0m:[36manalyse_sentiment[0m:[36m1426[0m - [34m[1mJETS sentiment abstained: 78% of the digest names it only in the body (>= 75%) — a round-up, not coverage[0m
[32m2026-09-10 16:30:32.341[0m | [34m[1mDEBUG   [0m | [36msrc.analysis.sentiment[0m:[36manalyse_sentiment[0m:[36m1426[0m - [34m[1mXLP sentiment abstained: 79% of the digest names it only in the body (>= 75%) — a round-up, not coverage[0m
[32m2026-09-10 16:30:36.610[0m | [1mINFO    [0m | [36msrc.analysis.sentiment[0m:[36manalyse_sentiment[0m:[36m1629[0m - [1mSMH raw_sentiment=+0.66 (local, 17 articles)[0m
[32m2026-09-10 16:30:39.675[0m | [1mINFO    [0m | [36msrc.analysis.sentiment[0m:[36manalyse_sentiment[0m:[36m1629[0m - [1mJPM raw_sentiment=+0.00 (local, 7 articles)[0m
[32m2026-09-10 16:30:39.675[0m | [34m[1mDEBUG   [0m | [36msrc.analysis.sentiment[0m:[36manalyse_sentiment[0m:[36m1685[0m - [34m[1mJPM sentiment scaled +0.00 \u2192 +0.00 (count=7, sources=5, scale=0.54)[0m
[32m2026-09-10 16:30:44.499[0m | [1mINFO    [0m | [36msrc.analysis.sentiment[0m:[36manalyse_sentiment[0m:[36m1629[0m - [1mXLV raw_sentiment=+0.42 (local, 20 articles)[0m
[32m2026-09-10 16:30:44.500[0m | [34m[1mDEBUG   [0m | [36msrc.analysis.sentiment[0m:[36manalyse_sentiment[0m:[36m1685[0m - [34m[1mXLV sentiment scaled +0.42 \u2192 +0.34 (count=20, sources=14, scale=0.82)[0m
[32m2026-09-10 16:30:48.451[0m | [1mINFO    [0m | [36msrc.analysis.sentiment[0m:[36manalyse_sentiment[0m:[36m1629[0m - [1mBRK-B raw_sentiment=-0.25 (local, 15 articles)[0m
[32m2026-09-10 16:30:48.451[0m | [34m[1mDEBUG   [0m | [36msrc.analysis.sentiment[0m:[36manalyse_sentiment[0m:[36m1685[0m - [34m[1mBRK-B sentiment scaled -0.25 \u2192 -0.21 (count=15, sources=5, scale=0.84)[0m
[32m2026-09-10 16:30:52.683[0m | [1mINFO    [0m | [36msrc.analysis.sentiment[0m:[36manalyse_sentiment[0m:[36m1629[0m - [1mNET raw_sentiment=+0.26 (local, 20 articles)[0m
[32m2026-09-10 16:30:55.285[0m | [1mINFO    [0m | [36msrc.analysis.sentiment[0m:[36manalyse_sentiment[0m:[36m1629[0m - [1mGDX raw_sentiment=-0.16 (local, 3 articles)[0m
[32m2026-09-10 16:30:55.285[0m | [34m[1mDEBUG   [0m | [36msrc.analysis.sentiment[0m:[36manalyse_sentiment[0m:[36m1685[0m - [34m[1mGDX sentiment scaled -0.16 \u2192 -0.07 (count=3, sources=3, scale=0.43)[0m
[32m2026-09-10 16:30:57.697[0m | [1mINFO    [0m | [36msrc.analysis.sentiment[0m:[36manalyse_sentiment[0m:[36m1629[0m - [1mSEDG raw_sentiment=-0.30 (local, 4 articles)[0m
[32m2026-09-10 16:30:57.697[0m | [34m[1mDEBUG   [0m | [36msrc.analysis.sentiment[0m:[36manalyse_sentiment[0m:[36m1685[0m - [34m[1mSEDG sentiment scaled -0.30 \u2192 -0.10 (count=4, sources=1, scale=0.32)[0m
[32m2026-09-10 16:30:57.698[0m | [34m[1mDEBUG   [0m | [36msrc.analysis.sentiment[0m:[36manalyse_sentiment[0m:[36m1426[0m - [34m[1mSPY sentiment abstained: 75% of the digest names it only in the body (>= 75%) — a round-up, not coverage[0m
[32m2026-09-10 16:30:59.657[0m | [1mINFO    [0m | [36msrc.analysis.sentiment[0m:[36manalyse_sentiment[0m:[36m1629[0m - [1mSG raw_sentiment=+0.62 (local, 3 articles)[0m
[32m2026-09-10 16:30:59.657[0m | [34m[1mDEBUG   [0m | [36msrc.analysis.sentiment[0m:[36manalyse_sentiment[0m:[36m1685[0m - [34m[1mSG sentiment scaled +0.62 \u2192 +0.29 (count=3, sources=3, scale=0.47)[0m
[32m2026-09-10 16:31:03.298[0m | [1mINFO    [0m | [36msrc.analysis.sentiment[0m:[36manalyse_sentiment[0m:[36m1629[0m - [1mSUNE raw_sentiment=+0.69 (local, 15 articles)[0m
[32m2026-09-10 16:31:03.298[0m | [34m[1mDEBUG   [0m | [36msrc.analysis.sentiment[0m:[36manalyse_sentiment[0m:[36m1685[0m - [34m[1mSUNE sentiment scaled +0.69 \u2192 +0.61 (count=15, sources=11, scale=0.87)[0m
[32m2026-09-10 16:31:07.724[0m | [1mINFO    [0m | [36msrc.analysis.sentiment[0m:[36manalyse_sentiment[0m:[36m1629[0m - [1mBRK-B raw_sentiment=+0.37 (local, 20 articles)[0m
[32m2026-09-10 16:31:07.724[0m | [34m[1mDEBUG   [0m | [36msrc.analysis.sentiment[0m:[36manalyse_sentiment[0m:[36m1685[0m - [34m[1mBRK-B sentiment scaled +0.37 \u2192 +0.30 (count=20, sources=10, scale=0.81)[0m
[32m2026-09-10 16:31:10.914[0m | [1mINFO    [0m | [36msrc.analysis.sentiment[0m:[36manalyse_sentiment[0m:[36m1629[0m - [1mCHYM raw_sentiment=+0.15 (local, 9 articles)[0m
[32m2026-09-10 16:31:10.914[0m | [34m[1mDEBUG   [0m | [36msrc.analysis.sentiment[0m:[36manalyse_sentiment[0m:[36m1685[0m - [34m[1mCHYM sentiment scaled +0.15 \u2192 +0.10 (count=9, sources=8, scale=0.64)[0m
[32m2026-09-10 16:31:14.427[0m | [1mINFO    [0m | [36msrc.analysis.sentiment[0m:[36manalyse_sentiment[0m:[36m1629[0m - [1mGME raw_sentiment=+0.58 (local, 16 articles)[0m
[32m2026-09-10 16:31:16.740[0m | [1mINFO    [0m | [36msrc.analysis.sentiment[0m:[36manalyse_sentiment[0m:[36m1629[0m - [1mLCID raw_sentiment=-0.74 (local, 2 articles)[0m
[32m2026-09-10 16:31:16.740[0m | [34m[1mDEBUG   [0m | [36msrc.analysis.sentiment[0m:[36manalyse_sentiment[0m:[36m1685[0m - [34m[1mLCID sentiment scaled -0.74 \u2192 -0.29 (count=2, sources=2, scale=0.39)[0m
[32m2026-09-10 16:31:20.129[0m | [1mINFO    [0m | [36msrc.analysis.sentiment[0m:[36manalyse_sentiment[0m:[36m1629[0m - [1mXLE raw_sentiment=+0.44 (local, 20 articles)[0m
[32m2026-09-10 16:31:23.408[0m | [1mINFO    [0m | [36msrc.analysis.sentiment[0m:[36manalyse_sentiment[0m:[36m1629[0m - [1mXLE raw_sentiment=+0.16 (local, 20 articles)[0m
[32m2026-09-10 16:31:27.480[0m | [1mINFO    [0m | [36msrc.analysis.sentiment[0m:[36manalyse_sentiment[0m:[36m1629[0m - [1mSMH raw_sentiment=+0.61 (local, 20 articles)[0m
[32m2026-09-10 16:31:27.480[0m | [34m[1mDEBUG   [0m | [36msrc.analysis.sentiment[0m:[36manalyse_sentiment[0m:[36m1685[0m - [34m[1mSMH sentiment scaled +0.61 \u2192 +0.43 (count=20, sources=14, scale=0.70)[0m
[32m2026-09-10 16:31:29.705[0m | [1mINFO    [0m | [36msrc.analysis.sentiment[0m:[36manalyse_sentiment[0m:[36m1629[0m - [1mVLO raw_sentiment=-0.01 (local, 2 articles)[0m
[32m2026-09-10 16:31:29.705[0m | [34m[1mDEBUG   [0m | [36msrc.analysis.sentiment[0m:[36manalyse_sentiment[0m:[36m1685[0m - [34m[1mVLO sentiment scaled -0.01 \u2192 -0.00 (count=2, sources=2, scale=0.44)[0m
[32m2026-09-10 16:31:34.541[0m | [1mINFO    [0m | [36msrc.analysis.sentiment[0m:[36manalyse_sentiment[0m:[36m1629[0m - [1mCMPS raw_sentiment=+0.69 (local, 20 articles)[0m
[32m2026-09-10 16:31:37.107[0m | [1mINFO    [0m | [36msrc.analysis.sentiment[0m:[36manalyse_sentiment[0m:[36m1629[0m - [1mSNOW raw_sentiment=-0.06 (local, 3 articles)[0m
[32m2026-09-10 16:31:37.107[0m | [34m[1mDEBUG   [0m | [36msrc.analysis.sentiment[0m:[36manalyse_sentiment[0m:[36m1685[0m - [34m[1mSNOW sentiment scaled -0.06 \u2192 -0.03 (count=3, sources=3, scale=0.48)[0m
[32m2026-09-10 16:31:37.108[0m | [34m[1mDEBUG   [0m | [36msrc.analysis.sentiment[0m:[36manalyse_sentiment[0m:[36m1426[0m - [34m[1mXLK sentiment abstained: 95% of the digest names it only in the body (>= 75%) — a round-up, not coverage[0m
[32m2026-09-10 16:31:39.234[0m | [1mINFO    [0m | [36msrc.analysis.sentiment[0m:[36manalyse_sentiment[0m:[36m1629[0m - [1mUNH raw_sentiment=+0.17 (local, 1 articles)[0m
[32m2026-09-10 16:31:39.235[0m | [34m[1mDEBUG   [0m | [36msrc.analysis.sentiment[0m:[36manalyse_sentiment[0m:[36m1685[0m - [34m[1mUNH sentiment scaled +0.17 \u2192 +0.06 (count=1, sources=1, scale=0.34)[0m
[32m2026-09-10 16:31:42.206[0m | [1mINFO    [0m | [36msrc.analysis.sentiment[0m:[36manalyse_sentiment[0m:[36m1629[0m - [1mATRC raw_sentiment=+0.80 (local, 8 articles)[0m
[32m2026-09-10 16:31:42.207[0m | [34m[1mDEBUG   [0m | [36msrc.analysis.sentiment[0m:[36manalyse_sentiment[0m:[36m1426[0m - [34m[1mGLD sentiment abstained: 90% of the digest names it only in the body (>= 75%) — a round-up, not coverage[0m
[32m2026-09-10 16:31:44.463[0m | [1mINFO    [0m | [36msrc.analysis.sentiment[0m:[36manalyse_sentiment[0m:[36m1629[0m - [1mXLB raw_sentiment=+0.00 (local, 2 articles)[0m
[32m2026-09-10 16:31:44.463[0m | [34m[1mDEBUG   [0m | [36msrc.analysis.sentiment[0m:[36manalyse_sentiment[0m:[36m1685[0m - [34m[1mXLB sentiment scaled +0.00 \u2192 +0.00 (count=2, sources=2, scale=0.41)[0m
[32m2026-09-10 16:31:48.285[0m | [1mINFO    [0m | [36msrc.analysis.sentiment[0m:[36manalyse_sentiment[0m:[36m1629[0m - [1mWFC raw_sentiment=+0.71 (local, 17 articles)[0m
[32m2026-09-10 16:31:48.285[0m | [34m[1mDEBUG   [0m | [36msrc.analysis.sentiment[0m:[36manalyse_sentiment[0m:[36m1685[0m - [34m[1mWFC sentiment scaled +0.71 \u2192 +0.49 (count=17, sources=12, scale=0.69)[0m
[32m2026-09-10 16:31:52.787[0m | [1mINFO    [0m | [36msrc.analysis.sentiment[0m:[36manalyse_sentiment[0m:[36m1629[0m - [1mASST raw_sentiment=+0.68 (local, 17 articles)[0m
[32m2026-09-10 16:31:52.787[0m | [34m[1mDEBUG   [0m | [36msrc.analysis.sentiment[0m:[36manalyse_sentiment[0m:[36m1685[0m - [34m[1mASST sentiment scaled +0.68 \u2192 +0.53 (count=17, sources=15, scale=0.77)[0m
[32m2026-09-10 16:31:56.608[0m | [1mINFO    [0m | [36msrc.analysis.sentiment[0m:[36manalyse_sentiment[0m:[36m1629[0m - [1mWBD raw_sentiment=+0.43 (local, 13 articles)[0m
[32m2026-09-10 16:31:56.608[0m | [34m[1mDEBUG   [0m | [36msrc.analysis.sentiment[0m:[36manalyse_sentiment[0m:[36m1685[0m - [34m[1mWBD sentiment scaled +0.43 \u2192 +0.38 (count=13, sources=12, scale=0.88)[0m
[32m2026-09-10 16:31:58.926[0m | [1mINFO    [0m | [36msrc.analysis.sentiment[0m:[36manalyse_sentiment[0m:[36m1629[0m - [1mGIII raw_sentiment=-0.23 (local, 7 articles)[0m
[32m2026-09-10 16:31:58.926[0m | [34m[1mDEBUG   [0m | [36msrc.analysis.sentiment[0m:[36manalyse_sentiment[0m:[36m1685[0m - [34m[1mGIII sentiment scaled -0.23 \u2192 -0.11 (count=7, sources=4, scale=0.47)[0m
[32m2026-09-10 16:32:02.312[0m | [1mINFO    [0m | [36msrc.analysis.sentiment[0m:[36manalyse_sentiment[0m:[36m1629[0m - [1mIBIT raw_sentiment=-0.06 (local, 20 articles)[0m
[32m2026-09-10 16:32:02.312[0m | [34m[1mDEBUG   [0m | [36msrc.analysis.sentiment[0m:[36manalyse_sentiment[0m:[36m1685[0m - [34m[1mIBIT sentiment scaled -0.06 \u2192 -0.04 (count=20, sources=15, scale=0.74)[0m
[32m2026-09-10 16:32:04.313[0m | [1mINFO    [0m | [36msrc.analysis.sentiment[0m:[36manalyse_sentiment[0m:[36m1629[0m - [1mALKT raw_sentiment=+0.32 (local, 2 articles)[0m
[32m2026-09-10 16:32:04.313[0m | [34m[1mDEBUG   [0m | [36msrc.analysis.sentiment[0m:[36manalyse_sentiment[0m:[36m1685[0m - [34m[1mALKT sentiment scaled +0.32 \u2192 +0.15 (count=2, sources=2, scale=0.45)[0m
[32m2026-09-10 16:32:09.382[0m | [1mINFO    [0m | [36msrc.analysis.sentiment[0m:[36manalyse_sentiment[0m:[36m1629[0m - [1mCSR raw_sentiment=+0.48 (local, 20 articles)[0m
[32m2026-09-10 16:32:14.587[0m | [1mINFO    [0m | [36msrc.analysis.sentiment[0m:[36manalyse_sentiment[0m:[36m1629[0m - [1mASST raw_sentiment=+0.76 (local, 18 articles)[0m
[32m2026-09-10 16:32:14.587[0m | [34m[1mDEBUG   [0m | [36msrc.analysis.sentiment[0m:[36manalyse_sentiment[0m:[36m1685[0m - [34m[1mASST sentiment scaled +0.76 \u2192 +0.60 (count=18, sources=15, scale=0.79)[0m
[32m2026-09-10 16:32:16.934[0m | [1mINFO    [0m | [36msrc.analysis.sentiment[0m:[36manalyse_sentiment[0m:[36m1629[0m - [1mNET raw_sentiment=+0.15 (local, 1 articles)[0m
[32m2026-09-10 16:32:16.934[0m | [34m[1mDEBUG   [0m | [36msrc.analysis.sentiment[0m:[36manalyse_sentiment[0m:[36m1685[0m - [34m[1mNET sentiment scaled +0.15 \u2192 +0.05 (count=1, sources=1, scale=0.34)[0m
[32m2026-09-10 16:32:19.861[0m | [1mINFO    [0m | [36msrc.analysis.sentiment[0m:[36manalyse_sentiment[0m:[36m1629[0m - [1mXLI raw_sentiment=-0.05 (local, 8 articles)[0m
[32m2026-09-10 16:32:19.861[0m | [34m[1mDEBUG   [0m | [36msrc.analysis.sentiment[0m:[36manalyse_sentiment[0m:[36m1685[0m - [34m[1mXLI sentiment scaled -0.05 \u2192 -0.03 (count=8, sources=6, scale=0.61)[0m
[32m2026-09-10 16:32:22.278[0m | [1mINFO    [0m | [36msrc.analysis.sentiment[0m:[36manalyse_sentiment[0m:[36m1629[0m - [1mRDDT raw_sentiment=-0.01 (local, 8 articles)[0m
[32m2026-09-10 16:32:22.278[0m | [34m[1mDEBUG   [0m | [36msrc.analysis.sentiment[0m:[36manalyse_sentiment[0m:[36m1685[0m - [34m[1mRDDT sentiment scaled -0.01 \u2192 -0.01 (count=8, sources=7, scale=0.79)[0m
[32m2026-09-10 16:32:27.525[0m | [1mINFO    [0m | [36msrc.analysis.sentiment[0m:[36manalyse_sentiment[0m:[36m1629[0m - [1mNAVN raw_sentiment=-0.15 (local, 20 articles)[0m
[32m2026-09-10 16:32:29.989[0m | [1mINFO    [0m | [36msrc.analysis.sentiment[0m:[36manalyse_sentiment[0m:[36m1629[0m - [1mMRX raw_sentiment=+0.58 (local, 4 articles)[0m
[32m2026-09-10 16:32:29.990[0m | [34m[1mDEBUG   [0m | [36msrc.analysis.sentiment[0m:[36manalyse_sentiment[0m:[36m1685[0m - [34m[1mMRX sentiment scaled +0.58 \u2192 +0.26 (count=4, sources=3, scale=0.46)[0m
[32m2026-09-10 16:32:33.873[0m | [1mINFO    [0m | [36msrc.analysis.sentiment[0m:[36manalyse_sentiment[0m:[36m1629[0m - [1mXBI raw_sentiment=-0.32 (local, 19 articles)[0m
[32m2026-09-10 16:32:33.873[0m | [34m[1mDEBUG   [0m | [36msrc.analysis.sentiment[0m:[36manalyse_sentiment[0m:[36m1685[0m - [34m[1mXBI sentiment scaled -0.32 \u2192 -0.20 (count=19, sources=10, scale=0.64)[0m
[32m2026-09-10 16:32:33.875[0m | [34m[1mDEBUG   [0m | [36msrc.analysis.sentiment[0m:[36manalyse_sentiment[0m:[36m1426[0m - [34m[1mXLV sentiment abstained: 81% of the digest names it only in the body (>= 75%) — a round-up, not coverage[0m
[32m2026-09-10 16:32:36.173[0m | [1mINFO    [0m | [36msrc.analysis.sentiment[0m:[36manalyse_sentiment[0m:[36m1629[0m - [1mAPP raw_sentiment=+0.06 (local, 1 articles)[0m
[32m2026-09-10 16:32:36.173[0m | [34m[1mDEBUG   [0m | [36msrc.analysis.sentiment[0m:[36manalyse_sentiment[0m:[36m1685[0m - [34m[1mAPP sentiment scaled +0.06 \u2192 +0.02 (count=1, sources=1, scale=0.32)[0m
[32m2026-09-10 16:32:39.834[0m | [1mINFO    [0m | [36msrc.analysis.sentiment[0m:[36manalyse_sentiment[0m:[36m1629[0m - [1mZIM raw_sentiment=-0.54 (local, 8 articles)[0m
[32m2026-09-10 16:32:39.834[0m | [34m[1mDEBUG   [0m | [36msrc.analysis.sentiment[0m:[36manalyse_sentiment[0m:[36m1685[0m - [34m[1mZIM sentiment scaled -0.54 \u2192 -0.39 (count=8, sources=7, scale=0.71)[0m
[32m2026-09-10 16:32:42.950[0m | [1mINFO    [0m | [36msrc.analysis.sentiment[0m:[36manalyse_sentiment[0m:[36m1629[0m - [1mGWRE raw_sentiment=-0.50 (local, 15 articles)[0m
[32m2026-09-10 16:32:42.951[0m | [34m[1mDEBUG   [0m | [36msrc.analysis.sentiment[0m:[36manalyse_sentiment[0m:[36m1685[0m - [34m[1mGWRE sentiment scaled -0.50 \u2192 -0.27 (count=15, sources=12, scale=0.55)[0m
[32m2026-09-10 16:32:47.711[0m | [1mINFO    [0m | [36msrc.analysis.sentiment[0m:[36manalyse_sentiment[0m:[36m1629[0m - [1mMS raw_sentiment=+0.28 (local, 20 articles)[0m
[32m2026-09-10 16:32:47.711[0m | [34m[1mDEBUG   [0m | [36msrc.analysis.sentiment[0m:[36manalyse_sentiment[0m:[36m1685[0m - [34m[1mMS sentiment scaled +0.28 \u2192 +0.21 (count=20, sources=10, scale=0.75)[0m
[32m2026-09-10 16:33:18.616[0m | [1mINFO    [0m | [36msrc.analysis.sentiment[0m:[36manalyse_sentiment[0m:[36m1629[0m - [1mPINS raw_sentiment=-0.56 (local, 20 articles)[0m
[32m2026-09-10 16:33:30.073[0m | [1mINFO    [0m | [36msrc.analysis.sentiment[0m:[36manalyse_sentiment[0m:[36m1629[0m - [1mZIM raw_sentiment=+0.71 (local, 14 articles)[0m
[32m2026-09-10 16:33:30.073[0m | [34m[1mDEBUG   [0m | [36msrc.analysis.sentiment[0m:[36manalyse_sentiment[0m:[36m1685[0m - [34m[1mZIM sentiment scaled +0.71 \u2192 +0.51 (count=14, sources=12, scale=0.73)[0m
[32m2026-09-10 16:33:39.298[0m | [1mINFO    [0m | [36msrc.analysis.sentiment[0m:[36manalyse_sentiment[0m:[36m1629[0m - [1mATAI raw_sentiment=+0.65 (local, 8 articles)[0m
[32m2026-09-10 16:33:39.298[0m | [34m[1mDEBUG   [0m | [36msrc.analysis.sentiment[0m:[36manalyse_sentiment[0m:[36m1685[0m - [34m[1mATAI sentiment scaled +0.65 \u2192 +0.46 (count=8, sources=8, scale=0.70)[0m
  350/400 in 1194s (dropped non-local: 0)
[32m2026-09-10 16:33:44.309[0m | [1mINFO    [0m | [36msrc.analysis.sentiment[0m:[36manalyse_sentiment[0m:[36m1629[0m - [1mNFLX raw_sentiment=-0.15 (local, 4 articles)[0m
[32m2026-09-10 16:33:44.309[0m | [34m[1mDEBUG   [0m | [36msrc.analysis.sentiment[0m:[36manalyse_sentiment[0m:[36m1685[0m - [34m[1mNFLX sentiment scaled -0.15 \u2192 -0.06 (count=4, sources=3, scale=0.43)[0m
[32m2026-09-10 16:33:49.526[0m | [1mINFO    [0m | [36msrc.analysis.sentiment[0m:[36manalyse_sentiment[0m:[36m1629[0m - [1mAAOI raw_sentiment=-0.05 (local, 1 articles)[0m
[32m2026-09-10 16:33:49.526[0m | [34m[1mDEBUG   [0m | [36msrc.analysis.sentiment[0m:[36manalyse_sentiment[0m:[36m1685[0m - [34m[1mAAOI sentiment scaled -0.05 \u2192 -0.02 (count=1, sources=1, scale=0.38)[0m
[32m2026-09-10 16:34:03.333[0m | [1mINFO    [0m | [36msrc.analysis.sentiment[0m:[36manalyse_sentiment[0m:[36m1629[0m - [1mLCID raw_sentiment=-0.64 (local, 8 articles)[0m
[32m2026-09-10 16:34:03.333[0m | [34m[1mDEBUG   [0m | [36msrc.analysis.sentiment[0m:[36manalyse_sentiment[0m:[36m1685[0m - [34m[1mLCID sentiment scaled -0.64 \u2192 -0.34 (count=8, sources=8, scale=0.53)[0m
[32m2026-09-10 16:34:43.034[0m | [1mINFO    [0m | [36msrc.analysis.sentiment[0m:[36manalyse_sentiment[0m:[36m1629[0m - [1mMA raw_sentiment=+0.37 (local, 2 articles)[0m
[32m2026-09-10 16:34:43.034[0m | [34m[1mDEBUG   [0m | [36msrc.analysis.sentiment[0m:[36manalyse_sentiment[0m:[36m1685[0m - [34m[1mMA sentiment scaled +0.37 \u2192 +0.21 (count=2, sources=2, scale=0.57)[0m
[32m2026-09-10 16:35:03.171[0m | [1mINFO    [0m | [36msrc.analysis.sentiment[0m:[36manalyse_sentiment[0m:[36m1629[0m - [1mCMCSA raw_sentiment=-0.60 (local, 13 articles)[0m
[32m2026-09-10 16:35:03.171[0m | [34m[1mDEBUG   [0m | [36msrc.analysis.sentiment[0m:[36manalyse_sentiment[0m:[36m1685[0m - [34m[1mCMCSA sentiment scaled -0.60 \u2192 -0.52 (count=13, sources=8, scale=0.87)[0m
[32m2026-09-10 16:35:16.414[0m | [1mINFO    [0m | [36msrc.analysis.sentiment[0m:[36manalyse_sentiment[0m:[36m1629[0m - [1mAMAT raw_sentiment=-0.03 (local, 3 articles)[0m
[32m2026-09-10 16:35:16.414[0m | [34m[1mDEBUG   [0m | [36msrc.analysis.sentiment[0m:[36manalyse_sentiment[0m:[36m1685[0m - [34m[1mAMAT sentiment scaled -0.03 \u2192 -0.02 (count=3, sources=3, scale=0.53)[0m
[32m2026-09-10 16:35:23.041[0m | [1mINFO    [0m | [36msrc.analysis.sentiment[0m:[36manalyse_sentiment[0m:[36m1629[0m - [1mSUNE raw_sentiment=+0.20 (local, 7 articles)[0m
[32m2026-09-10 16:35:23.041[0m | [34m[1mDEBUG   [0m | [36msrc.analysis.sentiment[0m:[36manalyse_sentiment[0m:[36m1685[0m - [34m[1mSUNE sentiment scaled +0.20 \u2192 +0.13 (count=7, sources=6, scale=0.66)[0m
[32m2026-09-10 16:35:30.697[0m | [1mINFO    [0m | [36msrc.analysis.sentiment[0m:[36manalyse_sentiment[0m:[36m1629[0m - [1mXLP raw_sentiment=+0.15 (local, 2 articles)[0m
[32m2026-09-10 16:35:30.697[0m | [34m[1mDEBUG   [0m | [36msrc.analysis.sentiment[0m:[36manalyse_sentiment[0m:[36m1685[0m - [34m[1mXLP sentiment scaled +0.15 \u2192 +0.06 (count=2, sources=2, scale=0.40)[0m
[32m2026-09-10 16:35:40.324[0m | [1mINFO    [0m | [36msrc.analysis.sentiment[0m:[36manalyse_sentiment[0m:[36m1629[0m - [1mJPM raw_sentiment=+0.05 (local, 14 articles)[0m
[32m2026-09-10 16:35:40.324[0m | [34m[1mDEBUG   [0m | [36msrc.analysis.sentiment[0m:[36manalyse_sentiment[0m:[36m1685[0m - [34m[1mJPM sentiment scaled +0.05 \u2192 +0.04 (count=14, sources=8, scale=0.83)[0m
[32m2026-09-10 16:35:50.613[0m | [1mINFO    [0m | [36msrc.analysis.sentiment[0m:[36manalyse_sentiment[0m:[36m1629[0m - [1mIRD raw_sentiment=+0.47 (local, 7 articles)[0m
[32m2026-09-10 16:35:50.614[0m | [34m[1mDEBUG   [0m | [36msrc.analysis.sentiment[0m:[36manalyse_sentiment[0m:[36m1685[0m - [34m[1mIRD sentiment scaled +0.47 \u2192 +0.34 (count=7, sources=6, scale=0.72)[0m
[32m2026-09-10 16:35:57.372[0m | [1mINFO    [0m | [36msrc.analysis.sentiment[0m:[36manalyse_sentiment[0m:[36m1629[0m - [1mIBIT raw_sentiment=+0.34 (local, 13 articles)[0m
[32m2026-09-10 16:35:57.372[0m | [34m[1mDEBUG   [0m | [36msrc.analysis.sentiment[0m:[36manalyse_sentiment[0m:[36m1685[0m - [34m[1mIBIT sentiment scaled +0.34 \u2192 +0.28 (count=13, sources=12, scale=0.81)[0m
[32m2026-09-10 16:36:09.795[0m | [1mINFO    [0m | [36msrc.analysis.sentiment[0m:[36manalyse_sentiment[0m:[36m1629[0m - [1mIBIT raw_sentiment=+0.50 (local, 17 articles)[0m
[32m2026-09-10 16:36:09.795[0m | [34m[1mDEBUG   [0m | [36msrc.analysis.sentiment[0m:[36manalyse_sentiment[0m:[36m1685[0m - [34m[1mIBIT sentiment scaled +0.50 \u2192 +0.42 (count=17, sources=14, scale=0.83)[0m
[32m2026-09-10 16:36:19.204[0m | [1mINFO    [0m | [36msrc.analysis.sentiment[0m:[36manalyse_sentiment[0m:[36m1629[0m - [1mEGAN raw_sentiment=-0.45 (local, 9 articles)[0m
[32m2026-09-10 16:36:19.204[0m | [34m[1mDEBUG   [0m | [36msrc.analysis.sentiment[0m:[36manalyse_sentiment[0m:[36m1685[0m - [34m[1mEGAN sentiment scaled -0.45 \u2192 -0.25 (count=9, sources=9, scale=0.55)[0m
[32m2026-09-10 16:36:24.683[0m | [1mINFO    [0m | [36msrc.analysis.sentiment[0m:[36manalyse_sentiment[0m:[36m1629[0m - [1mNSC raw_sentiment=+0.16 (local, 5 articles)[0m
[32m2026-09-10 16:36:24.684[0m | [34m[1mDEBUG   [0m | [36msrc.analysis.sentiment[0m:[36manalyse_sentiment[0m:[36m1685[0m - [34m[1mNSC sentiment scaled +0.16 \u2192 +0.09 (count=5, sources=5, scale=0.52)[0m
[32m2026-09-10 16:36:24.684[0m | [34m[1mDEBUG   [0m | [36msrc.analysis.sentiment[0m:[36manalyse_sentiment[0m:[36m1426[0m - [34m[1mSTX sentiment abstained: 75% of the digest names it only in the body (>= 75%) — a round-up, not coverage[0m
[32m2026-09-10 16:36:24.685[0m | [34m[1mDEBUG   [0m | [36msrc.analysis.sentiment[0m:[36manalyse_sentiment[0m:[36m1426[0m - [34m[1mIWM sentiment abstained: 100% of the digest names it only in the body (>= 75%) — a round-up, not coverage[0m
[32m2026-09-10 16:36:32.724[0m | [1mINFO    [0m | [36msrc.analysis.sentiment[0m:[36manalyse_sentiment[0m:[36m1629[0m - [1mASST raw_sentiment=+0.45 (local, 20 articles)[0m
[32m2026-09-10 16:36:32.724[0m | [34m[1mDEBUG   [0m | [36msrc.analysis.sentiment[0m:[36manalyse_sentiment[0m:[36m1685[0m - [34m[1mASST sentiment scaled +0.45 \u2192 +0.39 (count=20, sources=18, scale=0.87)[0m
[32m2026-09-10 16:36:38.113[0m | [1mINFO    [0m | [36msrc.analysis.sentiment[0m:[36manalyse_sentiment[0m:[36m1629[0m - [1mAMBA raw_sentiment=-0.06 (local, 3 articles)[0m
[32m2026-09-10 16:36:38.113[0m | [34m[1mDEBUG   [0m | [36msrc.analysis.sentiment[0m:[36manalyse_sentiment[0m:[36m1685[0m - [34m[1mAMBA sentiment scaled -0.06 \u2192 -0.03 (count=3, sources=3, scale=0.50)[0m
[32m2026-09-10 16:36:42.551[0m | [1mINFO    [0m | [36msrc.analysis.sentiment[0m:[36manalyse_sentiment[0m:[36m1629[0m - [1mBAC raw_sentiment=+0.15 (local, 7 articles)[0m
[32m2026-09-10 16:36:42.552[0m | [34m[1mDEBUG   [0m | [36msrc.analysis.sentiment[0m:[36manalyse_sentiment[0m:[36m1426[0m - [34m[1mXLF sentiment abstained: 79% of the digest names it only in the body (>= 75%) — a round-up, not coverage[0m
[32m2026-09-10 16:36:46.571[0m | [1mINFO    [0m | [36msrc.analysis.sentiment[0m:[36manalyse_sentiment[0m:[36m1629[0m - [1mGDX raw_sentiment=-0.28 (local, 3 articles)[0m
[32m2026-09-10 16:36:46.571[0m | [34m[1mDEBUG   [0m | [36msrc.analysis.sentiment[0m:[36manalyse_sentiment[0m:[36m1685[0m - [34m[1mGDX sentiment scaled -0.28 \u2192 -0.16 (count=3, sources=3, scale=0.56)[0m
[32m2026-09-10 16:36:52.114[0m | [1mINFO    [0m | [36msrc.analysis.sentiment[0m:[36manalyse_sentiment[0m:[36m1629[0m - [1mAEO raw_sentiment=+0.67 (local, 20 articles)[0m
[32m2026-09-10 16:36:56.181[0m | [1mINFO    [0m | [36msrc.analysis.sentiment[0m:[36manalyse_sentiment[0m:[36m1629[0m - [1mMOBX raw_sentiment=+0.64 (local, 1 articles)[0m
[32m2026-09-10 16:36:56.181[0m | [34m[1mDEBUG   [0m | [36msrc.analysis.sentiment[0m:[36manalyse_sentiment[0m:[36m1685[0m - [34m[1mMOBX sentiment scaled +0.64 \u2192 +0.21 (count=1, sources=1, scale=0.33)[0m
[32m2026-09-10 16:37:00.485[0m | [1mINFO    [0m | [36msrc.analysis.sentiment[0m:[36manalyse_sentiment[0m:[36m1629[0m - [1mSNAP raw_sentiment=+0.73 (local, 4 articles)[0m
[32m2026-09-10 16:37:00.486[0m | [34m[1mDEBUG   [0m | [36msrc.analysis.sentiment[0m:[36manalyse_sentiment[0m:[36m1685[0m - [34m[1mSNAP sentiment scaled +0.73 \u2192 +0.42 (count=4, sources=4, scale=0.58)[0m
[32m2026-09-10 16:37:07.179[0m | [1mINFO    [0m | [36msrc.analysis.sentiment[0m:[36manalyse_sentiment[0m:[36m1629[0m - [1mCMPS raw_sentiment=+0.78 (local, 20 articles)[0m
[32m2026-09-10 16:37:07.182[0m | [34m[1mDEBUG   [0m | [36msrc.analysis.sentiment[0m:[36manalyse_sentiment[0m:[36m1426[0m - [34m[1mCOHR sentiment abstained: 100% of the digest names it only in the body (>= 75%) — a round-up, not coverage[0m
[32m2026-09-10 16:37:11.948[0m | [1mINFO    [0m | [36msrc.analysis.sentiment[0m:[36manalyse_sentiment[0m:[36m1629[0m - [1mOXM raw_sentiment=-0.30 (local, 15 articles)[0m
[32m2026-09-10 16:37:11.948[0m | [34m[1mDEBUG   [0m | [36msrc.analysis.sentiment[0m:[36manalyse_sentiment[0m:[36m1685[0m - [34m[1mOXM sentiment scaled -0.30 \u2192 -0.23 (count=15, sources=12, scale=0.77)[0m
[32m2026-09-10 16:37:15.971[0m | [1mINFO    [0m | [36msrc.analysis.sentiment[0m:[36manalyse_sentiment[0m:[36m1629[0m - [1mAVAH raw_sentiment=+0.82 (local, 7 articles)[0m
[32m2026-09-10 16:37:15.972[0m | [34m[1mDEBUG   [0m | [36msrc.analysis.sentiment[0m:[36manalyse_sentiment[0m:[36m1685[0m - [34m[1mAVAH sentiment scaled +0.82 \u2192 +0.61 (count=7, sources=5, scale=0.75)[0m
[32m2026-09-10 16:37:21.184[0m | [1mINFO    [0m | [36msrc.analysis.sentiment[0m:[36manalyse_sentiment[0m:[36m1629[0m - [1mSFD raw_sentiment=-0.32 (local, 8 articles)[0m
[32m2026-09-10 16:37:21.185[0m | [34m[1mDEBUG   [0m | [36msrc.analysis.sentiment[0m:[36manalyse_sentiment[0m:[36m1685[0m - [34m[1mSFD sentiment scaled -0.32 \u2192 -0.28 (count=8, sources=7, scale=0.87)[0m
[32m2026-09-10 16:37:28.636[0m | [1mINFO    [0m | [36msrc.analysis.sentiment[0m:[36manalyse_sentiment[0m:[36m1629[0m - [1mSKHY raw_sentiment=+0.45 (local, 20 articles)[0m
[32m2026-09-10 16:37:33.590[0m | [1mINFO    [0m | [36msrc.analysis.sentiment[0m:[36manalyse_sentiment[0m:[36m1629[0m - [1mSMH raw_sentiment=+0.56 (local, 20 articles)[0m
[32m2026-09-10 16:37:33.590[0m | [34m[1mDEBUG   [0m | [36msrc.analysis.sentiment[0m:[36manalyse_sentiment[0m:[36m1685[0m - [34m[1mSMH sentiment scaled +0.56 \u2192 +0.48 (count=20, sources=10, scale=0.86)[0m
[32m2026-09-10 16:37:33.591[0m | [34m[1mDEBUG   [0m | [36msrc.analysis.sentiment[0m:[36manalyse_sentiment[0m:[36m1426[0m - [34m[1mXLRE sentiment abstained: 88% of the digest names it only in the body (>= 75%) — a round-up, not coverage[0m
[32m2026-09-10 16:37:38.882[0m | [1mINFO    [0m | [36msrc.analysis.sentiment[0m:[36manalyse_sentiment[0m:[36m1629[0m - [1mLCID raw_sentiment=-0.72 (local, 7 articles)[0m
[32m2026-09-10 16:37:38.883[0m | [34m[1mDEBUG   [0m | [36msrc.analysis.sentiment[0m:[36manalyse_sentiment[0m:[36m1685[0m - [34m[1mLCID sentiment scaled -0.72 \u2192 -0.38 (count=7, sources=7, scale=0.52)[0m
[32m2026-09-10 16:37:43.004[0m | [1mINFO    [0m | [36msrc.analysis.sentiment[0m:[36manalyse_sentiment[0m:[36m1629[0m - [1mXOM raw_sentiment=+0.29 (local, 2 articles)[0m
[32m2026-09-10 16:37:43.004[0m | [34m[1mDEBUG   [0m | [36msrc.analysis.sentiment[0m:[36manalyse_sentiment[0m:[36m1685[0m - [34m[1mXOM sentiment scaled +0.29 \u2192 +0.12 (count=2, sources=2, scale=0.42)[0m
[32m2026-09-10 16:37:48.748[0m | [1mINFO    [0m | [36msrc.analysis.sentiment[0m:[36manalyse_sentiment[0m:[36m1629[0m - [1mGWRE raw_sentiment=-0.66 (local, 19 articles)[0m
[32m2026-09-10 16:37:48.748[0m | [34m[1mDEBUG   [0m | [36msrc.analysis.sentiment[0m:[36manalyse_sentiment[0m:[36m1685[0m - [34m[1mGWRE sentiment scaled -0.66 \u2192 -0.45 (count=19, sources=15, scale=0.68)[0m
[32m2026-09-10 16:37:53.908[0m | [1mINFO    [0m | [36msrc.analysis.sentiment[0m:[36manalyse_sentiment[0m:[36m1629[0m - [1mSIG raw_sentiment=+0.02 (local, 9 articles)[0m
[32m2026-09-10 16:37:53.908[0m | [34m[1mDEBUG   [0m | [36msrc.analysis.sentiment[0m:[36manalyse_sentiment[0m:[36m1685[0m - [34m[1mSIG sentiment scaled +0.02 \u2192 +0.02 (count=9, sources=8, scale=0.82)[0m
[32m2026-09-10 16:38:00.594[0m | [1mINFO    [0m | [36msrc.analysis.sentiment[0m:[36manalyse_sentiment[0m:[36m1629[0m - [1mXLV raw_sentiment=-0.40 (local, 20 articles)[0m
[32m2026-09-10 16:38:00.594[0m | [34m[1mDEBUG   [0m | [36msrc.analysis.sentiment[0m:[36manalyse_sentiment[0m:[36m1685[0m - [34m[1mXLV sentiment scaled -0.40 \u2192 -0.28 (count=20, sources=11, scale=0.68)[0m
[32m2026-09-10 16:38:00.595[0m | [34m[1mDEBUG   [0m | [36msrc.analysis.sentiment[0m:[36manalyse_sentiment[0m:[36m1426[0m - [34m[1mCRL sentiment abstained: 100% of the digest names it only in the body (>= 75%) — a round-up, not coverage[0m
[32m2026-09-10 16:38:05.064[0m | [1mINFO    [0m | [36msrc.analysis.sentiment[0m:[36manalyse_sentiment[0m:[36m1629[0m - [1mDFTX raw_sentiment=+0.64 (local, 1 articles)[0m
[32m2026-09-10 16:38:05.064[0m | [34m[1mDEBUG   [0m | [36msrc.analysis.sentiment[0m:[36manalyse_sentiment[0m:[36m1685[0m - [34m[1mDFTX sentiment scaled +0.64 \u2192 +0.21 (count=1, sources=1, scale=0.34)[0m
[32m2026-09-10 16:38:09.762[0m | [1mINFO    [0m | [36msrc.analysis.sentiment[0m:[36manalyse_sentiment[0m:[36m1629[0m - [1mXOM raw_sentiment=+0.60 (local, 2 articles)[0m
[32m2026-09-10 16:38:09.762[0m | [34m[1mDEBUG   [0m | [36msrc.analysis.sentiment[0m:[36manalyse_sentiment[0m:[36m1685[0m - [34m[1mXOM sentiment scaled +0.60 \u2192 +0.30 (count=2, sources=2, scale=0.50)[0m
[32m2026-09-10 16:38:14.354[0m | [1mINFO    [0m | [36msrc.analysis.sentiment[0m:[36manalyse_sentiment[0m:[36m1629[0m - [1mGM raw_sentiment=+0.15 (local, 12 articles)[0m
[32m2026-09-10 16:38:14.354[0m | [34m[1mDEBUG   [0m | [36msrc.analysis.sentiment[0m:[36manalyse_sentiment[0m:[36m1685[0m - [34m[1mGM sentiment scaled +0.15 \u2192 +0.10 (count=12, sources=10, scale=0.68)[0m
[32m2026-09-10 16:38:17.701[0m | [1mINFO    [0m | [36msrc.analysis.sentiment[0m:[36manalyse_sentiment[0m:[36m1629[0m - [1mECHO raw_sentiment=+0.00 (local, 1 articles)[0m
[32m2026-09-10 16:38:17.701[0m | [34m[1mDEBUG   [0m | [36msrc.analysis.sentiment[0m:[36manalyse_sentiment[0m:[36m1685[0m - [34m[1mECHO sentiment scaled +0.00 \u2192 +0.00 (count=1, sources=1, scale=0.34)[0m
[32m2026-09-10 16:38:19.913[0m | [1mINFO    [0m | [36msrc.analysis.sentiment[0m:[36manalyse_sentiment[0m:[36m1629[0m - [1mLCID raw_sentiment=-0.41 (local, 2 articles)[0m
[32m2026-09-10 16:38:19.913[0m | [34m[1mDEBUG   [0m | [36msrc.analysis.sentiment[0m:[36manalyse_sentiment[0m:[36m1685[0m - [34m[1mLCID sentiment scaled -0.41 \u2192 -0.16 (count=2, sources=2, scale=0.39)[0m
[32m2026-09-10 16:38:22.273[0m | [1mINFO    [0m | [36msrc.analysis.sentiment[0m:[36manalyse_sentiment[0m:[36m1629[0m - [1mBB raw_sentiment=+0.05 (local, 8 articles)[0m
[32m2026-09-10 16:38:22.273[0m | [34m[1mDEBUG   [0m | [36msrc.analysis.sentiment[0m:[36manalyse_sentiment[0m:[36m1685[0m - [34m[1mBB sentiment scaled +0.05 \u2192 +0.04 (count=8, sources=6, scale=0.70)[0m
[32m2026-09-10 16:38:26.700[0m | [1mINFO    [0m | [36msrc.analysis.sentiment[0m:[36manalyse_sentiment[0m:[36m1629[0m - [1mMS raw_sentiment=-0.40 (local, 17 articles)[0m
[32m2026-09-10 16:38:26.700[0m | [34m[1mDEBUG   [0m | [36msrc.analysis.sentiment[0m:[36manalyse_sentiment[0m:[36m1685[0m - [34m[1mMS sentiment scaled -0.40 \u2192 -0.36 (count=17, sources=11, scale=0.88)[0m
[32m2026-09-10 16:38:29.986[0m | [1mINFO    [0m | [36msrc.analysis.sentiment[0m:[36manalyse_sentiment[0m:[36m1629[0m - [1mXLI raw_sentiment=+0.05 (local, 7 articles)[0m
[32m2026-09-10 16:38:29.986[0m | [34m[1mDEBUG   [0m | [36msrc.analysis.sentiment[0m:[36manalyse_sentiment[0m:[36m1685[0m - [34m[1mXLI sentiment scaled +0.05 \u2192 +0.03 (count=7, sources=5, scale=0.55)[0m
[32m2026-09-10 16:38:33.827[0m | [1mINFO    [0m | [36msrc.analysis.sentiment[0m:[36manalyse_sentiment[0m:[36m1629[0m - [1mBAC raw_sentiment=+0.14 (local, 9 articles)[0m
[32m2026-09-10 16:38:33.828[0m | [34m[1mDEBUG   [0m | [36msrc.analysis.sentiment[0m:[36manalyse_sentiment[0m:[36m1685[0m - [34m[1mBAC sentiment scaled +0.14 \u2192 +0.11 (count=9, sources=6, scale=0.80)[0m
[32m2026-09-10 16:38:37.804[0m | [1mINFO    [0m | [36msrc.analysis.sentiment[0m:[36manalyse_sentiment[0m:[36m1629[0m - [1mMOBX raw_sentiment=+0.46 (local, 20 articles)[0m
[32m2026-09-10 16:38:37.805[0m | [34m[1mDEBUG   [0m | [36msrc.analysis.sentiment[0m:[36manalyse_sentiment[0m:[36m1685[0m - [34m[1mMOBX sentiment scaled +0.46 \u2192 +0.37 (count=20, sources=13, scale=0.81)[0m
[32m2026-09-10 16:38:40.002[0m | [1mINFO    [0m | [36msrc.analysis.sentiment[0m:[36manalyse_sentiment[0m:[36m1629[0m - [1mATAI raw_sentiment=+0.77 (local, 4 articles)[0m
[32m2026-09-10 16:38:40.003[0m | [34m[1mDEBUG   [0m | [36msrc.analysis.sentiment[0m:[36manalyse_sentiment[0m:[36m1685[0m - [34m[1mATAI sentiment scaled +0.77 \u2192 +0.40 (count=4, sources=4, scale=0.52)[0m
[32m2026-09-10 16:38:44.180[0m | [1mINFO    [0m | [36msrc.analysis.sentiment[0m:[36manalyse_sentiment[0m:[36m1629[0m - [1mBAC raw_sentiment=+0.00 (local, 7 articles)[0m
[32m2026-09-10 16:38:44.180[0m | [34m[1mDEBUG   [0m | [36msrc.analysis.sentiment[0m:[36manalyse_sentiment[0m:[36m1685[0m - [34m[1mBAC sentiment scaled +0.00 \u2192 +0.00 (count=7, sources=6, scale=0.73)[0m
  400/400 in 1499s (dropped non-local: 0)

400 rows kept, 0 dropped as non-local -> runs/audit_qwen2.json
engines kept: {'local': 348, None: 52}
