5146 stored digests; sampling 400
[32m2026-09-10 13:40:45.109[0m | [1mINFO    [0m | [36msrc.analysis.sentiment[0m:[36manalyse_sentiment[0m:[36m1601[0m - [1mXLY raw_sentiment=-0.05 (local, 9 articles)[0m
[32m2026-09-10 13:40:45.110[0m | [34m[1mDEBUG   [0m | [36msrc.analysis.sentiment[0m:[36manalyse_sentiment[0m:[36m1657[0m - [34m[1mXLY sentiment scaled -0.05 \u2192 -0.03 (count=9, sources=4, scale=0.65)[0m
[32m2026-09-10 13:40:45.113[0m | [34m[1mDEBUG   [0m | [36msrc.analysis.sentiment[0m:[36manalyse_sentiment[0m:[36m1426[0m - [34m[1mXLF sentiment abstained: 82% of the digest names it only in the body (>= 75%) — a round-up, not coverage[0m
[32m2026-09-10 13:40:50.993[0m | [1mINFO    [0m | [36msrc.analysis.sentiment[0m:[36manalyse_sentiment[0m:[36m1601[0m - [1mSKHY raw_sentiment=+0.45 (local, 20 articles)[0m
[32m2026-09-10 13:40:54.206[0m | [1mINFO    [0m | [36msrc.analysis.sentiment[0m:[36manalyse_sentiment[0m:[36m1601[0m - [1mLEN-B raw_sentiment=-0.45 (local, 10 articles)[0m
[32m2026-09-10 13:40:54.207[0m | [34m[1mDEBUG   [0m | [36msrc.analysis.sentiment[0m:[36manalyse_sentiment[0m:[36m1657[0m - [34m[1mLEN-B sentiment scaled -0.45 \u2192 -0.38 (count=10, sources=8, scale=0.85)[0m
[32m2026-09-10 13:40:54.207[0m | [34m[1mDEBUG   [0m | [36msrc.analysis.sentiment[0m:[36manalyse_sentiment[0m:[36m1426[0m - [34m[1mXLF sentiment abstained: 80% of the digest names it only in the body (>= 75%) — a round-up, not coverage[0m
[32m2026-09-10 13:40:56.232[0m | [1mINFO    [0m | [36msrc.analysis.sentiment[0m:[36manalyse_sentiment[0m:[36m1601[0m - [1mUPS raw_sentiment=+0.65 (local, 1 articles)[0m
[32m2026-09-10 13:40:56.232[0m | [34m[1mDEBUG   [0m | [36msrc.analysis.sentiment[0m:[36manalyse_sentiment[0m:[36m1657[0m - [34m[1mUPS sentiment scaled +0.65 \u2192 +0.22 (count=1, sources=1, scale=0.33)[0m
[32m2026-09-10 13:40:59.025[0m | [1mINFO    [0m | [36msrc.analysis.sentiment[0m:[36manalyse_sentiment[0m:[36m1601[0m - [1mGLW raw_sentiment=-0.15 (local, 9 articles)[0m
[32m2026-09-10 13:40:59.026[0m | [34m[1mDEBUG   [0m | [36msrc.analysis.sentiment[0m:[36manalyse_sentiment[0m:[36m1657[0m - [34m[1mGLW sentiment scaled -0.15 \u2192 -0.10 (count=9, sources=5, scale=0.68)[0m
[32m2026-09-10 13:40:59.028[0m | [34m[1mDEBUG   [0m | [36msrc.analysis.sentiment[0m:[36manalyse_sentiment[0m:[36m1426[0m - [34m[1mBLSH sentiment abstained: 100% of the digest names it only in the body (>= 75%) — a round-up, not coverage[0m
[32m2026-09-10 13:41:01.472[0m | [1mINFO    [0m | [36msrc.analysis.sentiment[0m:[36manalyse_sentiment[0m:[36m1601[0m - [1mPCVX raw_sentiment=-0.05 (local, 1 articles)[0m
[32m2026-09-10 13:41:01.473[0m | [34m[1mDEBUG   [0m | [36msrc.analysis.sentiment[0m:[36manalyse_sentiment[0m:[36m1657[0m - [34m[1mPCVX sentiment scaled -0.05 \u2192 -0.02 (count=1, sources=1, scale=0.34)[0m
[32m2026-09-10 13:41:01.474[0m | [34m[1mDEBUG   [0m | [36msrc.analysis.sentiment[0m:[36manalyse_sentiment[0m:[36m1426[0m - [34m[1mDT sentiment abstained: 100% of the digest names it only in the body (>= 75%) — a round-up, not coverage[0m
[32m2026-09-10 13:41:03.798[0m | [1mINFO    [0m | [36msrc.analysis.sentiment[0m:[36manalyse_sentiment[0m:[36m1601[0m - [1mCRL raw_sentiment=-0.05 (local, 1 articles)[0m
[32m2026-09-10 13:41:03.799[0m | [34m[1mDEBUG   [0m | [36msrc.analysis.sentiment[0m:[36manalyse_sentiment[0m:[36m1657[0m - [34m[1mCRL sentiment scaled -0.05 \u2192 -0.02 (count=1, sources=1, scale=0.38)[0m
[32m2026-09-10 13:41:05.942[0m | [1mINFO    [0m | [36msrc.analysis.sentiment[0m:[36manalyse_sentiment[0m:[36m1601[0m - [1mXLI raw_sentiment=-0.05 (local, 3 articles)[0m
[32m2026-09-10 13:41:05.942[0m | [34m[1mDEBUG   [0m | [36msrc.analysis.sentiment[0m:[36manalyse_sentiment[0m:[36m1657[0m - [34m[1mXLI sentiment scaled -0.05 \u2192 -0.03 (count=3, sources=3, scale=0.51)[0m
[32m2026-09-10 13:41:09.941[0m | [1mINFO    [0m | [36msrc.analysis.sentiment[0m:[36manalyse_sentiment[0m:[36m1601[0m - [1mFDX raw_sentiment=+0.45 (local, 13 articles)[0m
[32m2026-09-10 13:41:09.941[0m | [34m[1mDEBUG   [0m | [36msrc.analysis.sentiment[0m:[36manalyse_sentiment[0m:[36m1657[0m - [34m[1mFDX sentiment scaled +0.45 \u2192 +0.30 (count=13, sources=11, scale=0.68)[0m
[32m2026-09-10 13:41:13.957[0m | [1mINFO    [0m | [36msrc.analysis.sentiment[0m:[36manalyse_sentiment[0m:[36m1601[0m - [1mGWRE raw_sentiment=-0.15 (local, 11 articles)[0m
[32m2026-09-10 13:41:13.958[0m | [34m[1mDEBUG   [0m | [36msrc.analysis.sentiment[0m:[36manalyse_sentiment[0m:[36m1657[0m - [34m[1mGWRE sentiment scaled -0.15 \u2192 -0.12 (count=11, sources=8, scale=0.83)[0m
[32m2026-09-10 13:41:17.603[0m | [1mINFO    [0m | [36msrc.analysis.sentiment[0m:[36manalyse_sentiment[0m:[36m1601[0m - [1mIBB raw_sentiment=+0.15 (local, 20 articles)[0m
[32m2026-09-10 13:41:17.604[0m | [34m[1mDEBUG   [0m | [36msrc.analysis.sentiment[0m:[36manalyse_sentiment[0m:[36m1657[0m - [34m[1mIBB sentiment scaled +0.15 \u2192 +0.12 (count=20, sources=11, scale=0.79)[0m
[32m2026-09-10 13:41:21.635[0m | [1mINFO    [0m | [36msrc.analysis.sentiment[0m:[36manalyse_sentiment[0m:[36m1601[0m - [1mSEI raw_sentiment=+0.75 (local, 16 articles)[0m
[32m2026-09-10 13:41:21.636[0m | [34m[1mDEBUG   [0m | [36msrc.analysis.sentiment[0m:[36manalyse_sentiment[0m:[36m1657[0m - [34m[1mSEI sentiment scaled +0.75 \u2192 +0.66 (count=16, sources=14, scale=0.88)[0m
[32m2026-09-10 13:41:26.270[0m | [1mINFO    [0m | [36msrc.analysis.sentiment[0m:[36manalyse_sentiment[0m:[36m1601[0m - [1mTTAN raw_sentiment=-0.25 (local, 20 articles)[0m
[32m2026-09-10 13:41:26.271[0m | [34m[1mDEBUG   [0m | [36msrc.analysis.sentiment[0m:[36manalyse_sentiment[0m:[36m1657[0m - [34m[1mTTAN sentiment scaled -0.25 \u2192 -0.22 (count=20, sources=15, scale=0.89)[0m
[32m2026-09-10 13:41:29.338[0m | [1mINFO    [0m | [36msrc.analysis.sentiment[0m:[36manalyse_sentiment[0m:[36m1601[0m - [1mIBB raw_sentiment=+0.25 (local, 11 articles)[0m
[32m2026-09-10 13:41:29.339[0m | [34m[1mDEBUG   [0m | [36msrc.analysis.sentiment[0m:[36manalyse_sentiment[0m:[36m1657[0m - [34m[1mIBB sentiment scaled +0.25 \u2192 +0.19 (count=11, sources=7, scale=0.75)[0m
[32m2026-09-10 13:41:31.194[0m | [1mINFO    [0m | [36msrc.analysis.sentiment[0m:[36manalyse_sentiment[0m:[36m1601[0m - [1mBLTE raw_sentiment=+0.65 (local, 3 articles)[0m
[32m2026-09-10 13:41:31.195[0m | [34m[1mDEBUG   [0m | [36msrc.analysis.sentiment[0m:[36manalyse_sentiment[0m:[36m1657[0m - [34m[1mBLTE sentiment scaled +0.65 \u2192 +0.31 (count=3, sources=3, scale=0.48)[0m
[32m2026-09-10 13:41:33.274[0m | [1mINFO    [0m | [36msrc.analysis.sentiment[0m:[36manalyse_sentiment[0m:[36m1601[0m - [1mTBBK raw_sentiment=-0.85 (local, 3 articles)[0m
[32m2026-09-10 13:41:33.275[0m | [34m[1mDEBUG   [0m | [36msrc.analysis.sentiment[0m:[36manalyse_sentiment[0m:[36m1657[0m - [34m[1mTBBK sentiment scaled -0.85 \u2192 -0.52 (count=3, sources=3, scale=0.61)[0m
[32m2026-09-10 13:41:36.551[0m | [1mINFO    [0m | [36msrc.analysis.sentiment[0m:[36manalyse_sentiment[0m:[36m1601[0m - [1mAEO raw_sentiment=-0.45 (local, 20 articles)[0m
[32m2026-09-10 13:41:41.415[0m | [1mINFO    [0m | [36msrc.analysis.sentiment[0m:[36manalyse_sentiment[0m:[36m1601[0m - [1mBRK-B raw_sentiment=+0.05 (local, 20 articles)[0m
[32m2026-09-10 13:41:41.415[0m | [34m[1mDEBUG   [0m | [36msrc.analysis.sentiment[0m:[36manalyse_sentiment[0m:[36m1657[0m - [34m[1mBRK-B sentiment scaled +0.05 \u2192 +0.04 (count=20, sources=13, scale=0.89)[0m
[32m2026-09-10 13:41:44.959[0m | [1mINFO    [0m | [36msrc.analysis.sentiment[0m:[36manalyse_sentiment[0m:[36m1601[0m - [1mMS raw_sentiment=+0.25 (local, 20 articles)[0m
[32m2026-09-10 13:41:44.959[0m | [34m[1mDEBUG   [0m | [36msrc.analysis.sentiment[0m:[36manalyse_sentiment[0m:[36m1657[0m - [34m[1mMS sentiment scaled +0.25 \u2192 +0.19 (count=20, sources=10, scale=0.77)[0m
[32m2026-09-10 13:41:48.234[0m | [1mINFO    [0m | [36msrc.analysis.sentiment[0m:[36manalyse_sentiment[0m:[36m1601[0m - [1mBRK-B raw_sentiment=+0.25 (local, 9 articles)[0m
[32m2026-09-10 13:41:48.234[0m | [34m[1mDEBUG   [0m | [36msrc.analysis.sentiment[0m:[36manalyse_sentiment[0m:[36m1657[0m - [34m[1mBRK-B sentiment scaled +0.25 \u2192 +0.21 (count=9, sources=9, scale=0.85)[0m
[32m2026-09-10 13:41:52.694[0m | [1mINFO    [0m | [36msrc.analysis.sentiment[0m:[36manalyse_sentiment[0m:[36m1601[0m - [1mASST raw_sentiment=+0.75 (local, 18 articles)[0m
[32m2026-09-10 13:41:52.695[0m | [34m[1mDEBUG   [0m | [36msrc.analysis.sentiment[0m:[36manalyse_sentiment[0m:[36m1657[0m - [34m[1mASST sentiment scaled +0.75 \u2192 +0.61 (count=18, sources=15, scale=0.81)[0m
[32m2026-09-10 13:41:56.127[0m | [1mINFO    [0m | [36msrc.analysis.sentiment[0m:[36manalyse_sentiment[0m:[36m1601[0m - [1mJPM raw_sentiment=+0.05 (local, 10 articles)[0m
[32m2026-09-10 13:41:56.127[0m | [34m[1mDEBUG   [0m | [36msrc.analysis.sentiment[0m:[36manalyse_sentiment[0m:[36m1657[0m - [34m[1mJPM sentiment scaled +0.05 \u2192 +0.03 (count=10, sources=7, scale=0.67)[0m
[32m2026-09-10 13:41:58.304[0m | [1mINFO    [0m | [36msrc.analysis.sentiment[0m:[36manalyse_sentiment[0m:[36m1601[0m - [1mSTZ raw_sentiment=-0.15 (local, 2 articles)[0m
[32m2026-09-10 13:41:58.304[0m | [34m[1mDEBUG   [0m | [36msrc.analysis.sentiment[0m:[36manalyse_sentiment[0m:[36m1657[0m - [34m[1mSTZ sentiment scaled -0.15 \u2192 -0.06 (count=2, sources=2, scale=0.39)[0m
[32m2026-09-10 13:41:58.308[0m | [34m[1mDEBUG   [0m | [36msrc.analysis.sentiment[0m:[36manalyse_sentiment[0m:[36m1426[0m - [34m[1mSPY sentiment abstained: 75% of the digest names it only in the body (>= 75%) — a round-up, not coverage[0m
[32m2026-09-10 13:42:00.611[0m | [1mINFO    [0m | [36msrc.analysis.sentiment[0m:[36manalyse_sentiment[0m:[36m1601[0m - [1mABG raw_sentiment=+0.65 (local, 3 articles)[0m
[32m2026-09-10 13:42:00.611[0m | [34m[1mDEBUG   [0m | [36msrc.analysis.sentiment[0m:[36manalyse_sentiment[0m:[36m1657[0m - [34m[1mABG sentiment scaled +0.65 \u2192 +0.31 (count=3, sources=3, scale=0.48)[0m
[32m2026-09-10 13:42:03.167[0m | [1mINFO    [0m | [36msrc.analysis.sentiment[0m:[36manalyse_sentiment[0m:[36m1601[0m - [1mXLU raw_sentiment=-0.35 (local, 7 articles)[0m
[32m2026-09-10 13:42:03.167[0m | [34m[1mDEBUG   [0m | [36msrc.analysis.sentiment[0m:[36manalyse_sentiment[0m:[36m1657[0m - [34m[1mXLU sentiment scaled -0.35 \u2192 -0.24 (count=7, sources=4, scale=0.68)[0m
[32m2026-09-10 13:42:04.961[0m | [1mINFO    [0m | [36msrc.analysis.sentiment[0m:[36manalyse_sentiment[0m:[36m1601[0m - [1mAFRM raw_sentiment=+0.00 (local, 1 articles)[0m
[32m2026-09-10 13:42:04.962[0m | [34m[1mDEBUG   [0m | [36msrc.analysis.sentiment[0m:[36manalyse_sentiment[0m:[36m1657[0m - [34m[1mAFRM sentiment scaled +0.00 \u2192 +0.00 (count=1, sources=1, scale=0.33)[0m
[32m2026-09-10 13:42:09.041[0m | [1mINFO    [0m | [36msrc.analysis.sentiment[0m:[36manalyse_sentiment[0m:[36m1601[0m - [1mTTAN raw_sentiment=-0.75 (local, 20 articles)[0m
[32m2026-09-10 13:42:12.665[0m | [1mINFO    [0m | [36msrc.analysis.sentiment[0m:[36manalyse_sentiment[0m:[36m1601[0m - [1mCMCSA raw_sentiment=-0.75 (local, 20 articles)[0m
[32m2026-09-10 13:42:14.784[0m | [1mINFO    [0m | [36msrc.analysis.sentiment[0m:[36manalyse_sentiment[0m:[36m1601[0m - [1mTBBK raw_sentiment=-0.85 (local, 3 articles)[0m
[32m2026-09-10 13:42:14.785[0m | [34m[1mDEBUG   [0m | [36msrc.analysis.sentiment[0m:[36manalyse_sentiment[0m:[36m1657[0m - [34m[1mTBBK sentiment scaled -0.85 \u2192 -0.48 (count=3, sources=3, scale=0.56)[0m
[32m2026-09-10 13:42:18.356[0m | [1mINFO    [0m | [36msrc.analysis.sentiment[0m:[36manalyse_sentiment[0m:[36m1601[0m - [1mBRK-B raw_sentiment=+0.15 (local, 15 articles)[0m
[32m2026-09-10 13:42:18.356[0m | [34m[1mDEBUG   [0m | [36msrc.analysis.sentiment[0m:[36manalyse_sentiment[0m:[36m1657[0m - [34m[1mBRK-B sentiment scaled +0.15 \u2192 +0.12 (count=15, sources=10, scale=0.79)[0m
[32m2026-09-10 13:42:20.692[0m | [1mINFO    [0m | [36msrc.analysis.sentiment[0m:[36manalyse_sentiment[0m:[36m1601[0m - [1mZ raw_sentiment=-0.15 (local, 1 articles)[0m
[32m2026-09-10 13:42:20.692[0m | [34m[1mDEBUG   [0m | [36msrc.analysis.sentiment[0m:[36manalyse_sentiment[0m:[36m1657[0m - [34m[1mZ sentiment scaled -0.15 \u2192 -0.05 (count=1, sources=1, scale=0.34)[0m
[32m2026-09-10 13:42:23.316[0m | [1mINFO    [0m | [36msrc.analysis.sentiment[0m:[36manalyse_sentiment[0m:[36m1601[0m - [1mBLTE raw_sentiment=+0.15 (local, 4 articles)[0m
[32m2026-09-10 13:42:23.316[0m | [34m[1mDEBUG   [0m | [36msrc.analysis.sentiment[0m:[36manalyse_sentiment[0m:[36m1657[0m - [34m[1mBLTE sentiment scaled +0.15 \u2192 +0.08 (count=4, sources=3, scale=0.51)[0m
[32m2026-09-10 13:42:27.381[0m | [1mINFO    [0m | [36msrc.analysis.sentiment[0m:[36manalyse_sentiment[0m:[36m1601[0m - [1mNET raw_sentiment=+0.85 (local, 20 articles)[0m
[32m2026-09-10 13:42:29.561[0m | [1mINFO    [0m | [36msrc.analysis.sentiment[0m:[36manalyse_sentiment[0m:[36m1601[0m - [1mAPGE raw_sentiment=-0.65 (local, 2 articles)[0m
[32m2026-09-10 13:42:29.562[0m | [34m[1mDEBUG   [0m | [36msrc.analysis.sentiment[0m:[36manalyse_sentiment[0m:[36m1657[0m - [34m[1mAPGE sentiment scaled -0.65 \u2192 -0.27 (count=2, sources=2, scale=0.42)[0m
[32m2026-09-10 13:42:32.612[0m | [1mINFO    [0m | [36msrc.analysis.sentiment[0m:[36manalyse_sentiment[0m:[36m1601[0m - [1mXLE raw_sentiment=+0.25 (local, 20 articles)[0m
[32m2026-09-10 13:42:32.612[0m | [34m[1mDEBUG   [0m | [36msrc.analysis.sentiment[0m:[36manalyse_sentiment[0m:[36m1657[0m - [34m[1mXLE sentiment scaled +0.25 \u2192 +0.19 (count=20, sources=9, scale=0.77)[0m
[32m2026-09-10 13:42:35.467[0m | [1mINFO    [0m | [36msrc.analysis.sentiment[0m:[36manalyse_sentiment[0m:[36m1601[0m - [1mBLTE raw_sentiment=+0.45 (local, 12 articles)[0m
[32m2026-09-10 13:42:35.468[0m | [34m[1mDEBUG   [0m | [36msrc.analysis.sentiment[0m:[36manalyse_sentiment[0m:[36m1657[0m - [34m[1mBLTE sentiment scaled +0.45 \u2192 +0.38 (count=12, sources=10, scale=0.83)[0m
[32m2026-09-10 13:42:38.238[0m | [1mINFO    [0m | [36msrc.analysis.sentiment[0m:[36manalyse_sentiment[0m:[36m1601[0m - [1mGIII raw_sentiment=+0.45 (local, 9 articles)[0m
[32m2026-09-10 13:42:38.239[0m | [34m[1mDEBUG   [0m | [36msrc.analysis.sentiment[0m:[36manalyse_sentiment[0m:[36m1657[0m - [34m[1mGIII sentiment scaled +0.45 \u2192 +0.24 (count=9, sources=5, scale=0.53)[0m
[32m2026-09-10 13:42:38.239[0m | [34m[1mDEBUG   [0m | [36msrc.analysis.sentiment[0m:[36manalyse_sentiment[0m:[36m1426[0m - [34m[1mXLF sentiment abstained: 85% of the digest names it only in the body (>= 75%) — a round-up, not coverage[0m
[32m2026-09-10 13:42:38.242[0m | [34m[1mDEBUG   [0m | [36msrc.analysis.sentiment[0m:[36manalyse_sentiment[0m:[36m1426[0m - [34m[1mIWM sentiment abstained: 100% of the digest names it only in the body (>= 75%) — a round-up, not coverage[0m
[32m2026-09-10 13:42:42.686[0m | [1mINFO    [0m | [36msrc.analysis.sentiment[0m:[36manalyse_sentiment[0m:[36m1601[0m - [1mGWRE raw_sentiment=-0.35 (local, 20 articles)[0m
[32m2026-09-10 13:42:42.687[0m | [34m[1mDEBUG   [0m | [36msrc.analysis.sentiment[0m:[36manalyse_sentiment[0m:[36m1657[0m - [34m[1mGWRE sentiment scaled -0.35 \u2192 -0.29 (count=20, sources=14, scale=0.82)[0m
[32m2026-09-10 13:42:47.106[0m | [1mINFO    [0m | [36msrc.analysis.sentiment[0m:[36manalyse_sentiment[0m:[36m1601[0m - [1mAEO raw_sentiment=+0.55 (local, 20 articles)[0m
[32m2026-09-10 13:42:49.716[0m | [1mINFO    [0m | [36msrc.analysis.sentiment[0m:[36manalyse_sentiment[0m:[36m1601[0m - [1mIGV raw_sentiment=-0.65 (local, 7 articles)[0m
[32m2026-09-10 13:42:49.716[0m | [34m[1mDEBUG   [0m | [36msrc.analysis.sentiment[0m:[36manalyse_sentiment[0m:[36m1657[0m - [34m[1mIGV sentiment scaled -0.65 \u2192 -0.34 (count=7, sources=6, scale=0.53)[0m
[32m2026-09-10 13:42:52.356[0m | [1mINFO    [0m | [36msrc.analysis.sentiment[0m:[36manalyse_sentiment[0m:[36m1601[0m - [1mWDAY raw_sentiment=+0.15 (local, 6 articles)[0m
[32m2026-09-10 13:42:52.357[0m | [34m[1mDEBUG   [0m | [36msrc.analysis.sentiment[0m:[36manalyse_sentiment[0m:[36m1657[0m - [34m[1mWDAY sentiment scaled +0.15 \u2192 +0.08 (count=6, sources=4, scale=0.51)[0m
[32m2026-09-10 13:42:52.358[0m | [34m[1mDEBUG   [0m | [36msrc.analysis.sentiment[0m:[36manalyse_sentiment[0m:[36m1426[0m - [34m[1mXLF sentiment abstained: 80% of the digest names it only in the body (>= 75%) — a round-up, not coverage[0m
[32m2026-09-10 13:42:52.358[0m | [34m[1mDEBUG   [0m | [36msrc.analysis.sentiment[0m:[36manalyse_sentiment[0m:[36m1426[0m - [34m[1mXLF sentiment abstained: 75% of the digest names it only in the body (>= 75%) — a round-up, not coverage[0m
  50/400 in 131s (dropped non-local: 0)
[32m2026-09-10 13:42:56.449[0m | [1mINFO    [0m | [36msrc.analysis.sentiment[0m:[36manalyse_sentiment[0m:[36m1601[0m - [1mCHYM raw_sentiment=+0.15 (local, 8 articles)[0m
[32m2026-09-10 13:42:56.450[0m | [34m[1mDEBUG   [0m | [36msrc.analysis.sentiment[0m:[36manalyse_sentiment[0m:[36m1657[0m - [34m[1mCHYM sentiment scaled +0.15 \u2192 +0.10 (count=8, sources=7, scale=0.63)[0m
[32m2026-09-10 13:42:59.460[0m | [1mINFO    [0m | [36msrc.analysis.sentiment[0m:[36manalyse_sentiment[0m:[36m1601[0m - [1mATRC raw_sentiment=+0.75 (local, 8 articles)[0m
[32m2026-09-10 13:43:01.048[0m | [1mINFO    [0m | [36msrc.analysis.sentiment[0m:[36manalyse_sentiment[0m:[36m1601[0m - [1mBB raw_sentiment=+0.00 (local, 1 articles)[0m
[32m2026-09-10 13:43:01.049[0m | [34m[1mDEBUG   [0m | [36msrc.analysis.sentiment[0m:[36manalyse_sentiment[0m:[36m1657[0m - [34m[1mBB sentiment scaled +0.00 \u2192 +0.00 (count=1, sources=1, scale=0.35)[0m
[32m2026-09-10 13:43:05.087[0m | [1mINFO    [0m | [36msrc.analysis.sentiment[0m:[36manalyse_sentiment[0m:[36m1601[0m - [1mAEO raw_sentiment=-0.45 (local, 20 articles)[0m
[32m2026-09-10 13:43:08.625[0m | [1mINFO    [0m | [36msrc.analysis.sentiment[0m:[36manalyse_sentiment[0m:[36m1601[0m - [1mODD raw_sentiment=+0.65 (local, 20 articles)[0m
[32m2026-09-10 13:43:08.627[0m | [34m[1mDEBUG   [0m | [36msrc.analysis.sentiment[0m:[36manalyse_sentiment[0m:[36m1426[0m - [34m[1mSTX sentiment abstained: 75% of the digest names it only in the body (>= 75%) — a round-up, not coverage[0m
[32m2026-09-10 13:43:12.300[0m | [1mINFO    [0m | [36msrc.analysis.sentiment[0m:[36manalyse_sentiment[0m:[36m1601[0m - [1mDRAM raw_sentiment=+0.25 (local, 6 articles)[0m
[32m2026-09-10 13:43:12.300[0m | [34m[1mDEBUG   [0m | [36msrc.analysis.sentiment[0m:[36manalyse_sentiment[0m:[36m1657[0m - [34m[1mDRAM sentiment scaled +0.25 \u2192 +0.13 (count=6, sources=5, scale=0.50)[0m
[32m2026-09-10 13:43:12.303[0m | [34m[1mDEBUG   [0m | [36msrc.analysis.sentiment[0m:[36manalyse_sentiment[0m:[36m1426[0m - [34m[1mGLD sentiment abstained: 80% of the digest names it only in the body (>= 75%) — a round-up, not coverage[0m
[32m2026-09-10 13:43:12.305[0m | [34m[1mDEBUG   [0m | [36msrc.analysis.sentiment[0m:[36manalyse_sentiment[0m:[36m1426[0m - [34m[1mPANW sentiment abstained: 100% of the digest names it only in the body (>= 75%) — a round-up, not coverage[0m
[32m2026-09-10 13:43:15.143[0m | [1mINFO    [0m | [36msrc.analysis.sentiment[0m:[36manalyse_sentiment[0m:[36m1601[0m - [1mSFD raw_sentiment=-0.45 (local, 7 articles)[0m
[32m2026-09-10 13:43:15.144[0m | [34m[1mDEBUG   [0m | [36msrc.analysis.sentiment[0m:[36manalyse_sentiment[0m:[36m1657[0m - [34m[1mSFD sentiment scaled -0.45 \u2192 -0.38 (count=7, sources=7, scale=0.85)[0m
[32m2026-09-10 13:43:18.232[0m | [1mINFO    [0m | [36msrc.analysis.sentiment[0m:[36manalyse_sentiment[0m:[36m1601[0m - [1mGLD raw_sentiment=+0.75 (local, 19 articles)[0m
[32m2026-09-10 13:43:22.985[0m | [1mINFO    [0m | [36msrc.analysis.sentiment[0m:[36manalyse_sentiment[0m:[36m1601[0m - [1mCMPS raw_sentiment=+0.25 (local, 20 articles)[0m
[32m2026-09-10 13:43:27.914[0m | [1mINFO    [0m | [36msrc.analysis.sentiment[0m:[36manalyse_sentiment[0m:[36m1601[0m - [1mXLV raw_sentiment=-0.25 (local, 20 articles)[0m
[32m2026-09-10 13:43:27.914[0m | [34m[1mDEBUG   [0m | [36msrc.analysis.sentiment[0m:[36manalyse_sentiment[0m:[36m1657[0m - [34m[1mXLV sentiment scaled -0.25 \u2192 -0.22 (count=20, sources=12, scale=0.89)[0m
[32m2026-09-10 13:43:30.995[0m | [1mINFO    [0m | [36msrc.analysis.sentiment[0m:[36manalyse_sentiment[0m:[36m1601[0m - [1mGLD raw_sentiment=-0.15 (local, 5 articles)[0m
[32m2026-09-10 13:43:30.995[0m | [34m[1mDEBUG   [0m | [36msrc.analysis.sentiment[0m:[36manalyse_sentiment[0m:[36m1657[0m - [34m[1mGLD sentiment scaled -0.15 \u2192 -0.09 (count=5, sources=4, scale=0.57)[0m
[32m2026-09-10 13:43:32.997[0m | [1mINFO    [0m | [36msrc.analysis.sentiment[0m:[36manalyse_sentiment[0m:[36m1601[0m - [1mXOM raw_sentiment=+0.00 (local, 1 articles)[0m
[32m2026-09-10 13:43:32.998[0m | [34m[1mDEBUG   [0m | [36msrc.analysis.sentiment[0m:[36manalyse_sentiment[0m:[36m1657[0m - [34m[1mXOM sentiment scaled +0.00 \u2192 +0.00 (count=1, sources=1, scale=0.37)[0m
[32m2026-09-10 13:43:35.550[0m | [1mINFO    [0m | [36msrc.analysis.sentiment[0m:[36manalyse_sentiment[0m:[36m1601[0m - [1mSG raw_sentiment=+0.15 (local, 6 articles)[0m
[32m2026-09-10 13:43:35.551[0m | [34m[1mDEBUG   [0m | [36msrc.analysis.sentiment[0m:[36manalyse_sentiment[0m:[36m1657[0m - [34m[1mSG sentiment scaled +0.15 \u2192 +0.09 (count=6, sources=6, scale=0.60)[0m
[32m2026-09-10 13:43:39.085[0m | [1mINFO    [0m | [36msrc.analysis.sentiment[0m:[36manalyse_sentiment[0m:[36m1601[0m - [1mNIO raw_sentiment=+0.25 (local, 15 articles)[0m
[32m2026-09-10 13:43:42.421[0m | [1mINFO    [0m | [36msrc.analysis.sentiment[0m:[36manalyse_sentiment[0m:[36m1601[0m - [1mCMPS raw_sentiment=+0.15 (local, 11 articles)[0m
[32m2026-09-10 13:43:45.018[0m | [1mINFO    [0m | [36msrc.analysis.sentiment[0m:[36manalyse_sentiment[0m:[36m1601[0m - [1mDYN raw_sentiment=-0.15 (local, 4 articles)[0m
[32m2026-09-10 13:43:45.018[0m | [34m[1mDEBUG   [0m | [36msrc.analysis.sentiment[0m:[36manalyse_sentiment[0m:[36m1657[0m - [34m[1mDYN sentiment scaled -0.15 \u2192 -0.08 (count=4, sources=4, scale=0.55)[0m
[32m2026-09-10 13:43:47.412[0m | [1mINFO    [0m | [36msrc.analysis.sentiment[0m:[36manalyse_sentiment[0m:[36m1601[0m - [1mPURR raw_sentiment=-0.75 (local, 6 articles)[0m
[32m2026-09-10 13:43:47.413[0m | [34m[1mDEBUG   [0m | [36msrc.analysis.sentiment[0m:[36manalyse_sentiment[0m:[36m1657[0m - [34m[1mPURR sentiment scaled -0.75 \u2192 -0.60 (count=6, sources=5, scale=0.79)[0m
[32m2026-09-10 13:43:47.415[0m | [34m[1mDEBUG   [0m | [36msrc.analysis.sentiment[0m:[36manalyse_sentiment[0m:[36m1426[0m - [34m[1mCBRS sentiment abstained: 100% of the digest names it only in the body (>= 75%) — a round-up, not coverage[0m
[32m2026-09-10 13:43:49.557[0m | [1mINFO    [0m | [36msrc.analysis.sentiment[0m:[36manalyse_sentiment[0m:[36m1601[0m - [1mCRNX raw_sentiment=-0.35 (local, 1 articles)[0m
[32m2026-09-10 13:43:49.557[0m | [34m[1mDEBUG   [0m | [36msrc.analysis.sentiment[0m:[36manalyse_sentiment[0m:[36m1657[0m - [34m[1mCRNX sentiment scaled -0.35 \u2192 -0.14 (count=1, sources=1, scale=0.39)[0m
[32m2026-09-10 13:43:51.663[0m | [1mINFO    [0m | [36msrc.analysis.sentiment[0m:[36manalyse_sentiment[0m:[36m1601[0m - [1mCRL raw_sentiment=+0.00 (local, 1 articles)[0m
[32m2026-09-10 13:43:51.663[0m | [34m[1mDEBUG   [0m | [36msrc.analysis.sentiment[0m:[36manalyse_sentiment[0m:[36m1657[0m - [34m[1mCRL sentiment scaled +0.00 \u2192 +0.00 (count=1, sources=1, scale=0.34)[0m
[32m2026-09-10 13:43:53.686[0m | [1mINFO    [0m | [36msrc.analysis.sentiment[0m:[36manalyse_sentiment[0m:[36m1601[0m - [1mLIT raw_sentiment=+0.15 (local, 2 articles)[0m
[32m2026-09-10 13:43:53.686[0m | [34m[1mDEBUG   [0m | [36msrc.analysis.sentiment[0m:[36manalyse_sentiment[0m:[36m1657[0m - [34m[1mLIT sentiment scaled +0.15 \u2192 +0.07 (count=2, sources=2, scale=0.46)[0m
[32m2026-09-10 13:43:58.118[0m | [1mINFO    [0m | [36msrc.analysis.sentiment[0m:[36manalyse_sentiment[0m:[36m1601[0m - [1mPHVS raw_sentiment=+0.75 (local, 19 articles)[0m
[32m2026-09-10 13:44:02.023[0m | [1mINFO    [0m | [36msrc.analysis.sentiment[0m:[36manalyse_sentiment[0m:[36m1601[0m - [1mSIG raw_sentiment=+0.65 (local, 16 articles)[0m
[32m2026-09-10 13:44:05.753[0m | [1mINFO    [0m | [36msrc.analysis.sentiment[0m:[36manalyse_sentiment[0m:[36m1601[0m - [1mIRD raw_sentiment=+0.75 (local, 20 articles)[0m
[32m2026-09-10 13:44:10.813[0m | [1mINFO    [0m | [36msrc.analysis.sentiment[0m:[36manalyse_sentiment[0m:[36m1601[0m - [1mQBTS raw_sentiment=+0.65 (local, 20 articles)[0m
[32m2026-09-10 13:44:10.813[0m | [34m[1mDEBUG   [0m | [36msrc.analysis.sentiment[0m:[36manalyse_sentiment[0m:[36m1657[0m - [34m[1mQBTS sentiment scaled +0.65 \u2192 +0.54 (count=20, sources=17, scale=0.83)[0m
[32m2026-09-10 13:44:14.174[0m | [1mINFO    [0m | [36msrc.analysis.sentiment[0m:[36manalyse_sentiment[0m:[36m1601[0m - [1mYSS raw_sentiment=-0.35 (local, 11 articles)[0m
[32m2026-09-10 13:44:18.151[0m | [1mINFO    [0m | [36msrc.analysis.sentiment[0m:[36manalyse_sentiment[0m:[36m1601[0m - [1mWFC raw_sentiment=+0.00 (local, 10 articles)[0m
[32m2026-09-10 13:44:18.151[0m | [34m[1mDEBUG   [0m | [36msrc.analysis.sentiment[0m:[36manalyse_sentiment[0m:[36m1657[0m - [34m[1mWFC sentiment scaled +0.00 \u2192 +0.00 (count=10, sources=6, scale=0.79)[0m
[32m2026-09-10 13:44:21.523[0m | [1mINFO    [0m | [36msrc.analysis.sentiment[0m:[36manalyse_sentiment[0m:[36m1601[0m - [1mJPM raw_sentiment=+0.00 (local, 9 articles)[0m
[32m2026-09-10 13:44:21.523[0m | [34m[1mDEBUG   [0m | [36msrc.analysis.sentiment[0m:[36manalyse_sentiment[0m:[36m1657[0m - [34m[1mJPM sentiment scaled +0.00 \u2192 +0.00 (count=9, sources=6, scale=0.62)[0m
[32m2026-09-10 13:44:23.773[0m | [1mINFO    [0m | [36msrc.analysis.sentiment[0m:[36manalyse_sentiment[0m:[36m1601[0m - [1mRDDT raw_sentiment=-0.15 (local, 7 articles)[0m
[32m2026-09-10 13:44:27.707[0m | [1mINFO    [0m | [36msrc.analysis.sentiment[0m:[36manalyse_sentiment[0m:[36m1601[0m - [1mSEI raw_sentiment=+0.55 (local, 18 articles)[0m
[32m2026-09-10 13:44:27.707[0m | [34m[1mDEBUG   [0m | [36msrc.analysis.sentiment[0m:[36manalyse_sentiment[0m:[36m1657[0m - [34m[1mSEI sentiment scaled +0.55 \u2192 +0.49 (count=18, sources=16, scale=0.88)[0m
[32m2026-09-10 13:44:30.261[0m | [1mINFO    [0m | [36msrc.analysis.sentiment[0m:[36manalyse_sentiment[0m:[36m1601[0m - [1mXLI raw_sentiment=+0.00 (local, 8 articles)[0m
[32m2026-09-10 13:44:30.261[0m | [34m[1mDEBUG   [0m | [36msrc.analysis.sentiment[0m:[36manalyse_sentiment[0m:[36m1657[0m - [34m[1mXLI sentiment scaled +0.00 \u2192 +0.00 (count=8, sources=6, scale=0.62)[0m
[32m2026-09-10 13:44:32.540[0m | [1mINFO    [0m | [36msrc.analysis.sentiment[0m:[36manalyse_sentiment[0m:[36m1601[0m - [1mCMPS raw_sentiment=+0.15 (local, 4 articles)[0m
[32m2026-09-10 13:44:32.540[0m | [34m[1mDEBUG   [0m | [36msrc.analysis.sentiment[0m:[36manalyse_sentiment[0m:[36m1657[0m - [34m[1mCMPS sentiment scaled +0.15 \u2192 +0.08 (count=4, sources=3, scale=0.55)[0m
[32m2026-09-10 13:44:34.968[0m | [1mINFO    [0m | [36msrc.analysis.sentiment[0m:[36manalyse_sentiment[0m:[36m1601[0m - [1mOCGN raw_sentiment=-0.25 (local, 7 articles)[0m
[32m2026-09-10 13:44:34.968[0m | [34m[1mDEBUG   [0m | [36msrc.analysis.sentiment[0m:[36manalyse_sentiment[0m:[36m1657[0m - [34m[1mOCGN sentiment scaled -0.25 \u2192 -0.20 (count=7, sources=7, scale=0.81)[0m
[32m2026-09-10 13:44:39.757[0m | [1mINFO    [0m | [36msrc.analysis.sentiment[0m:[36manalyse_sentiment[0m:[36m1601[0m - [1mSKHY raw_sentiment=+0.35 (local, 20 articles)[0m
[32m2026-09-10 13:44:42.415[0m | [1mINFO    [0m | [36msrc.analysis.sentiment[0m:[36manalyse_sentiment[0m:[36m1601[0m - [1mCMCSA raw_sentiment=-0.75 (local, 10 articles)[0m
[32m2026-09-10 13:44:42.416[0m | [34m[1mDEBUG   [0m | [36msrc.analysis.sentiment[0m:[36manalyse_sentiment[0m:[36m1657[0m - [34m[1mCMCSA sentiment scaled -0.75 \u2192 -0.66 (count=10, sources=7, scale=0.88)[0m
[32m2026-09-10 13:44:44.650[0m | [1mINFO    [0m | [36msrc.analysis.sentiment[0m:[36manalyse_sentiment[0m:[36m1601[0m - [1mCMPS raw_sentiment=+0.05 (local, 2 articles)[0m
[32m2026-09-10 13:44:44.650[0m | [34m[1mDEBUG   [0m | [36msrc.analysis.sentiment[0m:[36manalyse_sentiment[0m:[36m1657[0m - [34m[1mCMPS sentiment scaled +0.05 \u2192 +0.02 (count=2, sources=2, scale=0.44)[0m
[32m2026-09-10 13:44:48.264[0m | [1mINFO    [0m | [36msrc.analysis.sentiment[0m:[36manalyse_sentiment[0m:[36m1601[0m - [1mBKNG raw_sentiment=-0.15 (local, 17 articles)[0m
[32m2026-09-10 13:44:48.265[0m | [34m[1mDEBUG   [0m | [36msrc.analysis.sentiment[0m:[36manalyse_sentiment[0m:[36m1657[0m - [34m[1mBKNG sentiment scaled -0.15 \u2192 -0.12 (count=17, sources=14, scale=0.83)[0m
[32m2026-09-10 13:44:50.256[0m | [1mINFO    [0m | [36msrc.analysis.sentiment[0m:[36manalyse_sentiment[0m:[36m1601[0m - [1mUNH raw_sentiment=+0.00 (local, 2 articles)[0m
[32m2026-09-10 13:44:50.257[0m | [34m[1mDEBUG   [0m | [36msrc.analysis.sentiment[0m:[36manalyse_sentiment[0m:[36m1657[0m - [34m[1mUNH sentiment scaled +0.00 \u2192 +0.00 (count=2, sources=2, scale=0.51)[0m
[32m2026-09-10 13:44:53.637[0m | [1mINFO    [0m | [36msrc.analysis.sentiment[0m:[36manalyse_sentiment[0m:[36m1601[0m - [1mSNOW raw_sentiment=+0.45 (local, 5 articles)[0m
[32m2026-09-10 13:44:53.637[0m | [34m[1mDEBUG   [0m | [36msrc.analysis.sentiment[0m:[36manalyse_sentiment[0m:[36m1657[0m - [34m[1mSNOW sentiment scaled +0.45 \u2192 +0.23 (count=5, sources=5, scale=0.52)[0m
[32m2026-09-10 13:44:57.372[0m | [1mINFO    [0m | [36msrc.analysis.sentiment[0m:[36manalyse_sentiment[0m:[36m1601[0m - [1mXLV raw_sentiment=-0.35 (local, 20 articles)[0m
[32m2026-09-10 13:44:57.372[0m | [34m[1mDEBUG   [0m | [36msrc.analysis.sentiment[0m:[36manalyse_sentiment[0m:[36m1657[0m - [34m[1mXLV sentiment scaled -0.35 \u2192 -0.24 (count=20, sources=11, scale=0.70)[0m
[32m2026-09-10 13:45:01.714[0m | [1mINFO    [0m | [36msrc.analysis.sentiment[0m:[36manalyse_sentiment[0m:[36m1601[0m - [1mXBI raw_sentiment=-0.35 (local, 15 articles)[0m
[32m2026-09-10 13:45:01.715[0m | [34m[1mDEBUG   [0m | [36msrc.analysis.sentiment[0m:[36manalyse_sentiment[0m:[36m1657[0m - [34m[1mXBI sentiment scaled -0.35 \u2192 -0.21 (count=15, sources=8, scale=0.59)[0m
[32m2026-09-10 13:45:01.717[0m | [34m[1mDEBUG   [0m | [36msrc.analysis.sentiment[0m:[36manalyse_sentiment[0m:[36m1426[0m - [34m[1mALGN sentiment abstained: 100% of the digest names it only in the body (>= 75%) — a round-up, not coverage[0m
[32m2026-09-10 13:45:04.975[0m | [1mINFO    [0m | [36msrc.analysis.sentiment[0m:[36manalyse_sentiment[0m:[36m1601[0m - [1mNSC raw_sentiment=+0.45 (local, 8 articles)[0m
[32m2026-09-10 13:45:04.975[0m | [34m[1mDEBUG   [0m | [36msrc.analysis.sentiment[0m:[36manalyse_sentiment[0m:[36m1657[0m - [34m[1mNSC sentiment scaled +0.45 \u2192 +0.28 (count=8, sources=8, scale=0.63)[0m
[32m2026-09-10 13:45:07.066[0m | [1mINFO    [0m | [36msrc.analysis.sentiment[0m:[36manalyse_sentiment[0m:[36m1601[0m - [1mOXM raw_sentiment=-0.55 (local, 3 articles)[0m
[32m2026-09-10 13:45:07.066[0m | [34m[1mDEBUG   [0m | [36msrc.analysis.sentiment[0m:[36manalyse_sentiment[0m:[36m1657[0m - [34m[1mOXM sentiment scaled -0.55 \u2192 -0.29 (count=3, sources=2, scale=0.53)[0m
[32m2026-09-10 13:45:11.132[0m | [1mINFO    [0m | [36msrc.analysis.sentiment[0m:[36manalyse_sentiment[0m:[36m1601[0m - [1mASO raw_sentiment=+0.55 (local, 20 articles)[0m
[32m2026-09-10 13:45:14.597[0m | [1mINFO    [0m | [36msrc.analysis.sentiment[0m:[36manalyse_sentiment[0m:[36m1601[0m - [1mSEI raw_sentiment=+0.65 (local, 15 articles)[0m
[32m2026-09-10 13:45:18.987[0m | [1mINFO    [0m | [36msrc.analysis.sentiment[0m:[36manalyse_sentiment[0m:[36m1601[0m - [1mASST raw_sentiment=-0.65 (local, 8 articles)[0m
[32m2026-09-10 13:45:18.988[0m | [34m[1mDEBUG   [0m | [36msrc.analysis.sentiment[0m:[36manalyse_sentiment[0m:[36m1657[0m - [34m[1mASST sentiment scaled -0.65 \u2192 -0.40 (count=8, sources=8, scale=0.62)[0m
  100/400 in 278s (dropped non-local: 0)
[32m2026-09-10 13:45:22.546[0m | [1mINFO    [0m | [36msrc.analysis.sentiment[0m:[36manalyse_sentiment[0m:[36m1601[0m - [1mBLSH raw_sentiment=+0.00 (local, 20 articles)[0m
[32m2026-09-10 13:45:26.389[0m | [1mINFO    [0m | [36msrc.analysis.sentiment[0m:[36manalyse_sentiment[0m:[36m1601[0m - [1mXBI raw_sentiment=-0.35 (local, 20 articles)[0m
[32m2026-09-10 13:45:26.389[0m | [34m[1mDEBUG   [0m | [36msrc.analysis.sentiment[0m:[36manalyse_sentiment[0m:[36m1657[0m - [34m[1mXBI sentiment scaled -0.35 \u2192 -0.27 (count=20, sources=8, scale=0.78)[0m
[32m2026-09-10 13:45:30.875[0m | [1mINFO    [0m | [36msrc.analysis.sentiment[0m:[36manalyse_sentiment[0m:[36m1601[0m - [1mTTAN raw_sentiment=-0.45 (local, 20 articles)[0m
[32m2026-09-10 13:45:33.081[0m | [1mINFO    [0m | [36msrc.analysis.sentiment[0m:[36manalyse_sentiment[0m:[36m1601[0m - [1mUNP raw_sentiment=+0.00 (local, 2 articles)[0m
[32m2026-09-10 13:45:33.081[0m | [34m[1mDEBUG   [0m | [36msrc.analysis.sentiment[0m:[36manalyse_sentiment[0m:[36m1657[0m - [34m[1mUNP sentiment scaled +0.00 \u2192 +0.00 (count=2, sources=2, scale=0.49)[0m
[32m2026-09-10 13:45:34.698[0m | [1mINFO    [0m | [36msrc.analysis.sentiment[0m:[36manalyse_sentiment[0m:[36m1601[0m - [1mUNP raw_sentiment=+0.00 (local, 3 articles)[0m
[32m2026-09-10 13:45:34.698[0m | [34m[1mDEBUG   [0m | [36msrc.analysis.sentiment[0m:[36manalyse_sentiment[0m:[36m1657[0m - [34m[1mUNP sentiment scaled +0.00 \u2192 +0.00 (count=3, sources=3, scale=0.52)[0m
[32m2026-09-10 13:45:36.430[0m | [1mINFO    [0m | [36msrc.analysis.sentiment[0m:[36manalyse_sentiment[0m:[36m1601[0m - [1mECHO raw_sentiment=+0.00 (local, 1 articles)[0m
[32m2026-09-10 13:45:36.430[0m | [34m[1mDEBUG   [0m | [36msrc.analysis.sentiment[0m:[36manalyse_sentiment[0m:[36m1657[0m - [34m[1mECHO sentiment scaled +0.00 \u2192 +0.00 (count=1, sources=1, scale=0.34)[0m
[32m2026-09-10 13:45:39.533[0m | [1mINFO    [0m | [36msrc.analysis.sentiment[0m:[36manalyse_sentiment[0m:[36m1601[0m - [1mSIG raw_sentiment=+0.15 (local, 9 articles)[0m
[32m2026-09-10 13:45:39.533[0m | [34m[1mDEBUG   [0m | [36msrc.analysis.sentiment[0m:[36manalyse_sentiment[0m:[36m1657[0m - [34m[1mSIG sentiment scaled +0.15 \u2192 +0.13 (count=9, sources=8, scale=0.84)[0m
[32m2026-09-10 13:45:41.861[0m | [1mINFO    [0m | [36msrc.analysis.sentiment[0m:[36manalyse_sentiment[0m:[36m1601[0m - [1mCRL raw_sentiment=+0.00 (local, 1 articles)[0m
[32m2026-09-10 13:45:41.861[0m | [34m[1mDEBUG   [0m | [36msrc.analysis.sentiment[0m:[36manalyse_sentiment[0m:[36m1657[0m - [34m[1mCRL sentiment scaled +0.00 \u2192 +0.00 (count=1, sources=1, scale=0.44)[0m
[32m2026-09-10 13:45:46.842[0m | [1mINFO    [0m | [36msrc.analysis.sentiment[0m:[36manalyse_sentiment[0m:[36m1601[0m - [1mNAVN raw_sentiment=+0.55 (local, 20 articles)[0m
[32m2026-09-10 13:45:49.680[0m | [1mINFO    [0m | [36msrc.analysis.sentiment[0m:[36manalyse_sentiment[0m:[36m1601[0m - [1mNET raw_sentiment=+0.25 (local, 9 articles)[0m
[32m2026-09-10 13:45:52.968[0m | [1mINFO    [0m | [36msrc.analysis.sentiment[0m:[36manalyse_sentiment[0m:[36m1601[0m - [1mXOM raw_sentiment=+0.25 (local, 10 articles)[0m
[32m2026-09-10 13:45:52.969[0m | [34m[1mDEBUG   [0m | [36msrc.analysis.sentiment[0m:[36manalyse_sentiment[0m:[36m1657[0m - [34m[1mXOM sentiment scaled +0.25 \u2192 +0.17 (count=10, sources=7, scale=0.68)[0m
[32m2026-09-10 13:45:55.072[0m | [1mINFO    [0m | [36msrc.analysis.sentiment[0m:[36manalyse_sentiment[0m:[36m1601[0m - [1mUPS raw_sentiment=+0.25 (local, 3 articles)[0m
[32m2026-09-10 13:45:55.072[0m | [34m[1mDEBUG   [0m | [36msrc.analysis.sentiment[0m:[36manalyse_sentiment[0m:[36m1657[0m - [34m[1mUPS sentiment scaled +0.25 \u2192 +0.11 (count=3, sources=3, scale=0.46)[0m
[32m2026-09-10 13:45:57.985[0m | [1mINFO    [0m | [36msrc.analysis.sentiment[0m:[36manalyse_sentiment[0m:[36m1601[0m - [1mXLP raw_sentiment=-0.25 (local, 10 articles)[0m
[32m2026-09-10 13:45:57.985[0m | [34m[1mDEBUG   [0m | [36msrc.analysis.sentiment[0m:[36manalyse_sentiment[0m:[36m1657[0m - [34m[1mXLP sentiment scaled -0.25 \u2192 -0.22 (count=10, sources=6, scale=0.89)[0m
[32m2026-09-10 13:45:59.938[0m | [1mINFO    [0m | [36msrc.analysis.sentiment[0m:[36manalyse_sentiment[0m:[36m1601[0m - [1mMRNA raw_sentiment=+0.15 (local, 3 articles)[0m
[32m2026-09-10 13:45:59.939[0m | [34m[1mDEBUG   [0m | [36msrc.analysis.sentiment[0m:[36manalyse_sentiment[0m:[36m1657[0m - [34m[1mMRNA sentiment scaled +0.15 \u2192 +0.12 (count=3, sources=3, scale=0.78)[0m
[32m2026-09-10 13:46:02.681[0m | [1mINFO    [0m | [36msrc.analysis.sentiment[0m:[36manalyse_sentiment[0m:[36m1601[0m - [1mCPAY raw_sentiment=+0.25 (local, 5 articles)[0m
[32m2026-09-10 13:46:02.681[0m | [34m[1mDEBUG   [0m | [36msrc.analysis.sentiment[0m:[36manalyse_sentiment[0m:[36m1657[0m - [34m[1mCPAY sentiment scaled +0.25 \u2192 +0.15 (count=5, sources=5, scale=0.61)[0m
[32m2026-09-10 13:46:05.935[0m | [1mINFO    [0m | [36msrc.analysis.sentiment[0m:[36manalyse_sentiment[0m:[36m1601[0m - [1mIBB raw_sentiment=+0.15 (local, 20 articles)[0m
[32m2026-09-10 13:46:05.936[0m | [34m[1mDEBUG   [0m | [36msrc.analysis.sentiment[0m:[36manalyse_sentiment[0m:[36m1657[0m - [34m[1mIBB sentiment scaled +0.15 \u2192 +0.12 (count=20, sources=9, scale=0.79)[0m
[32m2026-09-10 13:46:11.100[0m | [1mINFO    [0m | [36msrc.analysis.sentiment[0m:[36manalyse_sentiment[0m:[36m1601[0m - [1mCSR raw_sentiment=+0.55 (local, 20 articles)[0m
[32m2026-09-10 13:46:11.101[0m | [34m[1mDEBUG   [0m | [36msrc.analysis.sentiment[0m:[36manalyse_sentiment[0m:[36m1426[0m - [34m[1mBLSH sentiment abstained: 85% of the digest names it only in the body (>= 75%) — a round-up, not coverage[0m
[32m2026-09-10 13:46:11.102[0m | [34m[1mDEBUG   [0m | [36msrc.analysis.sentiment[0m:[36manalyse_sentiment[0m:[36m1426[0m - [34m[1mWFC sentiment abstained: 83% of the digest names it only in the body (>= 75%) — a round-up, not coverage[0m
[32m2026-09-10 13:46:13.864[0m | [1mINFO    [0m | [36msrc.analysis.sentiment[0m:[36manalyse_sentiment[0m:[36m1601[0m - [1mSMCIP raw_sentiment=-0.15 (local, 8 articles)[0m
[32m2026-09-10 13:46:13.864[0m | [34m[1mDEBUG   [0m | [36msrc.analysis.sentiment[0m:[36manalyse_sentiment[0m:[36m1657[0m - [34m[1mSMCIP sentiment scaled -0.15 \u2192 -0.09 (count=8, sources=8, scale=0.62)[0m
[32m2026-09-10 13:46:17.802[0m | [1mINFO    [0m | [36msrc.analysis.sentiment[0m:[36manalyse_sentiment[0m:[36m1601[0m - [1mROIV raw_sentiment=+0.35 (local, 20 articles)[0m
[32m2026-09-10 13:46:20.065[0m | [1mINFO    [0m | [36msrc.analysis.sentiment[0m:[36manalyse_sentiment[0m:[36m1601[0m - [1mABG raw_sentiment=+0.65 (local, 3 articles)[0m
[32m2026-09-10 13:46:20.065[0m | [34m[1mDEBUG   [0m | [36msrc.analysis.sentiment[0m:[36manalyse_sentiment[0m:[36m1657[0m - [34m[1mABG sentiment scaled +0.65 \u2192 +0.31 (count=3, sources=3, scale=0.48)[0m
[32m2026-09-10 13:46:24.120[0m | [1mINFO    [0m | [36msrc.analysis.sentiment[0m:[36manalyse_sentiment[0m:[36m1601[0m - [1mBLSH raw_sentiment=+0.00 (local, 20 articles)[0m
[32m2026-09-10 13:46:24.121[0m | [34m[1mDEBUG   [0m | [36msrc.analysis.sentiment[0m:[36manalyse_sentiment[0m:[36m1657[0m - [34m[1mBLSH sentiment scaled +0.00 \u2192 +0.00 (count=20, sources=12, scale=0.84)[0m
[32m2026-09-10 13:46:27.814[0m | [1mINFO    [0m | [36msrc.analysis.sentiment[0m:[36manalyse_sentiment[0m:[36m1601[0m - [1mXBI raw_sentiment=-0.15 (local, 16 articles)[0m
[32m2026-09-10 13:46:27.814[0m | [34m[1mDEBUG   [0m | [36msrc.analysis.sentiment[0m:[36manalyse_sentiment[0m:[36m1657[0m - [34m[1mXBI sentiment scaled -0.15 \u2192 -0.09 (count=16, sources=8, scale=0.58)[0m
[32m2026-09-10 13:46:32.285[0m | [1mINFO    [0m | [36msrc.analysis.sentiment[0m:[36manalyse_sentiment[0m:[36m1601[0m - [1mDOCN raw_sentiment=+0.25 (local, 19 articles)[0m
[32m2026-09-10 13:46:32.286[0m | [34m[1mDEBUG   [0m | [36msrc.analysis.sentiment[0m:[36manalyse_sentiment[0m:[36m1657[0m - [34m[1mDOCN sentiment scaled +0.25 \u2192 +0.20 (count=19, sources=16, scale=0.82)[0m
[32m2026-09-10 13:46:36.525[0m | [1mINFO    [0m | [36msrc.analysis.sentiment[0m:[36manalyse_sentiment[0m:[36m1601[0m - [1mZIM raw_sentiment=+0.75 (local, 14 articles)[0m
[32m2026-09-10 13:46:36.525[0m | [34m[1mDEBUG   [0m | [36msrc.analysis.sentiment[0m:[36manalyse_sentiment[0m:[36m1657[0m - [34m[1mZIM sentiment scaled +0.75 \u2192 +0.56 (count=14, sources=12, scale=0.75)[0m
[32m2026-09-10 13:46:38.536[0m | [1mINFO    [0m | [36msrc.analysis.sentiment[0m:[36manalyse_sentiment[0m:[36m1601[0m - [1mSNAP raw_sentiment=-0.15 (local, 1 articles)[0m
[32m2026-09-10 13:46:38.536[0m | [34m[1mDEBUG   [0m | [36msrc.analysis.sentiment[0m:[36manalyse_sentiment[0m:[36m1657[0m - [34m[1mSNAP sentiment scaled -0.15 \u2192 -0.05 (count=1, sources=1, scale=0.33)[0m
[32m2026-09-10 13:46:41.660[0m | [1mINFO    [0m | [36msrc.analysis.sentiment[0m:[36manalyse_sentiment[0m:[36m1601[0m - [1mCHYM raw_sentiment=+0.45 (local, 9 articles)[0m
[32m2026-09-10 13:46:41.660[0m | [34m[1mDEBUG   [0m | [36msrc.analysis.sentiment[0m:[36manalyse_sentiment[0m:[36m1657[0m - [34m[1mCHYM sentiment scaled +0.45 \u2192 +0.29 (count=9, sources=8, scale=0.65)[0m
[32m2026-09-10 13:46:41.660[0m | [34m[1mDEBUG   [0m | [36msrc.analysis.sentiment[0m:[36manalyse_sentiment[0m:[36m1426[0m - [34m[1mXLF sentiment abstained: 86% of the digest names it only in the body (>= 75%) — a round-up, not coverage[0m
[32m2026-09-10 13:46:44.542[0m | [1mINFO    [0m | [36msrc.analysis.sentiment[0m:[36manalyse_sentiment[0m:[36m1601[0m - [1mNIO raw_sentiment=-0.25 (local, 5 articles)[0m
[32m2026-09-10 13:46:44.542[0m | [34m[1mDEBUG   [0m | [36msrc.analysis.sentiment[0m:[36manalyse_sentiment[0m:[36m1657[0m - [34m[1mNIO sentiment scaled -0.25 \u2192 -0.20 (count=5, sources=3, scale=0.79)[0m
[32m2026-09-10 13:46:46.891[0m | [1mINFO    [0m | [36msrc.analysis.sentiment[0m:[36manalyse_sentiment[0m:[36m1601[0m - [1mGDX raw_sentiment=-0.25 (local, 2 articles)[0m
[32m2026-09-10 13:46:46.891[0m | [34m[1mDEBUG   [0m | [36msrc.analysis.sentiment[0m:[36manalyse_sentiment[0m:[36m1657[0m - [34m[1mGDX sentiment scaled -0.25 \u2192 -0.11 (count=2, sources=2, scale=0.45)[0m
[32m2026-09-10 13:46:50.105[0m | [1mINFO    [0m | [36msrc.analysis.sentiment[0m:[36manalyse_sentiment[0m:[36m1601[0m - [1mXLV raw_sentiment=-0.35 (local, 18 articles)[0m
[32m2026-09-10 13:46:51.741[0m | [1mINFO    [0m | [36msrc.analysis.sentiment[0m:[36manalyse_sentiment[0m:[36m1601[0m - [1mDAKT raw_sentiment=-0.05 (local, 1 articles)[0m
[32m2026-09-10 13:46:51.741[0m | [34m[1mDEBUG   [0m | [36msrc.analysis.sentiment[0m:[36manalyse_sentiment[0m:[36m1657[0m - [34m[1mDAKT sentiment scaled -0.05 \u2192 -0.02 (count=1, sources=1, scale=0.37)[0m
[32m2026-09-10 13:46:53.883[0m | [1mINFO    [0m | [36msrc.analysis.sentiment[0m:[36manalyse_sentiment[0m:[36m1601[0m - [1mXHB raw_sentiment=-0.25 (local, 5 articles)[0m
[32m2026-09-10 13:46:53.883[0m | [34m[1mDEBUG   [0m | [36msrc.analysis.sentiment[0m:[36manalyse_sentiment[0m:[36m1657[0m - [34m[1mXHB sentiment scaled -0.25 \u2192 -0.15 (count=5, sources=5, scale=0.60)[0m
[32m2026-09-10 13:46:57.506[0m | [1mINFO    [0m | [36msrc.analysis.sentiment[0m:[36manalyse_sentiment[0m:[36m1601[0m - [1mSPY raw_sentiment=-0.15 (local, 20 articles)[0m
[32m2026-09-10 13:46:57.506[0m | [34m[1mDEBUG   [0m | [36msrc.analysis.sentiment[0m:[36manalyse_sentiment[0m:[36m1657[0m - [34m[1mSPY sentiment scaled -0.15 \u2192 -0.12 (count=20, sources=12, scale=0.83)[0m
[32m2026-09-10 13:47:01.803[0m | [1mINFO    [0m | [36msrc.analysis.sentiment[0m:[36manalyse_sentiment[0m:[36m1601[0m - [1mIBIT raw_sentiment=-0.15 (local, 16 articles)[0m
[32m2026-09-10 13:47:01.803[0m | [34m[1mDEBUG   [0m | [36msrc.analysis.sentiment[0m:[36manalyse_sentiment[0m:[36m1657[0m - [34m[1mIBIT sentiment scaled -0.15 \u2192 -0.12 (count=16, sources=13, scale=0.81)[0m
[32m2026-09-10 13:47:04.168[0m | [1mINFO    [0m | [36msrc.analysis.sentiment[0m:[36manalyse_sentiment[0m:[36m1601[0m - [1mRDDT raw_sentiment=+0.15 (local, 3 articles)[0m
[32m2026-09-10 13:47:04.168[0m | [34m[1mDEBUG   [0m | [36msrc.analysis.sentiment[0m:[36manalyse_sentiment[0m:[36m1657[0m - [34m[1mRDDT sentiment scaled +0.15 \u2192 +0.06 (count=3, sources=3, scale=0.42)[0m
[32m2026-09-10 13:47:08.452[0m | [1mINFO    [0m | [36msrc.analysis.sentiment[0m:[36manalyse_sentiment[0m:[36m1601[0m - [1mDOCN raw_sentiment=+0.75 (local, 20 articles)[0m
[32m2026-09-10 13:47:08.453[0m | [34m[1mDEBUG   [0m | [36msrc.analysis.sentiment[0m:[36manalyse_sentiment[0m:[36m1657[0m - [34m[1mDOCN sentiment scaled +0.75 \u2192 +0.62 (count=20, sources=17, scale=0.83)[0m
[32m2026-09-10 13:47:10.647[0m | [1mINFO    [0m | [36msrc.analysis.sentiment[0m:[36manalyse_sentiment[0m:[36m1601[0m - [1mHWM raw_sentiment=-0.15 (local, 4 articles)[0m
[32m2026-09-10 13:47:10.647[0m | [34m[1mDEBUG   [0m | [36msrc.analysis.sentiment[0m:[36manalyse_sentiment[0m:[36m1657[0m - [34m[1mHWM sentiment scaled -0.15 \u2192 -0.06 (count=4, sources=2, scale=0.42)[0m
[32m2026-09-10 13:47:14.408[0m | [1mINFO    [0m | [36msrc.analysis.sentiment[0m:[36manalyse_sentiment[0m:[36m1601[0m - [1mIBIT raw_sentiment=+0.45 (local, 14 articles)[0m
[32m2026-09-10 13:47:14.408[0m | [34m[1mDEBUG   [0m | [36msrc.analysis.sentiment[0m:[36manalyse_sentiment[0m:[36m1657[0m - [34m[1mIBIT sentiment scaled +0.45 \u2192 +0.34 (count=14, sources=11, scale=0.76)[0m
[32m2026-09-10 13:47:18.770[0m | [1mINFO    [0m | [36msrc.analysis.sentiment[0m:[36manalyse_sentiment[0m:[36m1601[0m - [1mBRK-B raw_sentiment=+0.05 (local, 20 articles)[0m
[32m2026-09-10 13:47:18.770[0m | [34m[1mDEBUG   [0m | [36msrc.analysis.sentiment[0m:[36manalyse_sentiment[0m:[36m1657[0m - [34m[1mBRK-B sentiment scaled +0.05 \u2192 +0.04 (count=20, sources=12, scale=0.88)[0m
[32m2026-09-10 13:47:21.230[0m | [1mINFO    [0m | [36msrc.analysis.sentiment[0m:[36manalyse_sentiment[0m:[36m1601[0m - [1mSNDK raw_sentiment=+0.45 (local, 1 articles)[0m
[32m2026-09-10 13:47:21.230[0m | [34m[1mDEBUG   [0m | [36msrc.analysis.sentiment[0m:[36manalyse_sentiment[0m:[36m1657[0m - [34m[1mSNDK sentiment scaled +0.45 \u2192 +0.14 (count=1, sources=1, scale=0.32)[0m
[32m2026-09-10 13:47:23.636[0m | [1mINFO    [0m | [36msrc.analysis.sentiment[0m:[36manalyse_sentiment[0m:[36m1601[0m - [1mSMCIP raw_sentiment=+0.15 (local, 7 articles)[0m
[32m2026-09-10 13:47:23.636[0m | [34m[1mDEBUG   [0m | [36msrc.analysis.sentiment[0m:[36manalyse_sentiment[0m:[36m1657[0m - [34m[1mSMCIP sentiment scaled +0.15 \u2192 +0.09 (count=7, sources=7, scale=0.61)[0m
[32m2026-09-10 13:47:23.638[0m | [34m[1mDEBUG   [0m | [36msrc.analysis.sentiment[0m:[36manalyse_sentiment[0m:[36m1426[0m - [34m[1mAEP sentiment abstained: 100% of the digest names it only in the body (>= 75%) — a round-up, not coverage[0m
[32m2026-09-10 13:47:26.145[0m | [1mINFO    [0m | [36msrc.analysis.sentiment[0m:[36manalyse_sentiment[0m:[36m1601[0m - [1mLLY raw_sentiment=-0.15 (local, 6 articles)[0m
[32m2026-09-10 13:47:26.146[0m | [34m[1mDEBUG   [0m | [36msrc.analysis.sentiment[0m:[36manalyse_sentiment[0m:[36m1657[0m - [34m[1mLLY sentiment scaled -0.15 \u2192 -0.09 (count=6, sources=4, scale=0.59)[0m
[32m2026-09-10 13:47:30.682[0m | [1mINFO    [0m | [36msrc.analysis.sentiment[0m:[36manalyse_sentiment[0m:[36m1601[0m - [1mAVAV raw_sentiment=+0.15 (local, 20 articles)[0m
[32m2026-09-10 13:47:32.379[0m | [1mINFO    [0m | [36msrc.analysis.sentiment[0m:[36manalyse_sentiment[0m:[36m1601[0m - [1mFBRX raw_sentiment=+0.15 (local, 1 articles)[0m
[32m2026-09-10 13:47:32.380[0m | [34m[1mDEBUG   [0m | [36msrc.analysis.sentiment[0m:[36manalyse_sentiment[0m:[36m1657[0m - [34m[1mFBRX sentiment scaled +0.15 \u2192 +0.05 (count=1, sources=1, scale=0.33)[0m
[32m2026-09-10 13:47:35.342[0m | [1mINFO    [0m | [36msrc.analysis.sentiment[0m:[36manalyse_sentiment[0m:[36m1601[0m - [1mJPM raw_sentiment=+0.00 (local, 7 articles)[0m
[32m2026-09-10 13:47:35.343[0m | [34m[1mDEBUG   [0m | [36msrc.analysis.sentiment[0m:[36manalyse_sentiment[0m:[36m1657[0m - [34m[1mJPM sentiment scaled +0.00 \u2192 +0.00 (count=7, sources=5, scale=0.55)[0m
[32m2026-09-10 13:47:39.983[0m | [1mINFO    [0m | [36msrc.analysis.sentiment[0m:[36manalyse_sentiment[0m:[36m1601[0m - [1mPHVS raw_sentiment=+0.75 (local, 20 articles)[0m
[32m2026-09-10 13:47:39.983[0m | [34m[1mDEBUG   [0m | [36msrc.analysis.sentiment[0m:[36manalyse_sentiment[0m:[36m1657[0m - [34m[1mPHVS sentiment scaled +0.75 \u2192 +0.66 (count=20, sources=16, scale=0.87)[0m
  150/400 in 419s (dropped non-local: 0)
[32m2026-09-10 13:47:43.162[0m | [1mINFO    [0m | [36msrc.analysis.sentiment[0m:[36manalyse_sentiment[0m:[36m1601[0m - [1mXLF raw_sentiment=+0.25 (local, 13 articles)[0m
[32m2026-09-10 13:47:43.162[0m | [34m[1mDEBUG   [0m | [36msrc.analysis.sentiment[0m:[36manalyse_sentiment[0m:[36m1657[0m - [34m[1mXLF sentiment scaled +0.25 \u2192 +0.15 (count=13, sources=9, scale=0.59)[0m
[32m2026-09-10 13:47:47.330[0m | [1mINFO    [0m | [36msrc.analysis.sentiment[0m:[36manalyse_sentiment[0m:[36m1601[0m - [1mIRD raw_sentiment=+0.65 (local, 20 articles)[0m
[32m2026-09-10 13:47:48.986[0m | [1mINFO    [0m | [36msrc.analysis.sentiment[0m:[36manalyse_sentiment[0m:[36m1601[0m - [1mBLTE raw_sentiment=+0.05 (local, 1 articles)[0m
[32m2026-09-10 13:47:48.986[0m | [34m[1mDEBUG   [0m | [36msrc.analysis.sentiment[0m:[36manalyse_sentiment[0m:[36m1657[0m - [34m[1mBLTE sentiment scaled +0.05 \u2192 +0.02 (count=1, sources=1, scale=0.32)[0m
[32m2026-09-10 13:47:51.024[0m | [1mINFO    [0m | [36msrc.analysis.sentiment[0m:[36manalyse_sentiment[0m:[36m1601[0m - [1mBLTE raw_sentiment=+0.35 (local, 4 articles)[0m
[32m2026-09-10 13:47:51.024[0m | [34m[1mDEBUG   [0m | [36msrc.analysis.sentiment[0m:[36manalyse_sentiment[0m:[36m1657[0m - [34m[1mBLTE sentiment scaled +0.35 \u2192 +0.20 (count=4, sources=3, scale=0.56)[0m
[32m2026-09-10 13:47:53.098[0m | [1mINFO    [0m | [36msrc.analysis.sentiment[0m:[36manalyse_sentiment[0m:[36m1601[0m - [1mRDDT raw_sentiment=-0.15 (local, 5 articles)[0m
[32m2026-09-10 13:47:53.098[0m | [34m[1mDEBUG   [0m | [36msrc.analysis.sentiment[0m:[36manalyse_sentiment[0m:[36m1657[0m - [34m[1mRDDT sentiment scaled -0.15 \u2192 -0.12 (count=5, sources=5, scale=0.82)[0m
[32m2026-09-10 13:47:56.991[0m | [1mINFO    [0m | [36msrc.analysis.sentiment[0m:[36manalyse_sentiment[0m:[36m1601[0m - [1mIRD raw_sentiment=+0.45 (local, 20 articles)[0m
[32m2026-09-10 13:47:59.296[0m | [1mINFO    [0m | [36msrc.analysis.sentiment[0m:[36manalyse_sentiment[0m:[36m1601[0m - [1mZBIO raw_sentiment=+0.00 (local, 1 articles)[0m
[32m2026-09-10 13:47:59.296[0m | [34m[1mDEBUG   [0m | [36msrc.analysis.sentiment[0m:[36manalyse_sentiment[0m:[36m1657[0m - [34m[1mZBIO sentiment scaled +0.00 \u2192 +0.00 (count=1, sources=1, scale=0.34)[0m
[32m2026-09-10 13:48:01.524[0m | [1mINFO    [0m | [36msrc.analysis.sentiment[0m:[36manalyse_sentiment[0m:[36m1601[0m - [1mLITE raw_sentiment=+0.15 (local, 6 articles)[0m
[32m2026-09-10 13:48:01.524[0m | [34m[1mDEBUG   [0m | [36msrc.analysis.sentiment[0m:[36manalyse_sentiment[0m:[36m1657[0m - [34m[1mLITE sentiment scaled +0.15 \u2192 +0.10 (count=6, sources=6, scale=0.67)[0m
[32m2026-09-10 13:48:04.847[0m | [1mINFO    [0m | [36msrc.analysis.sentiment[0m:[36manalyse_sentiment[0m:[36m1601[0m - [1mNET raw_sentiment=+0.25 (local, 15 articles)[0m
[32m2026-09-10 13:48:07.555[0m | [1mINFO    [0m | [36msrc.analysis.sentiment[0m:[36manalyse_sentiment[0m:[36m1601[0m - [1mCROX raw_sentiment=+0.15 (local, 2 articles)[0m
[32m2026-09-10 13:48:07.555[0m | [34m[1mDEBUG   [0m | [36msrc.analysis.sentiment[0m:[36manalyse_sentiment[0m:[36m1657[0m - [34m[1mCROX sentiment scaled +0.15 \u2192 +0.06 (count=2, sources=2, scale=0.41)[0m
[32m2026-09-10 13:48:10.599[0m | [1mINFO    [0m | [36msrc.analysis.sentiment[0m:[36manalyse_sentiment[0m:[36m1601[0m - [1mGM raw_sentiment=+0.75 (local, 11 articles)[0m
[32m2026-09-10 13:48:10.599[0m | [34m[1mDEBUG   [0m | [36msrc.analysis.sentiment[0m:[36manalyse_sentiment[0m:[36m1657[0m - [34m[1mGM sentiment scaled +0.75 \u2192 +0.54 (count=11, sources=9, scale=0.71)[0m
[32m2026-09-10 13:48:12.266[0m | [1mINFO    [0m | [36msrc.analysis.sentiment[0m:[36manalyse_sentiment[0m:[36m1601[0m - [1mFBRX raw_sentiment=+0.15 (local, 1 articles)[0m
[32m2026-09-10 13:48:12.266[0m | [34m[1mDEBUG   [0m | [36msrc.analysis.sentiment[0m:[36manalyse_sentiment[0m:[36m1657[0m - [34m[1mFBRX sentiment scaled +0.15 \u2192 +0.06 (count=1, sources=1, scale=0.41)[0m
[32m2026-09-10 13:48:14.932[0m | [1mINFO    [0m | [36msrc.analysis.sentiment[0m:[36manalyse_sentiment[0m:[36m1601[0m - [1mXLY raw_sentiment=-0.15 (local, 9 articles)[0m
[32m2026-09-10 13:48:14.932[0m | [34m[1mDEBUG   [0m | [36msrc.analysis.sentiment[0m:[36manalyse_sentiment[0m:[36m1657[0m - [34m[1mXLY sentiment scaled -0.15 \u2192 -0.10 (count=9, sources=4, scale=0.70)[0m
[32m2026-09-10 13:48:20.112[0m | [1mINFO    [0m | [36msrc.analysis.sentiment[0m:[36manalyse_sentiment[0m:[36m1601[0m - [1mSUNB raw_sentiment=+0.15 (local, 20 articles)[0m
[32m2026-09-10 13:48:24.024[0m | [1mINFO    [0m | [36msrc.analysis.sentiment[0m:[36manalyse_sentiment[0m:[36m1601[0m - [1mROIV raw_sentiment=+0.15 (local, 20 articles)[0m
[32m2026-09-10 13:48:24.024[0m | [34m[1mDEBUG   [0m | [36msrc.analysis.sentiment[0m:[36manalyse_sentiment[0m:[36m1657[0m - [34m[1mROIV sentiment scaled +0.15 \u2192 +0.13 (count=20, sources=17, scale=0.86)[0m
[32m2026-09-10 13:48:28.872[0m | [1mINFO    [0m | [36msrc.analysis.sentiment[0m:[36manalyse_sentiment[0m:[36m1601[0m - [1mSMH raw_sentiment=+0.45 (local, 20 articles)[0m
[32m2026-09-10 13:48:31.932[0m | [1mINFO    [0m | [36msrc.analysis.sentiment[0m:[36manalyse_sentiment[0m:[36m1601[0m - [1mSDRL raw_sentiment=+0.45 (local, 2 articles)[0m
[32m2026-09-10 13:48:31.932[0m | [34m[1mDEBUG   [0m | [36msrc.analysis.sentiment[0m:[36manalyse_sentiment[0m:[36m1657[0m - [34m[1mSDRL sentiment scaled +0.45 \u2192 +0.27 (count=2, sources=2, scale=0.60)[0m
[32m2026-09-10 13:48:34.149[0m | [1mINFO    [0m | [36msrc.analysis.sentiment[0m:[36manalyse_sentiment[0m:[36m1601[0m - [1mVG raw_sentiment=-0.25 (local, 1 articles)[0m
[32m2026-09-10 13:48:34.150[0m | [34m[1mDEBUG   [0m | [36msrc.analysis.sentiment[0m:[36manalyse_sentiment[0m:[36m1657[0m - [34m[1mVG sentiment scaled -0.25 \u2192 -0.10 (count=1, sources=1, scale=0.39)[0m
[32m2026-09-10 13:48:37.919[0m | [1mINFO    [0m | [36msrc.analysis.sentiment[0m:[36manalyse_sentiment[0m:[36m1601[0m - [1mLEN-B raw_sentiment=-0.65 (local, 14 articles)[0m
[32m2026-09-10 13:48:37.919[0m | [34m[1mDEBUG   [0m | [36msrc.analysis.sentiment[0m:[36manalyse_sentiment[0m:[36m1657[0m - [34m[1mLEN-B sentiment scaled -0.65 \u2192 -0.55 (count=14, sources=9, scale=0.85)[0m
[32m2026-09-10 13:48:43.475[0m | [1mINFO    [0m | [36msrc.analysis.sentiment[0m:[36manalyse_sentiment[0m:[36m1601[0m - [1mASST raw_sentiment=+0.75 (local, 15 articles)[0m
[32m2026-09-10 13:48:43.476[0m | [34m[1mDEBUG   [0m | [36msrc.analysis.sentiment[0m:[36manalyse_sentiment[0m:[36m1657[0m - [34m[1mASST sentiment scaled +0.75 \u2192 +0.66 (count=15, sources=14, scale=0.87)[0m
[32m2026-09-10 13:48:47.483[0m | [1mINFO    [0m | [36msrc.analysis.sentiment[0m:[36manalyse_sentiment[0m:[36m1601[0m - [1mM raw_sentiment=-0.35 (local, 20 articles)[0m
[32m2026-09-10 13:48:52.142[0m | [1mINFO    [0m | [36msrc.analysis.sentiment[0m:[36manalyse_sentiment[0m:[36m1601[0m - [1mBRK-B raw_sentiment=+0.25 (local, 20 articles)[0m
[32m2026-09-10 13:48:52.142[0m | [34m[1mDEBUG   [0m | [36msrc.analysis.sentiment[0m:[36manalyse_sentiment[0m:[36m1657[0m - [34m[1mBRK-B sentiment scaled +0.25 \u2192 +0.21 (count=20, sources=10, scale=0.83)[0m
[32m2026-09-10 13:48:54.275[0m | [1mINFO    [0m | [36msrc.analysis.sentiment[0m:[36manalyse_sentiment[0m:[36m1601[0m - [1mCRNX raw_sentiment=-0.65 (local, 1 articles)[0m
[32m2026-09-10 13:48:54.275[0m | [34m[1mDEBUG   [0m | [36msrc.analysis.sentiment[0m:[36manalyse_sentiment[0m:[36m1657[0m - [34m[1mCRNX sentiment scaled -0.65 \u2192 -0.25 (count=1, sources=1, scale=0.39)[0m
[32m2026-09-10 13:48:54.276[0m | [34m[1mDEBUG   [0m | [36msrc.analysis.sentiment[0m:[36manalyse_sentiment[0m:[36m1426[0m - [34m[1mGLD sentiment abstained: 100% of the digest names it only in the body (>= 75%) — a round-up, not coverage[0m
[32m2026-09-10 13:48:56.724[0m | [1mINFO    [0m | [36msrc.analysis.sentiment[0m:[36manalyse_sentiment[0m:[36m1601[0m - [1mLIT raw_sentiment=+0.15 (local, 2 articles)[0m
[32m2026-09-10 13:48:56.724[0m | [34m[1mDEBUG   [0m | [36msrc.analysis.sentiment[0m:[36manalyse_sentiment[0m:[36m1657[0m - [34m[1mLIT sentiment scaled +0.15 \u2192 +0.07 (count=2, sources=2, scale=0.47)[0m
[32m2026-09-10 13:48:59.854[0m | [1mINFO    [0m | [36msrc.analysis.sentiment[0m:[36manalyse_sentiment[0m:[36m1601[0m - [1mXLF raw_sentiment=-0.15 (local, 12 articles)[0m
[32m2026-09-10 13:48:59.855[0m | [34m[1mDEBUG   [0m | [36msrc.analysis.sentiment[0m:[36manalyse_sentiment[0m:[36m1657[0m - [34m[1mXLF sentiment scaled -0.15 \u2192 -0.09 (count=12, sources=8, scale=0.58)[0m
[32m2026-09-10 13:49:02.068[0m | [1mINFO    [0m | [36msrc.analysis.sentiment[0m:[36manalyse_sentiment[0m:[36m1601[0m - [1mITA raw_sentiment=+0.00 (local, 3 articles)[0m
[32m2026-09-10 13:49:02.069[0m | [34m[1mDEBUG   [0m | [36msrc.analysis.sentiment[0m:[36manalyse_sentiment[0m:[36m1657[0m - [34m[1mITA sentiment scaled +0.00 \u2192 +0.00 (count=3, sources=2, scale=0.46)[0m
[32m2026-09-10 13:49:04.670[0m | [1mINFO    [0m | [36msrc.analysis.sentiment[0m:[36manalyse_sentiment[0m:[36m1601[0m - [1mSGI raw_sentiment=+0.45 (local, 5 articles)[0m
[32m2026-09-10 13:49:04.670[0m | [34m[1mDEBUG   [0m | [36msrc.analysis.sentiment[0m:[36manalyse_sentiment[0m:[36m1657[0m - [34m[1mSGI sentiment scaled +0.45 \u2192 +0.23 (count=5, sources=4, scale=0.50)[0m
[32m2026-09-10 13:49:07.449[0m | [1mINFO    [0m | [36msrc.analysis.sentiment[0m:[36manalyse_sentiment[0m:[36m1601[0m - [1mXHB raw_sentiment=-0.15 (local, 5 articles)[0m
[32m2026-09-10 13:49:07.449[0m | [34m[1mDEBUG   [0m | [36msrc.analysis.sentiment[0m:[36manalyse_sentiment[0m:[36m1657[0m - [34m[1mXHB sentiment scaled -0.15 \u2192 -0.08 (count=5, sources=5, scale=0.54)[0m
[32m2026-09-10 13:49:11.138[0m | [1mINFO    [0m | [36msrc.analysis.sentiment[0m:[36manalyse_sentiment[0m:[36m1601[0m - [1mXLE raw_sentiment=+0.65 (local, 20 articles)[0m
[32m2026-09-10 13:49:11.140[0m | [34m[1mDEBUG   [0m | [36msrc.analysis.sentiment[0m:[36manalyse_sentiment[0m:[36m1426[0m - [34m[1mBYD sentiment abstained: 100% of the digest names it only in the body (>= 75%) — a round-up, not coverage[0m
[32m2026-09-10 13:49:11.143[0m | [34m[1mDEBUG   [0m | [36msrc.analysis.sentiment[0m:[36manalyse_sentiment[0m:[36m1426[0m - [34m[1mXLRE sentiment abstained: 75% of the digest names it only in the body (>= 75%) — a round-up, not coverage[0m
[32m2026-09-10 13:49:15.874[0m | [1mINFO    [0m | [36msrc.analysis.sentiment[0m:[36manalyse_sentiment[0m:[36m1601[0m - [1mPHVS raw_sentiment=+0.15 (local, 19 articles)[0m
[32m2026-09-10 13:49:18.934[0m | [1mINFO    [0m | [36msrc.analysis.sentiment[0m:[36manalyse_sentiment[0m:[36m1601[0m - [1mIGV raw_sentiment=-0.45 (local, 9 articles)[0m
[32m2026-09-10 13:49:18.935[0m | [34m[1mDEBUG   [0m | [36msrc.analysis.sentiment[0m:[36manalyse_sentiment[0m:[36m1657[0m - [34m[1mIGV sentiment scaled -0.45 \u2192 -0.28 (count=9, sources=7, scale=0.62)[0m
[32m2026-09-10 13:49:22.347[0m | [1mINFO    [0m | [36msrc.analysis.sentiment[0m:[36manalyse_sentiment[0m:[36m1601[0m - [1mZIM raw_sentiment=-0.75 (local, 6 articles)[0m
[32m2026-09-10 13:49:22.347[0m | [34m[1mDEBUG   [0m | [36msrc.analysis.sentiment[0m:[36manalyse_sentiment[0m:[36m1657[0m - [34m[1mZIM sentiment scaled -0.75 \u2192 -0.53 (count=6, sources=5, scale=0.71)[0m
[32m2026-09-10 13:49:25.195[0m | [1mINFO    [0m | [36msrc.analysis.sentiment[0m:[36manalyse_sentiment[0m:[36m1601[0m - [1mXBI raw_sentiment=+0.25 (local, 4 articles)[0m
[32m2026-09-10 13:49:25.195[0m | [34m[1mDEBUG   [0m | [36msrc.analysis.sentiment[0m:[36manalyse_sentiment[0m:[36m1657[0m - [34m[1mXBI sentiment scaled +0.25 \u2192 +0.18 (count=4, sources=3, scale=0.73)[0m
[32m2026-09-10 13:49:28.053[0m | [1mINFO    [0m | [36msrc.analysis.sentiment[0m:[36manalyse_sentiment[0m:[36m1601[0m - [1mTBBK raw_sentiment=-0.75 (local, 6 articles)[0m
[32m2026-09-10 13:49:28.053[0m | [34m[1mDEBUG   [0m | [36msrc.analysis.sentiment[0m:[36manalyse_sentiment[0m:[36m1657[0m - [34m[1mTBBK sentiment scaled -0.75 \u2192 -0.58 (count=6, sources=6, scale=0.77)[0m
[32m2026-09-10 13:49:30.100[0m | [1mINFO    [0m | [36msrc.analysis.sentiment[0m:[36manalyse_sentiment[0m:[36m1601[0m - [1mITA raw_sentiment=+0.00 (local, 2 articles)[0m
[32m2026-09-10 13:49:30.100[0m | [34m[1mDEBUG   [0m | [36msrc.analysis.sentiment[0m:[36manalyse_sentiment[0m:[36m1657[0m - [34m[1mITA sentiment scaled +0.00 \u2192 +0.00 (count=2, sources=2, scale=0.43)[0m
[32m2026-09-10 13:49:33.523[0m | [1mINFO    [0m | [36msrc.analysis.sentiment[0m:[36manalyse_sentiment[0m:[36m1601[0m - [1mSPY raw_sentiment=-0.15 (local, 20 articles)[0m
[32m2026-09-10 13:49:33.523[0m | [34m[1mDEBUG   [0m | [36msrc.analysis.sentiment[0m:[36manalyse_sentiment[0m:[36m1657[0m - [34m[1mSPY sentiment scaled -0.15 \u2192 -0.13 (count=20, sources=12, scale=0.85)[0m
[32m2026-09-10 13:49:37.339[0m | [1mINFO    [0m | [36msrc.analysis.sentiment[0m:[36manalyse_sentiment[0m:[36m1601[0m - [1mWBD raw_sentiment=+0.45 (local, 17 articles)[0m
[32m2026-09-10 13:49:42.584[0m | [1mINFO    [0m | [36msrc.analysis.sentiment[0m:[36manalyse_sentiment[0m:[36m1601[0m - [1mAVAV raw_sentiment=+0.35 (local, 20 articles)[0m
[32m2026-09-10 13:49:45.893[0m | [1mINFO    [0m | [36msrc.analysis.sentiment[0m:[36manalyse_sentiment[0m:[36m1601[0m - [1mJPM raw_sentiment=-0.05 (local, 10 articles)[0m
[32m2026-09-10 13:49:45.893[0m | [34m[1mDEBUG   [0m | [36msrc.analysis.sentiment[0m:[36manalyse_sentiment[0m:[36m1657[0m - [34m[1mJPM sentiment scaled -0.05 \u2192 -0.03 (count=10, sources=7, scale=0.65)[0m
[32m2026-09-10 13:49:45.893[0m | [34m[1mDEBUG   [0m | [36msrc.analysis.sentiment[0m:[36manalyse_sentiment[0m:[36m1426[0m - [34m[1mXLRE sentiment abstained: 86% of the digest names it only in the body (>= 75%) — a round-up, not coverage[0m
[32m2026-09-10 13:49:45.894[0m | [34m[1mDEBUG   [0m | [36msrc.analysis.sentiment[0m:[36manalyse_sentiment[0m:[36m1426[0m - [34m[1mJPM sentiment abstained: 89% of the digest names it only in the body (>= 75%) — a round-up, not coverage[0m
[32m2026-09-10 13:49:48.240[0m | [1mINFO    [0m | [36msrc.analysis.sentiment[0m:[36manalyse_sentiment[0m:[36m1601[0m - [1mCROX raw_sentiment=+0.15 (local, 1 articles)[0m
[32m2026-09-10 13:49:48.240[0m | [34m[1mDEBUG   [0m | [36msrc.analysis.sentiment[0m:[36manalyse_sentiment[0m:[36m1657[0m - [34m[1mCROX sentiment scaled +0.15 \u2192 +0.05 (count=1, sources=1, scale=0.34)[0m
[32m2026-09-10 13:49:50.321[0m | [1mINFO    [0m | [36msrc.analysis.sentiment[0m:[36manalyse_sentiment[0m:[36m1601[0m - [1mHWM raw_sentiment=+0.15 (local, 1 articles)[0m
[32m2026-09-10 13:49:50.321[0m | [34m[1mDEBUG   [0m | [36msrc.analysis.sentiment[0m:[36manalyse_sentiment[0m:[36m1657[0m - [34m[1mHWM sentiment scaled +0.15 \u2192 +0.05 (count=1, sources=1, scale=0.32)[0m
[32m2026-09-10 13:49:54.206[0m | [1mINFO    [0m | [36msrc.analysis.sentiment[0m:[36manalyse_sentiment[0m:[36m1601[0m - [1mNET raw_sentiment=+0.65 (local, 20 articles)[0m
[32m2026-09-10 13:49:57.010[0m | [1mINFO    [0m | [36msrc.analysis.sentiment[0m:[36manalyse_sentiment[0m:[36m1601[0m - [1mAAOI raw_sentiment=+0.15 (local, 2 articles)[0m
[32m2026-09-10 13:49:57.010[0m | [34m[1mDEBUG   [0m | [36msrc.analysis.sentiment[0m:[36manalyse_sentiment[0m:[36m1657[0m - [34m[1mAAOI sentiment scaled +0.15 \u2192 +0.08 (count=2, sources=2, scale=0.52)[0m
[32m2026-09-10 13:49:57.011[0m | [34m[1mDEBUG   [0m | [36msrc.analysis.sentiment[0m:[36manalyse_sentiment[0m:[36m1426[0m - [34m[1mXLF sentiment abstained: 76% of the digest names it only in the body (>= 75%) — a round-up, not coverage[0m
[32m2026-09-10 13:49:58.649[0m | [1mINFO    [0m | [36msrc.analysis.sentiment[0m:[36manalyse_sentiment[0m:[36m1601[0m - [1mZS raw_sentiment=+0.05 (local, 2 articles)[0m
[32m2026-09-10 13:49:58.649[0m | [34m[1mDEBUG   [0m | [36msrc.analysis.sentiment[0m:[36manalyse_sentiment[0m:[36m1657[0m - [34m[1mZS sentiment scaled +0.05 \u2192 +0.02 (count=2, sources=2, scale=0.38)[0m
  200/400 in 557s (dropped non-local: 0)
[32m2026-09-10 13:49:58.650[0m | [34m[1mDEBUG   [0m | [36msrc.analysis.sentiment[0m:[36manalyse_sentiment[0m:[36m1426[0m - [34m[1mSPY sentiment abstained: 80% of the digest names it only in the body (>= 75%) — a round-up, not coverage[0m
[32m2026-09-10 13:50:02.902[0m | [1mINFO    [0m | [36msrc.analysis.sentiment[0m:[36manalyse_sentiment[0m:[36m1601[0m - [1mBRK-B raw_sentiment=+0.55 (local, 17 articles)[0m
[32m2026-09-10 13:50:02.902[0m | [34m[1mDEBUG   [0m | [36msrc.analysis.sentiment[0m:[36manalyse_sentiment[0m:[36m1657[0m - [34m[1mBRK-B sentiment scaled +0.55 \u2192 +0.47 (count=17, sources=8, scale=0.86)[0m
[32m2026-09-10 13:50:05.114[0m | [1mINFO    [0m | [36msrc.analysis.sentiment[0m:[36manalyse_sentiment[0m:[36m1601[0m - [1mPURR raw_sentiment=-0.05 (local, 1 articles)[0m
[32m2026-09-10 13:50:05.115[0m | [34m[1mDEBUG   [0m | [36msrc.analysis.sentiment[0m:[36manalyse_sentiment[0m:[36m1657[0m - [34m[1mPURR sentiment scaled -0.05 \u2192 -0.02 (count=1, sources=1, scale=0.33)[0m
[32m2026-09-10 13:50:08.450[0m | [1mINFO    [0m | [36msrc.analysis.sentiment[0m:[36manalyse_sentiment[0m:[36m1601[0m - [1mPTON raw_sentiment=-0.45 (local, 14 articles)[0m
[32m2026-09-10 13:50:08.450[0m | [34m[1mDEBUG   [0m | [36msrc.analysis.sentiment[0m:[36manalyse_sentiment[0m:[36m1657[0m - [34m[1mPTON sentiment scaled -0.45 \u2192 -0.36 (count=14, sources=14, scale=0.80)[0m
[32m2026-09-10 13:50:13.074[0m | [1mINFO    [0m | [36msrc.analysis.sentiment[0m:[36manalyse_sentiment[0m:[36m1601[0m - [1mDDOG raw_sentiment=-0.25 (local, 14 articles)[0m
[32m2026-09-10 13:50:13.075[0m | [34m[1mDEBUG   [0m | [36msrc.analysis.sentiment[0m:[36manalyse_sentiment[0m:[36m1657[0m - [34m[1mDDOG sentiment scaled -0.25 \u2192 -0.19 (count=14, sources=6, scale=0.77)[0m
[32m2026-09-10 13:50:15.615[0m | [1mINFO    [0m | [36msrc.analysis.sentiment[0m:[36manalyse_sentiment[0m:[36m1601[0m - [1mGIII raw_sentiment=+0.15 (local, 6 articles)[0m
[32m2026-09-10 13:50:15.615[0m | [34m[1mDEBUG   [0m | [36msrc.analysis.sentiment[0m:[36manalyse_sentiment[0m:[36m1657[0m - [34m[1mGIII sentiment scaled +0.15 \u2192 +0.07 (count=6, sources=3, scale=0.45)[0m
[32m2026-09-10 13:50:19.003[0m | [1mINFO    [0m | [36msrc.analysis.sentiment[0m:[36manalyse_sentiment[0m:[36m1601[0m - [1mNAVN raw_sentiment=-0.45 (local, 9 articles)[0m
[32m2026-09-10 13:50:19.003[0m | [34m[1mDEBUG   [0m | [36msrc.analysis.sentiment[0m:[36manalyse_sentiment[0m:[36m1657[0m - [34m[1mNAVN sentiment scaled -0.45 \u2192 -0.38 (count=9, sources=8, scale=0.85)[0m
[32m2026-09-10 13:50:23.234[0m | [1mINFO    [0m | [36msrc.analysis.sentiment[0m:[36manalyse_sentiment[0m:[36m1601[0m - [1mXBI raw_sentiment=+0.25 (local, 20 articles)[0m
[32m2026-09-10 13:50:23.234[0m | [34m[1mDEBUG   [0m | [36msrc.analysis.sentiment[0m:[36manalyse_sentiment[0m:[36m1657[0m - [34m[1mXBI sentiment scaled +0.25 \u2192 +0.20 (count=20, sources=12, scale=0.78)[0m
[32m2026-09-10 13:50:25.416[0m | [1mINFO    [0m | [36msrc.analysis.sentiment[0m:[36manalyse_sentiment[0m:[36m1601[0m - [1mLLY raw_sentiment=-0.10 (local, 2 articles)[0m
[32m2026-09-10 13:50:25.417[0m | [34m[1mDEBUG   [0m | [36msrc.analysis.sentiment[0m:[36manalyse_sentiment[0m:[36m1657[0m - [34m[1mLLY sentiment scaled -0.10 \u2192 -0.04 (count=2, sources=1, scale=0.36)[0m
[32m2026-09-10 13:50:29.716[0m | [1mINFO    [0m | [36msrc.analysis.sentiment[0m:[36manalyse_sentiment[0m:[36m1601[0m - [1mQCOM raw_sentiment=+0.25 (local, 20 articles)[0m
[32m2026-09-10 13:50:29.716[0m | [34m[1mDEBUG   [0m | [36msrc.analysis.sentiment[0m:[36manalyse_sentiment[0m:[36m1657[0m - [34m[1mQCOM sentiment scaled +0.25 \u2192 +0.21 (count=20, sources=17, scale=0.84)[0m
[32m2026-09-10 13:50:33.951[0m | [1mINFO    [0m | [36msrc.analysis.sentiment[0m:[36manalyse_sentiment[0m:[36m1601[0m - [1mSEI raw_sentiment=+0.25 (local, 18 articles)[0m
[32m2026-09-10 13:50:33.951[0m | [34m[1mDEBUG   [0m | [36msrc.analysis.sentiment[0m:[36manalyse_sentiment[0m:[36m1657[0m - [34m[1mSEI sentiment scaled +0.25 \u2192 +0.22 (count=18, sources=16, scale=0.89)[0m
[32m2026-09-10 13:50:37.909[0m | [1mINFO    [0m | [36msrc.analysis.sentiment[0m:[36manalyse_sentiment[0m:[36m1601[0m - [1mSPY raw_sentiment=-0.25 (local, 20 articles)[0m
[32m2026-09-10 13:50:37.910[0m | [34m[1mDEBUG   [0m | [36msrc.analysis.sentiment[0m:[36manalyse_sentiment[0m:[36m1657[0m - [34m[1mSPY sentiment scaled -0.25 \u2192 -0.21 (count=20, sources=12, scale=0.86)[0m
[32m2026-09-10 13:50:39.921[0m | [1mINFO    [0m | [36msrc.analysis.sentiment[0m:[36manalyse_sentiment[0m:[36m1601[0m - [1mXLC raw_sentiment=-0.05 (local, 3 articles)[0m
[32m2026-09-10 13:50:39.922[0m | [34m[1mDEBUG   [0m | [36msrc.analysis.sentiment[0m:[36manalyse_sentiment[0m:[36m1657[0m - [34m[1mXLC sentiment scaled -0.05 \u2192 -0.03 (count=3, sources=3, scale=0.55)[0m
[32m2026-09-10 13:50:42.381[0m | [1mINFO    [0m | [36msrc.analysis.sentiment[0m:[36manalyse_sentiment[0m:[36m1601[0m - [1mATAI raw_sentiment=+0.65 (local, 8 articles)[0m
[32m2026-09-10 13:50:42.381[0m | [34m[1mDEBUG   [0m | [36msrc.analysis.sentiment[0m:[36manalyse_sentiment[0m:[36m1657[0m - [34m[1mATAI sentiment scaled +0.65 \u2192 +0.47 (count=8, sources=8, scale=0.72)[0m
[32m2026-09-10 13:50:42.382[0m | [34m[1mDEBUG   [0m | [36msrc.analysis.sentiment[0m:[36manalyse_sentiment[0m:[36m1426[0m - [34m[1mXLV sentiment abstained: 86% of the digest names it only in the body (>= 75%) — a round-up, not coverage[0m
[32m2026-09-10 13:50:44.070[0m | [1mINFO    [0m | [36msrc.analysis.sentiment[0m:[36manalyse_sentiment[0m:[36m1601[0m - [1mGLW raw_sentiment=+0.00 (local, 1 articles)[0m
[32m2026-09-10 13:50:44.070[0m | [34m[1mDEBUG   [0m | [36msrc.analysis.sentiment[0m:[36manalyse_sentiment[0m:[36m1657[0m - [34m[1mGLW sentiment scaled +0.00 \u2192 +0.00 (count=1, sources=1, scale=0.34)[0m
[32m2026-09-10 13:50:48.283[0m | [1mINFO    [0m | [36msrc.analysis.sentiment[0m:[36manalyse_sentiment[0m:[36m1601[0m - [1mCMPS raw_sentiment=+0.55 (local, 20 articles)[0m
[32m2026-09-10 13:50:51.212[0m | [1mINFO    [0m | [36msrc.analysis.sentiment[0m:[36manalyse_sentiment[0m:[36m1601[0m - [1mCEG raw_sentiment=+0.15 (local, 1 articles)[0m
[32m2026-09-10 13:50:51.212[0m | [34m[1mDEBUG   [0m | [36msrc.analysis.sentiment[0m:[36manalyse_sentiment[0m:[36m1657[0m - [34m[1mCEG sentiment scaled +0.15 \u2192 +0.05 (count=1, sources=1, scale=0.35)[0m
[32m2026-09-10 13:50:56.119[0m | [1mINFO    [0m | [36msrc.analysis.sentiment[0m:[36manalyse_sentiment[0m:[36m1601[0m - [1mMS raw_sentiment=-0.35 (local, 17 articles)[0m
[32m2026-09-10 13:50:56.119[0m | [34m[1mDEBUG   [0m | [36msrc.analysis.sentiment[0m:[36manalyse_sentiment[0m:[36m1657[0m - [34m[1mMS sentiment scaled -0.35 \u2192 -0.31 (count=17, sources=12, scale=0.88)[0m
[32m2026-09-10 13:50:58.487[0m | [1mINFO    [0m | [36msrc.analysis.sentiment[0m:[36manalyse_sentiment[0m:[36m1601[0m - [1mSLV raw_sentiment=-0.05 (local, 3 articles)[0m
[32m2026-09-10 13:50:58.487[0m | [34m[1mDEBUG   [0m | [36msrc.analysis.sentiment[0m:[36manalyse_sentiment[0m:[36m1657[0m - [34m[1mSLV sentiment scaled -0.05 \u2192 -0.03 (count=3, sources=3, scale=0.58)[0m
[32m2026-09-10 13:51:01.554[0m | [1mINFO    [0m | [36msrc.analysis.sentiment[0m:[36manalyse_sentiment[0m:[36m1601[0m - [1mEGAN raw_sentiment=-0.35 (local, 10 articles)[0m
[32m2026-09-10 13:51:01.554[0m | [34m[1mDEBUG   [0m | [36msrc.analysis.sentiment[0m:[36manalyse_sentiment[0m:[36m1657[0m - [34m[1mEGAN sentiment scaled -0.35 \u2192 -0.19 (count=10, sources=10, scale=0.55)[0m
[32m2026-09-10 13:51:05.476[0m | [1mINFO    [0m | [36msrc.analysis.sentiment[0m:[36manalyse_sentiment[0m:[36m1601[0m - [1mLITE raw_sentiment=+0.25 (local, 20 articles)[0m
[32m2026-09-10 13:51:05.477[0m | [34m[1mDEBUG   [0m | [36msrc.analysis.sentiment[0m:[36manalyse_sentiment[0m:[36m1657[0m - [34m[1mLITE sentiment scaled +0.25 \u2192 +0.20 (count=20, sources=17, scale=0.81)[0m
[32m2026-09-10 13:51:08.846[0m | [1mINFO    [0m | [36msrc.analysis.sentiment[0m:[36manalyse_sentiment[0m:[36m1601[0m - [1mFSLY raw_sentiment=+0.05 (local, 8 articles)[0m
[32m2026-09-10 13:51:08.847[0m | [34m[1mDEBUG   [0m | [36msrc.analysis.sentiment[0m:[36manalyse_sentiment[0m:[36m1657[0m - [34m[1mFSLY sentiment scaled +0.05 \u2192 +0.04 (count=8, sources=6, scale=0.79)[0m
[32m2026-09-10 13:51:13.093[0m | [1mINFO    [0m | [36msrc.analysis.sentiment[0m:[36manalyse_sentiment[0m:[36m1601[0m - [1mQBTS raw_sentiment=+0.45 (local, 20 articles)[0m
[32m2026-09-10 13:51:13.093[0m | [34m[1mDEBUG   [0m | [36msrc.analysis.sentiment[0m:[36manalyse_sentiment[0m:[36m1657[0m - [34m[1mQBTS sentiment scaled +0.45 \u2192 +0.38 (count=20, sources=17, scale=0.83)[0m
[32m2026-09-10 13:51:17.513[0m | [1mINFO    [0m | [36msrc.analysis.sentiment[0m:[36manalyse_sentiment[0m:[36m1601[0m - [1mIBIT raw_sentiment=+0.15 (local, 18 articles)[0m
[32m2026-09-10 13:51:17.514[0m | [34m[1mDEBUG   [0m | [36msrc.analysis.sentiment[0m:[36manalyse_sentiment[0m:[36m1657[0m - [34m[1mIBIT sentiment scaled +0.15 \u2192 +0.13 (count=18, sources=15, scale=0.86)[0m
[32m2026-09-10 13:51:20.072[0m | [1mINFO    [0m | [36msrc.analysis.sentiment[0m:[36manalyse_sentiment[0m:[36m1601[0m - [1mOPEN raw_sentiment=-0.65 (local, 11 articles)[0m
[32m2026-09-10 13:51:20.072[0m | [34m[1mDEBUG   [0m | [36msrc.analysis.sentiment[0m:[36manalyse_sentiment[0m:[36m1426[0m - [34m[1mBLSH sentiment abstained: 80% of the digest names it only in the body (>= 75%) — a round-up, not coverage[0m
[32m2026-09-10 13:51:21.888[0m | [1mINFO    [0m | [36msrc.analysis.sentiment[0m:[36manalyse_sentiment[0m:[36m1601[0m - [1mTARS raw_sentiment=+0.35 (local, 2 articles)[0m
[32m2026-09-10 13:51:21.889[0m | [34m[1mDEBUG   [0m | [36msrc.analysis.sentiment[0m:[36manalyse_sentiment[0m:[36m1657[0m - [34m[1mTARS sentiment scaled +0.35 \u2192 +0.15 (count=2, sources=2, scale=0.44)[0m
[32m2026-09-10 13:51:24.350[0m | [1mINFO    [0m | [36msrc.analysis.sentiment[0m:[36manalyse_sentiment[0m:[36m1601[0m - [1mLIT raw_sentiment=+0.15 (local, 4 articles)[0m
[32m2026-09-10 13:51:24.350[0m | [34m[1mDEBUG   [0m | [36msrc.analysis.sentiment[0m:[36manalyse_sentiment[0m:[36m1657[0m - [34m[1mLIT sentiment scaled +0.15 \u2192 +0.10 (count=4, sources=4, scale=0.64)[0m
[32m2026-09-10 13:51:27.225[0m | [1mINFO    [0m | [36msrc.analysis.sentiment[0m:[36manalyse_sentiment[0m:[36m1601[0m - [1mGM raw_sentiment=+0.45 (local, 12 articles)[0m
[32m2026-09-10 13:51:27.225[0m | [34m[1mDEBUG   [0m | [36msrc.analysis.sentiment[0m:[36manalyse_sentiment[0m:[36m1657[0m - [34m[1mGM sentiment scaled +0.45 \u2192 +0.31 (count=12, sources=10, scale=0.70)[0m
[32m2026-09-10 13:51:29.836[0m | [1mINFO    [0m | [36msrc.analysis.sentiment[0m:[36manalyse_sentiment[0m:[36m1601[0m - [1mIBB raw_sentiment=-0.25 (local, 3 articles)[0m
[32m2026-09-10 13:51:29.836[0m | [34m[1mDEBUG   [0m | [36msrc.analysis.sentiment[0m:[36manalyse_sentiment[0m:[36m1657[0m - [34m[1mIBB sentiment scaled -0.25 \u2192 -0.11 (count=3, sources=2, scale=0.45)[0m
[32m2026-09-10 13:51:33.491[0m | [1mINFO    [0m | [36msrc.analysis.sentiment[0m:[36manalyse_sentiment[0m:[36m1601[0m - [1mAMC raw_sentiment=+0.65 (local, 20 articles)[0m
[32m2026-09-10 13:51:35.325[0m | [1mINFO    [0m | [36msrc.analysis.sentiment[0m:[36manalyse_sentiment[0m:[36m1601[0m - [1mRDDT raw_sentiment=+0.05 (local, 3 articles)[0m
[32m2026-09-10 13:51:35.325[0m | [34m[1mDEBUG   [0m | [36msrc.analysis.sentiment[0m:[36manalyse_sentiment[0m:[36m1657[0m - [34m[1mRDDT sentiment scaled +0.05 \u2192 +0.02 (count=3, sources=3, scale=0.49)[0m
[32m2026-09-10 13:51:40.162[0m | [1mINFO    [0m | [36msrc.analysis.sentiment[0m:[36manalyse_sentiment[0m:[36m1601[0m - [1mGWRE raw_sentiment=-0.35 (local, 20 articles)[0m
[32m2026-09-10 13:51:40.162[0m | [34m[1mDEBUG   [0m | [36msrc.analysis.sentiment[0m:[36manalyse_sentiment[0m:[36m1657[0m - [34m[1mGWRE sentiment scaled -0.35 \u2192 -0.28 (count=20, sources=15, scale=0.81)[0m
[32m2026-09-10 13:51:40.167[0m | [34m[1mDEBUG   [0m | [36msrc.analysis.sentiment[0m:[36manalyse_sentiment[0m:[36m1426[0m - [34m[1mXLK sentiment abstained: 100% of the digest names it only in the body (>= 75%) — a round-up, not coverage[0m
[32m2026-09-10 13:51:41.730[0m | [1mINFO    [0m | [36msrc.analysis.sentiment[0m:[36manalyse_sentiment[0m:[36m1601[0m - [1mSGI raw_sentiment=+0.45 (local, 1 articles)[0m
[32m2026-09-10 13:51:41.730[0m | [34m[1mDEBUG   [0m | [36msrc.analysis.sentiment[0m:[36manalyse_sentiment[0m:[36m1657[0m - [34m[1mSGI sentiment scaled +0.45 \u2192 +0.15 (count=1, sources=1, scale=0.33)[0m
[32m2026-09-10 13:51:44.210[0m | [1mINFO    [0m | [36msrc.analysis.sentiment[0m:[36manalyse_sentiment[0m:[36m1601[0m - [1mCMPS raw_sentiment=+0.85 (local, 11 articles)[0m
[32m2026-09-10 13:51:44.210[0m | [34m[1mDEBUG   [0m | [36msrc.analysis.sentiment[0m:[36manalyse_sentiment[0m:[36m1657[0m - [34m[1mCMPS sentiment scaled +0.85 \u2192 +0.75 (count=11, sources=6, scale=0.88)[0m
[32m2026-09-10 13:51:46.319[0m | [1mINFO    [0m | [36msrc.analysis.sentiment[0m:[36manalyse_sentiment[0m:[36m1601[0m - [1mAPGE raw_sentiment=-0.65 (local, 2 articles)[0m
[32m2026-09-10 13:51:46.319[0m | [34m[1mDEBUG   [0m | [36msrc.analysis.sentiment[0m:[36manalyse_sentiment[0m:[36m1657[0m - [34m[1mAPGE sentiment scaled -0.65 \u2192 -0.28 (count=2, sources=2, scale=0.43)[0m
[32m2026-09-10 13:51:46.319[0m | [34m[1mDEBUG   [0m | [36msrc.analysis.sentiment[0m:[36manalyse_sentiment[0m:[36m1426[0m - [34m[1mXLK sentiment abstained: 100% of the digest names it only in the body (>= 75%) — a round-up, not coverage[0m
[32m2026-09-10 13:51:50.305[0m | [1mINFO    [0m | [36msrc.analysis.sentiment[0m:[36manalyse_sentiment[0m:[36m1601[0m - [1mNET raw_sentiment=+0.15 (local, 20 articles)[0m
[32m2026-09-10 13:51:54.473[0m | [1mINFO    [0m | [36msrc.analysis.sentiment[0m:[36manalyse_sentiment[0m:[36m1601[0m - [1mGME raw_sentiment=+0.65 (local, 20 articles)[0m
[32m2026-09-10 13:51:57.190[0m | [1mINFO    [0m | [36msrc.analysis.sentiment[0m:[36manalyse_sentiment[0m:[36m1601[0m - [1mOXM raw_sentiment=-0.75 (local, 9 articles)[0m
[32m2026-09-10 13:51:57.191[0m | [34m[1mDEBUG   [0m | [36msrc.analysis.sentiment[0m:[36manalyse_sentiment[0m:[36m1657[0m - [34m[1mOXM sentiment scaled -0.75 \u2192 -0.34 (count=9, sources=7, scale=0.46)[0m
[32m2026-09-10 13:52:02.623[0m | [1mINFO    [0m | [36msrc.analysis.sentiment[0m:[36manalyse_sentiment[0m:[36m1601[0m - [1mENB raw_sentiment=+0.25 (local, 20 articles)[0m
[32m2026-09-10 13:52:05.909[0m | [1mINFO    [0m | [36msrc.analysis.sentiment[0m:[36manalyse_sentiment[0m:[36m1601[0m - [1mSFD raw_sentiment=-0.25 (local, 14 articles)[0m
[32m2026-09-10 13:52:11.223[0m | [1mINFO    [0m | [36msrc.analysis.sentiment[0m:[36manalyse_sentiment[0m:[36m1601[0m - [1mASST raw_sentiment=+0.65 (local, 20 articles)[0m
[32m2026-09-10 13:52:11.223[0m | [34m[1mDEBUG   [0m | [36msrc.analysis.sentiment[0m:[36manalyse_sentiment[0m:[36m1657[0m - [34m[1mASST sentiment scaled +0.65 \u2192 +0.56 (count=20, sources=16, scale=0.87)[0m
[32m2026-09-10 13:52:11.224[0m | [34m[1mDEBUG   [0m | [36msrc.analysis.sentiment[0m:[36manalyse_sentiment[0m:[36m1426[0m - [34m[1mPHVS sentiment abstained: 80% of the digest names it only in the body (>= 75%) — a round-up, not coverage[0m
[32m2026-09-10 13:52:13.641[0m | [1mINFO    [0m | [36msrc.analysis.sentiment[0m:[36manalyse_sentiment[0m:[36m1601[0m - [1mXLI raw_sentiment=-0.05 (local, 7 articles)[0m
[32m2026-09-10 13:52:13.641[0m | [34m[1mDEBUG   [0m | [36msrc.analysis.sentiment[0m:[36manalyse_sentiment[0m:[36m1657[0m - [34m[1mXLI sentiment scaled -0.05 \u2192 -0.03 (count=7, sources=5, scale=0.56)[0m
[32m2026-09-10 13:52:16.661[0m | [1mINFO    [0m | [36msrc.analysis.sentiment[0m:[36manalyse_sentiment[0m:[36m1601[0m - [1mXLI raw_sentiment=+0.00 (local, 7 articles)[0m
[32m2026-09-10 13:52:16.662[0m | [34m[1mDEBUG   [0m | [36msrc.analysis.sentiment[0m:[36manalyse_sentiment[0m:[36m1657[0m - [34m[1mXLI sentiment scaled +0.00 \u2192 +0.00 (count=7, sources=7, scale=0.77)[0m
[32m2026-09-10 13:52:18.879[0m | [1mINFO    [0m | [36msrc.analysis.sentiment[0m:[36manalyse_sentiment[0m:[36m1601[0m - [1mLIT raw_sentiment=+0.15 (local, 1 articles)[0m
[32m2026-09-10 13:52:18.879[0m | [34m[1mDEBUG   [0m | [36msrc.analysis.sentiment[0m:[36manalyse_sentiment[0m:[36m1657[0m - [34m[1mLIT sentiment scaled +0.15 \u2192 +0.05 (count=1, sources=1, scale=0.35)[0m
  250/400 in 698s (dropped non-local: 0)
[32m2026-09-10 13:52:23.281[0m | [1mINFO    [0m | [36msrc.analysis.sentiment[0m:[36manalyse_sentiment[0m:[36m1601[0m - [1mVLO raw_sentiment=+0.25 (local, 15 articles)[0m
[32m2026-09-10 13:52:23.281[0m | [34m[1mDEBUG   [0m | [36msrc.analysis.sentiment[0m:[36manalyse_sentiment[0m:[36m1657[0m - [34m[1mVLO sentiment scaled +0.25 \u2192 +0.19 (count=15, sources=11, scale=0.76)[0m
[32m2026-09-10 13:52:23.281[0m | [34m[1mDEBUG   [0m | [36msrc.analysis.sentiment[0m:[36manalyse_sentiment[0m:[36m1426[0m - [34m[1mXLC sentiment abstained: 100% of the digest names it only in the body (>= 75%) — a round-up, not coverage[0m
[32m2026-09-10 13:52:26.631[0m | [1mINFO    [0m | [36msrc.analysis.sentiment[0m:[36manalyse_sentiment[0m:[36m1601[0m - [1mXBI raw_sentiment=-0.45 (local, 16 articles)[0m
[32m2026-09-10 13:52:26.631[0m | [34m[1mDEBUG   [0m | [36msrc.analysis.sentiment[0m:[36manalyse_sentiment[0m:[36m1657[0m - [34m[1mXBI sentiment scaled -0.45 \u2192 -0.36 (count=16, sources=9, scale=0.81)[0m
[32m2026-09-10 13:52:31.411[0m | [1mINFO    [0m | [36msrc.analysis.sentiment[0m:[36manalyse_sentiment[0m:[36m1601[0m - [1mBRK-B raw_sentiment=+0.05 (local, 20 articles)[0m
[32m2026-09-10 13:52:34.372[0m | [1mINFO    [0m | [36msrc.analysis.sentiment[0m:[36manalyse_sentiment[0m:[36m1601[0m - [1mHWM raw_sentiment=-0.45 (local, 11 articles)[0m
[32m2026-09-10 13:52:34.372[0m | [34m[1mDEBUG   [0m | [36msrc.analysis.sentiment[0m:[36manalyse_sentiment[0m:[36m1657[0m - [34m[1mHWM sentiment scaled -0.45 \u2192 -0.33 (count=11, sources=8, scale=0.73)[0m
[32m2026-09-10 13:52:39.116[0m | [1mINFO    [0m | [36msrc.analysis.sentiment[0m:[36manalyse_sentiment[0m:[36m1601[0m - [1mSMH raw_sentiment=+0.65 (local, 20 articles)[0m
[32m2026-09-10 13:52:43.699[0m | [1mINFO    [0m | [36msrc.analysis.sentiment[0m:[36manalyse_sentiment[0m:[36m1601[0m - [1mZIM raw_sentiment=+0.55 (local, 17 articles)[0m
[32m2026-09-10 13:52:43.699[0m | [34m[1mDEBUG   [0m | [36msrc.analysis.sentiment[0m:[36manalyse_sentiment[0m:[36m1657[0m - [34m[1mZIM sentiment scaled +0.55 \u2192 +0.44 (count=17, sources=15, scale=0.81)[0m
[32m2026-09-10 13:52:46.588[0m | [1mINFO    [0m | [36msrc.analysis.sentiment[0m:[36manalyse_sentiment[0m:[36m1601[0m - [1mLCID raw_sentiment=-0.15 (local, 9 articles)[0m
[32m2026-09-10 13:52:46.588[0m | [34m[1mDEBUG   [0m | [36msrc.analysis.sentiment[0m:[36manalyse_sentiment[0m:[36m1657[0m - [34m[1mLCID sentiment scaled -0.15 \u2192 -0.08 (count=9, sources=9, scale=0.54)[0m
[32m2026-09-10 13:52:48.938[0m | [1mINFO    [0m | [36msrc.analysis.sentiment[0m:[36manalyse_sentiment[0m:[36m1601[0m - [1mSNAP raw_sentiment=-0.15 (local, 5 articles)[0m
[32m2026-09-10 13:52:48.938[0m | [34m[1mDEBUG   [0m | [36msrc.analysis.sentiment[0m:[36manalyse_sentiment[0m:[36m1657[0m - [34m[1mSNAP sentiment scaled -0.15 \u2192 -0.08 (count=5, sources=5, scale=0.56)[0m
[32m2026-09-10 13:52:52.218[0m | [1mINFO    [0m | [36msrc.analysis.sentiment[0m:[36manalyse_sentiment[0m:[36m1601[0m - [1mYSS raw_sentiment=-0.35 (local, 9 articles)[0m
[32m2026-09-10 13:52:55.638[0m | [1mINFO    [0m | [36msrc.analysis.sentiment[0m:[36manalyse_sentiment[0m:[36m1601[0m - [1mXLE raw_sentiment=+0.65 (local, 20 articles)[0m
[32m2026-09-10 13:53:00.390[0m | [1mINFO    [0m | [36msrc.analysis.sentiment[0m:[36manalyse_sentiment[0m:[36m1601[0m - [1mBYD raw_sentiment=-0.35 (local, 20 articles)[0m
[32m2026-09-10 13:53:03.393[0m | [1mINFO    [0m | [36msrc.analysis.sentiment[0m:[36manalyse_sentiment[0m:[36m1601[0m - [1mOCGN raw_sentiment=-0.75 (local, 9 articles)[0m
[32m2026-09-10 13:53:06.341[0m | [1mINFO    [0m | [36msrc.analysis.sentiment[0m:[36manalyse_sentiment[0m:[36m1601[0m - [1mSMCIP raw_sentiment=+0.15 (local, 7 articles)[0m
[32m2026-09-10 13:53:06.341[0m | [34m[1mDEBUG   [0m | [36msrc.analysis.sentiment[0m:[36manalyse_sentiment[0m:[36m1657[0m - [34m[1mSMCIP sentiment scaled +0.15 \u2192 +0.09 (count=7, sources=7, scale=0.59)[0m
[32m2026-09-10 13:53:08.465[0m | [1mINFO    [0m | [36msrc.analysis.sentiment[0m:[36manalyse_sentiment[0m:[36m1601[0m - [1mPANW raw_sentiment=-0.05 (local, 3 articles)[0m
[32m2026-09-10 13:53:08.465[0m | [34m[1mDEBUG   [0m | [36msrc.analysis.sentiment[0m:[36manalyse_sentiment[0m:[36m1657[0m - [34m[1mPANW sentiment scaled -0.05 \u2192 -0.02 (count=3, sources=2, scale=0.46)[0m
[32m2026-09-10 13:53:13.450[0m | [1mINFO    [0m | [36msrc.analysis.sentiment[0m:[36manalyse_sentiment[0m:[36m1601[0m - [1mCSR raw_sentiment=+0.45 (local, 20 articles)[0m
[32m2026-09-10 13:53:15.605[0m | [1mINFO    [0m | [36msrc.analysis.sentiment[0m:[36manalyse_sentiment[0m:[36m1601[0m - [1mNFLX raw_sentiment=-0.05 (local, 3 articles)[0m
[32m2026-09-10 13:53:15.605[0m | [34m[1mDEBUG   [0m | [36msrc.analysis.sentiment[0m:[36manalyse_sentiment[0m:[36m1657[0m - [34m[1mNFLX sentiment scaled -0.05 \u2192 -0.02 (count=3, sources=3, scale=0.43)[0m
[32m2026-09-10 13:53:15.606[0m | [34m[1mDEBUG   [0m | [36msrc.analysis.sentiment[0m:[36manalyse_sentiment[0m:[36m1426[0m - [34m[1mBLSH sentiment abstained: 95% of the digest names it only in the body (>= 75%) — a round-up, not coverage[0m
[32m2026-09-10 13:53:18.650[0m | [1mINFO    [0m | [36msrc.analysis.sentiment[0m:[36manalyse_sentiment[0m:[36m1601[0m - [1mBAC raw_sentiment=+0.00 (local, 7 articles)[0m
[32m2026-09-10 13:53:18.651[0m | [34m[1mDEBUG   [0m | [36msrc.analysis.sentiment[0m:[36manalyse_sentiment[0m:[36m1657[0m - [34m[1mBAC sentiment scaled +0.00 \u2192 +0.00 (count=7, sources=6, scale=0.79)[0m
[32m2026-09-10 13:53:21.335[0m | [1mINFO    [0m | [36msrc.analysis.sentiment[0m:[36manalyse_sentiment[0m:[36m1601[0m - [1mMRX raw_sentiment=+0.45 (local, 6 articles)[0m
[32m2026-09-10 13:53:21.336[0m | [34m[1mDEBUG   [0m | [36msrc.analysis.sentiment[0m:[36manalyse_sentiment[0m:[36m1657[0m - [34m[1mMRX sentiment scaled +0.45 \u2192 +0.25 (count=6, sources=5, scale=0.56)[0m
[32m2026-09-10 13:53:23.730[0m | [1mINFO    [0m | [36msrc.analysis.sentiment[0m:[36manalyse_sentiment[0m:[36m1601[0m - [1mGIII raw_sentiment=+0.45 (local, 3 articles)[0m
[32m2026-09-10 13:53:23.730[0m | [34m[1mDEBUG   [0m | [36msrc.analysis.sentiment[0m:[36manalyse_sentiment[0m:[36m1657[0m - [34m[1mGIII sentiment scaled +0.45 \u2192 +0.25 (count=3, sources=3, scale=0.57)[0m
[32m2026-09-10 13:53:23.730[0m | [34m[1mDEBUG   [0m | [36msrc.analysis.sentiment[0m:[36manalyse_sentiment[0m:[36m1426[0m - [34m[1mGDX sentiment abstained: 100% of the digest names it only in the body (>= 75%) — a round-up, not coverage[0m
[32m2026-09-10 13:53:28.412[0m | [1mINFO    [0m | [36msrc.analysis.sentiment[0m:[36manalyse_sentiment[0m:[36m1601[0m - [1mBRZE raw_sentiment=-0.45 (local, 20 articles)[0m
[32m2026-09-10 13:53:28.412[0m | [34m[1mDEBUG   [0m | [36msrc.analysis.sentiment[0m:[36manalyse_sentiment[0m:[36m1657[0m - [34m[1mBRZE sentiment scaled -0.45 \u2192 -0.40 (count=20, sources=15, scale=0.90)[0m
[32m2026-09-10 13:53:30.390[0m | [1mINFO    [0m | [36msrc.analysis.sentiment[0m:[36manalyse_sentiment[0m:[36m1601[0m - [1mTBBK raw_sentiment=+0.00 (local, 2 articles)[0m
[32m2026-09-10 13:53:30.390[0m | [34m[1mDEBUG   [0m | [36msrc.analysis.sentiment[0m:[36manalyse_sentiment[0m:[36m1657[0m - [34m[1mTBBK sentiment scaled +0.00 \u2192 +0.00 (count=2, sources=2, scale=0.52)[0m
[32m2026-09-10 13:53:33.521[0m | [1mINFO    [0m | [36msrc.analysis.sentiment[0m:[36manalyse_sentiment[0m:[36m1601[0m - [1mGWRE raw_sentiment=-0.15 (local, 15 articles)[0m
[32m2026-09-10 13:53:33.521[0m | [34m[1mDEBUG   [0m | [36msrc.analysis.sentiment[0m:[36manalyse_sentiment[0m:[36m1657[0m - [34m[1mGWRE sentiment scaled -0.15 \u2192 -0.08 (count=15, sources=12, scale=0.56)[0m
[32m2026-09-10 13:53:36.930[0m | [1mINFO    [0m | [36msrc.analysis.sentiment[0m:[36manalyse_sentiment[0m:[36m1601[0m - [1mXLE raw_sentiment=+0.15 (local, 20 articles)[0m
[32m2026-09-10 13:53:39.780[0m | [1mINFO    [0m | [36msrc.analysis.sentiment[0m:[36manalyse_sentiment[0m:[36m1601[0m - [1mSUNE raw_sentiment=+0.35 (local, 7 articles)[0m
[32m2026-09-10 13:53:39.780[0m | [34m[1mDEBUG   [0m | [36msrc.analysis.sentiment[0m:[36manalyse_sentiment[0m:[36m1657[0m - [34m[1mSUNE sentiment scaled +0.35 \u2192 +0.24 (count=7, sources=6, scale=0.68)[0m
[32m2026-09-10 13:53:42.010[0m | [1mINFO    [0m | [36msrc.analysis.sentiment[0m:[36manalyse_sentiment[0m:[36m1601[0m - [1mRDDT raw_sentiment=-0.25 (local, 8 articles)[0m
[32m2026-09-10 13:53:42.010[0m | [34m[1mDEBUG   [0m | [36msrc.analysis.sentiment[0m:[36manalyse_sentiment[0m:[36m1657[0m - [34m[1mRDDT sentiment scaled -0.25 \u2192 -0.20 (count=8, sources=7, scale=0.81)[0m
[32m2026-09-10 13:53:44.517[0m | [1mINFO    [0m | [36msrc.analysis.sentiment[0m:[36manalyse_sentiment[0m:[36m1601[0m - [1mANET raw_sentiment=+0.75 (local, 3 articles)[0m
[32m2026-09-10 13:53:44.517[0m | [34m[1mDEBUG   [0m | [36msrc.analysis.sentiment[0m:[36manalyse_sentiment[0m:[36m1657[0m - [34m[1mANET sentiment scaled +0.75 \u2192 +0.40 (count=3, sources=3, scale=0.53)[0m
[32m2026-09-10 13:53:49.047[0m | [1mINFO    [0m | [36msrc.analysis.sentiment[0m:[36manalyse_sentiment[0m:[36m1601[0m - [1mPHVS raw_sentiment=+0.15 (local, 20 articles)[0m
[32m2026-09-10 13:53:51.345[0m | [1mINFO    [0m | [36msrc.analysis.sentiment[0m:[36manalyse_sentiment[0m:[36m1601[0m - [1mLCID raw_sentiment=-0.25 (local, 3 articles)[0m
[32m2026-09-10 13:53:51.346[0m | [34m[1mDEBUG   [0m | [36msrc.analysis.sentiment[0m:[36manalyse_sentiment[0m:[36m1657[0m - [34m[1mLCID sentiment scaled -0.25 \u2192 -0.11 (count=3, sources=3, scale=0.43)[0m
[32m2026-09-10 13:53:54.246[0m | [1mINFO    [0m | [36msrc.analysis.sentiment[0m:[36manalyse_sentiment[0m:[36m1601[0m - [1mXLP raw_sentiment=-0.25 (local, 12 articles)[0m
[32m2026-09-10 13:53:54.246[0m | [34m[1mDEBUG   [0m | [36msrc.analysis.sentiment[0m:[36manalyse_sentiment[0m:[36m1657[0m - [34m[1mXLP sentiment scaled -0.25 \u2192 -0.22 (count=12, sources=6, scale=0.89)[0m
[32m2026-09-10 13:53:58.131[0m | [1mINFO    [0m | [36msrc.analysis.sentiment[0m:[36manalyse_sentiment[0m:[36m1601[0m - [1mWFC raw_sentiment=+0.65 (local, 17 articles)[0m
[32m2026-09-10 13:53:58.131[0m | [34m[1mDEBUG   [0m | [36msrc.analysis.sentiment[0m:[36manalyse_sentiment[0m:[36m1657[0m - [34m[1mWFC sentiment scaled +0.65 \u2192 +0.46 (count=17, sources=12, scale=0.71)[0m
[32m2026-09-10 13:54:00.480[0m | [1mINFO    [0m | [36msrc.analysis.sentiment[0m:[36manalyse_sentiment[0m:[36m1601[0m - [1mXBI raw_sentiment=+0.15 (local, 10 articles)[0m
[32m2026-09-10 13:54:00.480[0m | [34m[1mDEBUG   [0m | [36msrc.analysis.sentiment[0m:[36manalyse_sentiment[0m:[36m1657[0m - [34m[1mXBI sentiment scaled +0.15 \u2192 +0.11 (count=10, sources=6, scale=0.73)[0m
[32m2026-09-10 13:54:04.514[0m | [1mINFO    [0m | [36msrc.analysis.sentiment[0m:[36manalyse_sentiment[0m:[36m1601[0m - [1mPINS raw_sentiment=-0.65 (local, 20 articles)[0m
[32m2026-09-10 13:54:06.890[0m | [1mINFO    [0m | [36msrc.analysis.sentiment[0m:[36manalyse_sentiment[0m:[36m1601[0m - [1mSNAP raw_sentiment=+0.15 (local, 6 articles)[0m
[32m2026-09-10 13:54:06.890[0m | [34m[1mDEBUG   [0m | [36msrc.analysis.sentiment[0m:[36manalyse_sentiment[0m:[36m1657[0m - [34m[1mSNAP sentiment scaled +0.15 \u2192 +0.09 (count=6, sources=6, scale=0.60)[0m
[32m2026-09-10 13:54:09.033[0m | [1mINFO    [0m | [36msrc.analysis.sentiment[0m:[36manalyse_sentiment[0m:[36m1601[0m - [1mXLU raw_sentiment=-0.45 (local, 6 articles)[0m
[32m2026-09-10 13:54:09.033[0m | [34m[1mDEBUG   [0m | [36msrc.analysis.sentiment[0m:[36manalyse_sentiment[0m:[36m1657[0m - [34m[1mXLU sentiment scaled -0.45 \u2192 -0.29 (count=6, sources=4, scale=0.64)[0m
[32m2026-09-10 13:54:12.223[0m | [1mINFO    [0m | [36msrc.analysis.sentiment[0m:[36manalyse_sentiment[0m:[36m1601[0m - [1mXLE raw_sentiment=+0.35 (local, 20 articles)[0m
[32m2026-09-10 13:54:12.223[0m | [34m[1mDEBUG   [0m | [36msrc.analysis.sentiment[0m:[36manalyse_sentiment[0m:[36m1657[0m - [34m[1mXLE sentiment scaled +0.35 \u2192 +0.30 (count=20, sources=11, scale=0.85)[0m
[32m2026-09-10 13:54:15.383[0m | [1mINFO    [0m | [36msrc.analysis.sentiment[0m:[36manalyse_sentiment[0m:[36m1601[0m - [1mJPM raw_sentiment=+0.05 (local, 12 articles)[0m
[32m2026-09-10 13:54:15.383[0m | [34m[1mDEBUG   [0m | [36msrc.analysis.sentiment[0m:[36manalyse_sentiment[0m:[36m1657[0m - [34m[1mJPM sentiment scaled +0.05 \u2192 +0.03 (count=12, sources=9, scale=0.69)[0m
[32m2026-09-10 13:54:17.695[0m | [1mINFO    [0m | [36msrc.analysis.sentiment[0m:[36manalyse_sentiment[0m:[36m1601[0m - [1mLULU raw_sentiment=+0.85 (local, 4 articles)[0m
[32m2026-09-10 13:54:17.695[0m | [34m[1mDEBUG   [0m | [36msrc.analysis.sentiment[0m:[36manalyse_sentiment[0m:[36m1657[0m - [34m[1mLULU sentiment scaled +0.85 \u2192 +0.58 (count=4, sources=4, scale=0.68)[0m
[32m2026-09-10 13:54:20.264[0m | [1mINFO    [0m | [36msrc.analysis.sentiment[0m:[36manalyse_sentiment[0m:[36m1601[0m - [1mGDX raw_sentiment=+0.15 (local, 2 articles)[0m
[32m2026-09-10 13:54:20.264[0m | [34m[1mDEBUG   [0m | [36msrc.analysis.sentiment[0m:[36manalyse_sentiment[0m:[36m1657[0m - [34m[1mGDX sentiment scaled +0.15 \u2192 +0.06 (count=2, sources=2, scale=0.42)[0m
[32m2026-09-10 13:54:23.675[0m | [1mINFO    [0m | [36msrc.analysis.sentiment[0m:[36manalyse_sentiment[0m:[36m1601[0m - [1mXLE raw_sentiment=+0.45 (local, 20 articles)[0m
[32m2026-09-10 13:54:27.270[0m | [1mINFO    [0m | [36msrc.analysis.sentiment[0m:[36manalyse_sentiment[0m:[36m1601[0m - [1mLCID raw_sentiment=-0.65 (local, 14 articles)[0m
[32m2026-09-10 13:54:27.270[0m | [34m[1mDEBUG   [0m | [36msrc.analysis.sentiment[0m:[36manalyse_sentiment[0m:[36m1657[0m - [34m[1mLCID sentiment scaled -0.65 \u2192 -0.47 (count=14, sources=13, scale=0.72)[0m
[32m2026-09-10 13:54:29.686[0m | [1mINFO    [0m | [36msrc.analysis.sentiment[0m:[36manalyse_sentiment[0m:[36m1601[0m - [1mREGN raw_sentiment=+0.15 (local, 2 articles)[0m
[32m2026-09-10 13:54:29.686[0m | [34m[1mDEBUG   [0m | [36msrc.analysis.sentiment[0m:[36manalyse_sentiment[0m:[36m1657[0m - [34m[1mREGN sentiment scaled +0.15 \u2192 +0.06 (count=2, sources=2, scale=0.42)[0m
[32m2026-09-10 13:54:31.918[0m | [1mINFO    [0m | [36msrc.analysis.sentiment[0m:[36manalyse_sentiment[0m:[36m1601[0m - [1mSNAP raw_sentiment=+0.75 (local, 4 articles)[0m
[32m2026-09-10 13:54:31.918[0m | [34m[1mDEBUG   [0m | [36msrc.analysis.sentiment[0m:[36manalyse_sentiment[0m:[36m1657[0m - [34m[1mSNAP sentiment scaled +0.75 \u2192 +0.39 (count=4, sources=4, scale=0.52)[0m
[32m2026-09-10 13:54:34.385[0m | [1mINFO    [0m | [36msrc.analysis.sentiment[0m:[36manalyse_sentiment[0m:[36m1601[0m - [1mCRCL raw_sentiment=-0.05 (local, 2 articles)[0m
[32m2026-09-10 13:54:34.385[0m | [34m[1mDEBUG   [0m | [36msrc.analysis.sentiment[0m:[36manalyse_sentiment[0m:[36m1657[0m - [34m[1mCRCL sentiment scaled -0.05 \u2192 -0.02 (count=2, sources=2, scale=0.44)[0m
[32m2026-09-10 13:54:37.729[0m | [1mINFO    [0m | [36msrc.analysis.sentiment[0m:[36manalyse_sentiment[0m:[36m1601[0m - [1mXLE raw_sentiment=+0.15 (local, 20 articles)[0m
[32m2026-09-10 13:54:40.915[0m | [1mINFO    [0m | [36msrc.analysis.sentiment[0m:[36manalyse_sentiment[0m:[36m1601[0m - [1mLEN-B raw_sentiment=-0.45 (local, 8 articles)[0m
[32m2026-09-10 13:54:40.916[0m | [34m[1mDEBUG   [0m | [36msrc.analysis.sentiment[0m:[36manalyse_sentiment[0m:[36m1657[0m - [34m[1mLEN-B sentiment scaled -0.45 \u2192 -0.35 (count=8, sources=7, scale=0.78)[0m
[32m2026-09-10 13:54:43.992[0m | [1mINFO    [0m | [36msrc.analysis.sentiment[0m:[36manalyse_sentiment[0m:[36m1601[0m - [1mEGAN raw_sentiment=+0.15 (local, 11 articles)[0m
[32m2026-09-10 13:54:43.992[0m | [34m[1mDEBUG   [0m | [36msrc.analysis.sentiment[0m:[36manalyse_sentiment[0m:[36m1657[0m - [34m[1mEGAN sentiment scaled +0.15 \u2192 +0.09 (count=11, sources=10, scale=0.58)[0m
[32m2026-09-10 13:54:43.992[0m | [34m[1mDEBUG   [0m | [36msrc.analysis.sentiment[0m:[36manalyse_sentiment[0m:[36m1426[0m - [34m[1mXLY sentiment abstained: 100% of the digest names it only in the body (>= 75%) — a round-up, not coverage[0m
  300/400 in 843s (dropped non-local: 0)
[32m2026-09-10 13:54:46.854[0m | [1mINFO    [0m | [36msrc.analysis.sentiment[0m:[36manalyse_sentiment[0m:[36m1601[0m - [1mXLRE raw_sentiment=+0.00 (local, 6 articles)[0m
[32m2026-09-10 13:54:46.854[0m | [34m[1mDEBUG   [0m | [36msrc.analysis.sentiment[0m:[36manalyse_sentiment[0m:[36m1657[0m - [34m[1mXLRE sentiment scaled +0.00 \u2192 +0.00 (count=6, sources=4, scale=0.52)[0m
[32m2026-09-10 13:54:49.100[0m | [1mINFO    [0m | [36msrc.analysis.sentiment[0m:[36manalyse_sentiment[0m:[36m1601[0m - [1mASST raw_sentiment=-0.45 (local, 4 articles)[0m
[32m2026-09-10 13:54:49.100[0m | [34m[1mDEBUG   [0m | [36msrc.analysis.sentiment[0m:[36manalyse_sentiment[0m:[36m1657[0m - [34m[1mASST sentiment scaled -0.45 \u2192 -0.23 (count=4, sources=4, scale=0.51)[0m
[32m2026-09-10 13:54:51.209[0m | [1mINFO    [0m | [36msrc.analysis.sentiment[0m:[36manalyse_sentiment[0m:[36m1601[0m - [1mMRNA raw_sentiment=+0.45 (local, 1 articles)[0m
[32m2026-09-10 13:54:51.209[0m | [34m[1mDEBUG   [0m | [36msrc.analysis.sentiment[0m:[36manalyse_sentiment[0m:[36m1657[0m - [34m[1mMRNA sentiment scaled +0.45 \u2192 +0.14 (count=1, sources=1, scale=0.32)[0m
[32m2026-09-10 13:54:53.882[0m | [1mINFO    [0m | [36msrc.analysis.sentiment[0m:[36manalyse_sentiment[0m:[36m1601[0m - [1mGM raw_sentiment=+0.45 (local, 10 articles)[0m
[32m2026-09-10 13:54:53.882[0m | [34m[1mDEBUG   [0m | [36msrc.analysis.sentiment[0m:[36manalyse_sentiment[0m:[36m1657[0m - [34m[1mGM sentiment scaled +0.45 \u2192 +0.29 (count=10, sources=9, scale=0.64)[0m
[32m2026-09-10 13:54:56.168[0m | [1mINFO    [0m | [36msrc.analysis.sentiment[0m:[36manalyse_sentiment[0m:[36m1601[0m - [1mPSX raw_sentiment=+0.05 (local, 1 articles)[0m
[32m2026-09-10 13:54:56.169[0m | [34m[1mDEBUG   [0m | [36msrc.analysis.sentiment[0m:[36manalyse_sentiment[0m:[36m1657[0m - [34m[1mPSX sentiment scaled +0.05 \u2192 +0.02 (count=1, sources=1, scale=0.32)[0m
[32m2026-09-10 13:54:58.428[0m | [1mINFO    [0m | [36msrc.analysis.sentiment[0m:[36manalyse_sentiment[0m:[36m1601[0m - [1mSEI raw_sentiment=+0.65 (local, 2 articles)[0m
[32m2026-09-10 13:54:58.428[0m | [34m[1mDEBUG   [0m | [36msrc.analysis.sentiment[0m:[36manalyse_sentiment[0m:[36m1657[0m - [34m[1mSEI sentiment scaled +0.65 \u2192 +0.29 (count=2, sources=2, scale=0.44)[0m
[32m2026-09-10 13:55:02.050[0m | [1mINFO    [0m | [36msrc.analysis.sentiment[0m:[36manalyse_sentiment[0m:[36m1601[0m - [1mBAC raw_sentiment=-0.05 (local, 12 articles)[0m
[32m2026-09-10 13:55:02.050[0m | [34m[1mDEBUG   [0m | [36msrc.analysis.sentiment[0m:[36manalyse_sentiment[0m:[36m1657[0m - [34m[1mBAC sentiment scaled -0.05 \u2192 -0.04 (count=12, sources=8, scale=0.79)[0m
[32m2026-09-10 13:55:05.743[0m | [1mINFO    [0m | [36msrc.analysis.sentiment[0m:[36manalyse_sentiment[0m:[36m1601[0m - [1mSPY raw_sentiment=-0.15 (local, 20 articles)[0m
[32m2026-09-10 13:55:10.369[0m | [1mINFO    [0m | [36msrc.analysis.sentiment[0m:[36manalyse_sentiment[0m:[36m1601[0m - [1mENB raw_sentiment=-0.35 (local, 20 articles)[0m
[32m2026-09-10 13:55:10.370[0m | [34m[1mDEBUG   [0m | [36msrc.analysis.sentiment[0m:[36manalyse_sentiment[0m:[36m1426[0m - [34m[1mGLD sentiment abstained: 77% of the digest names it only in the body (>= 75%) — a round-up, not coverage[0m
[32m2026-09-10 13:55:12.958[0m | [1mINFO    [0m | [36msrc.analysis.sentiment[0m:[36manalyse_sentiment[0m:[36m1601[0m - [1mSNAP raw_sentiment=+0.15 (local, 6 articles)[0m
[32m2026-09-10 13:55:12.958[0m | [34m[1mDEBUG   [0m | [36msrc.analysis.sentiment[0m:[36manalyse_sentiment[0m:[36m1657[0m - [34m[1mSNAP sentiment scaled +0.15 \u2192 +0.11 (count=6, sources=5, scale=0.73)[0m
[32m2026-09-10 13:55:16.868[0m | [1mINFO    [0m | [36msrc.analysis.sentiment[0m:[36manalyse_sentiment[0m:[36m1601[0m - [1mBRK-B raw_sentiment=+0.15 (local, 18 articles)[0m
[32m2026-09-10 13:55:16.868[0m | [34m[1mDEBUG   [0m | [36msrc.analysis.sentiment[0m:[36manalyse_sentiment[0m:[36m1657[0m - [34m[1mBRK-B sentiment scaled +0.15 \u2192 +0.13 (count=18, sources=9, scale=0.85)[0m
[32m2026-09-10 13:55:16.869[0m | [34m[1mDEBUG   [0m | [36msrc.analysis.sentiment[0m:[36manalyse_sentiment[0m:[36m1426[0m - [34m[1mUNH sentiment abstained: 100% of the digest names it only in the body (>= 75%) — a round-up, not coverage[0m
[32m2026-09-10 13:55:19.767[0m | [1mINFO    [0m | [36msrc.analysis.sentiment[0m:[36manalyse_sentiment[0m:[36m1601[0m - [1mPURR raw_sentiment=-0.75 (local, 5 articles)[0m
[32m2026-09-10 13:55:19.767[0m | [34m[1mDEBUG   [0m | [36msrc.analysis.sentiment[0m:[36manalyse_sentiment[0m:[36m1657[0m - [34m[1mPURR sentiment scaled -0.75 \u2192 -0.58 (count=5, sources=4, scale=0.77)[0m
[32m2026-09-10 13:55:24.891[0m | [1mINFO    [0m | [36msrc.analysis.sentiment[0m:[36manalyse_sentiment[0m:[36m1601[0m - [1mSPY raw_sentiment=+0.15 (local, 20 articles)[0m
[32m2026-09-10 13:55:24.891[0m | [34m[1mDEBUG   [0m | [36msrc.analysis.sentiment[0m:[36manalyse_sentiment[0m:[36m1657[0m - [34m[1mSPY sentiment scaled +0.15 \u2192 +0.12 (count=20, sources=14, scale=0.79)[0m
[32m2026-09-10 13:55:27.668[0m | [1mINFO    [0m | [36msrc.analysis.sentiment[0m:[36manalyse_sentiment[0m:[36m1601[0m - [1mPURR raw_sentiment=+0.45 (local, 3 articles)[0m
[32m2026-09-10 13:55:27.668[0m | [34m[1mDEBUG   [0m | [36msrc.analysis.sentiment[0m:[36manalyse_sentiment[0m:[36m1657[0m - [34m[1mPURR sentiment scaled +0.45 \u2192 +0.28 (count=3, sources=3, scale=0.62)[0m
[32m2026-09-10 13:55:32.956[0m | [1mINFO    [0m | [36msrc.analysis.sentiment[0m:[36manalyse_sentiment[0m:[36m1601[0m - [1mCSR raw_sentiment=+0.45 (local, 20 articles)[0m
[32m2026-09-10 13:55:38.281[0m | [1mINFO    [0m | [36msrc.analysis.sentiment[0m:[36manalyse_sentiment[0m:[36m1601[0m - [1mFCX raw_sentiment=-0.85 (local, 20 articles)[0m
[32m2026-09-10 13:55:40.467[0m | [1mINFO    [0m | [36msrc.analysis.sentiment[0m:[36manalyse_sentiment[0m:[36m1601[0m - [1mATAI raw_sentiment=+0.75 (local, 6 articles)[0m
[32m2026-09-10 13:55:40.467[0m | [34m[1mDEBUG   [0m | [36msrc.analysis.sentiment[0m:[36manalyse_sentiment[0m:[36m1657[0m - [34m[1mATAI sentiment scaled +0.75 \u2192 +0.46 (count=6, sources=6, scale=0.62)[0m
[32m2026-09-10 13:55:43.948[0m | [1mINFO    [0m | [36msrc.analysis.sentiment[0m:[36manalyse_sentiment[0m:[36m1601[0m - [1mTBBK raw_sentiment=-0.15 (local, 6 articles)[0m
[32m2026-09-10 13:55:43.948[0m | [34m[1mDEBUG   [0m | [36msrc.analysis.sentiment[0m:[36manalyse_sentiment[0m:[36m1657[0m - [34m[1mTBBK sentiment scaled -0.15 \u2192 -0.12 (count=6, sources=6, scale=0.77)[0m
[32m2026-09-10 13:55:46.474[0m | [1mINFO    [0m | [36msrc.analysis.sentiment[0m:[36manalyse_sentiment[0m:[36m1601[0m - [1mXLI raw_sentiment=-0.05 (local, 5 articles)[0m
[32m2026-09-10 13:55:46.474[0m | [34m[1mDEBUG   [0m | [36msrc.analysis.sentiment[0m:[36manalyse_sentiment[0m:[36m1657[0m - [34m[1mXLI sentiment scaled -0.05 \u2192 -0.03 (count=5, sources=4, scale=0.66)[0m
[32m2026-09-10 13:55:49.570[0m | [1mINFO    [0m | [36msrc.analysis.sentiment[0m:[36manalyse_sentiment[0m:[36m1601[0m - [1mSNAP raw_sentiment=+0.65 (local, 10 articles)[0m
[32m2026-09-10 13:55:49.570[0m | [34m[1mDEBUG   [0m | [36msrc.analysis.sentiment[0m:[36manalyse_sentiment[0m:[36m1657[0m - [34m[1mSNAP sentiment scaled +0.65 \u2192 +0.52 (count=10, sources=9, scale=0.81)[0m
[32m2026-09-10 13:55:51.836[0m | [1mINFO    [0m | [36msrc.analysis.sentiment[0m:[36manalyse_sentiment[0m:[36m1601[0m - [1mXLI raw_sentiment=-0.05 (local, 7 articles)[0m
[32m2026-09-10 13:55:51.836[0m | [34m[1mDEBUG   [0m | [36msrc.analysis.sentiment[0m:[36manalyse_sentiment[0m:[36m1657[0m - [34m[1mXLI sentiment scaled -0.05 \u2192 -0.03 (count=7, sources=5, scale=0.59)[0m
[32m2026-09-10 13:55:54.265[0m | [1mINFO    [0m | [36msrc.analysis.sentiment[0m:[36manalyse_sentiment[0m:[36m1601[0m - [1mBB raw_sentiment=-0.05 (local, 8 articles)[0m
[32m2026-09-10 13:55:54.265[0m | [34m[1mDEBUG   [0m | [36msrc.analysis.sentiment[0m:[36manalyse_sentiment[0m:[36m1657[0m - [34m[1mBB sentiment scaled -0.05 \u2192 -0.04 (count=8, sources=5, scale=0.79)[0m
[32m2026-09-10 13:55:58.685[0m | [1mINFO    [0m | [36msrc.analysis.sentiment[0m:[36manalyse_sentiment[0m:[36m1601[0m - [1mBRK-B raw_sentiment=-0.25 (local, 20 articles)[0m
[32m2026-09-10 13:55:58.685[0m | [34m[1mDEBUG   [0m | [36msrc.analysis.sentiment[0m:[36manalyse_sentiment[0m:[36m1657[0m - [34m[1mBRK-B sentiment scaled -0.25 \u2192 -0.16 (count=20, sources=8, scale=0.66)[0m
[32m2026-09-10 13:56:03.621[0m | [1mINFO    [0m | [36msrc.analysis.sentiment[0m:[36manalyse_sentiment[0m:[36m1601[0m - [1mPHVS raw_sentiment=+0.65 (local, 20 articles)[0m
[32m2026-09-10 13:56:06.997[0m | [1mINFO    [0m | [36msrc.analysis.sentiment[0m:[36manalyse_sentiment[0m:[36m1601[0m - [1mXLF raw_sentiment=+0.25 (local, 12 articles)[0m
[32m2026-09-10 13:56:06.997[0m | [34m[1mDEBUG   [0m | [36msrc.analysis.sentiment[0m:[36manalyse_sentiment[0m:[36m1657[0m - [34m[1mXLF sentiment scaled +0.25 \u2192 +0.14 (count=12, sources=8, scale=0.58)[0m
[32m2026-09-10 13:56:10.024[0m | [1mINFO    [0m | [36msrc.analysis.sentiment[0m:[36manalyse_sentiment[0m:[36m1601[0m - [1mAMAT raw_sentiment=+0.00 (local, 3 articles)[0m
[32m2026-09-10 13:56:10.024[0m | [34m[1mDEBUG   [0m | [36msrc.analysis.sentiment[0m:[36manalyse_sentiment[0m:[36m1657[0m - [34m[1mAMAT sentiment scaled +0.00 \u2192 +0.00 (count=3, sources=3, scale=0.54)[0m
[32m2026-09-10 13:56:12.558[0m | [1mINFO    [0m | [36msrc.analysis.sentiment[0m:[36manalyse_sentiment[0m:[36m1601[0m - [1mONEW raw_sentiment=-0.65 (local, 7 articles)[0m
[32m2026-09-10 13:56:12.558[0m | [34m[1mDEBUG   [0m | [36msrc.analysis.sentiment[0m:[36manalyse_sentiment[0m:[36m1657[0m - [34m[1mONEW sentiment scaled -0.65 \u2192 -0.47 (count=7, sources=7, scale=0.72)[0m
[32m2026-09-10 13:56:12.558[0m | [34m[1mDEBUG   [0m | [36msrc.analysis.sentiment[0m:[36manalyse_sentiment[0m:[36m1426[0m - [34m[1mXLRE sentiment abstained: 100% of the digest names it only in the body (>= 75%) — a round-up, not coverage[0m
[32m2026-09-10 13:56:14.759[0m | [1mINFO    [0m | [36msrc.analysis.sentiment[0m:[36manalyse_sentiment[0m:[36m1601[0m - [1mXLY raw_sentiment=-0.05 (local, 7 articles)[0m
[32m2026-09-10 13:56:14.759[0m | [34m[1mDEBUG   [0m | [36msrc.analysis.sentiment[0m:[36manalyse_sentiment[0m:[36m1657[0m - [34m[1mXLY sentiment scaled -0.05 \u2192 -0.03 (count=7, sources=2, scale=0.54)[0m
[32m2026-09-10 13:56:16.953[0m | [1mINFO    [0m | [36msrc.analysis.sentiment[0m:[36manalyse_sentiment[0m:[36m1601[0m - [1mVLO raw_sentiment=-0.05 (local, 3 articles)[0m
[32m2026-09-10 13:56:16.953[0m | [34m[1mDEBUG   [0m | [36msrc.analysis.sentiment[0m:[36manalyse_sentiment[0m:[36m1657[0m - [34m[1mVLO sentiment scaled -0.05 \u2192 -0.03 (count=3, sources=3, scale=0.51)[0m
[32m2026-09-10 13:56:21.098[0m | [1mINFO    [0m | [36msrc.analysis.sentiment[0m:[36manalyse_sentiment[0m:[36m1601[0m - [1mSMH raw_sentiment=+0.45 (local, 20 articles)[0m
[32m2026-09-10 13:56:21.098[0m | [34m[1mDEBUG   [0m | [36msrc.analysis.sentiment[0m:[36manalyse_sentiment[0m:[36m1657[0m - [34m[1mSMH sentiment scaled +0.45 \u2192 +0.37 (count=20, sources=12, scale=0.82)[0m
[32m2026-09-10 13:56:21.099[0m | [34m[1mDEBUG   [0m | [36msrc.analysis.sentiment[0m:[36manalyse_sentiment[0m:[36m1426[0m - [34m[1mXLF sentiment abstained: 85% of the digest names it only in the body (>= 75%) — a round-up, not coverage[0m
[32m2026-09-10 13:56:22.960[0m | [1mINFO    [0m | [36msrc.analysis.sentiment[0m:[36manalyse_sentiment[0m:[36m1601[0m - [1mCRL raw_sentiment=+0.00 (local, 2 articles)[0m
[32m2026-09-10 13:56:22.960[0m | [34m[1mDEBUG   [0m | [36msrc.analysis.sentiment[0m:[36manalyse_sentiment[0m:[36m1657[0m - [34m[1mCRL sentiment scaled +0.00 \u2192 +0.00 (count=2, sources=2, scale=0.53)[0m
[32m2026-09-10 13:56:27.821[0m | [1mINFO    [0m | [36msrc.analysis.sentiment[0m:[36manalyse_sentiment[0m:[36m1601[0m - [1mSEI raw_sentiment=+0.55 (local, 20 articles)[0m
[32m2026-09-10 13:56:27.822[0m | [34m[1mDEBUG   [0m | [36msrc.analysis.sentiment[0m:[36manalyse_sentiment[0m:[36m1657[0m - [34m[1mSEI sentiment scaled +0.55 \u2192 +0.47 (count=20, sources=16, scale=0.85)[0m
[32m2026-09-10 13:56:32.242[0m | [1mINFO    [0m | [36msrc.analysis.sentiment[0m:[36manalyse_sentiment[0m:[36m1601[0m - [1mAVAV raw_sentiment=+0.75 (local, 20 articles)[0m
[32m2026-09-10 13:56:32.243[0m | [34m[1mDEBUG   [0m | [36msrc.analysis.sentiment[0m:[36manalyse_sentiment[0m:[36m1426[0m - [34m[1mPANW sentiment abstained: 100% of the digest names it only in the body (>= 75%) — a round-up, not coverage[0m
[32m2026-09-10 13:56:34.592[0m | [1mINFO    [0m | [36msrc.analysis.sentiment[0m:[36manalyse_sentiment[0m:[36m1601[0m - [1mBB raw_sentiment=+0.25 (local, 4 articles)[0m
[32m2026-09-10 13:56:34.593[0m | [34m[1mDEBUG   [0m | [36msrc.analysis.sentiment[0m:[36manalyse_sentiment[0m:[36m1657[0m - [34m[1mBB sentiment scaled +0.25 \u2192 +0.16 (count=4, sources=3, scale=0.65)[0m
[32m2026-09-10 13:56:34.594[0m | [34m[1mDEBUG   [0m | [36msrc.analysis.sentiment[0m:[36manalyse_sentiment[0m:[36m1426[0m - [34m[1mXLF sentiment abstained: 80% of the digest names it only in the body (>= 75%) — a round-up, not coverage[0m
[32m2026-09-10 13:56:36.476[0m | [1mINFO    [0m | [36msrc.analysis.sentiment[0m:[36manalyse_sentiment[0m:[36m1601[0m - [1mRDDT raw_sentiment=+0.05 (local, 7 articles)[0m
[32m2026-09-10 13:56:36.476[0m | [34m[1mDEBUG   [0m | [36msrc.analysis.sentiment[0m:[36manalyse_sentiment[0m:[36m1657[0m - [34m[1mRDDT sentiment scaled +0.05 \u2192 +0.04 (count=7, sources=6, scale=0.75)[0m
[32m2026-09-10 13:56:36.476[0m | [34m[1mDEBUG   [0m | [36msrc.analysis.sentiment[0m:[36manalyse_sentiment[0m:[36m1426[0m - [34m[1mIWM sentiment abstained: 92% of the digest names it only in the body (>= 75%) — a round-up, not coverage[0m
[32m2026-09-10 13:56:40.205[0m | [1mINFO    [0m | [36msrc.analysis.sentiment[0m:[36manalyse_sentiment[0m:[36m1601[0m - [1mWFC raw_sentiment=+0.00 (local, 10 articles)[0m
[32m2026-09-10 13:56:40.206[0m | [34m[1mDEBUG   [0m | [36msrc.analysis.sentiment[0m:[36manalyse_sentiment[0m:[36m1657[0m - [34m[1mWFC sentiment scaled +0.00 \u2192 +0.00 (count=10, sources=6, scale=0.80)[0m
[32m2026-09-10 13:56:42.413[0m | [1mINFO    [0m | [36msrc.analysis.sentiment[0m:[36manalyse_sentiment[0m:[36m1601[0m - [1mKVUE raw_sentiment=-0.25 (local, 2 articles)[0m
[32m2026-09-10 13:56:42.414[0m | [34m[1mDEBUG   [0m | [36msrc.analysis.sentiment[0m:[36manalyse_sentiment[0m:[36m1657[0m - [34m[1mKVUE sentiment scaled -0.25 \u2192 -0.14 (count=2, sources=2, scale=0.57)[0m
[32m2026-09-10 13:56:45.437[0m | [1mINFO    [0m | [36msrc.analysis.sentiment[0m:[36manalyse_sentiment[0m:[36m1601[0m - [1mJPM raw_sentiment=-0.05 (local, 8 articles)[0m
[32m2026-09-10 13:56:45.437[0m | [34m[1mDEBUG   [0m | [36msrc.analysis.sentiment[0m:[36manalyse_sentiment[0m:[36m1657[0m - [34m[1mJPM sentiment scaled -0.05 \u2192 -0.03 (count=8, sources=5, scale=0.60)[0m
[32m2026-09-10 13:56:47.783[0m | [1mINFO    [0m | [36msrc.analysis.sentiment[0m:[36manalyse_sentiment[0m:[36m1601[0m - [1mTPR raw_sentiment=+0.05 (local, 2 articles)[0m
[32m2026-09-10 13:56:47.783[0m | [34m[1mDEBUG   [0m | [36msrc.analysis.sentiment[0m:[36manalyse_sentiment[0m:[36m1657[0m - [34m[1mTPR sentiment scaled +0.05 \u2192 +0.03 (count=2, sources=2, scale=0.51)[0m
[32m2026-09-10 13:56:50.461[0m | [1mINFO    [0m | [36msrc.analysis.sentiment[0m:[36manalyse_sentiment[0m:[36m1601[0m - [1mBAC raw_sentiment=+0.00 (local, 2 articles)[0m
[32m2026-09-10 13:56:50.462[0m | [34m[1mDEBUG   [0m | [36msrc.analysis.sentiment[0m:[36manalyse_sentiment[0m:[36m1657[0m - [34m[1mBAC sentiment scaled +0.00 \u2192 +0.00 (count=2, sources=2, scale=0.44)[0m
[32m2026-09-10 13:56:52.854[0m | [1mINFO    [0m | [36msrc.analysis.sentiment[0m:[36manalyse_sentiment[0m:[36m1601[0m - [1mPTON raw_sentiment=-0.25 (local, 9 articles)[0m
[32m2026-09-10 13:56:52.854[0m | [34m[1mDEBUG   [0m | [36msrc.analysis.sentiment[0m:[36manalyse_sentiment[0m:[36m1657[0m - [34m[1mPTON sentiment scaled -0.25 \u2192 -0.18 (count=9, sources=9, scale=0.74)[0m
[32m2026-09-10 13:56:54.656[0m | [1mINFO    [0m | [36msrc.analysis.sentiment[0m:[36manalyse_sentiment[0m:[36m1601[0m - [1mNAVN raw_sentiment=+0.05 (local, 3 articles)[0m
[32m2026-09-10 13:56:54.656[0m | [34m[1mDEBUG   [0m | [36msrc.analysis.sentiment[0m:[36manalyse_sentiment[0m:[36m1657[0m - [34m[1mNAVN sentiment scaled +0.05 \u2192 +0.02 (count=3, sources=3, scale=0.42)[0m
[32m2026-09-10 13:56:57.309[0m | [1mINFO    [0m | [36msrc.analysis.sentiment[0m:[36manalyse_sentiment[0m:[36m1601[0m - [1mOCGN raw_sentiment=-0.15 (local, 9 articles)[0m
  350/400 in 976s (dropped non-local: 0)
[32m2026-09-10 13:56:59.690[0m | [1mINFO    [0m | [36msrc.analysis.sentiment[0m:[36manalyse_sentiment[0m:[36m1601[0m - [1mALKT raw_sentiment=+0.15 (local, 3 articles)[0m
[32m2026-09-10 13:56:59.690[0m | [34m[1mDEBUG   [0m | [36msrc.analysis.sentiment[0m:[36manalyse_sentiment[0m:[36m1657[0m - [34m[1mALKT sentiment scaled +0.15 \u2192 +0.08 (count=3, sources=3, scale=0.50)[0m
[32m2026-09-10 13:57:04.046[0m | [1mINFO    [0m | [36msrc.analysis.sentiment[0m:[36manalyse_sentiment[0m:[36m1601[0m - [1mAVAV raw_sentiment=+0.75 (local, 20 articles)[0m
[32m2026-09-10 13:57:04.046[0m | [34m[1mDEBUG   [0m | [36msrc.analysis.sentiment[0m:[36manalyse_sentiment[0m:[36m1426[0m - [34m[1mXLK sentiment abstained: 92% of the digest names it only in the body (>= 75%) — a round-up, not coverage[0m
[32m2026-09-10 13:57:07.328[0m | [1mINFO    [0m | [36msrc.analysis.sentiment[0m:[36manalyse_sentiment[0m:[36m1601[0m - [1mBAC raw_sentiment=+0.00 (local, 12 articles)[0m
[32m2026-09-10 13:57:09.715[0m | [1mINFO    [0m | [36msrc.analysis.sentiment[0m:[36manalyse_sentiment[0m:[36m1601[0m - [1mSIG raw_sentiment=-0.05 (local, 2 articles)[0m
[32m2026-09-10 13:57:09.715[0m | [34m[1mDEBUG   [0m | [36msrc.analysis.sentiment[0m:[36manalyse_sentiment[0m:[36m1657[0m - [34m[1mSIG sentiment scaled -0.05 \u2192 -0.02 (count=2, sources=2, scale=0.50)[0m
[32m2026-09-10 13:57:11.612[0m | [1mINFO    [0m | [36msrc.analysis.sentiment[0m:[36manalyse_sentiment[0m:[36m1601[0m - [1mPANW raw_sentiment=+0.00 (local, 1 articles)[0m
[32m2026-09-10 13:57:11.613[0m | [34m[1mDEBUG   [0m | [36msrc.analysis.sentiment[0m:[36manalyse_sentiment[0m:[36m1657[0m - [34m[1mPANW sentiment scaled +0.00 \u2192 +0.00 (count=1, sources=1, scale=0.34)[0m
[32m2026-09-10 13:57:13.731[0m | [1mINFO    [0m | [36msrc.analysis.sentiment[0m:[36manalyse_sentiment[0m:[36m1601[0m - [1mSNOW raw_sentiment=+0.35 (local, 3 articles)[0m
[32m2026-09-10 13:57:13.731[0m | [34m[1mDEBUG   [0m | [36msrc.analysis.sentiment[0m:[36manalyse_sentiment[0m:[36m1657[0m - [34m[1mSNOW sentiment scaled +0.35 \u2192 +0.22 (count=3, sources=3, scale=0.64)[0m
[32m2026-09-10 13:57:16.892[0m | [1mINFO    [0m | [36msrc.analysis.sentiment[0m:[36manalyse_sentiment[0m:[36m1601[0m - [1mOPEN raw_sentiment=-0.65 (local, 12 articles)[0m
[32m2026-09-10 13:57:20.774[0m | [1mINFO    [0m | [36msrc.analysis.sentiment[0m:[36manalyse_sentiment[0m:[36m1601[0m - [1mSPY raw_sentiment=-0.15 (local, 20 articles)[0m
[32m2026-09-10 13:57:23.688[0m | [1mINFO    [0m | [36msrc.analysis.sentiment[0m:[36manalyse_sentiment[0m:[36m1601[0m - [1mIGV raw_sentiment=-0.75 (local, 9 articles)[0m
[32m2026-09-10 13:57:23.688[0m | [34m[1mDEBUG   [0m | [36msrc.analysis.sentiment[0m:[36manalyse_sentiment[0m:[36m1657[0m - [34m[1mIGV sentiment scaled -0.75 \u2192 -0.46 (count=9, sources=7, scale=0.62)[0m
[32m2026-09-10 13:57:23.689[0m | [34m[1mDEBUG   [0m | [36msrc.analysis.sentiment[0m:[36manalyse_sentiment[0m:[36m1426[0m - [34m[1mXLF sentiment abstained: 80% of the digest names it only in the body (>= 75%) — a round-up, not coverage[0m
[32m2026-09-10 13:57:28.119[0m | [1mINFO    [0m | [36msrc.analysis.sentiment[0m:[36manalyse_sentiment[0m:[36m1601[0m - [1mDOCN raw_sentiment=+0.75 (local, 14 articles)[0m
[32m2026-09-10 13:57:28.120[0m | [34m[1mDEBUG   [0m | [36msrc.analysis.sentiment[0m:[36manalyse_sentiment[0m:[36m1657[0m - [34m[1mDOCN sentiment scaled +0.75 \u2192 +0.52 (count=14, sources=12, scale=0.69)[0m
[32m2026-09-10 13:57:31.268[0m | [1mINFO    [0m | [36msrc.analysis.sentiment[0m:[36manalyse_sentiment[0m:[36m1601[0m - [1mDYN raw_sentiment=-0.25 (local, 4 articles)[0m
[32m2026-09-10 13:57:31.268[0m | [34m[1mDEBUG   [0m | [36msrc.analysis.sentiment[0m:[36manalyse_sentiment[0m:[36m1657[0m - [34m[1mDYN sentiment scaled -0.25 \u2192 -0.14 (count=4, sources=4, scale=0.55)[0m
[32m2026-09-10 13:57:34.766[0m | [1mINFO    [0m | [36msrc.analysis.sentiment[0m:[36manalyse_sentiment[0m:[36m1601[0m - [1mSPY raw_sentiment=-0.15 (local, 20 articles)[0m
[32m2026-09-10 13:57:34.767[0m | [34m[1mDEBUG   [0m | [36msrc.analysis.sentiment[0m:[36manalyse_sentiment[0m:[36m1657[0m - [34m[1mSPY sentiment scaled -0.15 \u2192 -0.13 (count=20, sources=10, scale=0.90)[0m
[32m2026-09-10 13:57:38.313[0m | [1mINFO    [0m | [36msrc.analysis.sentiment[0m:[36manalyse_sentiment[0m:[36m1601[0m - [1mIBIT raw_sentiment=-0.15 (local, 12 articles)[0m
[32m2026-09-10 13:57:38.313[0m | [34m[1mDEBUG   [0m | [36msrc.analysis.sentiment[0m:[36manalyse_sentiment[0m:[36m1657[0m - [34m[1mIBIT sentiment scaled -0.15 \u2192 -0.10 (count=12, sources=8, scale=0.64)[0m
[32m2026-09-10 13:57:40.773[0m | [1mINFO    [0m | [36msrc.analysis.sentiment[0m:[36manalyse_sentiment[0m:[36m1601[0m - [1mWBD raw_sentiment=+0.15 (local, 5 articles)[0m
[32m2026-09-10 13:57:40.774[0m | [34m[1mDEBUG   [0m | [36msrc.analysis.sentiment[0m:[36manalyse_sentiment[0m:[36m1657[0m - [34m[1mWBD sentiment scaled +0.15 \u2192 +0.10 (count=5, sources=5, scale=0.64)[0m
[32m2026-09-10 13:57:43.233[0m | [1mINFO    [0m | [36msrc.analysis.sentiment[0m:[36manalyse_sentiment[0m:[36m1601[0m - [1mIGV raw_sentiment=-0.35 (local, 7 articles)[0m
[32m2026-09-10 13:57:43.233[0m | [34m[1mDEBUG   [0m | [36msrc.analysis.sentiment[0m:[36manalyse_sentiment[0m:[36m1657[0m - [34m[1mIGV sentiment scaled -0.35 \u2192 -0.19 (count=7, sources=6, scale=0.56)[0m
[32m2026-09-10 13:57:46.647[0m | [1mINFO    [0m | [36msrc.analysis.sentiment[0m:[36manalyse_sentiment[0m:[36m1601[0m - [1mSEDG raw_sentiment=-0.45 (local, 20 articles)[0m
[32m2026-09-10 13:57:46.648[0m | [34m[1mDEBUG   [0m | [36msrc.analysis.sentiment[0m:[36manalyse_sentiment[0m:[36m1426[0m - [34m[1mXLF sentiment abstained: 78% of the digest names it only in the body (>= 75%) — a round-up, not coverage[0m
[32m2026-09-10 13:57:49.391[0m | [1mINFO    [0m | [36msrc.analysis.sentiment[0m:[36manalyse_sentiment[0m:[36m1601[0m - [1mBB raw_sentiment=+0.00 (local, 6 articles)[0m
[32m2026-09-10 13:57:49.391[0m | [34m[1mDEBUG   [0m | [36msrc.analysis.sentiment[0m:[36manalyse_sentiment[0m:[36m1657[0m - [34m[1mBB sentiment scaled +0.00 \u2192 +0.00 (count=6, sources=4, scale=0.63)[0m
[32m2026-09-10 13:57:52.381[0m | [1mINFO    [0m | [36msrc.analysis.sentiment[0m:[36manalyse_sentiment[0m:[36m1601[0m - [1mSNAP raw_sentiment=+0.55 (local, 11 articles)[0m
[32m2026-09-10 13:57:56.932[0m | [1mINFO    [0m | [36msrc.analysis.sentiment[0m:[36manalyse_sentiment[0m:[36m1601[0m - [1mSMH raw_sentiment=+0.65 (local, 20 articles)[0m
[32m2026-09-10 13:57:56.932[0m | [34m[1mDEBUG   [0m | [36msrc.analysis.sentiment[0m:[36manalyse_sentiment[0m:[36m1657[0m - [34m[1mSMH sentiment scaled +0.65 \u2192 +0.49 (count=20, sources=13, scale=0.75)[0m
[32m2026-09-10 13:57:59.312[0m | [1mINFO    [0m | [36msrc.analysis.sentiment[0m:[36manalyse_sentiment[0m:[36m1601[0m - [1mMS raw_sentiment=+0.15 (local, 4 articles)[0m
[32m2026-09-10 13:57:59.312[0m | [34m[1mDEBUG   [0m | [36msrc.analysis.sentiment[0m:[36manalyse_sentiment[0m:[36m1657[0m - [34m[1mMS sentiment scaled +0.15 \u2192 +0.08 (count=4, sources=4, scale=0.53)[0m
[32m2026-09-10 13:58:01.258[0m | [1mINFO    [0m | [36msrc.analysis.sentiment[0m:[36manalyse_sentiment[0m:[36m1601[0m - [1mLEN-B raw_sentiment=-0.15 (local, 4 articles)[0m
[32m2026-09-10 13:58:01.259[0m | [34m[1mDEBUG   [0m | [36msrc.analysis.sentiment[0m:[36manalyse_sentiment[0m:[36m1657[0m - [34m[1mLEN-B sentiment scaled -0.15 \u2192 -0.06 (count=4, sources=2, scale=0.39)[0m
[32m2026-09-10 13:58:01.259[0m | [34m[1mDEBUG   [0m | [36msrc.analysis.sentiment[0m:[36manalyse_sentiment[0m:[36m1426[0m - [34m[1mXLU sentiment abstained: 100% of the digest names it only in the body (>= 75%) — a round-up, not coverage[0m
[32m2026-09-10 13:58:03.111[0m | [1mINFO    [0m | [36msrc.analysis.sentiment[0m:[36manalyse_sentiment[0m:[36m1601[0m - [1mGLD raw_sentiment=+0.05 (local, 1 articles)[0m
[32m2026-09-10 13:58:03.111[0m | [34m[1mDEBUG   [0m | [36msrc.analysis.sentiment[0m:[36manalyse_sentiment[0m:[36m1657[0m - [34m[1mGLD sentiment scaled +0.05 \u2192 +0.02 (count=1, sources=1, scale=0.32)[0m
[32m2026-09-10 13:58:07.629[0m | [1mINFO    [0m | [36msrc.analysis.sentiment[0m:[36manalyse_sentiment[0m:[36m1601[0m - [1mBRZE raw_sentiment=-0.35 (local, 20 articles)[0m
[32m2026-09-10 13:58:10.272[0m | [1mINFO    [0m | [36msrc.analysis.sentiment[0m:[36manalyse_sentiment[0m:[36m1601[0m - [1mTBBK raw_sentiment=-0.75 (local, 4 articles)[0m
[32m2026-09-10 13:58:10.272[0m | [34m[1mDEBUG   [0m | [36msrc.analysis.sentiment[0m:[36manalyse_sentiment[0m:[36m1657[0m - [34m[1mTBBK sentiment scaled -0.75 \u2192 -0.58 (count=4, sources=4, scale=0.77)[0m
[32m2026-09-10 13:58:13.877[0m | [1mINFO    [0m | [36msrc.analysis.sentiment[0m:[36manalyse_sentiment[0m:[36m1601[0m - [1mIBIT raw_sentiment=+0.65 (local, 13 articles)[0m
[32m2026-09-10 13:58:13.877[0m | [34m[1mDEBUG   [0m | [36msrc.analysis.sentiment[0m:[36manalyse_sentiment[0m:[36m1657[0m - [34m[1mIBIT sentiment scaled +0.65 \u2192 +0.55 (count=13, sources=13, scale=0.84)[0m
[32m2026-09-10 13:58:18.288[0m | [1mINFO    [0m | [36msrc.analysis.sentiment[0m:[36manalyse_sentiment[0m:[36m1601[0m - [1mBRK-B raw_sentiment=+0.65 (local, 20 articles)[0m
[32m2026-09-10 13:58:18.289[0m | [34m[1mDEBUG   [0m | [36msrc.analysis.sentiment[0m:[36manalyse_sentiment[0m:[36m1657[0m - [34m[1mBRK-B sentiment scaled +0.65 \u2192 +0.56 (count=20, sources=11, scale=0.87)[0m
[32m2026-09-10 13:58:20.472[0m | [1mINFO    [0m | [36msrc.analysis.sentiment[0m:[36manalyse_sentiment[0m:[36m1601[0m - [1mSLV raw_sentiment=+0.05 (local, 2 articles)[0m
[32m2026-09-10 13:58:20.472[0m | [34m[1mDEBUG   [0m | [36msrc.analysis.sentiment[0m:[36manalyse_sentiment[0m:[36m1657[0m - [34m[1mSLV sentiment scaled +0.05 \u2192 +0.02 (count=2, sources=2, scale=0.49)[0m
[32m2026-09-10 13:58:20.473[0m | [34m[1mDEBUG   [0m | [36msrc.analysis.sentiment[0m:[36manalyse_sentiment[0m:[36m1426[0m - [34m[1mXLK sentiment abstained: 93% of the digest names it only in the body (>= 75%) — a round-up, not coverage[0m
[32m2026-09-10 13:58:24.251[0m | [1mINFO    [0m | [36msrc.analysis.sentiment[0m:[36manalyse_sentiment[0m:[36m1601[0m - [1mIBIT raw_sentiment=+0.45 (local, 20 articles)[0m
[32m2026-09-10 13:58:24.251[0m | [34m[1mDEBUG   [0m | [36msrc.analysis.sentiment[0m:[36manalyse_sentiment[0m:[36m1657[0m - [34m[1mIBIT sentiment scaled +0.45 \u2192 +0.33 (count=20, sources=15, scale=0.72)[0m
[32m2026-09-10 13:58:26.778[0m | [1mINFO    [0m | [36msrc.analysis.sentiment[0m:[36manalyse_sentiment[0m:[36m1601[0m - [1mCXW raw_sentiment=+0.45 (local, 3 articles)[0m
[32m2026-09-10 13:58:26.779[0m | [34m[1mDEBUG   [0m | [36msrc.analysis.sentiment[0m:[36manalyse_sentiment[0m:[36m1657[0m - [34m[1mCXW sentiment scaled +0.45 \u2192 +0.21 (count=3, sources=3, scale=0.47)[0m
[32m2026-09-10 13:58:30.880[0m | [1mINFO    [0m | [36msrc.analysis.sentiment[0m:[36manalyse_sentiment[0m:[36m1601[0m - [1mLEN-B raw_sentiment=-0.65 (local, 10 articles)[0m
[32m2026-09-10 13:58:30.880[0m | [34m[1mDEBUG   [0m | [36msrc.analysis.sentiment[0m:[36manalyse_sentiment[0m:[36m1657[0m - [34m[1mLEN-B sentiment scaled -0.65 \u2192 -0.55 (count=10, sources=8, scale=0.85)[0m
[32m2026-09-10 13:58:36.272[0m | [1mINFO    [0m | [36msrc.analysis.sentiment[0m:[36manalyse_sentiment[0m:[36m1601[0m - [1mCSR raw_sentiment=+0.55 (local, 20 articles)[0m
[32m2026-09-10 13:58:39.596[0m | [1mINFO    [0m | [36msrc.analysis.sentiment[0m:[36manalyse_sentiment[0m:[36m1601[0m - [1mIBB raw_sentiment=+0.15 (local, 20 articles)[0m
[32m2026-09-10 13:58:39.596[0m | [34m[1mDEBUG   [0m | [36msrc.analysis.sentiment[0m:[36manalyse_sentiment[0m:[36m1657[0m - [34m[1mIBB sentiment scaled +0.15 \u2192 +0.12 (count=20, sources=10, scale=0.83)[0m
[32m2026-09-10 13:58:39.596[0m | [34m[1mDEBUG   [0m | [36msrc.analysis.sentiment[0m:[36manalyse_sentiment[0m:[36m1426[0m - [34m[1mXLP sentiment abstained: 100% of the digest names it only in the body (>= 75%) — a round-up, not coverage[0m
[32m2026-09-10 13:58:43.273[0m | [1mINFO    [0m | [36msrc.analysis.sentiment[0m:[36manalyse_sentiment[0m:[36m1601[0m - [1mIBIT raw_sentiment=-0.15 (local, 15 articles)[0m
[32m2026-09-10 13:58:43.273[0m | [34m[1mDEBUG   [0m | [36msrc.analysis.sentiment[0m:[36manalyse_sentiment[0m:[36m1657[0m - [34m[1mIBIT sentiment scaled -0.15 \u2192 -0.13 (count=15, sources=14, scale=0.86)[0m
[32m2026-09-10 13:58:47.334[0m | [1mINFO    [0m | [36msrc.analysis.sentiment[0m:[36manalyse_sentiment[0m:[36m1601[0m - [1mAMC raw_sentiment=+0.25 (local, 17 articles)[0m
[32m2026-09-10 13:58:49.427[0m | [1mINFO    [0m | [36msrc.analysis.sentiment[0m:[36manalyse_sentiment[0m:[36m1601[0m - [1mXBI raw_sentiment=+0.65 (local, 9 articles)[0m
[32m2026-09-10 13:58:49.427[0m | [34m[1mDEBUG   [0m | [36msrc.analysis.sentiment[0m:[36manalyse_sentiment[0m:[36m1657[0m - [34m[1mXBI sentiment scaled +0.65 \u2192 +0.48 (count=9, sources=6, scale=0.74)[0m
[32m2026-09-10 13:58:53.469[0m | [1mINFO    [0m | [36msrc.analysis.sentiment[0m:[36manalyse_sentiment[0m:[36m1601[0m - [1mXOM raw_sentiment=+0.45 (local, 15 articles)[0m
[32m2026-09-10 13:58:53.469[0m | [34m[1mDEBUG   [0m | [36msrc.analysis.sentiment[0m:[36manalyse_sentiment[0m:[36m1657[0m - [34m[1mXOM sentiment scaled +0.45 \u2192 +0.28 (count=15, sources=7, scale=0.62)[0m
[32m2026-09-10 13:58:56.539[0m | [1mINFO    [0m | [36msrc.analysis.sentiment[0m:[36manalyse_sentiment[0m:[36m1601[0m - [1mGM raw_sentiment=+0.85 (local, 11 articles)[0m
[32m2026-09-10 13:58:56.539[0m | [34m[1mDEBUG   [0m | [36msrc.analysis.sentiment[0m:[36manalyse_sentiment[0m:[36m1657[0m - [34m[1mGM sentiment scaled +0.85 \u2192 +0.61 (count=11, sources=9, scale=0.72)[0m
[32m2026-09-10 13:58:59.140[0m | [1mINFO    [0m | [36msrc.analysis.sentiment[0m:[36manalyse_sentiment[0m:[36m1601[0m - [1mGM raw_sentiment=+0.65 (local, 11 articles)[0m
[32m2026-09-10 13:58:59.140[0m | [34m[1mDEBUG   [0m | [36msrc.analysis.sentiment[0m:[36manalyse_sentiment[0m:[36m1657[0m - [34m[1mGM sentiment scaled +0.65 \u2192 +0.46 (count=11, sources=9, scale=0.71)[0m
[32m2026-09-10 13:59:02.717[0m | [1mINFO    [0m | [36msrc.analysis.sentiment[0m:[36manalyse_sentiment[0m:[36m1601[0m - [1mJMKE raw_sentiment=+0.05 (local, 12 articles)[0m
[32m2026-09-10 13:59:02.717[0m | [34m[1mDEBUG   [0m | [36msrc.analysis.sentiment[0m:[36manalyse_sentiment[0m:[36m1657[0m - [34m[1mJMKE sentiment scaled +0.05 \u2192 +0.04 (count=12, sources=8, scale=0.87)[0m
[32m2026-09-10 13:59:02.718[0m | [34m[1mDEBUG   [0m | [36msrc.analysis.sentiment[0m:[36manalyse_sentiment[0m:[36m1426[0m - [34m[1mIWM sentiment abstained: 93% of the digest names it only in the body (>= 75%) — a round-up, not coverage[0m
[32m2026-09-10 13:59:06.748[0m | [1mINFO    [0m | [36msrc.analysis.sentiment[0m:[36manalyse_sentiment[0m:[36m1601[0m - [1mAVAV raw_sentiment=+0.65 (local, 20 articles)[0m
[32m2026-09-10 13:59:10.010[0m | [1mINFO    [0m | [36msrc.analysis.sentiment[0m:[36manalyse_sentiment[0m:[36m1601[0m - [1mBAC raw_sentiment=+0.00 (local, 11 articles)[0m
[32m2026-09-10 13:59:10.010[0m | [34m[1mDEBUG   [0m | [36msrc.analysis.sentiment[0m:[36manalyse_sentiment[0m:[36m1657[0m - [34m[1mBAC sentiment scaled +0.00 \u2192 +0.00 (count=11, sources=6, scale=0.76)[0m
[32m2026-09-10 13:59:10.010[0m | [34m[1mDEBUG   [0m | [36msrc.analysis.sentiment[0m:[36manalyse_sentiment[0m:[36m1426[0m - [34m[1mIBB sentiment abstained: 100% of the digest names it only in the body (>= 75%) — a round-up, not coverage[0m
  400/400 in 1109s (dropped non-local: 0)

400 rows kept, 0 dropped as non-local -> runs/audit_qwen.json
engines kept: {'local': 348, None: 52}
