[32m2026-09-10 10:21:01.139[0m | [1mINFO    [0m | [36msrc.analysis.signal_panel[0m:[36mbuild_panel[0m:[36m281[0m - [1m[panel] replayed with current scorers: atr_pct(31529), bb_width_pct(31532), iv_rank(31532), momentum(31532), money_flow(31532), movement_factor(31529), tape_score(31532), tech(31532), trend_strength(31532), vol_ratio(31532), vwap(31532)[0m
[32m2026-09-10 10:21:01.169[0m | [34m[1mDEBUG   [0m | [36msrc.analysis.signal_panel[0m:[36mbuild_panel[0m:[36m327[0m - [34m[1m[signal_panel] scorer-epoch masked: news(31013), sent_velocity(31013), insider(22125), put_call(23028), vwap(367), money_flow(410), vwap_30m(20176), money_flow_30m(23028), vwap_1w(20176), money_flow_1w(23028), f_dividend(23028), kaufman_long(23028), kaufman_short(23028), adx_long(23028), adx_short(23028), st_reversal(19626), ml_ohlcv(20795), news_shock(31013), news_bear_fresh(31013), catalyst_tilt(31013), confidence+components(22125)[0m
[32m2026-09-10 10:21:01.237[0m | [34m[1mDEBUG   [0m | [36msrc.data.cache[0m:[36mload_ohlcv[0m:[36m237[0m - [34m[1m[cache] Loaded OHLCV[1d] for ASTS from ASTS.json (1363 rows)[0m
[32m2026-09-10 10:21:01.243[0m | [34m[1mDEBUG   [0m | [36msrc.data.cache[0m:[36mload_ohlcv[0m:[36m237[0m - [34m[1m[cache] Loaded OHLCV[1d] for XPEV from XPEV.json (1515 rows)[0m
[32m2026-09-10 10:21:01.247[0m | [34m[1mDEBUG   [0m | [36msrc.data.cache[0m:[36mload_ohlcv[0m:[36m237[0m - [34m[1m[cache] Loaded OHLCV[1d] for NXNVW from NXNVW.json (16 rows)[0m
[32m2026-09-10 10:21:01.251[0m | [34m[1mDEBUG   [0m | [36msrc.data.cache[0m:[36mload_ohlcv[0m:[36m237[0m - [34m[1m[cache] Loaded OHLCV[1d] for IRON from IRON.json (925 rows)[0m
[32m2026-09-10 10:21:01.258[0m | [34m[1mDEBUG   [0m | [36msrc.data.cache[0m:[36mload_ohlcv[0m:[36m237[0m - [34m[1m[cache] Loaded OHLCV[1d] for NTLA from NTLA.json (2600 rows)[0m
[32m2026-09-10 10:21:01.268[0m | [34m[1mDEBUG   [0m | [36msrc.data.cache[0m:[36mload_ohlcv[0m:[36m237[0m - [34m[1m[cache] Loaded OHLCV[1d] for WOLF from WOLF.json (2681 rows)[0m
[32m2026-09-10 10:21:01.275[0m | [34m[1mDEBUG   [0m | [36msrc.data.cache[0m:[36mload_ohlcv[0m:[36m237[0m - [34m[1m[cache] Loaded OHLCV[1d] for SOFI from SOFI.json (1287 rows)[0m
[32m2026-09-10 10:21:01.282[0m | [34m[1mDEBUG   [0m | [36msrc.data.cache[0m:[36mload_ohlcv[0m:[36m237[0m - [34m[1m[cache] Loaded OHLCV[1d] for SNAP from SNAP.json (2394 rows)[0m
[32m2026-09-10 10:21:01.293[0m | [34m[1mDEBUG   [0m | [36msrc.data.cache[0m:[36mload_ohlcv[0m:[36m237[0m - [34m[1m[cache] Loaded OHLCV[1d] for SE from SE.json (4787 rows)[0m
[32m2026-09-10 10:21:01.301[0m | [34m[1mDEBUG   [0m | [36msrc.data.cache[0m:[36mload_ohlcv[0m:[36m237[0m - [34m[1m[cache] Loaded OHLCV[1d] for LCID from LCID.json (1282 rows)[0m
[32m2026-09-10 10:21:01.311[0m | [34m[1mDEBUG   [0m | [36msrc.data.cache[0m:[36mload_ohlcv[0m:[36m237[0m - [34m[1m[cache] Loaded OHLCV[1d] for T from T.json (5049 rows)[0m
[32m2026-09-10 10:21:01.322[0m | [34m[1mDEBUG   [0m | [36msrc.data.cache[0m:[36mload_ohlcv[0m:[36m237[0m - [34m[1m[cache] Loaded OHLCV[1d] for TE from TE.json (2871 rows)[0m
[32m2026-09-10 10:21:01.327[0m | [34m[1mDEBUG   [0m | [36msrc.data.cache[0m:[36mload_ohlcv[0m:[36m237[0m - [34m[1m[cache] Loaded OHLCV[1d] for FRMI from FRMI.json (236 rows)[0m
[32m2026-09-10 10:21:01.332[0m | [34m[1mDEBUG   [0m | [36msrc.data.cache[0m:[36mload_ohlcv[0m:[36m237[0m - [34m[1m[cache] Loaded OHLCV[1d] for MP from MP.json (1457 rows)[0m
[32m2026-09-10 10:21:01.337[0m | [34m[1mDEBUG   [0m | [36msrc.data.cache[0m:[36mload_ohlcv[0m:[36m237[0m - [34m[1m[cache] Loaded OHLCV[1d] for USAR from USAR.json (374 rows)[0m
[32m2026-09-10 10:21:01.341[0m | [34m[1mDEBUG   [0m | [36msrc.data.cache[0m:[36mload_ohlcv[0m:[36m237[0m - [34m[1m[cache] Loaded OHLCV[1d] for CIFR from CIFR.json (1262 rows)[0m
[32m2026-09-10 10:21:01.346[0m | [34m[1mDEBUG   [0m | [36msrc.data.cache[0m:[36mload_ohlcv[0m:[36m237[0m - [34m[1m[cache] Loaded OHLCV[1d] for CBDY from CBDY.json (825 rows)[0m
[32m2026-09-10 10:21:01.356[0m | [34m[1mDEBUG   [0m | [36msrc.data.cache[0m:[36mload_ohlcv[0m:[36m237[0m - [34m[1m[cache] Loaded OHLCV[1d] for USNA from USNA.json (5049 rows)[0m
[32m2026-09-10 10:21:01.366[0m | [34m[1mDEBUG   [0m | [36msrc.data.cache[0m:[36mload_ohlcv[0m:[36m237[0m - [34m[1m[cache] Loaded OHLCV[1d] for SNOW from SNOW.json (2383 rows)[0m
[32m2026-09-10 10:21:01.377[0m | [34m[1mDEBUG   [0m | [36msrc.data.cache[0m:[36mload_ohlcv[0m:[36m237[0m - [34m[1m[cache] Loaded OHLCV[1d] for VMC from VMC.json (5049 rows)[0m
[32m2026-09-10 10:21:01.387[0m | [34m[1mDEBUG   [0m | [36msrc.data.cache[0m:[36mload_ohlcv[0m:[36m237[0m - [34m[1m[cache] Loaded OHLCV[1d] for VST from VST.json (2346 rows)[0m
[32m2026-09-10 10:21:01.394[0m | [34m[1mDEBUG   [0m | [36msrc.data.cache[0m:[36mload_ohlcv[0m:[36m237[0m - [34m[1m[cache] Loaded OHLCV[1d] for DSP from DSP.json (1942 rows)[0m
[32m2026-09-10 10:21:01.400[0m | [34m[1mDEBUG   [0m | [36msrc.data.cache[0m:[36mload_ohlcv[0m:[36m237[0m - [34m[1m[cache] Loaded OHLCV[1d] for DDOG from DDOG.json (1752 rows)[0m
[32m2026-09-10 10:21:01.408[0m | [34m[1mDEBUG   [0m | [36msrc.data.cache[0m:[36mload_ohlcv[0m:[36m237[0m - [34m[1m[cache] Loaded OHLCV[1d] for BE from BE.json (2612 rows)[0m
[32m2026-09-10 10:21:01.417[0m | [34m[1mDEBUG   [0m | [36msrc.data.cache[0m:[36mload_ohlcv[0m:[36m237[0m - [34m[1m[cache] Loaded OHLCV[1d] for APP from APP.json (3456 rows)[0m
[32m2026-09-10 10:21:01.427[0m | [34m[1mDEBUG   [0m | [36msrc.data.cache[0m:[36mload_ohlcv[0m:[36m237[0m - [34m[1m[cache] Loaded OHLCV[1d] for SERV from SERV.json (3112 rows)[0m
[32m2026-09-10 10:21:01.436[0m | [34m[1mDEBUG   [0m | [36msrc.data.cache[0m:[36mload_ohlcv[0m:[36m237[0m - [34m[1m[cache] Loaded OHLCV[1d] for SMA from SMA.json (2454 rows)[0m
[32m2026-09-10 10:21:01.447[0m | [34m[1mDEBUG   [0m | [36msrc.data.cache[0m:[36mload_ohlcv[0m:[36m237[0m - [34m[1m[cache] Loaded OHLCV[1d] for RRGB from RRGB.json (5049 rows)[0m
[32m2026-09-10 10:21:01.458[0m | [34m[1mDEBUG   [0m | [36msrc.data.cache[0m:[36mload_ohlcv[0m:[36m237[0m - [34m[1m[cache] Loaded OHLCV[1d] for GKOS from GKOS.json (2818 rows)[0m
[32m2026-09-10 10:21:01.468[0m | [34m[1mDEBUG   [0m | [36msrc.data.cache[0m:[36mload_ohlcv[0m:[36m237[0m - [34m[1m[cache] Loaded OHLCV[1d] for FANG from FANG.json (3495 rows)[0m
[32m2026-09-10 10:21:01.504[0m | [34m[1mDEBUG   [0m | [36msrc.data.cache[0m:[36mload_ohlcv[0m:[36m237[0m - [34m[1m[cache] Loaded OHLCV[1d] for PAHC from PAHC.json (3121 rows)[0m
[32m2026-09-10 10:21:01.516[0m | [34m[1mDEBUG   [0m | [36msrc.data.cache[0m:[36mload_ohlcv[0m:[36m237[0m - [34m[1m[cache] Loaded OHLCV[1d] for VRTS from VRTS.json (4448 rows)[0m
[32m2026-09-10 10:21:01.524[0m | [34m[1mDEBUG   [0m | [36msrc.data.cache[0m:[36mload_ohlcv[0m:[36m237[0m - [34m[1m[cache] Loaded OHLCV[1d] for ^GSPC from ^GSPC.json (1279 rows)[0m
[32m2026-09-10 10:21:01.534[0m | [34m[1mDEBUG   [0m | [36msrc.data.cache[0m:[36mload_ohlcv[0m:[36m237[0m - [34m[1m[cache] Loaded OHLCV[1d] for ASML from ASML.json (5029 rows)[0m
[32m2026-09-10 10:21:01.542[0m | [34m[1mDEBUG   [0m | [36msrc.data.cache[0m:[36mload_ohlcv[0m:[36m237[0m - [34m[1m[cache] Loaded OHLCV[1d] for GEV from GEV.json (612 rows)[0m
[32m2026-09-10 10:21:01.554[0m | [34m[1mDEBUG   [0m | [36msrc.data.cache[0m:[36mload_ohlcv[0m:[36m237[0m - [34m[1m[cache] Loaded OHLCV[1d] for CRM from CRM.json (5049 rows)[0m
[32m2026-09-10 10:21:01.562[0m | [34m[1mDEBUG   [0m | [36msrc.data.cache[0m:[36mload_ohlcv[0m:[36m237[0m - [34m[1m[cache] Loaded OHLCV[1d] for CWAN from CWAN.json (1191 rows)[0m
[32m2026-09-10 10:21:01.568[0m | [34m[1mDEBUG   [0m | [36msrc.data.cache[0m:[36mload_ohlcv[0m:[36m237[0m - [34m[1m[cache] Loaded OHLCV[1d] for YOU from YOU.json (1282 rows)[0m
[32m2026-09-10 10:21:01.573[0m | [34m[1mDEBUG   [0m | [36msrc.data.cache[0m:[36mload_ohlcv[0m:[36m237[0m - [34m[1m[cache] Loaded OHLCV[1d] for TCNNF from TCNNF.json (1111 rows)[0m
[32m2026-09-10 10:21:01.577[0m | [34m[1mDEBUG   [0m | [36msrc.data.cache[0m:[36mload_ohlcv[0m:[36m237[0m - [34m[1m[cache] Loaded OHLCV[1d] for SDSTW from SDSTW.json (474 rows)[0m
[32m2026-09-10 10:21:01.583[0m | [34m[1mDEBUG   [0m | [36msrc.data.cache[0m:[36mload_ohlcv[0m:[36m237[0m - [34m[1m[cache] Loaded OHLCV[1d] for ARVN from ARVN.json (1997 rows)[0m
[32m2026-09-10 10:21:01.596[0m | [34m[1mDEBUG   [0m | [36msrc.data.cache[0m:[36mload_ohlcv[0m:[36m237[0m - [34m[1m[cache] Loaded OHLCV[1d] for RBC from RBC.json (4804 rows)[0m
[32m2026-09-10 10:21:01.611[0m | [34m[1mDEBUG   [0m | [36msrc.data.cache[0m:[36mload_ohlcv[0m:[36m237[0m - [34m[1m[cache] Loaded OHLCV[1d] for TTWO from TTWO.json (5049 rows)[0m
[32m2026-09-10 10:21:01.620[0m | [34m[1mDEBUG   [0m | [36msrc.data.cache[0m:[36mload_ohlcv[0m:[36m237[0m - [34m[1m[cache] Loaded OHLCV[1d] for BLTE from BLTE.json (1094 rows)[0m
[32m2026-09-10 10:21:01.630[0m | [34m[1mDEBUG   [0m | [36msrc.data.cache[0m:[36mload_ohlcv[0m:[36m237[0m - [34m[1m[cache] Loaded OHLCV[1d] for VLO from VLO.json (5049 rows)[0m
[32m2026-09-10 10:21:01.640[0m | [34m[1mDEBUG   [0m | [36msrc.data.cache[0m:[36mload_ohlcv[0m:[36m237[0m - [34m[1m[cache] Loaded OHLCV[1d] for EP-PC from EP-PC.json (1277 rows)[0m
[32m2026-09-10 10:21:01.647[0m | [34m[1mDEBUG   [0m | [36msrc.data.cache[0m:[36mload_ohlcv[0m:[36m237[0m - [34m[1m[cache] Loaded OHLCV[1d] for TNL from TNL.json (2469 rows)[0m
[32m2026-09-10 10:21:01.658[0m | [34m[1mDEBUG   [0m | [36msrc.data.cache[0m:[36mload_ohlcv[0m:[36m237[0m - [34m[1m[cache] Loaded OHLCV[1d] for SMTC from SMTC.json (5049 rows)[0m
[32m2026-09-10 10:21:01.672[0m | [34m[1mDEBUG   [0m | [36msrc.data.cache[0m:[36mload_ohlcv[0m:[36m237[0m - [34m[1m[cache] Loaded OHLCV[1d] for AIG from AIG.json (5049 rows)[0m
[32m2026-09-10 10:21:01.685[0m | [34m[1mDEBUG   [0m | [36msrc.data.cache[0m:[36mload_ohlcv[0m:[36m237[0m - [34m[1m[cache] Loaded OHLCV[1d] for MLAB from MLAB.json (4888 rows)[0m
[32m2026-09-10 10:21:01.698[0m | [34m[1mDEBUG   [0m | [36msrc.data.cache[0m:[36mload_ohlcv[0m:[36m237[0m - [34m[1m[cache] Loaded OHLCV[1d] for AGO from AGO.json (5049 rows)[0m
[32m2026-09-10 10:21:01.706[0m | [34m[1mDEBUG   [0m | [36msrc.data.cache[0m:[36mload_ohlcv[0m:[36m237[0m - [34m[1m[cache] Loaded OHLCV[1d] for UMBFO from UMBFO.json (311 rows)[0m
[32m2026-09-10 10:21:01.716[0m | [34m[1mDEBUG   [0m | [36msrc.data.cache[0m:[36mload_ohlcv[0m:[36m237[0m - [34m[1m[cache] Loaded OHLCV[1d] for HSIC from HSIC.json (5049 rows)[0m
[32m2026-09-10 10:21:01.729[0m | [34m[1mDEBUG   [0m | [36msrc.data.cache[0m:[36mload_ohlcv[0m:[36m237[0m - [34m[1m[cache] Loaded OHLCV[1d] for LPSN from LPSN.json (5046 rows)[0m
[32m2026-09-10 10:21:01.737[0m | [34m[1mDEBUG   [0m | [36msrc.data.cache[0m:[36mload_ohlcv[0m:[36m237[0m - [34m[1m[cache] Loaded OHLCV[1d] for KRRO from KRRO.json (712 rows)[0m
[32m2026-09-10 10:21:01.746[0m | [34m[1mDEBUG   [0m | [36msrc.data.cache[0m:[36mload_ohlcv[0m:[36m237[0m - [34m[1m[cache] Loaded OHLCV[1d] for DVA from DVA.json (5049 rows)[0m
[32m2026-09-10 10:21:01.759[0m | [34m[1mDEBUG   [0m | [36msrc.data.cache[0m:[36mload_ohlcv[0m:[36m237[0m - [34m[1m[cache] Loaded OHLCV[1d] for CSIQ from CSIQ.json (4987 rows)[0m
[32m2026-09-10 10:21:01.767[0m | [34m[1mDEBUG   [0m | [36msrc.data.cache[0m:[36mload_ohlcv[0m:[36m237[0m - [34m[1m[cache] Loaded OHLCV[1d] for CDROW from CDROW.json (829 rows)[0m
[32m2026-09-10 10:21:01.772[0m | [34m[1mDEBUG   [0m | [36msrc.data.cache[0m:[36mload_ohlcv[0m:[36m237[0m - [34m[1m[cache] Loaded OHLCV[1d] for TARS from TARS.json (1480 rows)[0m
[32m2026-09-10 10:21:01.783[0m | [34m[1mDEBUG   [0m | [36msrc.data.cache[0m:[36mload_ohlcv[0m:[36m237[0m - [34m[1m[cache] Loaded OHLCV[1d] for NXST from NXST.json (5048 rows)[0m
[32m2026-09-10 10:21:01.798[0m | [34m[1mDEBUG   [0m | [36msrc.data.cache[0m:[36mload_ohlcv[0m:[36m237[0m - [34m[1m[cache] Loaded OHLCV[1d] for EME from EME.json (5049 rows)[0m
[32m2026-09-10 10:21:01.811[0m | [34m[1mDEBUG   [0m | [36msrc.data.cache[0m:[36mload_ohlcv[0m:[36m237[0m - [34m[1m[cache] Loaded OHLCV[1d] for UAL from UAL.json (4008 rows)[0m
[32m2026-09-10 10:21:01.824[0m | [34m[1mDEBUG   [0m | [36msrc.data.cache[0m:[36mload_ohlcv[0m:[36m237[0m - [34m[1m[cache] Loaded OHLCV[1d] for ALLT from ALLT.json (4978 rows)[0m
[32m2026-09-10 10:21:01.832[0m | [34m[1mDEBUG   [0m | [36msrc.data.cache[0m:[36mload_ohlcv[0m:[36m237[0m - [34m[1m[cache] Loaded OHLCV[1d] for EVCM from EVCM.json (1287 rows)[0m
[32m2026-09-10 10:21:01.838[0m | [34m[1mDEBUG   [0m | [36msrc.data.cache[0m:[36mload_ohlcv[0m:[36m237[0m - [34m[1m[cache] Loaded OHLCV[1d] for TXG from TXG.json (1757 rows)[0m
[32m2026-09-10 10:21:01.843[0m | [34m[1mDEBUG   [0m | [36msrc.data.cache[0m:[36mload_ohlcv[0m:[36m237[0m - [34m[1m[cache] Loaded OHLCV[1d] for HNGE from HNGE.json (326 rows)[0m
[32m2026-09-10 10:21:01.847[0m | [34m[1mDEBUG   [0m | [36msrc.data.cache[0m:[36mload_ohlcv[0m:[36m237[0m - [34m[1m[cache] Loaded OHLCV[1d] for RSKD from RSKD.json (1282 rows)[0m
[32m2026-09-10 10:21:01.852[0m | [34m[1mDEBUG   [0m | [36msrc.data.cache[0m:[36mload_ohlcv[0m:[36m237[0m - [34m[1m[cache] Loaded OHLCV[1d] for SHLS from SHLS.json (1411 rows)[0m
[32m2026-09-10 10:21:01.858[0m | [34m[1mDEBUG   [0m | [36msrc.data.cache[0m:[36mload_ohlcv[0m:[36m237[0m - [34m[1m[cache] Loaded OHLCV[1d] for VRT from VRT.json (1654 rows)[0m
[32m2026-09-10 10:21:01.864[0m | [34m[1mDEBUG   [0m | [36msrc.data.cache[0m:[36mload_ohlcv[0m:[36m237[0m - [34m[1m[cache] Loaded OHLCV[1d] for VNO-PO from VNO-PO.json (1251 rows)[0m
[32m2026-09-10 10:21:01.868[0m | [34m[1mDEBUG   [0m | [36msrc.data.cache[0m:[36mload_ohlcv[0m:[36m237[0m - [34m[1m[cache] Loaded OHLCV[1d] for PVLA from PVLA.json (433 rows)[0m
[32m2026-09-10 10:21:01.874[0m | [34m[1mDEBUG   [0m | [36msrc.data.cache[0m:[36mload_ohlcv[0m:[36m237[0m - [34m[1m[cache] Loaded OHLCV[1d] for LIND from LIND.json (2809 rows)[0m
[32m2026-09-10 10:21:01.886[0m | [34m[1mDEBUG   [0m | [36msrc.data.cache[0m:[36mload_ohlcv[0m:[36m237[0m - [34m[1m[cache] Loaded OHLCV[1d] for TK from TK.json (5049 rows)[0m
[32m2026-09-10 10:21:01.902[0m | [34m[1mDEBUG   [0m | [36msrc.data.cache[0m:[36mload_ohlcv[0m:[36m237[0m - [34m[1m[cache] Loaded OHLCV[1d] for FIBK from FIBK.json (4141 rows)[0m
[32m2026-09-10 10:21:01.916[0m | [34m[1mDEBUG   [0m | [36msrc.data.cache[0m:[36mload_ohlcv[0m:[36m237[0m - [34m[1m[cache] Loaded OHLCV[1d] for MTG from MTG.json (5049 rows)[0m
[32m2026-09-10 10:21:01.924[0m | [34m[1mDEBUG   [0m | [36msrc.data.cache[0m:[36mload_ohlcv[0m:[36m237[0m - [34m[1m[cache] Loaded OHLCV[1d] for ALH from ALH.json (230 rows)[0m
[32m2026-09-10 10:21:01.934[0m | [34m[1mDEBUG   [0m | [36msrc.data.cache[0m:[36mload_ohlcv[0m:[36m237[0m - [34m[1m[cache] Loaded OHLCV[1d] for WEC from WEC.json (5049 rows)[0m
[32m2026-09-10 10:21:01.962[0m | [34m[1mDEBUG   [0m | [36msrc.data.cache[0m:[36mload_ohlcv[0m:[36m237[0m - [34m[1m[cache] Loaded OHLCV[1d] for XLK from XLK.json (5049 rows)[0m
[32m2026-09-10 10:21:01.986[0m | [34m[1mDEBUG   [0m | [36msrc.data.cache[0m:[36mload_ohlcv[0m:[36m237[0m - [34m[1m[cache] Loaded OHLCV[1d] for XLF from XLF.json (5049 rows)[0m
[32m2026-09-10 10:21:02.017[0m | [34m[1mDEBUG   [0m | [36msrc.data.cache[0m:[36mload_ohlcv[0m:[36m237[0m - [34m[1m[cache] Loaded OHLCV[1d] for XLE from XLE.json (5049 rows)[0m
[32m2026-09-10 10:21:02.043[0m | [34m[1mDEBUG   [0m | [36msrc.data.cache[0m:[36mload_ohlcv[0m:[36m237[0m - [34m[1m[cache] Loaded OHLCV[1d] for XLV from XLV.json (5049 rows)[0m
[32m2026-09-10 10:21:02.068[0m | [34m[1mDEBUG   [0m | [36msrc.data.cache[0m:[36mload_ohlcv[0m:[36m237[0m - [34m[1m[cache] Loaded OHLCV[1d] for XLY from XLY.json (5049 rows)[0m
[32m2026-09-10 10:21:02.092[0m | [34m[1mDEBUG   [0m | [36msrc.data.cache[0m:[36mload_ohlcv[0m:[36m237[0m - [34m[1m[cache] Loaded OHLCV[1d] for XLP from XLP.json (5049 rows)[0m
[32m2026-09-10 10:21:02.117[0m | [34m[1mDEBUG   [0m | [36msrc.data.cache[0m:[36mload_ohlcv[0m:[36m237[0m - [34m[1m[cache] Loaded OHLCV[1d] for XLI from XLI.json (5049 rows)[0m
[32m2026-09-10 10:21:02.142[0m | [34m[1mDEBUG   [0m | [36msrc.data.cache[0m:[36mload_ohlcv[0m:[36m237[0m - [34m[1m[cache] Loaded OHLCV[1d] for XLB from XLB.json (5049 rows)[0m
[32m2026-09-10 10:21:02.166[0m | [34m[1mDEBUG   [0m | [36msrc.data.cache[0m:[36mload_ohlcv[0m:[36m237[0m - [34m[1m[cache] Loaded OHLCV[1d] for XLU from XLU.json (5049 rows)[0m
[32m2026-09-10 10:21:02.185[0m | [34m[1mDEBUG   [0m | [36msrc.data.cache[0m:[36mload_ohlcv[0m:[36m237[0m - [34m[1m[cache] Loaded OHLCV[1d] for XLRE from XLRE.json (2738 rows)[0m
[32m2026-09-10 10:21:02.204[0m | [34m[1mDEBUG   [0m | [36msrc.data.cache[0m:[36mload_ohlcv[0m:[36m237[0m - [34m[1m[cache] Loaded OHLCV[1d] for XLC from XLC.json (2067 rows)[0m
[32m2026-09-10 10:21:02.214[0m | [34m[1mDEBUG   [0m | [36msrc.data.cache[0m:[36mload_ohlcv[0m:[36m237[0m - [34m[1m[cache] Loaded OHLCV[1d] for META from META.json (1197 rows)[0m
[32m2026-09-10 10:21:02.223[0m | [34m[1mDEBUG   [0m | [36msrc.data.cache[0m:[36mload_ohlcv[0m:[36m237[0m - [34m[1m[cache] Loaded OHLCV[1d] for HOOD from HOOD.json (1284 rows)[0m
[32m2026-09-10 10:21:02.236[0m | [34m[1mDEBUG   [0m | [36msrc.data.cache[0m:[36mload_ohlcv[0m:[36m237[0m - [34m[1m[cache] Loaded OHLCV[1d] for QURE from QURE.json (3167 rows)[0m
[32m2026-09-10 10:21:02.246[0m | [34m[1mDEBUG   [0m | [36msrc.data.cache[0m:[36mload_ohlcv[0m:[36m237[0m - [34m[1m[cache] Loaded OHLCV[1d] for NBIS from NBIS.json (472 rows)[0m
[32m2026-09-10 10:21:02.260[0m | [34m[1mDEBUG   [0m | [36msrc.data.cache[0m:[36mload_ohlcv[0m:[36m237[0m - [34m[1m[cache] Loaded OHLCV[1d] for NOW from NOW.json (4056 rows)[0m
[32m2026-09-10 10:21:02.275[0m | [34m[1mDEBUG   [0m | [36msrc.data.cache[0m:[36mload_ohlcv[0m:[36m237[0m - [34m[1m[cache] Loaded OHLCV[1d] for CVNA from CVNA.json (2354 rows)[0m
[32m2026-09-10 10:21:02.286[0m | [34m[1mDEBUG   [0m | [36msrc.data.cache[0m:[36mload_ohlcv[0m:[36m237[0m - [34m[1m[cache] Loaded OHLCV[1d] for ARM from ARM.json (1914 rows)[0m
[32m2026-09-10 10:21:02.301[0m | [34m[1mDEBUG   [0m | [36msrc.data.cache[0m:[36mload_ohlcv[0m:[36m237[0m - [34m[1m[cache] Loaded OHLCV[1d] for INGR from INGR.json (3663 rows)[0m
[32m2026-09-10 10:21:02.312[0m | [34m[1mDEBUG   [0m | [36msrc.data.cache[0m:[36mload_ohlcv[0m:[36m237[0m - [34m[1m[cache] Loaded OHLCV[1d] for RUM from RUM.json (997 rows)[0m
[32m2026-09-10 10:21:02.329[0m | [34m[1mDEBUG   [0m | [36msrc.data.cache[0m:[36mload_ohlcv[0m:[36m237[0m - [34m[1m[cache] Loaded OHLCV[1d] for ADBE from ADBE.json (5049 rows)[0m
[32m2026-09-10 10:21:02.352[0m | [34m[1mDEBUG   [0m | [36msrc.data.cache[0m:[36mload_ohlcv[0m:[36m237[0m - [34m[1m[cache] Loaded OHLCV[1d] for AMAT from AMAT.json (5049 rows)[0m
[32m2026-09-10 10:21:02.409[0m | [34m[1mDEBUG   [0m | [36msrc.data.cache[0m:[36mload_ohlcv[0m:[36m237[0m - [34m[1m[cache] Loaded OHLCV[1d] for GLD from GLD.json (5049 rows)[0m
[32m2026-09-10 10:21:02.431[0m | [34m[1mDEBUG   [0m | [36msrc.data.cache[0m:[36mload_ohlcv[0m:[36m237[0m - [34m[1m[cache] Loaded OHLCV[1d] for SLV from SLV.json (5049 rows)[0m
[32m2026-09-10 10:21:02.459[0m | [34m[1mDEBUG   [0m | [36msrc.data.cache[0m:[36mload_ohlcv[0m:[36m237[0m - [34m[1m[cache] Loaded OHLCV[1d] for GDX from GDX.json (5049 rows)[0m
[32m2026-09-10 10:21:02.478[0m | [34m[1mDEBUG   [0m | [36msrc.data.cache[0m:[36mload_ohlcv[0m:[36m237[0m - [34m[1m[cache] Loaded OHLCV[1d] for CPER from CPER.json (3396 rows)[0m
[32m2026-09-10 10:21:02.495[0m | [34m[1mDEBUG   [0m | [36msrc.data.cache[0m:[36mload_ohlcv[0m:[36m237[0m - [34m[1m[cache] Loaded OHLCV[1d] for MTUM from MTUM.json (3367 rows)[0m
[32m2026-09-10 10:21:02.513[0m | [34m[1mDEBUG   [0m | [36msrc.data.cache[0m:[36mload_ohlcv[0m:[36m237[0m - [34m[1m[cache] Loaded OHLCV[1d] for QUAL from QUAL.json (3305 rows)[0m
[32m2026-09-10 10:21:02.530[0m | [34m[1mDEBUG   [0m | [36msrc.data.cache[0m:[36mload_ohlcv[0m:[36m237[0m - [34m[1m[cache] Loaded OHLCV[1d] for VLUE from VLUE.json (3282 rows)[0m
[32m2026-09-10 10:21:02.547[0m | [34m[1mDEBUG   [0m | [36msrc.data.cache[0m:[36mload_ohlcv[0m:[36m237[0m - [34m[1m[cache] Loaded OHLCV[1d] for SIZE from SIZE.json (3176 rows)[0m
[32m2026-09-10 10:21:02.567[0m | [34m[1mDEBUG   [0m | [36msrc.data.cache[0m:[36mload_ohlcv[0m:[36m237[0m - [34m[1m[cache] Loaded OHLCV[1d] for USMV from USMV.json (3735 rows)[0m
[32m2026-09-10 10:21:02.588[0m | [34m[1mDEBUG   [0m | [36msrc.data.cache[0m:[36mload_ohlcv[0m:[36m237[0m - [34m[1m[cache] Loaded OHLCV[1d] for IWF from IWF.json (5049 rows)[0m
[32m2026-09-10 10:21:02.613[0m | [34m[1mDEBUG   [0m | [36msrc.data.cache[0m:[36mload_ohlcv[0m:[36m237[0m - [34m[1m[cache] Loaded OHLCV[1d] for IWD from IWD.json (5049 rows)[0m
[32m2026-09-10 10:21:02.637[0m | [34m[1mDEBUG   [0m | [36msrc.data.cache[0m:[36mload_ohlcv[0m:[36m237[0m - [34m[1m[cache] Loaded OHLCV[1d] for SMH from SMH.json (5049 rows)[0m
[32m2026-09-10 10:21:02.660[0m | [34m[1mDEBUG   [0m | [36msrc.data.cache[0m:[36mload_ohlcv[0m:[36m237[0m - [34m[1m[cache] Loaded OHLCV[1d] for IGV from IGV.json (5049 rows)[0m
[32m2026-09-10 10:21:02.685[0m | [34m[1mDEBUG   [0m | [36msrc.data.cache[0m:[36mload_ohlcv[0m:[36m237[0m - [34m[1m[cache] Loaded OHLCV[1d] for XBI from XBI.json (5049 rows)[0m
[32m2026-09-10 10:21:02.709[0m | [34m[1mDEBUG   [0m | [36msrc.data.cache[0m:[36mload_ohlcv[0m:[36m237[0m - [34m[1m[cache] Loaded OHLCV[1d] for ITA from ITA.json (5049 rows)[0m
[32m2026-09-10 10:21:02.733[0m | [34m[1mDEBUG   [0m | [36msrc.data.cache[0m:[36mload_ohlcv[0m:[36m237[0m - [34m[1m[cache] Loaded OHLCV[1d] for TAN from TAN.json (4630 rows)[0m
[32m2026-09-10 10:21:02.753[0m | [34m[1mDEBUG   [0m | [36msrc.data.cache[0m:[36mload_ohlcv[0m:[36m237[0m - [34m[1m[cache] Loaded OHLCV[1d] for LIT from LIT.json (4057 rows)[0m
[32m2026-09-10 10:21:02.775[0m | [34m[1mDEBUG   [0m | [36msrc.data.cache[0m:[36mload_ohlcv[0m:[36m237[0m - [34m[1m[cache] Loaded OHLCV[1d] for IBB from IBB.json (5049 rows)[0m
[32m2026-09-10 10:21:02.801[0m | [34m[1mDEBUG   [0m | [36msrc.data.cache[0m:[36mload_ohlcv[0m:[36m237[0m - [34m[1m[cache] Loaded OHLCV[1d] for XHB from XHB.json (5049 rows)[0m
[32m2026-09-10 10:21:02.819[0m | [34m[1mDEBUG   [0m | [36msrc.data.cache[0m:[36mload_ohlcv[0m:[36m237[0m - [34m[1m[cache] Loaded OHLCV[1d] for JETS from JETS.json (2857 rows)[0m
[32m2026-09-10 10:21:02.839[0m | [34m[1mDEBUG   [0m | [36msrc.data.cache[0m:[36mload_ohlcv[0m:[36m237[0m - [34m[1m[cache] Loaded OHLCV[1d] for KRE from KRE.json (5049 rows)[0m
[32m2026-09-10 10:21:02.861[0m | [34m[1mDEBUG   [0m | [36msrc.data.cache[0m:[36mload_ohlcv[0m:[36m237[0m - [34m[1m[cache] Loaded OHLCV[1d] for FISV from FISV.json (4439 rows)[0m
[32m2026-09-10 10:21:02.881[0m | [34m[1mDEBUG   [0m | [36msrc.data.cache[0m:[36mload_ohlcv[0m:[36m237[0m - [34m[1m[cache] Loaded OHLCV[1d] for GIL from GIL.json (5049 rows)[0m
[32m2026-09-10 10:21:02.901[0m | [34m[1mDEBUG   [0m | [36msrc.data.cache[0m:[36mload_ohlcv[0m:[36m237[0m - [34m[1m[cache] Loaded OHLCV[1d] for ADPT from ADPT.json (3521 rows)[0m
[32m2026-09-10 10:21:02.922[0m | [34m[1mDEBUG   [0m | [36msrc.data.cache[0m:[36mload_ohlcv[0m:[36m237[0m - [34m[1m[cache] Loaded OHLCV[1d] for AMKR from AMKR.json (5049 rows)[0m
[32m2026-09-10 10:21:02.940[0m | [34m[1mDEBUG   [0m | [36msrc.data.cache[0m:[36mload_ohlcv[0m:[36m237[0m - [34m[1m[cache] Loaded OHLCV[1d] for AXSM from AXSM.json (2715 rows)[0m
[32m2026-09-10 10:21:02.960[0m | [34m[1mDEBUG   [0m | [36msrc.data.cache[0m:[36mload_ohlcv[0m:[36m237[0m - [34m[1m[cache] Loaded OHLCV[1d] for BBY from BBY.json (5049 rows)[0m
[32m2026-09-10 10:21:02.984[0m | [34m[1mDEBUG   [0m | [36msrc.data.cache[0m:[36mload_ohlcv[0m:[36m237[0m - [34m[1m[cache] Loaded OHLCV[1d] for BMO from BMO.json (5049 rows)[0m
[32m2026-09-10 10:21:03.011[0m | [34m[1mDEBUG   [0m | [36msrc.data.cache[0m:[36mload_ohlcv[0m:[36m237[0m - [34m[1m[cache] Loaded OHLCV[1d] for BNS from BNS.json (5049 rows)[0m
[32m2026-09-10 10:21:03.034[0m | [34m[1mDEBUG   [0m | [36msrc.data.cache[0m:[36mload_ohlcv[0m:[36m237[0m - [34m[1m[cache] Loaded OHLCV[1d] for CBSH from CBSH.json (5049 rows)[0m
[32m2026-09-10 10:21:03.050[0m | [34m[1mDEBUG   [0m | [36msrc.data.cache[0m:[36mload_ohlcv[0m:[36m237[0m - [34m[1m[cache] Loaded OHLCV[1d] for CHRD from CHRD.json (1958 rows)[0m
[32m2026-09-10 10:21:03.064[0m | [34m[1mDEBUG   [0m | [36msrc.data.cache[0m:[36mload_ohlcv[0m:[36m237[0m - [34m[1m[cache] Loaded OHLCV[1d] for COCO from COCO.json (3366 rows)[0m
[32m2026-09-10 10:21:03.083[0m | [34m[1mDEBUG   [0m | [36msrc.data.cache[0m:[36mload_ohlcv[0m:[36m237[0m - [34m[1m[cache] Loaded OHLCV[1d] for COLB from COLB.json (5049 rows)[0m
[32m2026-09-10 10:21:03.097[0m | [34m[1mDEBUG   [0m | [36msrc.data.cache[0m:[36mload_ohlcv[0m:[36m237[0m - [34m[1m[cache] Loaded OHLCV[1d] for COMP from COMP.json (1366 rows)[0m
[32m2026-09-10 10:21:03.111[0m | [34m[1mDEBUG   [0m | [36msrc.data.cache[0m:[36mload_ohlcv[0m:[36m237[0m - [34m[1m[cache] Loaded OHLCV[1d] for CRS from CRS.json (5049 rows)[0m
[32m2026-09-10 10:21:03.136[0m | [34m[1mDEBUG   [0m | [36msrc.data.cache[0m:[36mload_ohlcv[0m:[36m237[0m - [34m[1m[cache] Loaded OHLCV[1d] for CVCO from CVCO.json (5049 rows)[0m
[32m2026-09-10 10:21:03.157[0m | [34m[1mDEBUG   [0m | [36msrc.data.cache[0m:[36mload_ohlcv[0m:[36m237[0m - [34m[1m[cache] Loaded OHLCV[1d] for CW from CW.json (5049 rows)[0m
[32m2026-09-10 10:21:03.180[0m | [34m[1mDEBUG   [0m | [36msrc.data.cache[0m:[36mload_ohlcv[0m:[36m237[0m - [34m[1m[cache] Loaded OHLCV[1d] for EC from EC.json (4521 rows)[0m
[32m2026-09-10 10:21:03.193[0m | [34m[1mDEBUG   [0m | [36msrc.data.cache[0m:[36mload_ohlcv[0m:[36m237[0m - [34m[1m[cache] Loaded OHLCV[1d] for FER from FER.json (585 rows)[0m
[32m2026-09-10 10:21:03.209[0m | [34m[1mDEBUG   [0m | [36msrc.data.cache[0m:[36mload_ohlcv[0m:[36m237[0m - [34m[1m[cache] Loaded OHLCV[1d] for ICLR from ICLR.json (5049 rows)[0m
[32m2026-09-10 10:21:03.231[0m | [34m[1mDEBUG   [0m | [36msrc.data.cache[0m:[36mload_ohlcv[0m:[36m237[0m - [34m[1m[cache] Loaded OHLCV[1d] for JBL from JBL.json (5049 rows)[0m
[32m2026-09-10 10:21:03.257[0m | [34m[1mDEBUG   [0m | [36msrc.data.cache[0m:[36mload_ohlcv[0m:[36m237[0m - [34m[1m[cache] Loaded OHLCV[1d] for KFY from KFY.json (5049 rows)[0m
[32m2026-09-10 10:21:03.281[0m | [34m[1mDEBUG   [0m | [36msrc.data.cache[0m:[36mload_ohlcv[0m:[36m237[0m - [34m[1m[cache] Loaded OHLCV[1d] for KMX from KMX.json (5049 rows)[0m
[32m2026-09-10 10:21:03.301[0m | [34m[1mDEBUG   [0m | [36msrc.data.cache[0m:[36mload_ohlcv[0m:[36m237[0m - [34m[1m[cache] Loaded OHLCV[1d] for MTDR from MTDR.json (3671 rows)[0m
[32m2026-09-10 10:21:03.319[0m | [34m[1mDEBUG   [0m | [36msrc.data.cache[0m:[36mload_ohlcv[0m:[36m237[0m - [34m[1m[cache] Loaded OHLCV[1d] for TSM from TSM.json (5049 rows)[0m
[32m2026-09-10 10:21:03.332[0m | [34m[1mDEBUG   [0m | [36msrc.data.cache[0m:[36mload_ohlcv[0m:[36m237[0m - [34m[1m[cache] Loaded OHLCV[1d] for MGNI from MGNI.json (1555 rows)[0m
[32m2026-09-10 10:21:03.352[0m | [34m[1mDEBUG   [0m | [36msrc.data.cache[0m:[36mload_ohlcv[0m:[36m237[0m - [34m[1m[cache] Loaded OHLCV[1d] for FUN from FUN.json (5049 rows)[0m
[32m2026-09-10 10:21:03.365[0m | [34m[1mDEBUG   [0m | [36msrc.data.cache[0m:[36mload_ohlcv[0m:[36m237[0m - [34m[1m[cache] Loaded OHLCV[1d] for BROS from BROS.json (1251 rows)[0m
[32m2026-09-10 10:21:03.373[0m | [34m[1mDEBUG   [0m | [36msrc.data.cache[0m:[36mload_ohlcv[0m:[36m237[0m - [34m[1m[cache] Loaded OHLCV[1d] for ARQQW from ARQQW.json (1193 rows)[0m
[32m2026-09-10 10:21:03.388[0m | [34m[1mDEBUG   [0m | [36msrc.data.cache[0m:[36mload_ohlcv[0m:[36m237[0m - [34m[1m[cache] Loaded OHLCV[1d] for NVDA from NVDA.json (5049 rows)[0m
[32m2026-09-10 10:21:03.440[0m | [34m[1mDEBUG   [0m | [36msrc.data.cache[0m:[36mload_ohlcv[0m:[36m237[0m - [34m[1m[cache] Loaded OHLCV[1d] for ANAB from ANAB.json (2418 rows)[0m
[32m2026-09-10 10:21:03.450[0m | [34m[1mDEBUG   [0m | [36msrc.data.cache[0m:[36mload_ohlcv[0m:[36m237[0m - [34m[1m[cache] Loaded OHLCV[1d] for CXT from CXT.json (861 rows)[0m
[32m2026-09-10 10:21:03.465[0m | [34m[1mDEBUG   [0m | [36msrc.data.cache[0m:[36mload_ohlcv[0m:[36m237[0m - [34m[1m[cache] Loaded OHLCV[1d] for BX from BX.json (4834 rows)[0m
[32m2026-09-10 10:21:03.484[0m | [34m[1mDEBUG   [0m | [36msrc.data.cache[0m:[36mload_ohlcv[0m:[36m237[0m - [34m[1m[cache] Loaded OHLCV[1d] for HSY from HSY.json (5049 rows)[0m
[32m2026-09-10 10:21:03.497[0m | [34m[1mDEBUG   [0m | [36msrc.data.cache[0m:[36mload_ohlcv[0m:[36m237[0m - [34m[1m[cache] Loaded OHLCV[1d] for CLOV from CLOV.json (1423 rows)[0m
[32m2026-09-10 10:21:03.515[0m | [34m[1mDEBUG   [0m | [36msrc.data.cache[0m:[36mload_ohlcv[0m:[36m237[0m - [34m[1m[cache] Loaded OHLCV[1d] for NFLX from NFLX.json (5049 rows)[0m
[32m2026-09-10 10:21:03.530[0m | [34m[1mDEBUG   [0m | [36msrc.data.cache[0m:[36mload_ohlcv[0m:[36m237[0m - [34m[1m[cache] Loaded OHLCV[1d] for CLPT from CLPT.json (1652 rows)[0m
[32m2026-09-10 10:21:03.548[0m | [34m[1mDEBUG   [0m | [36msrc.data.cache[0m:[36mload_ohlcv[0m:[36m237[0m - [34m[1m[cache] Loaded OHLCV[1d] for NKTR from NKTR.json (5047 rows)[0m
[32m2026-09-10 10:21:03.567[0m | [34m[1mDEBUG   [0m | [36msrc.data.cache[0m:[36mload_ohlcv[0m:[36m237[0m - [34m[1m[cache] Loaded OHLCV[1d] for AAOI from AAOI.json (3257 rows)[0m
[32m2026-09-10 10:21:03.581[0m | [34m[1mDEBUG   [0m | [36msrc.data.cache[0m:[36mload_ohlcv[0m:[36m237[0m - [34m[1m[cache] Loaded OHLCV[1d] for ATEX from ATEX.json (1818 rows)[0m
[32m2026-09-10 10:21:03.600[0m | [34m[1mDEBUG   [0m | [36msrc.data.cache[0m:[36mload_ohlcv[0m:[36m237[0m - [34m[1m[cache] Loaded OHLCV[1d] for DYN from DYN.json (4371 rows)[0m
[32m2026-09-10 10:21:03.613[0m | [34m[1mDEBUG   [0m | [36msrc.data.cache[0m:[36mload_ohlcv[0m:[36m237[0m - [34m[1m[cache] Loaded OHLCV[1d] for GLUE from GLUE.json (1282 rows)[0m
[32m2026-09-10 10:21:03.620[0m | [34m[1mDEBUG   [0m | [36msrc.data.cache[0m:[36mload_ohlcv[0m:[36m237[0m - [34m[1m[cache] Loaded OHLCV[1d] for SVV from SVV.json (802 rows)[0m
[32m2026-09-10 10:21:03.628[0m | [34m[1mDEBUG   [0m | [36msrc.data.cache[0m:[36mload_ohlcv[0m:[36m237[0m - [34m[1m[cache] Loaded OHLCV[1d] for GLBE from GLBE.json (1338 rows)[0m
[32m2026-09-10 10:21:03.641[0m | [34m[1mDEBUG   [0m | [36msrc.data.cache[0m:[36mload_ohlcv[0m:[36m237[0m - [34m[1m[cache] Loaded OHLCV[1d] for CXM from CXM.json (2941 rows)[0m
[32m2026-09-10 10:21:03.652[0m | [34m[1mDEBUG   [0m | [36msrc.data.cache[0m:[36mload_ohlcv[0m:[36m237[0m - [34m[1m[cache] Loaded OHLCV[1d] for STRD from STRD.json (405 rows)[0m
[32m2026-09-10 10:21:03.659[0m | [34m[1mDEBUG   [0m | [36msrc.data.cache[0m:[36mload_ohlcv[0m:[36m237[0m - [34m[1m[cache] Loaded OHLCV[1d] for ELVN from ELVN.json (888 rows)[0m
[32m2026-09-10 10:21:03.665[0m | [34m[1mDEBUG   [0m | [36msrc.data.cache[0m:[36mload_ohlcv[0m:[36m237[0m - [34m[1m[cache] Loaded OHLCV[1d] for DNTH from DNTH.json (751 rows)[0m
[32m2026-09-10 10:21:03.678[0m | [34m[1mDEBUG   [0m | [36msrc.data.cache[0m:[36mload_ohlcv[0m:[36m237[0m - [34m[1m[cache] Loaded OHLCV[1d] for AMBA from AMBA.json (3497 rows)[0m
[32m2026-09-10 10:21:03.691[0m | [34m[1mDEBUG   [0m | [36msrc.data.cache[0m:[36mload_ohlcv[0m:[36m237[0m - [34m[1m[cache] Loaded OHLCV[1d] for HUT from HUT.json (1287 rows)[0m
[32m2026-09-10 10:21:03.702[0m | [34m[1mDEBUG   [0m | [36msrc.data.cache[0m:[36mload_ohlcv[0m:[36m237[0m - [34m[1m[cache] Loaded OHLCV[1d] for AIRG from AIRG.json (2532 rows)[0m
[32m2026-09-10 10:21:03.717[0m | [34m[1mDEBUG   [0m | [36msrc.data.cache[0m:[36mload_ohlcv[0m:[36m237[0m - [34m[1m[cache] Loaded OHLCV[1d] for OUT from OUT.json (2966 rows)[0m
[32m2026-09-10 10:21:03.738[0m | [34m[1mDEBUG   [0m | [36msrc.data.cache[0m:[36mload_ohlcv[0m:[36m237[0m - [34m[1m[cache] Loaded OHLCV[1d] for NTWK from NTWK.json (5048 rows)[0m
[32m2026-09-10 10:21:03.751[0m | [34m[1mDEBUG   [0m | [36msrc.data.cache[0m:[36mload_ohlcv[0m:[36m237[0m - [34m[1m[cache] Loaded OHLCV[1d] for SLNHP from SLNHP.json (1168 rows)[0m
[32m2026-09-10 10:21:03.760[0m | [34m[1mDEBUG   [0m | [36msrc.data.cache[0m:[36mload_ohlcv[0m:[36m237[0m - [34m[1m[cache] Loaded OHLCV[1d] for KYMR from KYMR.json (1519 rows)[0m
[32m2026-09-10 10:21:03.770[0m | [34m[1mDEBUG   [0m | [36msrc.data.cache[0m:[36mload_ohlcv[0m:[36m237[0m - [34m[1m[cache] Loaded OHLCV[1d] for AXS-PE from AXS-PE.json (1279 rows)[0m
[32m2026-09-10 10:21:03.781[0m | [34m[1mDEBUG   [0m | [36msrc.data.cache[0m:[36mload_ohlcv[0m:[36m237[0m - [34m[1m[cache] Loaded OHLCV[1d] for MDB from MDB.json (2233 rows)[0m
[32m2026-09-10 10:21:03.798[0m | [34m[1mDEBUG   [0m | [36msrc.data.cache[0m:[36mload_ohlcv[0m:[36m237[0m - [34m[1m[cache] Loaded OHLCV[1d] for TNDM from TNDM.json (4295 rows)[0m
[32m2026-09-10 10:21:03.819[0m | [34m[1mDEBUG   [0m | [36msrc.data.cache[0m:[36mload_ohlcv[0m:[36m237[0m - [34m[1m[cache] Loaded OHLCV[1d] for VG from VG.json (4419 rows)[0m
[32m2026-09-10 10:21:03.839[0m | [34m[1mDEBUG   [0m | [36msrc.data.cache[0m:[36mload_ohlcv[0m:[36m237[0m - [34m[1m[cache] Loaded OHLCV[1d] for BURL from BURL.json (3253 rows)[0m
[32m2026-09-10 10:21:03.862[0m | [34m[1mDEBUG   [0m | [36msrc.data.cache[0m:[36mload_ohlcv[0m:[36m237[0m - [34m[1m[cache] Loaded OHLCV[1d] for H from H.json (4398 rows)[0m
[32m2026-09-10 10:21:03.873[0m | [34m[1mDEBUG   [0m | [36msrc.data.cache[0m:[36mload_ohlcv[0m:[36m237[0m - [34m[1m[cache] Loaded OHLCV[1d] for NWPP from NWPP.json (342 rows)[0m
[32m2026-09-10 10:21:03.885[0m | [34m[1mDEBUG   [0m | [36msrc.data.cache[0m:[36mload_ohlcv[0m:[36m237[0m - [34m[1m[cache] Loaded OHLCV[1d] for FMNB from FMNB.json (3761 rows)[0m
[32m2026-09-10 10:21:03.902[0m | [34m[1mDEBUG   [0m | [36msrc.data.cache[0m:[36mload_ohlcv[0m:[36m237[0m - [34m[1m[cache] Loaded OHLCV[1d] for MIRM from MIRM.json (1796 rows)[0m
[32m2026-09-10 10:21:03.914[0m | [34m[1mDEBUG   [0m | [36msrc.data.cache[0m:[36mload_ohlcv[0m:[36m237[0m - [34m[1m[cache] Loaded OHLCV[1d] for HHH from HHH.json (2307 rows)[0m
[32m2026-09-10 10:21:03.934[0m | [34m[1mDEBUG   [0m | [36msrc.data.cache[0m:[36mload_ohlcv[0m:[36m237[0m - [34m[1m[cache] Loaded OHLCV[1d] for SJM from SJM.json (5049 rows)[0m
[32m2026-09-10 10:21:03.957[0m | [34m[1mDEBUG   [0m | [36msrc.data.cache[0m:[36mload_ohlcv[0m:[36m237[0m - [34m[1m[cache] Loaded OHLCV[1d] for CACC from CACC.json (5049 rows)[0m
[32m2026-09-10 10:21:03.969[0m | [34m[1mDEBUG   [0m | [36msrc.data.cache[0m:[36mload_ohlcv[0m:[36m237[0m - [34m[1m[cache] Loaded OHLCV[1d] for NEXN from NEXN.json (668 rows)[0m
[32m2026-09-10 10:21:03.980[0m | [34m[1mDEBUG   [0m | [36msrc.data.cache[0m:[36mload_ohlcv[0m:[36m237[0m - [34m[1m[cache] Loaded OHLCV[1d] for ESPR from ESPR.json (3279 rows)[0m
[32m2026-09-10 10:21:03.991[0m | [34m[1mDEBUG   [0m | [36msrc.data.cache[0m:[36mload_ohlcv[0m:[36m237[0m - [34m[1m[cache] Loaded OHLCV[1d] for HIMS from HIMS.json (1415 rows)[0m
[32m2026-09-10 10:21:04.008[0m | [34m[1mDEBUG   [0m | [36msrc.data.cache[0m:[36mload_ohlcv[0m:[36m237[0m - [34m[1m[cache] Loaded OHLCV[1d] for AGX from AGX.json (4788 rows)[0m
[32m2026-09-10 10:21:04.030[0m | [34m[1mDEBUG   [0m | [36msrc.data.cache[0m:[36mload_ohlcv[0m:[36m237[0m - [34m[1m[cache] Loaded OHLCV[1d] for LPLA from LPLA.json (3974 rows)[0m
[32m2026-09-10 10:21:04.046[0m | [34m[1mDEBUG   [0m | [36msrc.data.cache[0m:[36mload_ohlcv[0m:[36m237[0m - [34m[1m[cache] Loaded OHLCV[1d] for ZS from ZS.json (2132 rows)[0m
[32m2026-09-10 10:21:04.057[0m | [34m[1mDEBUG   [0m | [36msrc.data.cache[0m:[36mload_ohlcv[0m:[36m237[0m - [34m[1m[cache] Loaded OHLCV[1d] for ETON from ETON.json (1964 rows)[0m
[32m2026-09-10 10:21:04.071[0m | [34m[1mDEBUG   [0m | [36msrc.data.cache[0m:[36mload_ohlcv[0m:[36m237[0m - [34m[1m[cache] Loaded OHLCV[1d] for ARDX from ARDX.json (3073 rows)[0m
[32m2026-09-10 10:21:04.081[0m | [34m[1mDEBUG   [0m | [36msrc.data.cache[0m:[36mload_ohlcv[0m:[36m237[0m - [34m[1m[cache] Loaded OHLCV[1d] for BSQKZ from BSQKZ.json (605 rows)[0m
[32m2026-09-10 10:21:04.086[0m | [34m[1mDEBUG   [0m | [36msrc.data.cache[0m:[36mload_ohlcv[0m:[36m237[0m - [34m[1m[cache] Loaded OHLCV[1d] for WLTH from WLTH.json (619 rows)[0m
[32m2026-09-10 10:21:04.095[0m | [34m[1mDEBUG   [0m | [36msrc.data.cache[0m:[36mload_ohlcv[0m:[36m237[0m - [34m[1m[cache] Loaded OHLCV[1d] for NET from NET.json (1756 rows)[0m
[32m2026-09-10 10:21:04.104[0m | [34m[1mDEBUG   [0m | [36msrc.data.cache[0m:[36mload_ohlcv[0m:[36m237[0m - [34m[1m[cache] Loaded OHLCV[1d] for MAX from MAX.json (1472 rows)[0m
[32m2026-09-10 10:21:04.112[0m | [34m[1mDEBUG   [0m | [36msrc.data.cache[0m:[36mload_ohlcv[0m:[36m237[0m - [34m[1m[cache] Loaded OHLCV[1d] for MLYS from MLYS.json (897 rows)[0m
[32m2026-09-10 10:21:04.123[0m | [34m[1mDEBUG   [0m | [36msrc.data.cache[0m:[36mload_ohlcv[0m:[36m237[0m - [34m[1m[cache] Loaded OHLCV[1d] for KGS from KGS.json (1599 rows)[0m
[32m2026-09-10 10:21:04.131[0m | [34m[1mDEBUG   [0m | [36msrc.data.cache[0m:[36mload_ohlcv[0m:[36m237[0m - [34m[1m[cache] Loaded OHLCV[1d] for ABOS from ABOS.json (1282 rows)[0m
[32m2026-09-10 10:21:04.148[0m | [34m[1mDEBUG   [0m | [36msrc.data.cache[0m:[36mload_ohlcv[0m:[36m237[0m - [34m[1m[cache] Loaded OHLCV[1d] for CDE from CDE.json (5049 rows)[0m
[32m2026-09-10 10:21:04.168[0m | [34m[1mDEBUG   [0m | [36msrc.data.cache[0m:[36mload_ohlcv[0m:[36m237[0m - [34m[1m[cache] Loaded OHLCV[1d] for WDAY from WDAY.json (3495 rows)[0m
[32m2026-09-10 10:21:04.183[0m | [34m[1mDEBUG   [0m | [36msrc.data.cache[0m:[36mload_ohlcv[0m:[36m237[0m - [34m[1m[cache] Loaded OHLCV[1d] for WK from WK.json (2951 rows)[0m
[32m2026-09-10 10:21:04.203[0m | [34m[1mDEBUG   [0m | [36msrc.data.cache[0m:[36mload_ohlcv[0m:[36m237[0m - [34m[1m[cache] Loaded OHLCV[1d] for GD from GD.json (5049 rows)[0m
[32m2026-09-10 10:21:04.219[0m | [34m[1mDEBUG   [0m | [36msrc.data.cache[0m:[36mload_ohlcv[0m:[36m237[0m - [34m[1m[cache] Loaded OHLCV[1d] for FSLY from FSLY.json (1838 rows)[0m
[32m2026-09-10 10:21:04.233[0m | [34m[1mDEBUG   [0m | [36msrc.data.cache[0m:[36mload_ohlcv[0m:[36m237[0m - [34m[1m[cache] Loaded OHLCV[1d] for PTCT from PTCT.json (3324 rows)[0m
[32m2026-09-10 10:21:04.254[0m | [34m[1mDEBUG   [0m | [36msrc.data.cache[0m:[36mload_ohlcv[0m:[36m237[0m - [34m[1m[cache] Loaded OHLCV[1d] for MCK from MCK.json (5049 rows)[0m
[32m2026-09-10 10:21:04.277[0m | [34m[1mDEBUG   [0m | [36msrc.data.cache[0m:[36mload_ohlcv[0m:[36m237[0m - [34m[1m[cache] Loaded OHLCV[1d] for TCBI from TCBI.json (5049 rows)[0m
[32m2026-09-10 10:21:04.291[0m | [34m[1mDEBUG   [0m | [36msrc.data.cache[0m:[36mload_ohlcv[0m:[36m237[0m - [34m[1m[cache] Loaded OHLCV[1d] for RELY from RELY.json (1903 rows)[0m
[32m2026-09-10 10:21:04.299[0m | [34m[1mDEBUG   [0m | [36msrc.data.cache[0m:[36mload_ohlcv[0m:[36m237[0m - [34m[1m[cache] Loaded OHLCV[1d] for CRWV from CRWV.json (364 rows)[0m
[32m2026-09-10 10:21:04.307[0m | [34m[1mDEBUG   [0m | [36msrc.data.cache[0m:[36mload_ohlcv[0m:[36m237[0m - [34m[1m[cache] Loaded OHLCV[1d] for VSCO from VSCO.json (1221 rows)[0m
[32m2026-09-10 10:21:04.324[0m | [34m[1mDEBUG   [0m | [36msrc.data.cache[0m:[36mload_ohlcv[0m:[36m237[0m - [34m[1m[cache] Loaded OHLCV[1d] for VICR from VICR.json (5049 rows)[0m
[32m2026-09-10 10:21:04.342[0m | [34m[1mDEBUG   [0m | [36msrc.data.cache[0m:[36mload_ohlcv[0m:[36m237[0m - [34m[1m[cache] Loaded OHLCV[1d] for CRNX from CRNX.json (2041 rows)[0m
[32m2026-09-10 10:21:04.364[0m | [34m[1mDEBUG   [0m | [36msrc.data.cache[0m:[36mload_ohlcv[0m:[36m237[0m - [34m[1m[cache] Loaded OHLCV[1d] for LOW from LOW.json (5049 rows)[0m
[32m2026-09-10 10:21:04.380[0m | [34m[1mDEBUG   [0m | [36msrc.data.cache[0m:[36mload_ohlcv[0m:[36m237[0m - [34m[1m[cache] Loaded OHLCV[1d] for BRK-B from BRK-B.json (1279 rows)[0m
[32m2026-09-10 10:21:04.396[0m | [34m[1mDEBUG   [0m | [36msrc.data.cache[0m:[36mload_ohlcv[0m:[36m237[0m - [34m[1m[cache] Loaded OHLCV[1d] for MS from MS.json (5049 rows)[0m
[32m2026-09-10 10:21:04.420[0m | [34m[1mDEBUG   [0m | [36msrc.data.cache[0m:[36mload_ohlcv[0m:[36m237[0m - [34m[1m[cache] Loaded OHLCV[1d] for WFC from WFC.json (5049 rows)[0m
[32m2026-09-10 10:21:04.442[0m | [34m[1mDEBUG   [0m | [36msrc.data.cache[0m:[36mload_ohlcv[0m:[36m237[0m - [34m[1m[cache] Loaded OHLCV[1d] for XOM from XOM.json (5049 rows)[0m
[32m2026-09-10 10:21:04.461[0m | [34m[1mDEBUG   [0m | [36msrc.data.cache[0m:[36mload_ohlcv[0m:[36m237[0m - [34m[1m[cache] Loaded OHLCV[1d] for CVX from CVX.json (5049 rows)[0m
[32m2026-09-10 10:21:04.485[0m | [34m[1mDEBUG   [0m | [36msrc.data.cache[0m:[36mload_ohlcv[0m:[36m237[0m - [34m[1m[cache] Loaded OHLCV[1d] for COP from COP.json (5049 rows)[0m
[32m2026-09-10 10:21:04.507[0m | [34m[1mDEBUG   [0m | [36msrc.data.cache[0m:[36mload_ohlcv[0m:[36m237[0m - [34m[1m[cache] Loaded OHLCV[1d] for BLK from BLK.json (5049 rows)[0m
[32m2026-09-10 10:21:04.520[0m | [34m[1mDEBUG   [0m | [36msrc.data.cache[0m:[36mload_ohlcv[0m:[36m237[0m - [34m[1m[cache] Loaded OHLCV[1d] for SOLV from SOLV.json (613 rows)[0m
[32m2026-09-10 10:21:04.535[0m | [34m[1mDEBUG   [0m | [36msrc.data.cache[0m:[36mload_ohlcv[0m:[36m237[0m - [34m[1m[cache] Loaded OHLCV[1d] for DE from DE.json (5049 rows)[0m
[32m2026-09-10 10:21:04.561[0m | [34m[1mDEBUG   [0m | [36msrc.data.cache[0m:[36mload_ohlcv[0m:[36m237[0m - [34m[1m[cache] Loaded OHLCV[1d] for UDR from UDR.json (5049 rows)[0m
[32m2026-09-10 10:21:04.620[0m | [34m[1mDEBUG   [0m | [36msrc.data.cache[0m:[36mload_ohlcv[0m:[36m237[0m - [34m[1m[cache] Loaded OHLCV[1d] for SBUX from SBUX.json (5049 rows)[0m
[32m2026-09-10 10:21:04.636[0m | [34m[1mDEBUG   [0m | [36msrc.data.cache[0m:[36mload_ohlcv[0m:[36m237[0m - [34m[1m[cache] Loaded OHLCV[1d] for EOSE from EOSE.json (1458 rows)[0m
[32m2026-09-10 10:21:04.654[0m | [34m[1mDEBUG   [0m | [36msrc.data.cache[0m:[36mload_ohlcv[0m:[36m237[0m - [34m[1m[cache] Loaded OHLCV[1d] for LVS from LVS.json (5049 rows)[0m
[32m2026-09-10 10:21:04.679[0m | [34m[1mDEBUG   [0m | [36msrc.data.cache[0m:[36mload_ohlcv[0m:[36m237[0m - [34m[1m[cache] Loaded OHLCV[1d] for GNRC from GNRC.json (4169 rows)[0m
[32m2026-09-10 10:21:04.698[0m | [34m[1mDEBUG   [0m | [36msrc.data.cache[0m:[36mload_ohlcv[0m:[36m237[0m - [34m[1m[cache] Loaded OHLCV[1d] for AXON from AXON.json (2338 rows)[0m
[32m2026-09-10 10:21:04.714[0m | [34m[1mDEBUG   [0m | [36msrc.data.cache[0m:[36mload_ohlcv[0m:[36m237[0m - [34m[1m[cache] Loaded OHLCV[1d] for BLDR from BLDR.json (5049 rows)[0m
[32m2026-09-10 10:21:04.730[0m | [34m[1mDEBUG   [0m | [36msrc.data.cache[0m:[36mload_ohlcv[0m:[36m237[0m - [34m[1m[cache] Loaded OHLCV[1d] for LEU from LEU.json (3001 rows)[0m
[32m2026-09-10 10:21:04.745[0m | [34m[1mDEBUG   [0m | [36msrc.data.cache[0m:[36mload_ohlcv[0m:[36m237[0m - [34m[1m[cache] Loaded OHLCV[1d] for UUUU from UUUU.json (3209 rows)[0m
[32m2026-09-10 10:21:04.756[0m | [34m[1mDEBUG   [0m | [36msrc.data.cache[0m:[36mload_ohlcv[0m:[36m237[0m - [34m[1m[cache] Loaded OHLCV[1d] for SMR from SMR.json (1092 rows)[0m
[32m2026-09-10 10:21:04.769[0m | [34m[1mDEBUG   [0m | [36msrc.data.cache[0m:[36mload_ohlcv[0m:[36m237[0m - [34m[1m[cache] Loaded OHLCV[1d] for MTSI from MTSI.json (3992 rows)[0m
[32m2026-09-10 10:21:04.783[0m | [34m[1mDEBUG   [0m | [36msrc.data.cache[0m:[36mload_ohlcv[0m:[36m237[0m - [34m[1m[cache] Loaded OHLCV[1d] for STRC from STRC.json (2098 rows)[0m
[32m2026-09-10 10:21:04.800[0m | [34m[1mDEBUG   [0m | [36msrc.data.cache[0m:[36mload_ohlcv[0m:[36m237[0m - [34m[1m[cache] Loaded OHLCV[1d] for TXN from TXN.json (5049 rows)[0m
[32m2026-09-10 10:21:04.824[0m | [34m[1mDEBUG   [0m | [36msrc.data.cache[0m:[36mload_ohlcv[0m:[36m237[0m - [34m[1m[cache] Loaded OHLCV[1d] for LFUS from LFUS.json (5049 rows)[0m
[32m2026-09-10 10:21:04.847[0m | [34m[1mDEBUG   [0m | [36msrc.data.cache[0m:[36mload_ohlcv[0m:[36m237[0m - [34m[1m[cache] Loaded OHLCV[1d] for LZB from LZB.json (5049 rows)[0m
[32m2026-09-10 10:21:04.861[0m | [34m[1mDEBUG   [0m | [36msrc.data.cache[0m:[36mload_ohlcv[0m:[36m237[0m - [34m[1m[cache] Loaded OHLCV[1d] for ATLCZ from ATLCZ.json (654 rows)[0m
[32m2026-09-10 10:21:04.869[0m | [34m[1mDEBUG   [0m | [36msrc.data.cache[0m:[36mload_ohlcv[0m:[36m237[0m - [34m[1m[cache] Loaded OHLCV[1d] for OPRA from OPRA.json (2040 rows)[0m
[32m2026-09-10 10:21:04.890[0m | [34m[1mDEBUG   [0m | [36msrc.data.cache[0m:[36mload_ohlcv[0m:[36m237[0m - [34m[1m[cache] Loaded OHLCV[1d] for ALGN from ALGN.json (5049 rows)[0m
[32m2026-09-10 10:21:04.916[0m | [34m[1mDEBUG   [0m | [36msrc.data.cache[0m:[36mload_ohlcv[0m:[36m237[0m - [34m[1m[cache] Loaded OHLCV[1d] for CBL from CBL.json (4798 rows)[0m
[32m2026-09-10 10:21:04.948[0m | [34m[1mDEBUG   [0m | [36msrc.data.cache[0m:[36mload_ohlcv[0m:[36m237[0m - [34m[1m[cache] Loaded OHLCV[1d] for LMT from LMT.json (5049 rows)[0m
[32m2026-09-10 10:21:04.972[0m | [34m[1mDEBUG   [0m | [36msrc.data.cache[0m:[36mload_ohlcv[0m:[36m237[0m - [34m[1m[cache] Loaded OHLCV[1d] for FCEL from FCEL.json (5049 rows)[0m
[32m2026-09-10 10:21:04.995[0m | [34m[1mDEBUG   [0m | [36msrc.data.cache[0m:[36mload_ohlcv[0m:[36m237[0m - [34m[1m[cache] Loaded OHLCV[1d] for MRVL from MRVL.json (5049 rows)[0m
[32m2026-09-10 10:21:05.016[0m | [34m[1mDEBUG   [0m | [36msrc.data.cache[0m:[36mload_ohlcv[0m:[36m237[0m - [34m[1m[cache] Loaded OHLCV[1d] for NRC from NRC.json (3783 rows)[0m
[32m2026-09-10 10:21:05.031[0m | [34m[1mDEBUG   [0m | [36msrc.data.cache[0m:[36mload_ohlcv[0m:[36m237[0m - [34m[1m[cache] Loaded OHLCV[1d] for ADTX from ADTX.json (1556 rows)[0m
[32m2026-09-10 10:21:05.043[0m | [34m[1mDEBUG   [0m | [36msrc.data.cache[0m:[36mload_ohlcv[0m:[36m237[0m - [34m[1m[cache] Loaded OHLCV[1d] for NIU from NIU.json (1981 rows)[0m
[32m2026-09-10 10:21:05.049[0m | [34m[1mDEBUG   [0m | [36msrc.data.cache[0m:[36mload_ohlcv[0m:[36m237[0m - [34m[1m[cache] Loaded OHLCV[1d] for GLOO from GLOO.json (201 rows)[0m
[32m2026-09-10 10:21:05.054[0m | [34m[1mDEBUG   [0m | [36msrc.data.cache[0m:[36mload_ohlcv[0m:[36m237[0m - [34m[1m[cache] Loaded OHLCV[1d] for PSBD from PSBD.json (663 rows)[0m
[32m2026-09-10 10:21:05.060[0m | [34m[1mDEBUG   [0m | [36msrc.data.cache[0m:[36mload_ohlcv[0m:[36m237[0m - [34m[1m[cache] Loaded OHLCV[1d] for AWHL from AWHL.json (347 rows)[0m
[32m2026-09-10 10:21:05.075[0m | [34m[1mDEBUG   [0m | [36msrc.data.cache[0m:[36mload_ohlcv[0m:[36m237[0m - [34m[1m[cache] Loaded OHLCV[1d] for STI from STI.json (4004 rows)[0m
[32m2026-09-10 10:21:05.088[0m | [34m[1mDEBUG   [0m | [36msrc.data.cache[0m:[36mload_ohlcv[0m:[36m237[0m - [34m[1m[cache] Loaded OHLCV[1d] for GPUS-PD from GPUS-PD.json (934 rows)[0m
[32m2026-09-10 10:21:05.094[0m | [34m[1mDEBUG   [0m | [36msrc.data.cache[0m:[36mload_ohlcv[0m:[36m237[0m - [34m[1m[cache] Loaded OHLCV[1d] for LOTWW from LOTWW.json (423 rows)[0m
[32m2026-09-10 10:21:05.101[0m | [34m[1mDEBUG   [0m | [36msrc.data.cache[0m:[36mload_ohlcv[0m:[36m237[0m - [34m[1m[cache] Loaded OHLCV[1d] for QS from QS.json (1451 rows)[0m
[32m2026-09-10 10:21:05.113[0m | [34m[1mDEBUG   [0m | [36msrc.data.cache[0m:[36mload_ohlcv[0m:[36m237[0m - [34m[1m[cache] Loaded OHLCV[1d] for Q from Q.json (2520 rows)[0m
[32m2026-09-10 10:21:05.126[0m | [34m[1mDEBUG   [0m | [36msrc.data.cache[0m:[36mload_ohlcv[0m:[36m237[0m - [34m[1m[cache] Loaded OHLCV[1d] for SNDK from SNDK.json (2841 rows)[0m
[32m2026-09-10 10:21:05.148[0m | [34m[1mDEBUG   [0m | [36msrc.data.cache[0m:[36mload_ohlcv[0m:[36m237[0m - [34m[1m[cache] Loaded OHLCV[1d] for IBM from IBM.json (5049 rows)[0m
[32m2026-09-10 10:21:05.172[0m | [34m[1mDEBUG   [0m | [36msrc.data.cache[0m:[36mload_ohlcv[0m:[36m237[0m - [34m[1m[cache] Loaded OHLCV[1d] for IJR from IJR.json (5049 rows)[0m
[32m2026-09-10 10:21:05.196[0m | [34m[1mDEBUG   [0m | [36msrc.data.cache[0m:[36mload_ohlcv[0m:[36m237[0m - [34m[1m[cache] Loaded OHLCV[1d] for GLW from GLW.json (5049 rows)[0m
[32m2026-09-10 10:21:05.210[0m | [34m[1mDEBUG   [0m | [36msrc.data.cache[0m:[36mload_ohlcv[0m:[36m237[0m - [34m[1m[cache] Loaded OHLCV[1d] for MSGS from MSGS.json (1606 rows)[0m
[32m2026-09-10 10:21:05.230[0m | [34m[1mDEBUG   [0m | [36msrc.data.cache[0m:[36mload_ohlcv[0m:[36m237[0m - [34m[1m[cache] Loaded OHLCV[1d] for INTC from INTC.json (5049 rows)[0m
[32m2026-09-10 10:21:05.253[0m | [34m[1mDEBUG   [0m | [36msrc.data.cache[0m:[36mload_ohlcv[0m:[36m237[0m - [34m[1m[cache] Loaded OHLCV[1d] for ENVA from ENVA.json (2971 rows)[0m
[32m2026-09-10 10:21:05.272[0m | [34m[1mDEBUG   [0m | [36msrc.data.cache[0m:[36mload_ohlcv[0m:[36m237[0m - [34m[1m[cache] Loaded OHLCV[1d] for KW from KW.json (4085 rows)[0m
[32m2026-09-10 10:21:05.290[0m | [34m[1mDEBUG   [0m | [36msrc.data.cache[0m:[36mload_ohlcv[0m:[36m237[0m - [34m[1m[cache] Loaded OHLCV[1d] for LC from LC.json (2896 rows)[0m
[32m2026-09-10 10:21:05.301[0m | [34m[1mDEBUG   [0m | [36msrc.data.cache[0m:[36mload_ohlcv[0m:[36m237[0m - [34m[1m[cache] Loaded OHLCV[1d] for ASMLF from ASMLF.json (1169 rows)[0m
[32m2026-09-10 10:21:05.319[0m | [34m[1mDEBUG   [0m | [36msrc.data.cache[0m:[36mload_ohlcv[0m:[36m237[0m - [34m[1m[cache] Loaded OHLCV[1d] for BEN from BEN.json (5049 rows)[0m
[32m2026-09-10 10:21:05.341[0m | [34m[1mDEBUG   [0m | [36msrc.data.cache[0m:[36mload_ohlcv[0m:[36m237[0m - [34m[1m[cache] Loaded OHLCV[1d] for GTLS from GTLS.json (5010 rows)[0m
[32m2026-09-10 10:21:05.362[0m | [34m[1mDEBUG   [0m | [36msrc.data.cache[0m:[36mload_ohlcv[0m:[36m237[0m - [34m[1m[cache] Loaded OHLCV[1d] for HUBG from HUBG.json (5049 rows)[0m
[32m2026-09-10 10:21:05.385[0m | [34m[1mDEBUG   [0m | [36msrc.data.cache[0m:[36mload_ohlcv[0m:[36m237[0m - [34m[1m[cache] Loaded OHLCV[1d] for KR from KR.json (5049 rows)[0m
[32m2026-09-10 10:21:05.409[0m | [34m[1mDEBUG   [0m | [36msrc.data.cache[0m:[36mload_ohlcv[0m:[36m237[0m - [34m[1m[cache] Loaded OHLCV[1d] for MSTR from MSTR.json (5049 rows)[0m
[32m2026-09-10 10:21:05.432[0m | [34m[1mDEBUG   [0m | [36msrc.data.cache[0m:[36mload_ohlcv[0m:[36m237[0m - [34m[1m[cache] Loaded OHLCV[1d] for ENTG from ENTG.json (5049 rows)[0m
[32m2026-09-10 10:21:05.457[0m | [34m[1mDEBUG   [0m | [36msrc.data.cache[0m:[36mload_ohlcv[0m:[36m237[0m - [34m[1m[cache] Loaded OHLCV[1d] for DAKT from DAKT.json (5049 rows)[0m
[32m2026-09-10 10:21:05.478[0m | [34m[1mDEBUG   [0m | [36msrc.data.cache[0m:[36mload_ohlcv[0m:[36m237[0m - [34m[1m[cache] Loaded OHLCV[1d] for TIGR from TIGR.json (3692 rows)[0m
[32m2026-09-10 10:21:05.492[0m | [34m[1mDEBUG   [0m | [36msrc.data.cache[0m:[36mload_ohlcv[0m:[36m237[0m - [34m[1m[cache] Loaded OHLCV[1d] for APG from APG.json (1599 rows)[0m
[32m2026-09-10 10:21:05.504[0m | [34m[1mDEBUG   [0m | [36msrc.data.cache[0m:[36mload_ohlcv[0m:[36m237[0m - [34m[1m[cache] Loaded OHLCV[1d] for TWST from TWST.json (1973 rows)[0m
[32m2026-09-10 10:21:05.515[0m | [34m[1mDEBUG   [0m | [36msrc.data.cache[0m:[36mload_ohlcv[0m:[36m237[0m - [34m[1m[cache] Loaded OHLCV[1d] for DOCU from DOCU.json (2103 rows)[0m
[32m2026-09-10 10:21:05.526[0m | [34m[1mDEBUG   [0m | [36msrc.data.cache[0m:[36mload_ohlcv[0m:[36m237[0m - [34m[1m[cache] Loaded OHLCV[1d] for PLTR from PLTR.json (1492 rows)[0m
[32m2026-09-10 10:21:05.544[0m | [34m[1mDEBUG   [0m | [36msrc.data.cache[0m:[36mload_ohlcv[0m:[36m237[0m - [34m[1m[cache] Loaded OHLCV[1d] for YPF from YPF.json (5048 rows)[0m
[32m2026-09-10 10:21:05.560[0m | [34m[1mDEBUG   [0m | [36msrc.data.cache[0m:[36mload_ohlcv[0m:[36m237[0m - [34m[1m[cache] Loaded OHLCV[1d] for EDSA from EDSA.json (1823 rows)[0m
[32m2026-09-10 10:21:05.578[0m | [34m[1mDEBUG   [0m | [36msrc.data.cache[0m:[36mload_ohlcv[0m:[36m237[0m - [34m[1m[cache] Loaded OHLCV[1d] for UGI from UGI.json (5049 rows)[0m
[32m2026-09-10 10:21:05.592[0m | [34m[1mDEBUG   [0m | [36msrc.data.cache[0m:[36mload_ohlcv[0m:[36m237[0m - [34m[1m[cache] Loaded OHLCV[1d] for TYG-RI from TYG-RI.json (1 rows)[0m
[32m2026-09-10 10:21:05.608[0m | [34m[1mDEBUG   [0m | [36msrc.data.cache[0m:[36mload_ohlcv[0m:[36m237[0m - [34m[1m[cache] Loaded OHLCV[1d] for LRCX from LRCX.json (5049 rows)[0m
[32m2026-09-10 10:21:05.622[0m | [34m[1mDEBUG   [0m | [36msrc.data.cache[0m:[36mload_ohlcv[0m:[36m237[0m - [34m[1m[cache] Loaded OHLCV[1d] for HEI-A from HEI-A.json (1279 rows)[0m
[32m2026-09-10 10:21:05.633[0m | [34m[1mDEBUG   [0m | [36msrc.data.cache[0m:[36mload_ohlcv[0m:[36m237[0m - [34m[1m[cache] Loaded OHLCV[1d] for MRNA from MRNA.json (2826 rows)[0m
[32m2026-09-10 10:21:05.653[0m | [34m[1mDEBUG   [0m | [36msrc.data.cache[0m:[36mload_ohlcv[0m:[36m237[0m - [34m[1m[cache] Loaded OHLCV[1d] for DAL from DAL.json (4869 rows)[0m
[32m2026-09-10 10:21:05.712[0m | [34m[1mDEBUG   [0m | [36msrc.data.cache[0m:[36mload_ohlcv[0m:[36m237[0m - [34m[1m[cache] Loaded OHLCV[1d] for REGN from REGN.json (5048 rows)[0m
[32m2026-09-10 10:21:05.735[0m | [34m[1mDEBUG   [0m | [36msrc.data.cache[0m:[36mload_ohlcv[0m:[36m237[0m - [34m[1m[cache] Loaded OHLCV[1d] for INSM from INSM.json (5028 rows)[0m
[32m2026-09-10 10:21:05.748[0m | [34m[1mDEBUG   [0m | [36msrc.data.cache[0m:[36mload_ohlcv[0m:[36m237[0m - [34m[1m[cache] Loaded OHLCV[1d] for APOS from APOS.json (760 rows)[0m
[32m2026-09-10 10:21:05.756[0m | [34m[1mDEBUG   [0m | [36msrc.data.cache[0m:[36mload_ohlcv[0m:[36m237[0m - [34m[1m[cache] Loaded OHLCV[1d] for GS-PD from GS-PD.json (1279 rows)[0m
[32m2026-09-10 10:21:05.765[0m | [34m[1mDEBUG   [0m | [36msrc.data.cache[0m:[36mload_ohlcv[0m:[36m237[0m - [34m[1m[cache] Loaded OHLCV[1d] for LEN-B from LEN-B.json (1279 rows)[0m
[32m2026-09-10 10:21:05.772[0m | [34m[1mDEBUG   [0m | [36msrc.data.cache[0m:[36mload_ohlcv[0m:[36m237[0m - [34m[1m[cache] Loaded OHLCV[1d] for CTNT from CTNT.json (780 rows)[0m
[32m2026-09-10 10:21:05.779[0m | [34m[1mDEBUG   [0m | [36msrc.data.cache[0m:[36mload_ohlcv[0m:[36m237[0m - [34m[1m[cache] Loaded OHLCV[1d] for SPRY from SPRY.json (959 rows)[0m
[32m2026-09-10 10:21:05.786[0m | [34m[1mDEBUG   [0m | [36msrc.data.cache[0m:[36mload_ohlcv[0m:[36m237[0m - [34m[1m[cache] Loaded OHLCV[1d] for HSPTU from HSPTU.json (393 rows)[0m
[32m2026-09-10 10:21:05.797[0m | [34m[1mDEBUG   [0m | [36msrc.data.cache[0m:[36mload_ohlcv[0m:[36m237[0m - [34m[1m[cache] Loaded OHLCV[1d] for COGT from COGT.json (2962 rows)[0m
[32m2026-09-10 10:21:05.809[0m | [34m[1mDEBUG   [0m | [36msrc.data.cache[0m:[36mload_ohlcv[0m:[36m237[0m - [34m[1m[cache] Loaded OHLCV[1d] for FHN-PF from FHN-PF.json (1279 rows)[0m
[32m2026-09-10 10:21:05.815[0m | [34m[1mDEBUG   [0m | [36msrc.data.cache[0m:[36mload_ohlcv[0m:[36m237[0m - [34m[1m[cache] Loaded OHLCV[1d] for NPWR-WT from NPWR-WT.json (39 rows)[0m
[32m2026-09-10 10:21:05.836[0m | [34m[1mDEBUG   [0m | [36msrc.data.cache[0m:[36mload_ohlcv[0m:[36m237[0m - [34m[1m[cache] Loaded OHLCV[1d] for VFC from VFC.json (5049 rows)[0m
[32m2026-09-10 10:21:05.862[0m | [34m[1mDEBUG   [0m | [36msrc.data.cache[0m:[36mload_ohlcv[0m:[36m237[0m - [34m[1m[cache] Loaded OHLCV[1d] for INTU from INTU.json (5049 rows)[0m
[32m2026-09-10 10:21:05.881[0m | [34m[1mDEBUG   [0m | [36msrc.data.cache[0m:[36mload_ohlcv[0m:[36m237[0m - [34m[1m[cache] Loaded OHLCV[1d] for CVEO from CVEO.json (3087 rows)[0m
[32m2026-09-10 10:21:05.896[0m | [34m[1mDEBUG   [0m | [36msrc.data.cache[0m:[36mload_ohlcv[0m:[36m237[0m - [34m[1m[cache] Loaded OHLCV[1d] for TWLO from TWLO.json (2567 rows)[0m
[32m2026-09-10 10:21:05.911[0m | [34m[1mDEBUG   [0m | [36msrc.data.cache[0m:[36mload_ohlcv[0m:[36m237[0m - [34m[1m[cache] Loaded OHLCV[1d] for MTA from MTA.json (2747 rows)[0m
[32m2026-09-10 10:21:05.922[0m | [34m[1mDEBUG   [0m | [36msrc.data.cache[0m:[36mload_ohlcv[0m:[36m237[0m - [34m[1m[cache] Loaded OHLCV[1d] for KVUE from KVUE.json (840 rows)[0m
[32m2026-09-10 10:21:05.934[0m | [34m[1mDEBUG   [0m | [36msrc.data.cache[0m:[36mload_ohlcv[0m:[36m237[0m - [34m[1m[cache] Loaded OHLCV[1d] for CEG from CEG.json (2559 rows)[0m
[32m2026-09-10 10:21:05.948[0m | [34m[1mDEBUG   [0m | [36msrc.data.cache[0m:[36mload_ohlcv[0m:[36m237[0m - [34m[1m[cache] Loaded OHLCV[1d] for SNBR from SNBR.json (2169 rows)[0m
[32m2026-09-10 10:21:05.957[0m | [34m[1mDEBUG   [0m | [36msrc.data.cache[0m:[36mload_ohlcv[0m:[36m237[0m - [34m[1m[cache] Loaded OHLCV[1d] for HPE-PC from HPE-PC.json (493 rows)[0m
[32m2026-09-10 10:21:05.974[0m | [34m[1mDEBUG   [0m | [36msrc.data.cache[0m:[36mload_ohlcv[0m:[36m237[0m - [34m[1m[cache] Loaded OHLCV[1d] for MU from MU.json (5049 rows)[0m
[32m2026-09-10 10:21:05.986[0m | [34m[1mDEBUG   [0m | [36msrc.data.cache[0m:[36mload_ohlcv[0m:[36m237[0m - [34m[1m[cache] Loaded OHLCV[1d] for SDEV from SDEV.json (109 rows)[0m
[32m2026-09-10 10:21:06.003[0m | [34m[1mDEBUG   [0m | [36msrc.data.cache[0m:[36mload_ohlcv[0m:[36m237[0m - [34m[1m[cache] Loaded OHLCV[1d] for AKAM from AKAM.json (5049 rows)[0m
[32m2026-09-10 10:21:06.019[0m | [34m[1mDEBUG   [0m | [36msrc.data.cache[0m:[36mload_ohlcv[0m:[36m237[0m - [34m[1m[cache] Loaded OHLCV[1d] for PCVX from PCVX.json (1568 rows)[0m
[32m2026-09-10 10:21:06.029[0m | [34m[1mDEBUG   [0m | [36msrc.data.cache[0m:[36mload_ohlcv[0m:[36m237[0m - [34m[1m[cache] Loaded OHLCV[1d] for PRFX from PRFX.json (1509 rows)[0m
[32m2026-09-10 10:21:06.041[0m | [34m[1mDEBUG   [0m | [36msrc.data.cache[0m:[36mload_ohlcv[0m:[36m237[0m - [34m[1m[cache] Loaded OHLCV[1d] for BZFDW from BZFDW.json (998 rows)[0m
[32m2026-09-10 10:21:06.053[0m | [34m[1mDEBUG   [0m | [36msrc.data.cache[0m:[36mload_ohlcv[0m:[36m237[0m - [34m[1m[cache] Loaded OHLCV[1d] for CPAC from CPAC.json (3475 rows)[0m
[32m2026-09-10 10:21:06.077[0m | [34m[1mDEBUG   [0m | [36msrc.data.cache[0m:[36mload_ohlcv[0m:[36m237[0m - [34m[1m[cache] Loaded OHLCV[1d] for MGF from MGF.json (5049 rows)[0m
[32m2026-09-10 10:21:06.089[0m | [34m[1mDEBUG   [0m | [36msrc.data.cache[0m:[36mload_ohlcv[0m:[36m237[0m - [34m[1m[cache] Loaded OHLCV[1d] for GL-PD from GL-PD.json (52 rows)[0m
[32m2026-09-10 10:21:06.112[0m | [34m[1mDEBUG   [0m | [36msrc.data.cache[0m:[36mload_ohlcv[0m:[36m237[0m - [34m[1m[cache] Loaded OHLCV[1d] for STX from STX.json (5049 rows)[0m
[32m2026-09-10 10:21:06.132[0m | [34m[1mDEBUG   [0m | [36msrc.data.cache[0m:[36mload_ohlcv[0m:[36m237[0m - [34m[1m[cache] Loaded OHLCV[1d] for VISM from VISM.json (1136 rows)[0m
[32m2026-09-10 10:21:06.140[0m | [34m[1mDEBUG   [0m | [36msrc.data.cache[0m:[36mload_ohlcv[0m:[36m237[0m - [34m[1m[cache] Loaded OHLCV[1d] for RXRX from RXRX.json (1356 rows)[0m
[32m2026-09-10 10:21:06.156[0m | [34m[1mDEBUG   [0m | [36msrc.data.cache[0m:[36mload_ohlcv[0m:[36m237[0m - [34m[1m[cache] Loaded OHLCV[1d] for GF from GF.json (5049 rows)[0m
[32m2026-09-10 10:21:06.180[0m | [34m[1mDEBUG   [0m | [36msrc.data.cache[0m:[36mload_ohlcv[0m:[36m237[0m - [34m[1m[cache] Loaded OHLCV[1d] for LSCC from LSCC.json (5049 rows)[0m
[32m2026-09-10 10:21:06.199[0m | [34m[1mDEBUG   [0m | [36msrc.data.cache[0m:[36mload_ohlcv[0m:[36m237[0m - [34m[1m[cache] Loaded OHLCV[1d] for GTLL from GTLL.json (1157 rows)[0m
[32m2026-09-10 10:21:06.221[0m | [34m[1mDEBUG   [0m | [36msrc.data.cache[0m:[36mload_ohlcv[0m:[36m237[0m - [34m[1m[cache] Loaded OHLCV[1d] for THC from THC.json (5049 rows)[0m
[32m2026-09-10 10:21:06.248[0m | [34m[1mDEBUG   [0m | [36msrc.data.cache[0m:[36mload_ohlcv[0m:[36m237[0m - [34m[1m[cache] Loaded OHLCV[1d] for TDC from TDC.json (4765 rows)[0m
[32m2026-09-10 10:21:06.262[0m | [34m[1mDEBUG   [0m | [36msrc.data.cache[0m:[36mload_ohlcv[0m:[36m237[0m - [34m[1m[cache] Loaded OHLCV[1d] for JCTC from JCTC.json (472 rows)[0m
[32m2026-09-10 10:21:06.269[0m | [34m[1mDEBUG   [0m | [36msrc.data.cache[0m:[36mload_ohlcv[0m:[36m237[0m - [34m[1m[cache] Loaded OHLCV[1d] for HUMAW from HUMAW.json (1162 rows)[0m
[32m2026-09-10 10:21:06.276[0m | [34m[1mDEBUG   [0m | [36msrc.data.cache[0m:[36mload_ohlcv[0m:[36m237[0m - [34m[1m[cache] Loaded OHLCV[1d] for BACCU from BACCU.json (190 rows)[0m
[32m2026-09-10 10:21:06.294[0m | [34m[1mDEBUG   [0m | [36msrc.data.cache[0m:[36mload_ohlcv[0m:[36m237[0m - [34m[1m[cache] Loaded OHLCV[1d] for SYNA from SYNA.json (5049 rows)[0m
[32m2026-09-10 10:21:06.310[0m | [34m[1mDEBUG   [0m | [36msrc.data.cache[0m:[36mload_ohlcv[0m:[36m237[0m - [34m[1m[cache] Loaded OHLCV[1d] for LSAK from LSAK.json (1076 rows)[0m
[32m2026-09-10 10:21:06.328[0m | [34m[1mDEBUG   [0m | [36msrc.data.cache[0m:[36mload_ohlcv[0m:[36m237[0m - [34m[1m[cache] Loaded OHLCV[1d] for KLAC from KLAC.json (5049 rows)[0m
[32m2026-09-10 10:21:06.344[0m | [34m[1mDEBUG   [0m | [36msrc.data.cache[0m:[36mload_ohlcv[0m:[36m237[0m - [34m[1m[cache] Loaded OHLCV[1d] for PUBM from PUBM.json (1443 rows)[0m
[32m2026-09-10 10:21:06.361[0m | [34m[1mDEBUG   [0m | [36msrc.data.cache[0m:[36mload_ohlcv[0m:[36m237[0m - [34m[1m[cache] Loaded OHLCV[1d] for PKOH from PKOH.json (5049 rows)[0m
[32m2026-09-10 10:21:06.380[0m | [34m[1mDEBUG   [0m | [36msrc.data.cache[0m:[36mload_ohlcv[0m:[36m237[0m - [34m[1m[cache] Loaded OHLCV[1d] for ESTC from ESTC.json (1991 rows)[0m
[32m2026-09-10 10:21:06.389[0m | [34m[1mDEBUG   [0m | [36msrc.data.cache[0m:[36mload_ohlcv[0m:[36m237[0m - [34m[1m[cache] Loaded OHLCV[1d] for SEZL from SEZL.json (750 rows)[0m
[32m2026-09-10 10:21:06.406[0m | [34m[1mDEBUG   [0m | [36msrc.data.cache[0m:[36mload_ohlcv[0m:[36m237[0m - [34m[1m[cache] Loaded OHLCV[1d] for WLK from WLK.json (5049 rows)[0m
[32m2026-09-10 10:21:06.418[0m | [34m[1mDEBUG   [0m | [36msrc.data.cache[0m:[36mload_ohlcv[0m:[36m237[0m - [34m[1m[cache] Loaded OHLCV[1d] for PAYP from PAYP.json (125 rows)[0m
[32m2026-09-10 10:21:06.426[0m | [34m[1mDEBUG   [0m | [36msrc.data.cache[0m:[36mload_ohlcv[0m:[36m237[0m - [34m[1m[cache] Loaded OHLCV[1d] for AFYA from AFYA.json (1795 rows)[0m
[32m2026-09-10 10:21:06.440[0m | [34m[1mDEBUG   [0m | [36msrc.data.cache[0m:[36mload_ohlcv[0m:[36m237[0m - [34m[1m[cache] Loaded OHLCV[1d] for CNL from CNL.json (2968 rows)[0m
[32m2026-09-10 10:21:06.458[0m | [34m[1mDEBUG   [0m | [36msrc.data.cache[0m:[36mload_ohlcv[0m:[36m237[0m - [34m[1m[cache] Loaded OHLCV[1d] for LIN from LIN.json (2325 rows)[0m
[32m2026-09-10 10:21:06.465[0m | [34m[1mDEBUG   [0m | [36msrc.data.cache[0m:[36mload_ohlcv[0m:[36m237[0m - [34m[1m[cache] Loaded OHLCV[1d] for GTM from GTM.json (333 rows)[0m
[32m2026-09-10 10:21:06.471[0m | [34m[1mDEBUG   [0m | [36msrc.data.cache[0m:[36mload_ohlcv[0m:[36m237[0m - [34m[1m[cache] Loaded OHLCV[1d] for HUBCZ from HUBCZ.json (618 rows)[0m
[32m2026-09-10 10:21:06.482[0m | [34m[1mDEBUG   [0m | [36msrc.data.cache[0m:[36mload_ohlcv[0m:[36m237[0m - [34m[1m[cache] Loaded OHLCV[1d] for COLD from COLD.json (2171 rows)[0m
[32m2026-09-10 10:21:06.494[0m | [34m[1mDEBUG   [0m | [36msrc.data.cache[0m:[36mload_ohlcv[0m:[36m237[0m - [34m[1m[cache] Loaded OHLCV[1d] for AFCG from AFCG.json (1375 rows)[0m
[32m2026-09-10 10:21:06.501[0m | [34m[1mDEBUG   [0m | [36msrc.data.cache[0m:[36mload_ohlcv[0m:[36m237[0m - [34m[1m[cache] Loaded OHLCV[1d] for PCG-PX from PCG-PX.json (438 rows)[0m
[32m2026-09-10 10:21:06.519[0m | [34m[1mDEBUG   [0m | [36msrc.data.cache[0m:[36mload_ohlcv[0m:[36m237[0m - [34m[1m[cache] Loaded OHLCV[1d] for EQT from EQT.json (5049 rows)[0m
[32m2026-09-10 10:21:06.541[0m | [34m[1mDEBUG   [0m | [36msrc.data.cache[0m:[36mload_ohlcv[0m:[36m237[0m - [34m[1m[cache] Loaded OHLCV[1d] for AVGO from AVGO.json (4299 rows)[0m
[32m2026-09-10 10:21:06.565[0m | [34m[1mDEBUG   [0m | [36msrc.data.cache[0m:[36mload_ohlcv[0m:[36m237[0m - [34m[1m[cache] Loaded OHLCV[1d] for HAL from HAL.json (5049 rows)[0m
[32m2026-09-10 10:21:06.589[0m | [34m[1mDEBUG   [0m | [36msrc.data.cache[0m:[36mload_ohlcv[0m:[36m237[0m - [34m[1m[cache] Loaded OHLCV[1d] for SWX from SWX.json (5049 rows)[0m
[32m2026-09-10 10:21:06.605[0m | [34m[1mDEBUG   [0m | [36msrc.data.cache[0m:[36mload_ohlcv[0m:[36m237[0m - [34m[1m[cache] Loaded OHLCV[1d] for HYMCW from HYMCW.json (1246 rows)[0m
[32m2026-09-10 10:21:06.612[0m | [34m[1mDEBUG   [0m | [36msrc.data.cache[0m:[36mload_ohlcv[0m:[36m237[0m - [34m[1m[cache] Loaded OHLCV[1d] for WOK from WOK.json (512 rows)[0m
[32m2026-09-10 10:21:06.626[0m | [34m[1mDEBUG   [0m | [36msrc.data.cache[0m:[36mload_ohlcv[0m:[36m237[0m - [34m[1m[cache] Loaded OHLCV[1d] for AON from AON.json (4218 rows)[0m
[32m2026-09-10 10:21:06.649[0m | [34m[1mDEBUG   [0m | [36msrc.data.cache[0m:[36mload_ohlcv[0m:[36m237[0m - [34m[1m[cache] Loaded OHLCV[1d] for CSGP from CSGP.json (5049 rows)[0m
[32m2026-09-10 10:21:06.663[0m | [34m[1mDEBUG   [0m | [36msrc.data.cache[0m:[36mload_ohlcv[0m:[36m237[0m - [34m[1m[cache] Loaded OHLCV[1d] for LPRO from LPRO.json (1540 rows)[0m
[32m2026-09-10 10:21:06.677[0m | [34m[1mDEBUG   [0m | [36msrc.data.cache[0m:[36mload_ohlcv[0m:[36m237[0m - [34m[1m[cache] Loaded OHLCV[1d] for LYB from LYB.json (3999 rows)[0m
[32m2026-09-10 10:21:06.686[0m | [34m[1mDEBUG   [0m | [36msrc.data.cache[0m:[36mload_ohlcv[0m:[36m237[0m - [34m[1m[cache] Loaded OHLCV[1d] for ARTV from ARTV.json (537 rows)[0m
[32m2026-09-10 10:21:06.698[0m | [34m[1mDEBUG   [0m | [36msrc.data.cache[0m:[36mload_ohlcv[0m:[36m237[0m - [34m[1m[cache] Loaded OHLCV[1d] for DNOW from DNOW.json (3087 rows)[0m
[32m2026-09-10 10:21:06.712[0m | [34m[1mDEBUG   [0m | [36msrc.data.cache[0m:[36mload_ohlcv[0m:[36m237[0m - [34m[1m[cache] Loaded OHLCV[1d] for BATRB from BATRB.json (170 rows)[0m
[32m2026-09-10 10:21:06.716[0m | [34m[1mDEBUG   [0m | [36msrc.data.cache[0m:[36mload_ohlcv[0m:[36m237[0m - [34m[1m[cache] Loaded OHLCV[1d] for TBNRL from TBNRL.json (137 rows)[0m
[32m2026-09-10 10:21:06.720[0m | [34m[1mDEBUG   [0m | [36msrc.data.cache[0m:[36mload_ohlcv[0m:[36m237[0m - [34m[1m[cache] Loaded OHLCV[1d] for ENHA from ENHA.json (85 rows)[0m
[32m2026-09-10 10:21:06.725[0m | [34m[1mDEBUG   [0m | [36msrc.data.cache[0m:[36mload_ohlcv[0m:[36m237[0m - [34m[1m[cache] Loaded OHLCV[1d] for ALIT from ALIT.json (1287 rows)[0m
[32m2026-09-10 10:21:06.732[0m | [34m[1mDEBUG   [0m | [36msrc.data.cache[0m:[36mload_ohlcv[0m:[36m237[0m - [34m[1m[cache] Loaded OHLCV[1d] for RDDT from RDDT.json (619 rows)[0m
[32m2026-09-10 10:21:06.748[0m | [34m[1mDEBUG   [0m | [36msrc.data.cache[0m:[36mload_ohlcv[0m:[36m237[0m - [34m[1m[cache] Loaded OHLCV[1d] for MOH from MOH.json (5049 rows)[0m
[32m2026-09-10 10:21:06.768[0m | [34m[1mDEBUG   [0m | [36msrc.data.cache[0m:[36mload_ohlcv[0m:[36m237[0m - [34m[1m[cache] Loaded OHLCV[1d] for NNDM from NNDM.json (2631 rows)[0m
[32m2026-09-10 10:21:06.779[0m | [34m[1mDEBUG   [0m | [36msrc.data.cache[0m:[36mload_ohlcv[0m:[36m237[0m - [34m[1m[cache] Loaded OHLCV[1d] for LYEL from LYEL.json (1282 rows)[0m
[32m2026-09-10 10:21:06.787[0m | [34m[1mDEBUG   [0m | [36msrc.data.cache[0m:[36mload_ohlcv[0m:[36m237[0m - [34m[1m[cache] Loaded OHLCV[1d] for COYA from COYA.json (926 rows)[0m
[32m2026-09-10 10:21:06.798[0m | [34m[1mDEBUG   [0m | [36msrc.data.cache[0m:[36mload_ohlcv[0m:[36m237[0m - [34m[1m[cache] Loaded OHLCV[1d] for SGI from SGI.json (2271 rows)[0m
[32m2026-09-10 10:21:06.813[0m | [34m[1mDEBUG   [0m | [36msrc.data.cache[0m:[36mload_ohlcv[0m:[36m237[0m - [34m[1m[cache] Loaded OHLCV[1d] for KURA from KURA.json (2725 rows)[0m
[32m2026-09-10 10:21:06.834[0m | [34m[1mDEBUG   [0m | [36msrc.data.cache[0m:[36mload_ohlcv[0m:[36m237[0m - [34m[1m[cache] Loaded OHLCV[1d] for IVZ from IVZ.json (4854 rows)[0m
[32m2026-09-10 10:21:06.847[0m | [34m[1mDEBUG   [0m | [36msrc.data.cache[0m:[36mload_ohlcv[0m:[36m237[0m - [34m[1m[cache] Loaded OHLCV[1d] for STTK from STTK.json (1485 rows)[0m
[32m2026-09-10 10:21:06.857[0m | [34m[1mDEBUG   [0m | [36msrc.data.cache[0m:[36mload_ohlcv[0m:[36m237[0m - [34m[1m[cache] Loaded OHLCV[1d] for NUVB from NUVB.json (1400 rows)[0m
[32m2026-09-10 10:21:06.872[0m | [34m[1mDEBUG   [0m | [36msrc.data.cache[0m:[36mload_ohlcv[0m:[36m237[0m - [34m[1m[cache] Loaded OHLCV[1d] for RPRX from RPRX.json (4434 rows)[0m
[32m2026-09-10 10:21:06.885[0m | [34m[1mDEBUG   [0m | [36msrc.data.cache[0m:[36mload_ohlcv[0m:[36m237[0m - [34m[1m[cache] Loaded OHLCV[1d] for ATXG from ATXG.json (1005 rows)[0m
[32m2026-09-10 10:21:06.890[0m | [34m[1mDEBUG   [0m | [36msrc.data.cache[0m:[36mload_ohlcv[0m:[36m237[0m - [34m[1m[cache] Loaded OHLCV[1d] for CTEV from CTEV.json (384 rows)[0m
[32m2026-09-10 10:21:06.895[0m | [34m[1mDEBUG   [0m | [36msrc.data.cache[0m:[36mload_ohlcv[0m:[36m237[0m - [34m[1m[cache] Loaded OHLCV[1d] for BLNE from BLNE.json (407 rows)[0m
[32m2026-09-10 10:21:06.911[0m | [34m[1mDEBUG   [0m | [36msrc.data.cache[0m:[36mload_ohlcv[0m:[36m237[0m - [34m[1m[cache] Loaded OHLCV[1d] for STZ from STZ.json (5049 rows)[0m
[32m2026-09-10 10:21:06.929[0m | [34m[1mDEBUG   [0m | [36msrc.data.cache[0m:[36mload_ohlcv[0m:[36m237[0m - [34m[1m[cache] Loaded OHLCV[1d] for CDRE from CDRE.json (1215 rows)[0m
[32m2026-09-10 10:21:06.937[0m | [34m[1mDEBUG   [0m | [36msrc.data.cache[0m:[36mload_ohlcv[0m:[36m237[0m - [34m[1m[cache] Loaded OHLCV[1d] for RVMDW from RVMDW.json (629 rows)[0m
[32m2026-09-10 10:21:06.954[0m | [34m[1mDEBUG   [0m | [36msrc.data.cache[0m:[36mload_ohlcv[0m:[36m237[0m - [34m[1m[cache] Loaded OHLCV[1d] for LAMR from LAMR.json (5049 rows)[0m
[32m2026-09-10 10:21:06.978[0m | [34m[1mDEBUG   [0m | [36msrc.data.cache[0m:[36mload_ohlcv[0m:[36m237[0m - [34m[1m[cache] Loaded OHLCV[1d] for DPZ from DPZ.json (5049 rows)[0m
[32m2026-09-10 10:21:06.999[0m | [34m[1mDEBUG   [0m | [36msrc.data.cache[0m:[36mload_ohlcv[0m:[36m237[0m - [34m[1m[cache] Loaded OHLCV[1d] for MG from MG.json (4255 rows)[0m
[32m2026-09-10 10:21:07.059[0m | [34m[1mDEBUG   [0m | [36msrc.data.cache[0m:[36mload_ohlcv[0m:[36m237[0m - [34m[1m[cache] Loaded OHLCV[1d] for COF-PN from COF-PN.json (1279 rows)[0m
[32m2026-09-10 10:21:07.077[0m | [34m[1mDEBUG   [0m | [36msrc.data.cache[0m:[36mload_ohlcv[0m:[36m237[0m - [34m[1m[cache] Loaded OHLCV[1d] for UTHR from UTHR.json (5049 rows)[0m
[32m2026-09-10 10:21:07.097[0m | [34m[1mDEBUG   [0m | [36msrc.data.cache[0m:[36mload_ohlcv[0m:[36m237[0m - [34m[1m[cache] Loaded OHLCV[1d] for FOX from FOX.json (3318 rows)[0m
[32m2026-09-10 10:21:07.109[0m | [34m[1mDEBUG   [0m | [36msrc.data.cache[0m:[36mload_ohlcv[0m:[36m237[0m - [34m[1m[cache] Loaded OHLCV[1d] for WFRD from WFRD.json (1287 rows)[0m
[32m2026-09-10 10:21:07.116[0m | [34m[1mDEBUG   [0m | [36msrc.data.cache[0m:[36mload_ohlcv[0m:[36m237[0m - [34m[1m[cache] Loaded OHLCV[1d] for TBBB from TBBB.json (647 rows)[0m
[32m2026-09-10 10:21:07.129[0m | [34m[1mDEBUG   [0m | [36msrc.data.cache[0m:[36mload_ohlcv[0m:[36m237[0m - [34m[1m[cache] Loaded OHLCV[1d] for TROX from TROX.json (3577 rows)[0m
[32m2026-09-10 10:21:07.142[0m | [34m[1mDEBUG   [0m | [36msrc.data.cache[0m:[36mload_ohlcv[0m:[36m237[0m - [34m[1m[cache] Loaded OHLCV[1d] for DGEAF from DGEAF.json (1090 rows)[0m
[32m2026-09-10 10:21:07.151[0m | [34m[1mDEBUG   [0m | [36msrc.data.cache[0m:[36mload_ohlcv[0m:[36m237[0m - [34m[1m[cache] Loaded OHLCV[1d] for MET-PF from MET-PF.json (1279 rows)[0m
[32m2026-09-10 10:21:07.167[0m | [34m[1mDEBUG   [0m | [36msrc.data.cache[0m:[36mload_ohlcv[0m:[36m237[0m - [34m[1m[cache] Loaded OHLCV[1d] for RDNT from RDNT.json (4923 rows)[0m
[32m2026-09-10 10:21:07.190[0m | [34m[1mDEBUG   [0m | [36msrc.data.cache[0m:[36mload_ohlcv[0m:[36m237[0m - [34m[1m[cache] Loaded OHLCV[1d] for DMRC from DMRC.json (5004 rows)[0m
[32m2026-09-10 10:21:07.205[0m | [34m[1mDEBUG   [0m | [36msrc.data.cache[0m:[36mload_ohlcv[0m:[36m237[0m - [34m[1m[cache] Loaded OHLCV[1d] for PRCH from PRCH.json (1432 rows)[0m
[32m2026-09-10 10:21:07.219[0m | [34m[1mDEBUG   [0m | [36msrc.data.cache[0m:[36mload_ohlcv[0m:[36m237[0m - [34m[1m[cache] Loaded OHLCV[1d] for VEEV from VEEV.json (3243 rows)[0m
[32m2026-09-10 10:21:07.231[0m | [34m[1mDEBUG   [0m | [36msrc.data.cache[0m:[36mload_ohlcv[0m:[36m237[0m - [34m[1m[cache] Loaded OHLCV[1d] for BRLT from BRLT.json (1245 rows)[0m
[32m2026-09-10 10:21:07.244[0m | [34m[1mDEBUG   [0m | [36msrc.data.cache[0m:[36mload_ohlcv[0m:[36m237[0m - [34m[1m[cache] Loaded OHLCV[1d] for ON from ON.json (2875 rows)[0m
[32m2026-09-10 10:21:07.257[0m | [34m[1mDEBUG   [0m | [36msrc.data.cache[0m:[36mload_ohlcv[0m:[36m237[0m - [34m[1m[cache] Loaded OHLCV[1d] for GRBK-PA from GRBK-PA.json (1183 rows)[0m
[32m2026-09-10 10:21:07.272[0m | [34m[1mDEBUG   [0m | [36msrc.data.cache[0m:[36mload_ohlcv[0m:[36m237[0m - [34m[1m[cache] Loaded OHLCV[1d] for CHCT from CHCT.json (2842 rows)[0m
[32m2026-09-10 10:21:07.286[0m | [34m[1mDEBUG   [0m | [36msrc.data.cache[0m:[36mload_ohlcv[0m:[36m237[0m - [34m[1m[cache] Loaded OHLCV[1d] for USAS from USAS.json (2423 rows)[0m
[32m2026-09-10 10:21:07.297[0m | [34m[1mDEBUG   [0m | [36msrc.data.cache[0m:[36mload_ohlcv[0m:[36m237[0m - [34m[1m[cache] Loaded OHLCV[1d] for NROM from NROM.json (877 rows)[0m
[32m2026-09-10 10:21:07.305[0m | [34m[1mDEBUG   [0m | [36msrc.data.cache[0m:[36mload_ohlcv[0m:[36m237[0m - [34m[1m[cache] Loaded OHLCV[1d] for VTRS from VTRS.json (1458 rows)[0m
[32m2026-09-10 10:21:07.324[0m | [34m[1mDEBUG   [0m | [36msrc.data.cache[0m:[36mload_ohlcv[0m:[36m237[0m - [34m[1m[cache] Loaded OHLCV[1d] for GT from GT.json (5049 rows)[0m
[32m2026-09-10 10:21:07.336[0m | [34m[1mDEBUG   [0m | [36msrc.data.cache[0m:[36mload_ohlcv[0m:[36m237[0m - [34m[1m[cache] Loaded OHLCV[1d] for FWONB from FWONB.json (172 rows)[0m
[32m2026-09-10 10:21:07.343[0m | [34m[1mDEBUG   [0m | [36msrc.data.cache[0m:[36mload_ohlcv[0m:[36m237[0m - [34m[1m[cache] Loaded OHLCV[1d] for U from U.json (1500 rows)[0m
[32m2026-09-10 10:21:07.361[0m | [34m[1mDEBUG   [0m | [36msrc.data.cache[0m:[36mload_ohlcv[0m:[36m237[0m - [34m[1m[cache] Loaded OHLCV[1d] for AAP from AAP.json (5049 rows)[0m
[32m2026-09-10 10:21:07.374[0m | [34m[1mDEBUG   [0m | [36msrc.data.cache[0m:[36mload_ohlcv[0m:[36m237[0m - [34m[1m[cache] Loaded OHLCV[1d] for TCKRF from TCKRF.json (310 rows)[0m
[32m2026-09-10 10:21:07.388[0m | [34m[1mDEBUG   [0m | [36msrc.data.cache[0m:[36mload_ohlcv[0m:[36m237[0m - [34m[1m[cache] Loaded OHLCV[1d] for ADMA from ADMA.json (2972 rows)[0m
[32m2026-09-10 10:21:07.403[0m | [34m[1mDEBUG   [0m | [36msrc.data.cache[0m:[36mload_ohlcv[0m:[36m237[0m - [34m[1m[cache] Loaded OHLCV[1d] for NTRA from NTRA.json (2813 rows)[0m
[32m2026-09-10 10:21:07.424[0m | [34m[1mDEBUG   [0m | [36msrc.data.cache[0m:[36mload_ohlcv[0m:[36m237[0m - [34m[1m[cache] Loaded OHLCV[1d] for BJRI from BJRI.json (5049 rows)[0m
[32m2026-09-10 10:21:07.447[0m | [34m[1mDEBUG   [0m | [36msrc.data.cache[0m:[36mload_ohlcv[0m:[36m237[0m - [34m[1m[cache] Loaded OHLCV[1d] for HUM from HUM.json (5049 rows)[0m
[32m2026-09-10 10:21:07.468[0m | [34m[1mDEBUG   [0m | [36msrc.data.cache[0m:[36mload_ohlcv[0m:[36m237[0m - [34m[1m[cache] Loaded OHLCV[1d] for KYN from KYN.json (5049 rows)[0m
[32m2026-09-10 10:21:07.485[0m | [34m[1mDEBUG   [0m | [36msrc.data.cache[0m:[36mload_ohlcv[0m:[36m237[0m - [34m[1m[cache] Loaded OHLCV[1d] for KVYO from KVYO.json (745 rows)[0m
[32m2026-09-10 10:21:07.500[0m | [34m[1mDEBUG   [0m | [36msrc.data.cache[0m:[36mload_ohlcv[0m:[36m237[0m - [34m[1m[cache] Loaded OHLCV[1d] for COHR from COHR.json (4964 rows)[0m
[32m2026-09-10 10:21:07.525[0m | [34m[1mDEBUG   [0m | [36msrc.data.cache[0m:[36mload_ohlcv[0m:[36m237[0m - [34m[1m[cache] Loaded OHLCV[1d] for DVN from DVN.json (5049 rows)[0m
[32m2026-09-10 10:21:07.548[0m | [34m[1mDEBUG   [0m | [36msrc.data.cache[0m:[36mload_ohlcv[0m:[36m237[0m - [34m[1m[cache] Loaded OHLCV[1d] for MOD from MOD.json (5049 rows)[0m
[32m2026-09-10 10:21:07.574[0m | [34m[1mDEBUG   [0m | [36msrc.data.cache[0m:[36mload_ohlcv[0m:[36m237[0m - [34m[1m[cache] Loaded OHLCV[1d] for CLF from CLF.json (5049 rows)[0m
[32m2026-09-10 10:21:07.589[0m | [34m[1mDEBUG   [0m | [36msrc.data.cache[0m:[36mload_ohlcv[0m:[36m237[0m - [34m[1m[cache] Loaded OHLCV[1d] for NEGG from NEGG.json (1332 rows)[0m
[32m2026-09-10 10:21:07.596[0m | [34m[1mDEBUG   [0m | [36msrc.data.cache[0m:[36mload_ohlcv[0m:[36m237[0m - [34m[1m[cache] Loaded OHLCV[1d] for SOLS from SOLS.json (558 rows)[0m
[32m2026-09-10 10:21:07.615[0m | [34m[1mDEBUG   [0m | [36msrc.data.cache[0m:[36mload_ohlcv[0m:[36m237[0m - [34m[1m[cache] Loaded OHLCV[1d] for CVI from CVI.json (4749 rows)[0m
[32m2026-09-10 10:21:07.638[0m | [34m[1mDEBUG   [0m | [36msrc.data.cache[0m:[36mload_ohlcv[0m:[36m237[0m - [34m[1m[cache] Loaded OHLCV[1d] for NUE from NUE.json (5049 rows)[0m
[32m2026-09-10 10:21:07.658[0m | [34m[1mDEBUG   [0m | [36msrc.data.cache[0m:[36mload_ohlcv[0m:[36m237[0m - [34m[1m[cache] Loaded OHLCV[1d] for TSMWF from TSMWF.json (505 rows)[0m
[32m2026-09-10 10:21:07.676[0m | [34m[1mDEBUG   [0m | [36msrc.data.cache[0m:[36mload_ohlcv[0m:[36m237[0m - [34m[1m[cache] Loaded OHLCV[1d] for MXF from MXF.json (5049 rows)[0m
[32m2026-09-10 10:21:07.693[0m | [34m[1mDEBUG   [0m | [36msrc.data.cache[0m:[36mload_ohlcv[0m:[36m237[0m - [34m[1m[cache] Loaded OHLCV[1d] for UPWK from UPWK.json (1993 rows)[0m
[32m2026-09-10 10:21:07.710[0m | [34m[1mDEBUG   [0m | [36msrc.data.cache[0m:[36mload_ohlcv[0m:[36m237[0m - [34m[1m[cache] Loaded OHLCV[1d] for ASTI from ASTI.json (3554 rows)[0m
[32m2026-09-10 10:21:07.723[0m | [34m[1mDEBUG   [0m | [36msrc.data.cache[0m:[36mload_ohlcv[0m:[36m237[0m - [34m[1m[cache] Loaded OHLCV[1d] for PHVS from PHVS.json (1391 rows)[0m
[32m2026-09-10 10:21:07.737[0m | [34m[1mDEBUG   [0m | [36msrc.data.cache[0m:[36mload_ohlcv[0m:[36m237[0m - [34m[1m[cache] Loaded OHLCV[1d] for ALLE from ALLE.json (3211 rows)[0m
[32m2026-09-10 10:21:07.756[0m | [34m[1mDEBUG   [0m | [36msrc.data.cache[0m:[36mload_ohlcv[0m:[36m237[0m - [34m[1m[cache] Loaded OHLCV[1d] for EMN from EMN.json (5049 rows)[0m
[32m2026-09-10 10:21:07.772[0m | [34m[1mDEBUG   [0m | [36msrc.data.cache[0m:[36mload_ohlcv[0m:[36m237[0m - [34m[1m[cache] Loaded OHLCV[1d] for SN from SN.json (2586 rows)[0m
[32m2026-09-10 10:21:07.792[0m | [34m[1mDEBUG   [0m | [36msrc.data.cache[0m:[36mload_ohlcv[0m:[36m237[0m - [34m[1m[cache] Loaded OHLCV[1d] for FLS from FLS.json (5049 rows)[0m
[32m2026-09-10 10:21:07.806[0m | [34m[1mDEBUG   [0m | [36msrc.data.cache[0m:[36mload_ohlcv[0m:[36m237[0m - [34m[1m[cache] Loaded OHLCV[1d] for JBS from JBS.json (881 rows)[0m
[32m2026-09-10 10:21:07.819[0m | [34m[1mDEBUG   [0m | [36msrc.data.cache[0m:[36mload_ohlcv[0m:[36m237[0m - [34m[1m[cache] Loaded OHLCV[1d] for CAI from CAI.json (2573 rows)[0m
[32m2026-09-10 10:21:07.845[0m | [34m[1mDEBUG   [0m | [36msrc.data.cache[0m:[36mload_ohlcv[0m:[36m237[0m - [34m[1m[cache] Loaded OHLCV[1d] for GROW from GROW.json (5049 rows)[0m
[32m2026-09-10 10:21:07.868[0m | [34m[1mDEBUG   [0m | [36msrc.data.cache[0m:[36mload_ohlcv[0m:[36m237[0m - [34m[1m[cache] Loaded OHLCV[1d] for NXPI from NXPI.json (4047 rows)[0m
[32m2026-09-10 10:21:07.879[0m | [34m[1mDEBUG   [0m | [36msrc.data.cache[0m:[36mload_ohlcv[0m:[36m237[0m - [34m[1m[cache] Loaded OHLCV[1d] for BNBX from BNBX.json (232 rows)[0m
[32m2026-09-10 10:21:07.895[0m | [34m[1mDEBUG   [0m | [36msrc.data.cache[0m:[36mload_ohlcv[0m:[36m237[0m - [34m[1m[cache] Loaded OHLCV[1d] for NPK from NPK.json (5049 rows)[0m
[32m2026-09-10 10:21:07.919[0m | [34m[1mDEBUG   [0m | [36msrc.data.cache[0m:[36mload_ohlcv[0m:[36m237[0m - [34m[1m[cache] Loaded OHLCV[1d] for SAH from SAH.json (5049 rows)[0m
[32m2026-09-10 10:21:07.942[0m | [34m[1mDEBUG   [0m | [36msrc.data.cache[0m:[36mload_ohlcv[0m:[36m237[0m - [34m[1m[cache] Loaded OHLCV[1d] for CHTR from CHTR.json (4687 rows)[0m
[32m2026-09-10 10:21:07.954[0m | [34m[1mDEBUG   [0m | [36msrc.data.cache[0m:[36mload_ohlcv[0m:[36m237[0m - [34m[1m[cache] Loaded OHLCV[1d] for PW-PA from PW-PA.json (26 rows)[0m
[32m2026-09-10 10:21:07.960[0m | [34m[1mDEBUG   [0m | [36msrc.data.cache[0m:[36mload_ohlcv[0m:[36m237[0m - [34m[1m[cache] Loaded OHLCV[1d] for JDCMF from JDCMF.json (664 rows)[0m
[32m2026-09-10 10:21:07.978[0m | [34m[1mDEBUG   [0m | [36msrc.data.cache[0m:[36mload_ohlcv[0m:[36m237[0m - [34m[1m[cache] Loaded OHLCV[1d] for GABC from GABC.json (5031 rows)[0m
[32m2026-09-10 10:21:07.990[0m | [34m[1mDEBUG   [0m | [36msrc.data.cache[0m:[36mload_ohlcv[0m:[36m237[0m - [34m[1m[cache] Loaded OHLCV[1d] for XNDU from XNDU.json (118 rows)[0m
[32m2026-09-10 10:21:07.998[0m | [34m[1mDEBUG   [0m | [36msrc.data.cache[0m:[36mload_ohlcv[0m:[36m237[0m - [34m[1m[cache] Loaded OHLCV[1d] for BLND from BLND.json (1439 rows)[0m
[32m2026-09-10 10:21:08.007[0m | [34m[1mDEBUG   [0m | [36msrc.data.cache[0m:[36mload_ohlcv[0m:[36m237[0m - [34m[1m[cache] Loaded OHLCV[1d] for SHC from SHC.json (1455 rows)[0m
[32m2026-09-10 10:21:08.016[0m | [34m[1mDEBUG   [0m | [36msrc.data.cache[0m:[36mload_ohlcv[0m:[36m237[0m - [34m[1m[cache] Loaded OHLCV[1d] for DNUT from DNUT.json (1282 rows)[0m
[32m2026-09-10 10:21:08.022[0m | [34m[1mDEBUG   [0m | [36msrc.data.cache[0m:[36mload_ohlcv[0m:[36m237[0m - [34m[1m[cache] Loaded OHLCV[1d] for GGLBP from GGLBP.json (12 rows)[0m
[32m2026-09-10 10:21:08.028[0m | [34m[1mDEBUG   [0m | [36msrc.data.cache[0m:[36mload_ohlcv[0m:[36m237[0m - [34m[1m[cache] Loaded OHLCV[1d] for YYGH from YYGH.json (592 rows)[0m
[32m2026-09-10 10:21:08.035[0m | [34m[1mDEBUG   [0m | [36msrc.data.cache[0m:[36mload_ohlcv[0m:[36m237[0m - [34m[1m[cache] Loaded OHLCV[1d] for PCTTW from PCTTW.json (1280 rows)[0m
[32m2026-09-10 10:21:08.055[0m | [34m[1mDEBUG   [0m | [36msrc.data.cache[0m:[36mload_ohlcv[0m:[36m237[0m - [34m[1m[cache] Loaded OHLCV[1d] for ATNI from ATNI.json (5049 rows)[0m
[32m2026-09-10 10:21:08.080[0m | [34m[1mDEBUG   [0m | [36msrc.data.cache[0m:[36mload_ohlcv[0m:[36m237[0m - [34m[1m[cache] Loaded OHLCV[1d] for UNH from UNH.json (5049 rows)[0m
[32m2026-09-10 10:21:08.093[0m | [34m[1mDEBUG   [0m | [36msrc.data.cache[0m:[36mload_ohlcv[0m:[36m237[0m - [34m[1m[cache] Loaded OHLCV[1d] for TEVJF from TEVJF.json (236 rows)[0m
[32m2026-09-10 10:21:08.110[0m | [34m[1mDEBUG   [0m | [36msrc.data.cache[0m:[36mload_ohlcv[0m:[36m237[0m - [34m[1m[cache] Loaded OHLCV[1d] for CCOI from CCOI.json (5049 rows)[0m
[32m2026-09-10 10:21:08.124[0m | [34m[1mDEBUG   [0m | [36msrc.data.cache[0m:[36mload_ohlcv[0m:[36m237[0m - [34m[1m[cache] Loaded OHLCV[1d] for PAYO from PAYO.json (1282 rows)[0m
[32m2026-09-10 10:21:08.135[0m | [34m[1mDEBUG   [0m | [36msrc.data.cache[0m:[36mload_ohlcv[0m:[36m237[0m - [34m[1m[cache] Loaded OHLCV[1d] for AEVA from AEVA.json (1379 rows)[0m
[32m2026-09-10 10:21:08.154[0m | [34m[1mDEBUG   [0m | [36msrc.data.cache[0m:[36mload_ohlcv[0m:[36m237[0m - [34m[1m[cache] Loaded OHLCV[1d] for TEX from TEX.json (5049 rows)[0m
[32m2026-09-10 10:21:08.172[0m | [34m[1mDEBUG   [0m | [36msrc.data.cache[0m:[36mload_ohlcv[0m:[36m237[0m - [34m[1m[cache] Loaded OHLCV[1d] for LLYVK from LLYVK.json (777 rows)[0m
[32m2026-09-10 10:21:08.192[0m | [34m[1mDEBUG   [0m | [36msrc.data.cache[0m:[36mload_ohlcv[0m:[36m237[0m - [34m[1m[cache] Loaded OHLCV[1d] for LBTYK from LBTYK.json (5049 rows)[0m
[32m2026-09-10 10:21:08.215[0m | [34m[1mDEBUG   [0m | [36msrc.data.cache[0m:[36mload_ohlcv[0m:[36m237[0m - [34m[1m[cache] Loaded OHLCV[1d] for CRMD from CRMD.json (4064 rows)[0m
[32m2026-09-10 10:21:08.225[0m | [34m[1mDEBUG   [0m | [36msrc.data.cache[0m:[36mload_ohlcv[0m:[36m237[0m - [34m[1m[cache] Loaded OHLCV[1d] for MRDN from MRDN.json (450 rows)[0m
[32m2026-09-10 10:21:08.244[0m | [34m[1mDEBUG   [0m | [36msrc.data.cache[0m:[36mload_ohlcv[0m:[36m237[0m - [34m[1m[cache] Loaded OHLCV[1d] for AMZN from AMZN.json (5049 rows)[0m
[32m2026-09-10 10:21:08.265[0m | [34m[1mDEBUG   [0m | [36msrc.data.cache[0m:[36mload_ohlcv[0m:[36m237[0m - [34m[1m[cache] Loaded OHLCV[1d] for NAD from NAD.json (5049 rows)[0m
[32m2026-09-10 10:21:08.334[0m | [34m[1mDEBUG   [0m | [36msrc.data.cache[0m:[36mload_ohlcv[0m:[36m237[0m - [34m[1m[cache] Loaded OHLCV[1d] for TSLA from TSLA.json (4074 rows)[0m
[32m2026-09-10 10:21:08.346[0m | [34m[1mDEBUG   [0m | [36msrc.data.cache[0m:[36mload_ohlcv[0m:[36m237[0m - [34m[1m[cache] Loaded OHLCV[1d] for BTDR from BTDR.json (854 rows)[0m
[32m2026-09-10 10:21:08.363[0m | [34m[1mDEBUG   [0m | [36msrc.data.cache[0m:[36mload_ohlcv[0m:[36m237[0m - [34m[1m[cache] Loaded OHLCV[1d] for UNP from UNP.json (5049 rows)[0m
[32m2026-09-10 10:21:08.386[0m | [34m[1mDEBUG   [0m | [36msrc.data.cache[0m:[36mload_ohlcv[0m:[36m237[0m - [34m[1m[cache] Loaded OHLCV[1d] for AER from AER.json (4979 rows)[0m
[32m2026-09-10 10:21:08.411[0m | [34m[1mDEBUG   [0m | [36msrc.data.cache[0m:[36mload_ohlcv[0m:[36m237[0m - [34m[1m[cache] Loaded OHLCV[1d] for MTZ from MTZ.json (5049 rows)[0m
[32m2026-09-10 10:21:08.434[0m | [34m[1mDEBUG   [0m | [36msrc.data.cache[0m:[36mload_ohlcv[0m:[36m237[0m - [34m[1m[cache] Loaded OHLCV[1d] for EMO from EMO.json (4656 rows)[0m
[32m2026-09-10 10:21:08.458[0m | [34m[1mDEBUG   [0m | [36msrc.data.cache[0m:[36mload_ohlcv[0m:[36m237[0m - [34m[1m[cache] Loaded OHLCV[1d] for LINC from LINC.json (5046 rows)[0m
[32m2026-09-10 10:21:08.477[0m | [34m[1mDEBUG   [0m | [36msrc.data.cache[0m:[36mload_ohlcv[0m:[36m237[0m - [34m[1m[cache] Loaded OHLCV[1d] for WW from WW.json (2677 rows)[0m
[32m2026-09-10 10:21:08.494[0m | [34m[1mDEBUG   [0m | [36msrc.data.cache[0m:[36mload_ohlcv[0m:[36m237[0m - [34m[1m[cache] Loaded OHLCV[1d] for SLMBP from SLMBP.json (3336 rows)[0m
[32m2026-09-10 10:21:08.518[0m | [34m[1mDEBUG   [0m | [36msrc.data.cache[0m:[36mload_ohlcv[0m:[36m237[0m - [34m[1m[cache] Loaded OHLCV[1d] for LCUT from LCUT.json (5049 rows)[0m
[32m2026-09-10 10:21:08.541[0m | [34m[1mDEBUG   [0m | [36msrc.data.cache[0m:[36mload_ohlcv[0m:[36m237[0m - [34m[1m[cache] Loaded OHLCV[1d] for KLIC from KLIC.json (5049 rows)[0m
[32m2026-09-10 10:21:08.558[0m | [34m[1mDEBUG   [0m | [36msrc.data.cache[0m:[36mload_ohlcv[0m:[36m237[0m - [34m[1m[cache] Loaded OHLCV[1d] for BHFAP from BHFAP.json (1875 rows)[0m
[32m2026-09-10 10:21:08.574[0m | [34m[1mDEBUG   [0m | [36msrc.data.cache[0m:[36mload_ohlcv[0m:[36m237[0m - [34m[1m[cache] Loaded OHLCV[1d] for AR from AR.json (3247 rows)[0m
[32m2026-09-10 10:21:08.595[0m | [34m[1mDEBUG   [0m | [36msrc.data.cache[0m:[36mload_ohlcv[0m:[36m237[0m - [34m[1m[cache] Loaded OHLCV[1d] for PFE from PFE.json (5049 rows)[0m
[32m2026-09-10 10:21:08.619[0m | [34m[1mDEBUG   [0m | [36msrc.data.cache[0m:[36mload_ohlcv[0m:[36m237[0m - [34m[1m[cache] Loaded OHLCV[1d] for WWD from WWD.json (3925 rows)[0m
[32m2026-09-10 10:21:08.640[0m | [34m[1mDEBUG   [0m | [36msrc.data.cache[0m:[36mload_ohlcv[0m:[36m237[0m - [34m[1m[cache] Loaded OHLCV[1d] for MELI from MELI.json (4800 rows)[0m
[32m2026-09-10 10:21:08.656[0m | [34m[1mDEBUG   [0m | [36msrc.data.cache[0m:[36mload_ohlcv[0m:[36m237[0m - [34m[1m[cache] Loaded OHLCV[1d] for FERG from FERG.json (1384 rows)[0m
[32m2026-09-10 10:21:08.666[0m | [34m[1mDEBUG   [0m | [36msrc.data.cache[0m:[36mload_ohlcv[0m:[36m237[0m - [34m[1m[cache] Loaded OHLCV[1d] for OLMA from OLMA.json (1456 rows)[0m
[32m2026-09-10 10:21:08.683[0m | [34m[1mDEBUG   [0m | [36msrc.data.cache[0m:[36mload_ohlcv[0m:[36m237[0m - [34m[1m[cache] Loaded OHLCV[1d] for POOL from POOL.json (5049 rows)[0m
[32m2026-09-10 10:21:08.696[0m | [34m[1mDEBUG   [0m | [36msrc.data.cache[0m:[36mload_ohlcv[0m:[36m237[0m - [34m[1m[cache] Loaded OHLCV[1d] for WLYB from WLYB.json (520 rows)[0m
[32m2026-09-10 10:21:08.711[0m | [34m[1mDEBUG   [0m | [36msrc.data.cache[0m:[36mload_ohlcv[0m:[36m237[0m - [34m[1m[cache] Loaded OHLCV[1d] for NCLH from NCLH.json (3430 rows)[0m
[32m2026-09-10 10:21:08.722[0m | [34m[1mDEBUG   [0m | [36msrc.data.cache[0m:[36mload_ohlcv[0m:[36m237[0m - [34m[1m[cache] Loaded OHLCV[1d] for CSHRW from CSHRW.json (81 rows)[0m
[32m2026-09-10 10:21:08.739[0m | [34m[1mDEBUG   [0m | [36msrc.data.cache[0m:[36mload_ohlcv[0m:[36m237[0m - [34m[1m[cache] Loaded OHLCV[1d] for MSFT from MSFT.json (5049 rows)[0m
[32m2026-09-10 10:21:08.751[0m | [34m[1mDEBUG   [0m | [36msrc.data.cache[0m:[36mload_ohlcv[0m:[36m237[0m - [34m[1m[cache] Loaded OHLCV[1d] for VSOGF from VSOGF.json (92 rows)[0m
[32m2026-09-10 10:21:08.764[0m | [34m[1mDEBUG   [0m | [36msrc.data.cache[0m:[36mload_ohlcv[0m:[36m237[0m - [34m[1m[cache] Loaded OHLCV[1d] for XNCR from XNCR.json (3210 rows)[0m
[32m2026-09-10 10:21:08.776[0m | [34m[1mDEBUG   [0m | [36msrc.data.cache[0m:[36mload_ohlcv[0m:[36m237[0m - [34m[1m[cache] Loaded OHLCV[1d] for CRVO from CRVO.json (768 rows)[0m
[32m2026-09-10 10:21:08.791[0m | [34m[1mDEBUG   [0m | [36msrc.data.cache[0m:[36mload_ohlcv[0m:[36m237[0m - [34m[1m[cache] Loaded OHLCV[1d] for NKE from NKE.json (5049 rows)[0m
[32m2026-09-10 10:21:08.803[0m | [34m[1mDEBUG   [0m | [36msrc.data.cache[0m:[36mload_ohlcv[0m:[36m237[0m - [34m[1m[cache] Loaded OHLCV[1d] for LIFX from LIFX.json (294 rows)[0m
[32m2026-09-10 10:21:08.810[0m | [34m[1mDEBUG   [0m | [36msrc.data.cache[0m:[36mload_ohlcv[0m:[36m237[0m - [34m[1m[cache] Loaded OHLCV[1d] for KD from KD.json (1215 rows)[0m
[32m2026-09-10 10:21:08.816[0m | [34m[1mDEBUG   [0m | [36msrc.data.cache[0m:[36mload_ohlcv[0m:[36m237[0m - [34m[1m[cache] Loaded OHLCV[1d] for DEVS from DEVS.json (405 rows)[0m
[32m2026-09-10 10:21:08.823[0m | [34m[1mDEBUG   [0m | [36msrc.data.cache[0m:[36mload_ohlcv[0m:[36m237[0m - [34m[1m[cache] Loaded OHLCV[1d] for RUBI from RUBI.json (1850 rows)[0m
[32m2026-09-10 10:21:08.831[0m | [34m[1mDEBUG   [0m | [36msrc.data.cache[0m:[36mload_ohlcv[0m:[36m237[0m - [34m[1m[cache] Loaded OHLCV[1d] for BEIGF from BEIGF.json (107 rows)[0m
[32m2026-09-10 10:21:08.848[0m | [34m[1mDEBUG   [0m | [36msrc.data.cache[0m:[36mload_ohlcv[0m:[36m237[0m - [34m[1m[cache] Loaded OHLCV[1d] for VRTX from VRTX.json (5047 rows)[0m
[32m2026-09-10 10:21:08.864[0m | [34m[1mDEBUG   [0m | [36msrc.data.cache[0m:[36mload_ohlcv[0m:[36m237[0m - [34m[1m[cache] Loaded OHLCV[1d] for LITE from LITE.json (2791 rows)[0m
[32m2026-09-10 10:21:08.874[0m | [34m[1mDEBUG   [0m | [36msrc.data.cache[0m:[36mload_ohlcv[0m:[36m237[0m - [34m[1m[cache] Loaded OHLCV[1d] for MEGL from MEGL.json (1027 rows)[0m
[32m2026-09-10 10:21:08.887[0m | [34m[1mDEBUG   [0m | [36msrc.data.cache[0m:[36mload_ohlcv[0m:[36m237[0m - [34m[1m[cache] Loaded OHLCV[1d] for PGNY from PGNY.json (1726 rows)[0m
[32m2026-09-10 10:21:08.896[0m | [34m[1mDEBUG   [0m | [36msrc.data.cache[0m:[36mload_ohlcv[0m:[36m237[0m - [34m[1m[cache] Loaded OHLCV[1d] for VTS from VTS.json (1019 rows)[0m
[32m2026-09-10 10:21:08.913[0m | [34m[1mDEBUG   [0m | [36msrc.data.cache[0m:[36mload_ohlcv[0m:[36m237[0m - [34m[1m[cache] Loaded OHLCV[1d] for KBR from KBR.json (4982 rows)[0m
[32m2026-09-10 10:21:08.932[0m | [34m[1mDEBUG   [0m | [36msrc.data.cache[0m:[36mload_ohlcv[0m:[36m237[0m - [34m[1m[cache] Loaded OHLCV[1d] for V from V.json (4648 rows)[0m
[32m2026-09-10 10:21:08.944[0m | [34m[1mDEBUG   [0m | [36msrc.data.cache[0m:[36mload_ohlcv[0m:[36m237[0m - [34m[1m[cache] Loaded OHLCV[1d] for ANTA from ANTA.json (326 rows)[0m
[32m2026-09-10 10:21:08.960[0m | [34m[1mDEBUG   [0m | [36msrc.data.cache[0m:[36mload_ohlcv[0m:[36m237[0m - [34m[1m[cache] Loaded OHLCV[1d] for TGS from TGS.json (5045 rows)[0m
[32m2026-09-10 10:21:08.974[0m | [34m[1mDEBUG   [0m | [36msrc.data.cache[0m:[36mload_ohlcv[0m:[36m237[0m - [34m[1m[cache] Loaded OHLCV[1d] for PHGE from PHGE.json (1721 rows)[0m
[32m2026-09-10 10:21:08.990[0m | [34m[1mDEBUG   [0m | [36msrc.data.cache[0m:[36mload_ohlcv[0m:[36m237[0m - [34m[1m[cache] Loaded OHLCV[1d] for EXP from EXP.json (5049 rows)[0m
[32m2026-09-10 10:21:09.005[0m | [34m[1mDEBUG   [0m | [36msrc.data.cache[0m:[36mload_ohlcv[0m:[36m237[0m - [34m[1m[cache] Loaded OHLCV[1d] for ROKU from ROKU.json (2248 rows)[0m
[32m2026-09-10 10:21:09.015[0m | [34m[1mDEBUG   [0m | [36msrc.data.cache[0m:[36mload_ohlcv[0m:[36m237[0m - [34m[1m[cache] Loaded OHLCV[1d] for BGDE from BGDE.json (375 rows)[0m
[32m2026-09-10 10:21:09.023[0m | [34m[1mDEBUG   [0m | [36msrc.data.cache[0m:[36mload_ohlcv[0m:[36m237[0m - [34m[1m[cache] Loaded OHLCV[1d] for DRS from DRS.json (1499 rows)[0m
[32m2026-09-10 10:21:09.044[0m | [34m[1mDEBUG   [0m | [36msrc.data.cache[0m:[36mload_ohlcv[0m:[36m237[0m - [34m[1m[cache] Loaded OHLCV[1d] for LYV from LYV.json (5049 rows)[0m
[32m2026-09-10 10:21:09.060[0m | [34m[1mDEBUG   [0m | [36msrc.data.cache[0m:[36mload_ohlcv[0m:[36m237[0m - [34m[1m[cache] Loaded OHLCV[1d] for ABNB from ABNB.json (1442 rows)[0m
[32m2026-09-10 10:21:09.076[0m | [34m[1mDEBUG   [0m | [36msrc.data.cache[0m:[36mload_ohlcv[0m:[36m237[0m - [34m[1m[cache] Loaded OHLCV[1d] for SDRL from SDRL.json (3542 rows)[0m
[32m2026-09-10 10:21:09.096[0m | [34m[1mDEBUG   [0m | [36msrc.data.cache[0m:[36mload_ohlcv[0m:[36m237[0m - [34m[1m[cache] Loaded OHLCV[1d] for Z from Z.json (3824 rows)[0m
[32m2026-09-10 10:21:09.118[0m | [34m[1mDEBUG   [0m | [36msrc.data.cache[0m:[36mload_ohlcv[0m:[36m237[0m - [34m[1m[cache] Loaded OHLCV[1d] for PGR from PGR.json (5049 rows)[0m
[32m2026-09-10 10:21:09.133[0m | [34m[1mDEBUG   [0m | [36msrc.data.cache[0m:[36mload_ohlcv[0m:[36m237[0m - [34m[1m[cache] Loaded OHLCV[1d] for ALL-PJ from ALL-PJ.json (832 rows)[0m
[32m2026-09-10 10:21:09.148[0m | [34m[1mDEBUG   [0m | [36msrc.data.cache[0m:[36mload_ohlcv[0m:[36m237[0m - [34m[1m[cache] Loaded OHLCV[1d] for WTW from WTW.json (4362 rows)[0m
[32m2026-09-10 10:21:09.175[0m | [34m[1mDEBUG   [0m | [36msrc.data.cache[0m:[36mload_ohlcv[0m:[36m237[0m - [34m[1m[cache] Loaded OHLCV[1d] for GPOR from GPOR.json (4932 rows)[0m
[32m2026-09-10 10:21:09.190[0m | [34m[1mDEBUG   [0m | [36msrc.data.cache[0m:[36mload_ohlcv[0m:[36m237[0m - [34m[1m[cache] Loaded OHLCV[1d] for HOWL from HOWL.json (1346 rows)[0m
[32m2026-09-10 10:21:09.208[0m | [34m[1mDEBUG   [0m | [36msrc.data.cache[0m:[36mload_ohlcv[0m:[36m237[0m - [34m[1m[cache] Loaded OHLCV[1d] for TOL from TOL.json (5049 rows)[0m
[32m2026-09-10 10:21:09.219[0m | [34m[1mDEBUG   [0m | [36msrc.data.cache[0m:[36mload_ohlcv[0m:[36m237[0m - [34m[1m[cache] Loaded OHLCV[1d] for BXDIF from BXDIF.json (18 rows)[0m
[32m2026-09-10 10:21:09.223[0m | [34m[1mDEBUG   [0m | [36msrc.data.cache[0m:[36mload_ohlcv[0m:[36m237[0m - [34m[1m[cache] Loaded OHLCV[1d] for STUB from STUB.json (246 rows)[0m
[32m2026-09-10 10:21:09.232[0m | [34m[1mDEBUG   [0m | [36msrc.data.cache[0m:[36mload_ohlcv[0m:[36m237[0m - [34m[1m[cache] Loaded OHLCV[1d] for DOMO from DOMO.json (2059 rows)[0m
[32m2026-09-10 10:21:09.243[0m | [34m[1mDEBUG   [0m | [36msrc.data.cache[0m:[36mload_ohlcv[0m:[36m237[0m - [34m[1m[cache] Loaded OHLCV[1d] for BHR-PD from BHR-PD.json (1279 rows)[0m
[32m2026-09-10 10:21:09.253[0m | [34m[1mDEBUG   [0m | [36msrc.data.cache[0m:[36mload_ohlcv[0m:[36m237[0m - [34m[1m[cache] Loaded OHLCV[1d] for GDV-PK from GDV-PK.json (1237 rows)[0m
[32m2026-09-10 10:21:09.269[0m | [34m[1mDEBUG   [0m | [36msrc.data.cache[0m:[36mload_ohlcv[0m:[36m237[0m - [34m[1m[cache] Loaded OHLCV[1d] for LULU from LULU.json (4809 rows)[0m
[32m2026-09-10 10:21:09.296[0m | [34m[1mDEBUG   [0m | [36msrc.data.cache[0m:[36mload_ohlcv[0m:[36m237[0m - [34m[1m[cache] Loaded OHLCV[1d] for TFX from TFX.json (5049 rows)[0m
[32m2026-09-10 10:21:09.322[0m | [34m[1mDEBUG   [0m | [36msrc.data.cache[0m:[36mload_ohlcv[0m:[36m237[0m - [34m[1m[cache] Loaded OHLCV[1d] for CBT from CBT.json (5049 rows)[0m
[32m2026-09-10 10:21:09.341[0m | [34m[1mDEBUG   [0m | [36msrc.data.cache[0m:[36mload_ohlcv[0m:[36m237[0m - [34m[1m[cache] Loaded OHLCV[1d] for ZIP from ZIP.json (1809 rows)[0m
[32m2026-09-10 10:21:09.358[0m | [34m[1mDEBUG   [0m | [36msrc.data.cache[0m:[36mload_ohlcv[0m:[36m237[0m - [34m[1m[cache] Loaded OHLCV[1d] for RH from RH.json (3482 rows)[0m
[32m2026-09-10 10:21:09.380[0m | [34m[1mDEBUG   [0m | [36msrc.data.cache[0m:[36mload_ohlcv[0m:[36m237[0m - [34m[1m[cache] Loaded OHLCV[1d] for SPY from SPY.json (5049 rows)[0m
[32m2026-09-10 10:21:09.401[0m | [34m[1mDEBUG   [0m | [36msrc.data.cache[0m:[36mload_ohlcv[0m:[36m237[0m - [34m[1m[cache] Loaded OHLCV[1d] for JHG from JHG.json (2284 rows)[0m
[32m2026-09-10 10:21:09.418[0m | [34m[1mDEBUG   [0m | [36msrc.data.cache[0m:[36mload_ohlcv[0m:[36m237[0m - [34m[1m[cache] Loaded OHLCV[1d] for HLT from HLT.json (3505 rows)[0m
[32m2026-09-10 10:21:09.428[0m | [34m[1mDEBUG   [0m | [36msrc.data.cache[0m:[36mload_ohlcv[0m:[36m237[0m - [34m[1m[cache] Loaded OHLCV[1d] for LILKV from LILKV.json (12 rows)[0m
[32m2026-09-10 10:21:09.445[0m | [34m[1mDEBUG   [0m | [36msrc.data.cache[0m:[36mload_ohlcv[0m:[36m237[0m - [34m[1m[cache] Loaded OHLCV[1d] for SATS from SATS.json (4647 rows)[0m
[32m2026-09-10 10:21:09.465[0m | [34m[1mDEBUG   [0m | [36msrc.data.cache[0m:[36mload_ohlcv[0m:[36m237[0m - [34m[1m[cache] Loaded OHLCV[1d] for KNOP from KNOP.json (3375 rows)[0m
[32m2026-09-10 10:21:09.481[0m | [34m[1mDEBUG   [0m | [36msrc.data.cache[0m:[36mload_ohlcv[0m:[36m237[0m - [34m[1m[cache] Loaded OHLCV[1d] for FTV from FTV.json (2560 rows)[0m
[32m2026-09-10 10:21:09.546[0m | [34m[1mDEBUG   [0m | [36msrc.data.cache[0m:[36mload_ohlcv[0m:[36m237[0m - [34m[1m[cache] Loaded OHLCV[1d] for QSR from QSR.json (2950 rows)[0m
[32m2026-09-10 10:21:09.557[0m | [34m[1mDEBUG   [0m | [36msrc.data.cache[0m:[36mload_ohlcv[0m:[36m237[0m - [34m[1m[cache] Loaded OHLCV[1d] for CRCL from CRCL.json (317 rows)[0m
[32m2026-09-10 10:21:09.562[0m | [34m[1mDEBUG   [0m | [36msrc.data.cache[0m:[36mload_ohlcv[0m:[36m237[0m - [34m[1m[cache] Loaded OHLCV[1d] for BRKRP from BRKRP.json (232 rows)[0m
[32m2026-09-10 10:21:09.574[0m | [34m[1mDEBUG   [0m | [36msrc.data.cache[0m:[36mload_ohlcv[0m:[36m237[0m - [34m[1m[cache] Loaded OHLCV[1d] for VCEL from VCEL.json (2963 rows)[0m
[32m2026-09-10 10:21:09.589[0m | [34m[1mDEBUG   [0m | [36msrc.data.cache[0m:[36mload_ohlcv[0m:[36m237[0m - [34m[1m[cache] Loaded OHLCV[1d] for RVI from RVI.json (2283 rows)[0m
[32m2026-09-10 10:21:09.614[0m | [34m[1mDEBUG   [0m | [36msrc.data.cache[0m:[36mload_ohlcv[0m:[36m237[0m - [34m[1m[cache] Loaded OHLCV[1d] for SMCI from SMCI.json (4544 rows)[0m
[32m2026-09-10 10:21:09.641[0m | [34m[1mDEBUG   [0m | [36msrc.data.cache[0m:[36mload_ohlcv[0m:[36m237[0m - [34m[1m[cache] Loaded OHLCV[1d] for JACK from JACK.json (4460 rows)[0m
[32m2026-09-10 10:21:09.660[0m | [34m[1mDEBUG   [0m | [36msrc.data.cache[0m:[36mload_ohlcv[0m:[36m237[0m - [34m[1m[cache] Loaded OHLCV[1d] for SPOT from SPOT.json (2121 rows)[0m
[32m2026-09-10 10:21:09.671[0m | [34m[1mDEBUG   [0m | [36msrc.data.cache[0m:[36mload_ohlcv[0m:[36m237[0m - [34m[1m[cache] Loaded OHLCV[1d] for ET-PI from ET-PI.json (712 rows)[0m
[32m2026-09-10 10:21:09.693[0m | [34m[1mDEBUG   [0m | [36msrc.data.cache[0m:[36mload_ohlcv[0m:[36m237[0m - [34m[1m[cache] Loaded OHLCV[1d] for MA from MA.json (5049 rows)[0m
[32m2026-09-10 10:21:09.724[0m | [34m[1mDEBUG   [0m | [36msrc.data.cache[0m:[36mload_ohlcv[0m:[36m237[0m - [34m[1m[cache] Loaded OHLCV[1d] for CMTL from CMTL.json (5049 rows)[0m
[32m2026-09-10 10:21:09.755[0m | [34m[1mDEBUG   [0m | [36msrc.data.cache[0m:[36mload_ohlcv[0m:[36m237[0m - [34m[1m[cache] Loaded OHLCV[1d] for CSX from CSX.json (5049 rows)[0m
[32m2026-09-10 10:21:09.774[0m | [34m[1mDEBUG   [0m | [36msrc.data.cache[0m:[36mload_ohlcv[0m:[36m237[0m - [34m[1m[cache] Loaded OHLCV[1d] for CPNG from CPNG.json (1381 rows)[0m
[32m2026-09-10 10:21:09.798[0m | [34m[1mDEBUG   [0m | [36msrc.data.cache[0m:[36mload_ohlcv[0m:[36m237[0m - [34m[1m[cache] Loaded OHLCV[1d] for TDG from TDG.json (5049 rows)[0m
[32m2026-09-10 10:21:09.823[0m | [34m[1mDEBUG   [0m | [36msrc.data.cache[0m:[36mload_ohlcv[0m:[36m237[0m - [34m[1m[cache] Loaded OHLCV[1d] for XENE from XENE.json (2977 rows)[0m
[32m2026-09-10 10:21:09.839[0m | [34m[1mDEBUG   [0m | [36msrc.data.cache[0m:[36mload_ohlcv[0m:[36m237[0m - [34m[1m[cache] Loaded OHLCV[1d] for LIVN from LIVN.json (2738 rows)[0m
[32m2026-09-10 10:21:09.858[0m | [34m[1mDEBUG   [0m | [36msrc.data.cache[0m:[36mload_ohlcv[0m:[36m237[0m - [34m[1m[cache] Loaded OHLCV[1d] for KHC from KHC.json (2812 rows)[0m
[32m2026-09-10 10:21:09.873[0m | [34m[1mDEBUG   [0m | [36msrc.data.cache[0m:[36mload_ohlcv[0m:[36m237[0m - [34m[1m[cache] Loaded OHLCV[1d] for STMEF from STMEF.json (958 rows)[0m
[32m2026-09-10 10:21:09.897[0m | [34m[1mDEBUG   [0m | [36msrc.data.cache[0m:[36mload_ohlcv[0m:[36m237[0m - [34m[1m[cache] Loaded OHLCV[1d] for TMO from TMO.json (5049 rows)[0m
[32m2026-09-10 10:21:09.918[0m | [34m[1mDEBUG   [0m | [36msrc.data.cache[0m:[36mload_ohlcv[0m:[36m237[0m - [34m[1m[cache] Loaded OHLCV[1d] for REZI from REZI.json (1975 rows)[0m
[32m2026-09-10 10:21:09.930[0m | [34m[1mDEBUG   [0m | [36msrc.data.cache[0m:[36mload_ohlcv[0m:[36m237[0m - [34m[1m[cache] Loaded OHLCV[1d] for ISMCF from ISMCF.json (513 rows)[0m
[32m2026-09-10 10:21:09.937[0m | [34m[1mDEBUG   [0m | [36msrc.data.cache[0m:[36mload_ohlcv[0m:[36m237[0m - [34m[1m[cache] Loaded OHLCV[1d] for WHR-PA from WHR-PA.json (130 rows)[0m
[32m2026-09-10 10:21:09.949[0m | [34m[1mDEBUG   [0m | [36msrc.data.cache[0m:[36mload_ohlcv[0m:[36m237[0m - [34m[1m[cache] Loaded OHLCV[1d] for FNKO from FNKO.json (2223 rows)[0m
[32m2026-09-10 10:21:09.974[0m | [34m[1mDEBUG   [0m | [36msrc.data.cache[0m:[36mload_ohlcv[0m:[36m237[0m - [34m[1m[cache] Loaded OHLCV[1d] for GPK from GPK.json (5049 rows)[0m
[32m2026-09-10 10:21:09.998[0m | [34m[1mDEBUG   [0m | [36msrc.data.cache[0m:[36mload_ohlcv[0m:[36m237[0m - [34m[1m[cache] Loaded OHLCV[1d] for NYT from NYT.json (5049 rows)[0m
[32m2026-09-10 10:21:10.026[0m | [34m[1mDEBUG   [0m | [36msrc.data.cache[0m:[36mload_ohlcv[0m:[36m237[0m - [34m[1m[cache] Loaded OHLCV[1d] for PM from PM.json (4641 rows)[0m
[32m2026-09-10 10:21:10.052[0m | [34m[1mDEBUG   [0m | [36msrc.data.cache[0m:[36mload_ohlcv[0m:[36m237[0m - [34m[1m[cache] Loaded OHLCV[1d] for VCYT from VCYT.json (3233 rows)[0m
[32m2026-09-10 10:21:10.067[0m | [34m[1mDEBUG   [0m | [36msrc.data.cache[0m:[36mload_ohlcv[0m:[36m237[0m - [34m[1m[cache] Loaded OHLCV[1d] for NRDY from NRDY.json (1247 rows)[0m
[32m2026-09-10 10:21:10.093[0m | [34m[1mDEBUG   [0m | [36msrc.data.cache[0m:[36mload_ohlcv[0m:[36m237[0m - [34m[1m[cache] Loaded OHLCV[1d] for RRC from RRC.json (5049 rows)[0m
[32m2026-09-10 10:21:10.121[0m | [34m[1mDEBUG   [0m | [36msrc.data.cache[0m:[36mload_ohlcv[0m:[36m237[0m - [34m[1m[cache] Loaded OHLCV[1d] for CMG from CMG.json (5049 rows)[0m
[32m2026-09-10 10:21:10.144[0m | [34m[1mDEBUG   [0m | [36msrc.data.cache[0m:[36mload_ohlcv[0m:[36m237[0m - [34m[1m[cache] Loaded OHLCV[1d] for JBLU from JBLU.json (5049 rows)[0m
[32m2026-09-10 10:21:10.166[0m | [34m[1mDEBUG   [0m | [36msrc.data.cache[0m:[36mload_ohlcv[0m:[36m237[0m - [34m[1m[cache] Loaded OHLCV[1d] for FCX from FCX.json (5049 rows)[0m
[32m2026-09-10 10:21:10.185[0m | [34m[1mDEBUG   [0m | [36msrc.data.cache[0m:[36mload_ohlcv[0m:[36m237[0m - [34m[1m[cache] Loaded OHLCV[1d] for DASH from DASH.json (1443 rows)[0m
[32m2026-09-10 10:21:10.203[0m | [34m[1mDEBUG   [0m | [36msrc.data.cache[0m:[36mload_ohlcv[0m:[36m237[0m - [34m[1m[cache] Loaded OHLCV[1d] for CLS from CLS.json (5049 rows)[0m
[32m2026-09-10 10:21:10.216[0m | [34m[1mDEBUG   [0m | [36msrc.data.cache[0m:[36mload_ohlcv[0m:[36m237[0m - [34m[1m[cache] Loaded OHLCV[1d] for MBAVW from MBAVW.json (363 rows)[0m
[32m2026-09-10 10:21:10.224[0m | [34m[1mDEBUG   [0m | [36msrc.data.cache[0m:[36mload_ohlcv[0m:[36m237[0m - [34m[1m[cache] Loaded OHLCV[1d] for RXT from RXT.json (1531 rows)[0m
[32m2026-09-10 10:21:10.234[0m | [34m[1mDEBUG   [0m | [36msrc.data.cache[0m:[36mload_ohlcv[0m:[36m237[0m - [34m[1m[cache] Loaded OHLCV[1d] for NQ=F from NQ=F.json (1288 rows)[0m
[32m2026-09-10 10:21:10.244[0m | [34m[1mDEBUG   [0m | [36msrc.data.cache[0m:[36mload_ohlcv[0m:[36m237[0m - [34m[1m[cache] Loaded OHLCV[1d] for YM=F from YM=F.json (1285 rows)[0m
[32m2026-09-10 10:21:10.254[0m | [34m[1mDEBUG   [0m | [36msrc.data.cache[0m:[36mload_ohlcv[0m:[36m237[0m - [34m[1m[cache] Loaded OHLCV[1d] for ES=F from ES=F.json (1287 rows)[0m
[32m2026-09-10 10:21:10.267[0m | [34m[1mDEBUG   [0m | [36msrc.data.cache[0m:[36mload_ohlcv[0m:[36m237[0m - [34m[1m[cache] Loaded OHLCV[1d] for DRAM from DRAM.json (2817 rows)[0m
[32m2026-09-10 10:21:10.276[0m | [34m[1mDEBUG   [0m | [36msrc.data.cache[0m:[36mload_ohlcv[0m:[36m237[0m - [34m[1m[cache] Loaded OHLCV[1d] for PENG from PENG.json (476 rows)[0m
[32m2026-09-10 10:21:10.288[0m | [34m[1mDEBUG   [0m | [36msrc.data.cache[0m:[36mload_ohlcv[0m:[36m237[0m - [34m[1m[cache] Loaded OHLCV[1d] for MARA from MARA.json (3048 rows)[0m
[32m2026-09-10 10:21:10.305[0m | [34m[1mDEBUG   [0m | [36msrc.data.cache[0m:[36mload_ohlcv[0m:[36m237[0m - [34m[1m[cache] Loaded OHLCV[1d] for BB from BB.json (2236 rows)[0m
[32m2026-09-10 10:21:10.317[0m | [34m[1mDEBUG   [0m | [36msrc.data.cache[0m:[36mload_ohlcv[0m:[36m237[0m - [34m[1m[cache] Loaded OHLCV[1d] for RBLX from RBLX.json (1382 rows)[0m
[32m2026-09-10 10:21:10.336[0m | [34m[1mDEBUG   [0m | [36msrc.data.cache[0m:[36mload_ohlcv[0m:[36m237[0m - [34m[1m[cache] Loaded OHLCV[1d] for NVO from NVO.json (5049 rows)[0m
[32m2026-09-10 10:21:10.360[0m | [34m[1mDEBUG   [0m | [36msrc.data.cache[0m:[36mload_ohlcv[0m:[36m237[0m - [34m[1m[cache] Loaded OHLCV[1d] for ORCL from ORCL.json (5049 rows)[0m
[32m2026-09-10 10:21:10.382[0m | [34m[1mDEBUG   [0m | [36msrc.data.cache[0m:[36mload_ohlcv[0m:[36m237[0m - [34m[1m[cache] Loaded OHLCV[1d] for WDC from WDC.json (5049 rows)[0m
[32m2026-09-10 10:21:10.409[0m | [34m[1mDEBUG   [0m | [36msrc.data.cache[0m:[36mload_ohlcv[0m:[36m237[0m - [34m[1m[cache] Loaded OHLCV[1d] for AXTI from AXTI.json (5049 rows)[0m
[32m2026-09-10 10:21:10.434[0m | [34m[1mDEBUG   [0m | [36msrc.data.cache[0m:[36mload_ohlcv[0m:[36m237[0m - [34m[1m[cache] Loaded OHLCV[1d] for FLEX from FLEX.json (5049 rows)[0m
[32m2026-09-10 10:21:10.451[0m | [34m[1mDEBUG   [0m | [36msrc.data.cache[0m:[36mload_ohlcv[0m:[36m237[0m - [34m[1m[cache] Loaded OHLCV[1d] for TNGX from TNGX.json (1275 rows)[0m
[32m2026-09-10 10:21:10.469[0m | [34m[1mDEBUG   [0m | [36msrc.data.cache[0m:[36mload_ohlcv[0m:[36m237[0m - [34m[1m[cache] Loaded OHLCV[1d] for AVAV from AVAV.json (4939 rows)[0m
[32m2026-09-10 10:21:10.493[0m | [34m[1mDEBUG   [0m | [36msrc.data.cache[0m:[36mload_ohlcv[0m:[36m237[0m - [34m[1m[cache] Loaded OHLCV[1d] for NOK from NOK.json (5049 rows)[0m
[32m2026-09-10 10:21:10.509[0m | [34m[1mDEBUG   [0m | [36msrc.data.cache[0m:[36mload_ohlcv[0m:[36m237[0m - [34m[1m[cache] Loaded OHLCV[1d] for ^IXIC from ^IXIC.json (1279 rows)[0m
[32m2026-09-10 10:21:10.522[0m | [34m[1mDEBUG   [0m | [36msrc.data.cache[0m:[36mload_ohlcv[0m:[36m237[0m - [34m[1m[cache] Loaded OHLCV[1d] for P from P.json (2053 rows)[0m
[32m2026-09-10 10:21:10.535[0m | [34m[1mDEBUG   [0m | [36msrc.data.cache[0m:[36mload_ohlcv[0m:[36m237[0m - [34m[1m[cache] Loaded OHLCV[1d] for GH from GH.json (1991 rows)[0m
[32m2026-09-10 10:21:10.546[0m | [34m[1mDEBUG   [0m | [36msrc.data.cache[0m:[36mload_ohlcv[0m:[36m237[0m - [34m[1m[cache] Loaded OHLCV[1d] for FRHC from FRHC.json (1734 rows)[0m
[32m2026-09-10 10:21:10.566[0m | [34m[1mDEBUG   [0m | [36msrc.data.cache[0m:[36mload_ohlcv[0m:[36m237[0m - [34m[1m[cache] Loaded OHLCV[1d] for VSAT from VSAT.json (5049 rows)[0m
[32m2026-09-10 10:21:10.590[0m | [34m[1mDEBUG   [0m | [36msrc.data.cache[0m:[36mload_ohlcv[0m:[36m237[0m - [34m[1m[cache] Loaded OHLCV[1d] for IDCC from IDCC.json (5029 rows)[0m
[32m2026-09-10 10:21:10.610[0m | [34m[1mDEBUG   [0m | [36msrc.data.cache[0m:[36mload_ohlcv[0m:[36m237[0m - [34m[1m[cache] Loaded OHLCV[1d] for BBIO from BBIO.json (1810 rows)[0m
[32m2026-09-10 10:21:10.628[0m | [34m[1mDEBUG   [0m | [36msrc.data.cache[0m:[36mload_ohlcv[0m:[36m237[0m - [34m[1m[cache] Loaded OHLCV[1d] for GWRE from GWRE.json (3677 rows)[0m
[32m2026-09-10 10:21:10.644[0m | [34m[1mDEBUG   [0m | [36msrc.data.cache[0m:[36mload_ohlcv[0m:[36m237[0m - [34m[1m[cache] Loaded OHLCV[1d] for OUST from OUST.json (1380 rows)[0m
[32m2026-09-10 10:21:10.660[0m | [34m[1mDEBUG   [0m | [36msrc.data.cache[0m:[36mload_ohlcv[0m:[36m237[0m - [34m[1m[cache] Loaded OHLCV[1d] for ICHR from ICHR.json (2449 rows)[0m
[32m2026-09-10 10:21:10.674[0m | [34m[1mDEBUG   [0m | [36msrc.data.cache[0m:[36mload_ohlcv[0m:[36m237[0m - [34m[1m[cache] Loaded OHLCV[1d] for TVTX from TVTX.json (1456 rows)[0m
[32m2026-09-10 10:21:10.686[0m | [34m[1mDEBUG   [0m | [36msrc.data.cache[0m:[36mload_ohlcv[0m:[36m237[0m - [34m[1m[cache] Loaded OHLCV[1d] for ASAN from ASAN.json (1492 rows)[0m
[32m2026-09-10 10:21:10.696[0m | [34m[1mDEBUG   [0m | [36msrc.data.cache[0m:[36mload_ohlcv[0m:[36m237[0m - [34m[1m[cache] Loaded OHLCV[1d] for FLNC from FLNC.json (1220 rows)[0m
[32m2026-09-10 10:21:10.710[0m | [34m[1mDEBUG   [0m | [36msrc.data.cache[0m:[36mload_ohlcv[0m:[36m237[0m - [34m[1m[cache] Loaded OHLCV[1d] for ABBV from ABBV.json (3442 rows)[0m
[32m2026-09-10 10:21:10.731[0m | [34m[1mDEBUG   [0m | [36msrc.data.cache[0m:[36mload_ohlcv[0m:[36m237[0m - [34m[1m[cache] Loaded OHLCV[1d] for GOOG from GOOG.json (5049 rows)[0m
[32m2026-09-10 10:21:10.742[0m | [34m[1mDEBUG   [0m | [36msrc.data.cache[0m:[36mload_ohlcv[0m:[36m237[0m - [34m[1m[cache] Loaded OHLCV[1d] for INFQ from INFQ.json (142 rows)[0m
[32m2026-09-10 10:21:10.749[0m | [34m[1mDEBUG   [0m | [36msrc.data.cache[0m:[36mload_ohlcv[0m:[36m237[0m - [34m[1m[cache] Loaded OHLCV[1d] for IONQ from IONQ.json (1239 rows)[0m
[32m2026-09-10 10:21:10.761[0m | [34m[1mDEBUG   [0m | [36msrc.data.cache[0m:[36mload_ohlcv[0m:[36m237[0m - [34m[1m[cache] Loaded OHLCV[1d] for GOOGL from GOOGL.json (3127 rows)[0m
[32m2026-09-10 10:21:10.773[0m | [34m[1mDEBUG   [0m | [36msrc.data.cache[0m:[36mload_ohlcv[0m:[36m237[0m - [34m[1m[cache] Loaded OHLCV[1d] for RGTI from RGTI.json (1135 rows)[0m
[32m2026-09-10 10:21:10.781[0m | [34m[1mDEBUG   [0m | [36msrc.data.cache[0m:[36mload_ohlcv[0m:[36m237[0m - [34m[1m[cache] Loaded OHLCV[1d] for QBTS from QBTS.json (1026 rows)[0m
[32m2026-09-10 10:21:10.788[0m | [34m[1mDEBUG   [0m | [36msrc.data.cache[0m:[36mload_ohlcv[0m:[36m237[0m - [34m[1m[cache] Loaded OHLCV[1d] for DFTX from DFTX.json (557 rows)[0m
[32m2026-09-10 10:21:10.796[0m | [34m[1mDEBUG   [0m | [36msrc.data.cache[0m:[36mload_ohlcv[0m:[36m237[0m - [34m[1m[cache] Loaded OHLCV[1d] for QUBT from QUBT.json (1282 rows)[0m
[32m2026-09-10 10:21:10.802[0m | [34m[1mDEBUG   [0m | [36msrc.data.cache[0m:[36mload_ohlcv[0m:[36m237[0m - [34m[1m[cache] Loaded OHLCV[1d] for NXTS from NXTS.json (135 rows)[0m
[32m2026-09-10 10:21:10.817[0m | [34m[1mDEBUG   [0m | [36msrc.data.cache[0m:[36mload_ohlcv[0m:[36m237[0m - [34m[1m[cache] Loaded OHLCV[1d] for PRIM from PRIM.json (4542 rows)[0m
[32m2026-09-10 10:21:10.830[0m | [34m[1mDEBUG   [0m | [36msrc.data.cache[0m:[36mload_ohlcv[0m:[36m237[0m - [34m[1m[cache] Loaded OHLCV[1d] for RKLB from RKLB.json (1265 rows)[0m
[32m2026-09-10 10:21:10.838[0m | [34m[1mDEBUG   [0m | [36msrc.data.cache[0m:[36mload_ohlcv[0m:[36m237[0m - [34m[1m[cache] Loaded OHLCV[1d] for SYRE from SYRE.json (697 rows)[0m
[32m2026-09-10 10:21:10.843[0m | [34m[1mDEBUG   [0m | [36msrc.data.cache[0m:[36mload_ohlcv[0m:[36m237[0m - [34m[1m[cache] Loaded OHLCV[1d] for APGE from APGE.json (788 rows)[0m
[32m2026-09-10 10:21:10.851[0m | [34m[1mDEBUG   [0m | [36msrc.data.cache[0m:[36mload_ohlcv[0m:[36m237[0m - [34m[1m[cache] Loaded OHLCV[1d] for MUU from MUU.json (479 rows)[0m
[32m2026-09-10 10:21:10.918[0m | [34m[1mDEBUG   [0m | [36msrc.data.cache[0m:[36mload_ohlcv[0m:[36m237[0m - [34m[1m[cache] Loaded OHLCV[1d] for SOXL from SOXL.json (4150 rows)[0m
[32m2026-09-10 10:21:10.937[0m | [34m[1mDEBUG   [0m | [36msrc.data.cache[0m:[36mload_ohlcv[0m:[36m237[0m - [34m[1m[cache] Loaded OHLCV[1d] for UMC from UMC.json (5049 rows)[0m
[32m2026-09-10 10:21:10.950[0m | [34m[1mDEBUG   [0m | [36msrc.data.cache[0m:[36mload_ohlcv[0m:[36m237[0m - [34m[1m[cache] Loaded OHLCV[1d] for CRDO from CRDO.json (1158 rows)[0m
[32m2026-09-10 10:21:10.965[0m | [34m[1mDEBUG   [0m | [36msrc.data.cache[0m:[36mload_ohlcv[0m:[36m237[0m - [34m[1m[cache] Loaded OHLCV[1d] for AMD from AMD.json (5049 rows)[0m
[32m2026-09-10 10:21:10.983[0m | [34m[1mDEBUG   [0m | [36msrc.data.cache[0m:[36mload_ohlcv[0m:[36m237[0m - [34m[1m[cache] Loaded OHLCV[1d] for TH from TH.json (1881 rows)[0m
[32m2026-09-10 10:21:10.997[0m | [34m[1mDEBUG   [0m | [36msrc.data.cache[0m:[36mload_ohlcv[0m:[36m237[0m - [34m[1m[cache] Loaded OHLCV[1d] for RIOT from RIOT.json (2233 rows)[0m
[32m2026-09-10 10:21:11.006[0m | [34m[1mDEBUG   [0m | [36msrc.data.cache[0m:[36mload_ohlcv[0m:[36m237[0m - [34m[1m[cache] Loaded OHLCV[1d] for FRVO from FRVO.json (84 rows)[0m
[32m2026-09-10 10:21:11.010[0m | [34m[1mDEBUG   [0m | [36msrc.data.cache[0m:[36mload_ohlcv[0m:[36m237[0m - [34m[1m[cache] Loaded OHLCV[1d] for CBRS from CBRS.json (81 rows)[0m
[32m2026-09-10 10:21:11.028[0m | [34m[1mDEBUG   [0m | [36msrc.data.cache[0m:[36mload_ohlcv[0m:[36m237[0m - [34m[1m[cache] Loaded OHLCV[1d] for DIS from DIS.json (5049 rows)[0m
[32m2026-09-10 10:21:11.060[0m | [34m[1mDEBUG   [0m | [36msrc.data.cache[0m:[36mload_ohlcv[0m:[36m237[0m - [34m[1m[cache] Loaded OHLCV[1d] for BRK.B from BRK.B.json (5049 rows)[0m
[32m2026-09-10 10:21:11.078[0m | [34m[1mDEBUG   [0m | [36msrc.data.cache[0m:[36mload_ohlcv[0m:[36m237[0m - [34m[1m[cache] Loaded OHLCV[1d] for CGON from CGON.json (658 rows)[0m
[32m2026-09-10 10:21:11.088[0m | [34m[1mDEBUG   [0m | [36msrc.data.cache[0m:[36mload_ohlcv[0m:[36m237[0m - [34m[1m[cache] Loaded OHLCV[1d] for CRWD from CRWD.json (1821 rows)[0m
[32m2026-09-10 10:21:11.098[0m | [34m[1mDEBUG   [0m | [36msrc.data.cache[0m:[36mload_ohlcv[0m:[36m237[0m - [34m[1m[cache] Loaded OHLCV[1d] for AAMI from AAMI.json (422 rows)[0m
[32m2026-09-10 10:21:11.112[0m | [34m[1mDEBUG   [0m | [36msrc.data.cache[0m:[36mload_ohlcv[0m:[36m237[0m - [34m[1m[cache] Loaded OHLCV[1d] for SHOP from SHOP.json (2842 rows)[0m
[32m2026-09-10 10:21:11.132[0m | [34m[1mDEBUG   [0m | [36msrc.data.cache[0m:[36mload_ohlcv[0m:[36m237[0m - [34m[1m[cache] Loaded OHLCV[1d] for IOT from IOT.json (2919 rows)[0m
[32m2026-09-10 10:21:11.149[0m | [34m[1mDEBUG   [0m | [36msrc.data.cache[0m:[36mload_ohlcv[0m:[36m237[0m - [34m[1m[cache] Loaded OHLCV[1d] for PLMR from PLMR.json (1859 rows)[0m
[32m2026-09-10 10:21:11.157[0m | [34m[1mDEBUG   [0m | [36msrc.data.cache[0m:[36mload_ohlcv[0m:[36m237[0m - [34m[1m[cache] Loaded OHLCV[1d] for PPLI from PPLI.json (67 rows)[0m
[32m2026-09-10 10:21:11.165[0m | [34m[1mDEBUG   [0m | [36msrc.data.cache[0m:[36mload_ohlcv[0m:[36m237[0m - [34m[1m[cache] Loaded OHLCV[1d] for NXT from NXT.json (1234 rows)[0m
[32m2026-09-10 10:21:11.183[0m | [34m[1mDEBUG   [0m | [36msrc.data.cache[0m:[36mload_ohlcv[0m:[36m237[0m - [34m[1m[cache] Loaded OHLCV[1d] for BKR from BKR.json (3535 rows)[0m
[32m2026-09-10 10:21:11.196[0m | [34m[1mDEBUG   [0m | [36msrc.data.cache[0m:[36mload_ohlcv[0m:[36m237[0m - [34m[1m[cache] Loaded OHLCV[1d] for GLXY from GLXY.json (330 rows)[0m
[32m2026-09-10 10:21:11.204[0m | [34m[1mDEBUG   [0m | [36msrc.data.cache[0m:[36mload_ohlcv[0m:[36m237[0m - [34m[1m[cache] Loaded OHLCV[1d] for STEP from STEP.json (1502 rows)[0m
[32m2026-09-10 10:21:11.217[0m | [34m[1mDEBUG   [0m | [36msrc.data.cache[0m:[36mload_ohlcv[0m:[36m237[0m - [34m[1m[cache] Loaded OHLCV[1d] for ANET from ANET.json (3214 rows)[0m
[32m2026-09-10 10:21:11.240[0m | [34m[1mDEBUG   [0m | [36msrc.data.cache[0m:[36mload_ohlcv[0m:[36m237[0m - [34m[1m[cache] Loaded OHLCV[1d] for AFL from AFL.json (5049 rows)[0m
[32m2026-09-10 10:21:11.262[0m | [34m[1mDEBUG   [0m | [36msrc.data.cache[0m:[36mload_ohlcv[0m:[36m237[0m - [34m[1m[cache] Loaded OHLCV[1d] for UTI from UTI.json (5049 rows)[0m
[32m2026-09-10 10:21:11.282[0m | [34m[1mDEBUG   [0m | [36msrc.data.cache[0m:[36mload_ohlcv[0m:[36m237[0m - [34m[1m[cache] Loaded OHLCV[1d] for RLAY from RLAY.json (1545 rows)[0m
[32m2026-09-10 10:21:11.305[0m | [34m[1mDEBUG   [0m | [36msrc.data.cache[0m:[36mload_ohlcv[0m:[36m237[0m - [34m[1m[cache] Loaded OHLCV[1d] for IPGP from IPGP.json (4964 rows)[0m
[32m2026-09-10 10:21:11.328[0m | [34m[1mDEBUG   [0m | [36msrc.data.cache[0m:[36mload_ohlcv[0m:[36m237[0m - [34m[1m[cache] Loaded OHLCV[1d] for BRC from BRC.json (5049 rows)[0m
[32m2026-09-10 10:21:11.349[0m | [34m[1mDEBUG   [0m | [36msrc.data.cache[0m:[36mload_ohlcv[0m:[36m237[0m - [34m[1m[cache] Loaded OHLCV[1d] for RCUS from RCUS.json (2133 rows)[0m
[32m2026-09-10 10:21:11.359[0m | [34m[1mDEBUG   [0m | [36msrc.data.cache[0m:[36mload_ohlcv[0m:[36m237[0m - [34m[1m[cache] Loaded OHLCV[1d] for RYTM from RYTM.json (2243 rows)[0m
[32m2026-09-10 10:21:11.376[0m | [34m[1mDEBUG   [0m | [36msrc.data.cache[0m:[36mload_ohlcv[0m:[36m237[0m - [34m[1m[cache] Loaded OHLCV[1d] for PFSI from PFSI.json (3354 rows)[0m
[32m2026-09-10 10:21:11.396[0m | [34m[1mDEBUG   [0m | [36msrc.data.cache[0m:[36mload_ohlcv[0m:[36m237[0m - [34m[1m[cache] Loaded OHLCV[1d] for STNG from STNG.json (4136 rows)[0m
[32m2026-09-10 10:21:11.411[0m | [34m[1mDEBUG   [0m | [36msrc.data.cache[0m:[36mload_ohlcv[0m:[36m237[0m - [34m[1m[cache] Loaded OHLCV[1d] for GRND from GRND.json (953 rows)[0m
[32m2026-09-10 10:21:11.431[0m | [34m[1mDEBUG   [0m | [36msrc.data.cache[0m:[36mload_ohlcv[0m:[36m237[0m - [34m[1m[cache] Loaded OHLCV[1d] for AAPL from AAPL.json (5049 rows)[0m
[32m2026-09-10 10:21:11.452[0m | [34m[1mDEBUG   [0m | [36msrc.data.cache[0m:[36mload_ohlcv[0m:[36m237[0m - [34m[1m[cache] Loaded OHLCV[1d] for CSCO from CSCO.json (5049 rows)[0m
[32m2026-09-10 10:21:11.479[0m | [34m[1mDEBUG   [0m | [36msrc.data.cache[0m:[36mload_ohlcv[0m:[36m237[0m - [34m[1m[cache] Loaded OHLCV[1d] for CAT from CAT.json (5049 rows)[0m
[32m2026-09-10 10:21:11.508[0m | [34m[1mDEBUG   [0m | [36msrc.data.cache[0m:[36mload_ohlcv[0m:[36m237[0m - [34m[1m[cache] Loaded OHLCV[1d] for GE from GE.json (5049 rows)[0m
[32m2026-09-10 10:21:11.525[0m | [34m[1mDEBUG   [0m | [36msrc.data.cache[0m:[36mload_ohlcv[0m:[36m237[0m - [34m[1m[cache] Loaded OHLCV[1d] for RTX from RTX.json (1890 rows)[0m
[32m2026-09-10 10:21:11.545[0m | [34m[1mDEBUG   [0m | [36msrc.data.cache[0m:[36mload_ohlcv[0m:[36m237[0m - [34m[1m[cache] Loaded OHLCV[1d] for BA from BA.json (5049 rows)[0m
[32m2026-09-10 10:21:11.568[0m | [34m[1mDEBUG   [0m | [36msrc.data.cache[0m:[36mload_ohlcv[0m:[36m237[0m - [34m[1m[cache] Loaded OHLCV[1d] for ETN from ETN.json (5049 rows)[0m
[32m2026-09-10 10:21:11.596[0m | [34m[1mDEBUG   [0m | [36msrc.data.cache[0m:[36mload_ohlcv[0m:[36m237[0m - [34m[1m[cache] Loaded OHLCV[1d] for HON from HON.json (5049 rows)[0m
[32m2026-09-10 10:21:11.618[0m | [34m[1mDEBUG   [0m | [36msrc.data.cache[0m:[36mload_ohlcv[0m:[36m237[0m - [34m[1m[cache] Loaded OHLCV[1d] for JPM from JPM.json (5049 rows)[0m
[32m2026-09-10 10:21:11.649[0m | [34m[1mDEBUG   [0m | [36msrc.data.cache[0m:[36mload_ohlcv[0m:[36m237[0m - [34m[1m[cache] Loaded OHLCV[1d] for BAC from BAC.json (5049 rows)[0m
[32m2026-09-10 10:21:11.676[0m | [34m[1mDEBUG   [0m | [36msrc.data.cache[0m:[36mload_ohlcv[0m:[36m237[0m - [34m[1m[cache] Loaded OHLCV[1d] for GS from GS.json (5049 rows)[0m
[32m2026-09-10 10:21:11.702[0m | [34m[1mDEBUG   [0m | [36msrc.data.cache[0m:[36mload_ohlcv[0m:[36m237[0m - [34m[1m[cache] Loaded OHLCV[1d] for SLB from SLB.json (5049 rows)[0m
[32m2026-09-10 10:21:11.723[0m | [34m[1mDEBUG   [0m | [36msrc.data.cache[0m:[36mload_ohlcv[0m:[36m237[0m - [34m[1m[cache] Loaded OHLCV[1d] for HD from HD.json (5049 rows)[0m
[32m2026-09-10 10:21:11.741[0m | [34m[1mDEBUG   [0m | [36msrc.data.cache[0m:[36mload_ohlcv[0m:[36m237[0m - [34m[1m[cache] Loaded OHLCV[1d] for SQQQ from SQQQ.json (4169 rows)[0m
[32m2026-09-10 10:21:11.761[0m | [34m[1mDEBUG   [0m | [36msrc.data.cache[0m:[36mload_ohlcv[0m:[36m237[0m - [34m[1m[cache] Loaded OHLCV[1d] for ^KS11 from ^KS11.json (1245 rows)[0m
[32m2026-09-10 10:21:11.775[0m | [34m[1mDEBUG   [0m | [36msrc.data.cache[0m:[36mload_ohlcv[0m:[36m237[0m - [34m[1m[cache] Loaded OHLCV[1d] for QQQ from QQQ.json (3889 rows)[0m
[32m2026-09-10 10:21:11.792[0m | [34m[1mDEBUG   [0m | [36msrc.data.cache[0m:[36mload_ohlcv[0m:[36m237[0m - [34m[1m[cache] Loaded OHLCV[1d] for KORU from KORU.json (3333 rows)[0m
[32m2026-09-10 10:21:11.817[0m | [34m[1mDEBUG   [0m | [36msrc.data.cache[0m:[36mload_ohlcv[0m:[36m237[0m - [34m[1m[cache] Loaded OHLCV[1d] for ABT from ABT.json (5049 rows)[0m
[32m2026-09-10 10:21:11.843[0m | [34m[1mDEBUG   [0m | [36msrc.data.cache[0m:[36mload_ohlcv[0m:[36m237[0m - [34m[1m[cache] Loaded OHLCV[1d] for TTD from TTD.json (2505 rows)[0m
[32m2026-09-10 10:21:11.857[0m | [34m[1mDEBUG   [0m | [36msrc.data.cache[0m:[36mload_ohlcv[0m:[36m237[0m - [34m[1m[cache] Loaded OHLCV[1d] for PRKS from PRKS.json (645 rows)[0m
[32m2026-09-10 10:21:11.879[0m | [34m[1mDEBUG   [0m | [36msrc.data.cache[0m:[36mload_ohlcv[0m:[36m237[0m - [34m[1m[cache] Loaded OHLCV[1d] for RY from RY.json (5049 rows)[0m
[32m2026-09-10 10:21:11.912[0m | [34m[1mDEBUG   [0m | [36msrc.data.cache[0m:[36mload_ohlcv[0m:[36m237[0m - [34m[1m[cache] Loaded OHLCV[1d] for TD from TD.json (5049 rows)[0m
[32m2026-09-10 10:21:11.943[0m | [34m[1mDEBUG   [0m | [36msrc.data.cache[0m:[36mload_ohlcv[0m:[36m237[0m - [34m[1m[cache] Loaded OHLCV[1d] for CM from CM.json (5049 rows)[0m
[32m2026-09-10 10:21:11.976[0m | [34m[1mDEBUG   [0m | [36msrc.data.cache[0m:[36mload_ohlcv[0m:[36m237[0m - [34m[1m[cache] Loaded OHLCV[1d] for MFC from MFC.json (5049 rows)[0m
[32m2026-09-10 10:21:11.995[0m | [34m[1mDEBUG   [0m | [36msrc.data.cache[0m:[36mload_ohlcv[0m:[36m237[0m - [34m[1m[cache] Loaded OHLCV[1d] for BN from BN.json (1040 rows)[0m
[32m2026-09-10 10:21:12.016[0m | [34m[1mDEBUG   [0m | [36msrc.data.cache[0m:[36mload_ohlcv[0m:[36m237[0m - [34m[1m[cache] Loaded OHLCV[1d] for JKHY from JKHY.json (5049 rows)[0m
[32m2026-09-10 10:21:12.045[0m | [34m[1mDEBUG   [0m | [36msrc.data.cache[0m:[36mload_ohlcv[0m:[36m237[0m - [34m[1m[cache] Loaded OHLCV[1d] for AEIS from AEIS.json (5049 rows)[0m
[32m2026-09-10 10:21:12.073[0m | [34m[1mDEBUG   [0m | [36msrc.data.cache[0m:[36mload_ohlcv[0m:[36m237[0m - [34m[1m[cache] Loaded OHLCV[1d] for PLXS from PLXS.json (5049 rows)[0m
[32m2026-09-10 10:21:12.093[0m | [34m[1mDEBUG   [0m | [36msrc.data.cache[0m:[36mload_ohlcv[0m:[36m237[0m - [34m[1m[cache] Loaded OHLCV[1d] for COIN from COIN.json (2428 rows)[0m
[32m2026-09-10 10:21:12.120[0m | [34m[1mDEBUG   [0m | [36msrc.data.cache[0m:[36mload_ohlcv[0m:[36m237[0m - [34m[1m[cache] Loaded OHLCV[1d] for SCHW from SCHW.json (5049 rows)[0m
[32m2026-09-10 10:21:12.152[0m | [34m[1mDEBUG   [0m | [36msrc.data.cache[0m:[36mload_ohlcv[0m:[36m237[0m - [34m[1m[cache] Loaded OHLCV[1d] for GME from GME.json (5049 rows)[0m
[32m2026-09-10 10:21:12.229[0m | [34m[1mDEBUG   [0m | [36msrc.data.cache[0m:[36mload_ohlcv[0m:[36m237[0m - [34m[1m[cache] Loaded OHLCV[1d] for IBKR from IBKR.json (4868 rows)[0m
[32m2026-09-10 10:21:12.248[0m | [34m[1mDEBUG   [0m | [36msrc.data.cache[0m:[36mload_ohlcv[0m:[36m237[0m - [34m[1m[cache] Loaded OHLCV[1d] for PYPL from PYPL.json (2802 rows)[0m
[32m2026-09-10 10:21:12.260[0m | [34m[1mDEBUG   [0m | [36msrc.data.cache[0m:[36mload_ohlcv[0m:[36m237[0m - [34m[1m[cache] Loaded OHLCV[1d] for NAVN from NAVN.json (215 rows)[0m
[32m2026-09-10 10:21:12.266[0m | [34m[1mDEBUG   [0m | [36msrc.data.cache[0m:[36mload_ohlcv[0m:[36m237[0m - [34m[1m[cache] Loaded OHLCV[1d] for GOOGN from GOOGN.json (68 rows)[0m
[32m2026-09-10 10:21:12.277[0m | [34m[1mDEBUG   [0m | [36msrc.data.cache[0m:[36mload_ohlcv[0m:[36m237[0m - [34m[1m[cache] Loaded OHLCV[1d] for GO from GO.json (1815 rows)[0m
[32m2026-09-10 10:21:12.291[0m | [34m[1mDEBUG   [0m | [36msrc.data.cache[0m:[36mload_ohlcv[0m:[36m237[0m - [34m[1m[cache] Loaded OHLCV[1d] for ZETA from ZETA.json (1282 rows)[0m
[32m2026-09-10 10:21:12.315[0m | [34m[1mDEBUG   [0m | [36msrc.data.cache[0m:[36mload_ohlcv[0m:[36m237[0m - [34m[1m[cache] Loaded OHLCV[1d] for LLY from LLY.json (5049 rows)[0m
[32m2026-09-10 10:21:12.346[0m | [34m[1mDEBUG   [0m | [36msrc.data.cache[0m:[36mload_ohlcv[0m:[36m237[0m - [34m[1m[cache] Loaded OHLCV[1d] for ADP from ADP.json (5049 rows)[0m
[32m2026-09-10 10:21:12.373[0m | [34m[1mDEBUG   [0m | [36msrc.data.cache[0m:[36mload_ohlcv[0m:[36m237[0m - [34m[1m[cache] Loaded OHLCV[1d] for PLD from PLD.json (5049 rows)[0m
[32m2026-09-10 10:21:12.396[0m | [34m[1mDEBUG   [0m | [36msrc.data.cache[0m:[36mload_ohlcv[0m:[36m237[0m - [34m[1m[cache] Loaded OHLCV[1d] for MPC from MPC.json (3819 rows)[0m
[32m2026-09-10 10:21:12.424[0m | [34m[1mDEBUG   [0m | [36msrc.data.cache[0m:[36mload_ohlcv[0m:[36m237[0m - [34m[1m[cache] Loaded OHLCV[1d] for MGM from MGM.json (5049 rows)[0m
[32m2026-09-10 10:21:12.442[0m | [34m[1mDEBUG   [0m | [36msrc.data.cache[0m:[36mload_ohlcv[0m:[36m237[0m - [34m[1m[cache] Loaded OHLCV[1d] for VKTX from VKTX.json (2858 rows)[0m
[32m2026-09-10 10:21:12.450[0m | [34m[1mDEBUG   [0m | [36msrc.data.cache[0m:[36mload_ohlcv[0m:[36m237[0m - [34m[1m[cache] Loaded OHLCV[1d] for QNT from QNT.json (67 rows)[0m
[32m2026-09-10 10:21:12.464[0m | [34m[1mDEBUG   [0m | [36msrc.data.cache[0m:[36mload_ohlcv[0m:[36m237[0m - [34m[1m[cache] Loaded OHLCV[1d] for VZ from VZ.json (5049 rows)[0m
[32m2026-09-10 10:21:12.495[0m | [34m[1mDEBUG   [0m | [36msrc.data.cache[0m:[36mload_ohlcv[0m:[36m237[0m - [34m[1m[cache] Loaded OHLCV[1d] for PAYX from PAYX.json (5049 rows)[0m
[32m2026-09-10 10:21:12.528[0m | [34m[1mDEBUG   [0m | [36msrc.data.cache[0m:[36mload_ohlcv[0m:[36m237[0m - [34m[1m[cache] Loaded OHLCV[1d] for FDX from FDX.json (5049 rows)[0m
[32m2026-09-10 10:21:12.539[0m | [34m[1mDEBUG   [0m | [36msrc.data.cache[0m:[36mload_ohlcv[0m:[36m237[0m - [34m[1m[cache] Loaded OHLCV[1d] for ABVX from ABVX.json (723 rows)[0m
[32m2026-09-10 10:21:12.549[0m | [34m[1mDEBUG   [0m | [36msrc.data.cache[0m:[36mload_ohlcv[0m:[36m237[0m - [34m[1m[cache] Loaded OHLCV[1d] for BKNG from BKNG.json (2145 rows)[0m
[32m2026-09-10 10:21:12.566[0m | [34m[1mDEBUG   [0m | [36msrc.data.cache[0m:[36mload_ohlcv[0m:[36m237[0m - [34m[1m[cache] Loaded OHLCV[1d] for DD from DD.json (4611 rows)[0m
[32m2026-09-10 10:21:12.581[0m | [34m[1mDEBUG   [0m | [36msrc.data.cache[0m:[36mload_ohlcv[0m:[36m237[0m - [34m[1m[cache] Loaded OHLCV[1d] for AFRM from AFRM.json (1420 rows)[0m
[32m2026-09-10 10:21:12.590[0m | [34m[1mDEBUG   [0m | [36msrc.data.cache[0m:[36mload_ohlcv[0m:[36m237[0m - [34m[1m[cache] Loaded OHLCV[1d] for SLDE from SLDE.json (308 rows)[0m
[32m2026-09-10 10:21:12.600[0m | [34m[1mDEBUG   [0m | [36msrc.data.cache[0m:[36mload_ohlcv[0m:[36m237[0m - [34m[1m[cache] Loaded OHLCV[1d] for ONDS from ONDS.json (1446 rows)[0m
[32m2026-09-10 10:21:12.620[0m | [34m[1mDEBUG   [0m | [36msrc.data.cache[0m:[36mload_ohlcv[0m:[36m237[0m - [34m[1m[cache] Loaded OHLCV[1d] for RKT from RKT.json (3766 rows)[0m
[32m2026-09-10 10:21:12.636[0m | [34m[1mDEBUG   [0m | [36msrc.data.cache[0m:[36mload_ohlcv[0m:[36m237[0m - [34m[1m[cache] Loaded OHLCV[1d] for IBIT from IBIT.json (816 rows)[0m
[32m2026-09-10 10:21:12.658[0m | [34m[1mDEBUG   [0m | [36msrc.data.cache[0m:[36mload_ohlcv[0m:[36m237[0m - [34m[1m[cache] Loaded OHLCV[1d] for GHM from GHM.json (5049 rows)[0m
[32m2026-09-10 10:21:12.684[0m | [34m[1mDEBUG   [0m | [36msrc.data.cache[0m:[36mload_ohlcv[0m:[36m237[0m - [34m[1m[cache] Loaded OHLCV[1d] for CCK from CCK.json (5049 rows)[0m
[32m2026-09-10 10:21:12.699[0m | [34m[1mDEBUG   [0m | [36msrc.data.cache[0m:[36mload_ohlcv[0m:[36m237[0m - [34m[1m[cache] Loaded OHLCV[1d] for HLIO from HLIO.json (1818 rows)[0m
[32m2026-09-10 10:21:12.717[0m | [34m[1mDEBUG   [0m | [36msrc.data.cache[0m:[36mload_ohlcv[0m:[36m237[0m - [34m[1m[cache] Loaded OHLCV[1d] for NTAP from NTAP.json (5049 rows)[0m
[32m2026-09-10 10:21:12.741[0m | [34m[1mDEBUG   [0m | [36msrc.data.cache[0m:[36mload_ohlcv[0m:[36m237[0m - [34m[1m[cache] Loaded OHLCV[1d] for SCI from SCI.json (5049 rows)[0m
[32m2026-09-10 10:21:12.761[0m | [34m[1mDEBUG   [0m | [36msrc.data.cache[0m:[36mload_ohlcv[0m:[36m237[0m - [34m[1m[cache] Loaded OHLCV[1d] for FHI from FHI.json (2953 rows)[0m
[32m2026-09-10 10:21:12.773[0m | [34m[1mDEBUG   [0m | [36msrc.data.cache[0m:[36mload_ohlcv[0m:[36m237[0m - [34m[1m[cache] Loaded OHLCV[1d] for ABSI from ABSI.json (1282 rows)[0m
[32m2026-09-10 10:21:12.795[0m | [34m[1mDEBUG   [0m | [36msrc.data.cache[0m:[36mload_ohlcv[0m:[36m237[0m - [34m[1m[cache] Loaded OHLCV[1d] for TGT from TGT.json (5049 rows)[0m
[32m2026-09-10 10:21:12.809[0m | [34m[1mDEBUG   [0m | [36msrc.data.cache[0m:[36mload_ohlcv[0m:[36m237[0m - [34m[1m[cache] Loaded OHLCV[1d] for FNMA from FNMA.json (1169 rows)[0m
[32m2026-09-10 10:21:12.820[0m | [34m[1mDEBUG   [0m | [36msrc.data.cache[0m:[36mload_ohlcv[0m:[36m237[0m - [34m[1m[cache] Loaded OHLCV[1d] for UBER from UBER.json (1843 rows)[0m
[32m2026-09-10 10:21:12.838[0m | [34m[1mDEBUG   [0m | [36msrc.data.cache[0m:[36mload_ohlcv[0m:[36m237[0m - [34m[1m[cache] Loaded OHLCV[1d] for UNFI from UNFI.json (5049 rows)[0m
[32m2026-09-10 10:21:12.858[0m | [34m[1mDEBUG   [0m | [36msrc.data.cache[0m:[36mload_ohlcv[0m:[36m237[0m - [34m[1m[cache] Loaded OHLCV[1d] for COST from COST.json (5049 rows)[0m
[32m2026-09-10 10:21:12.884[0m | [34m[1mDEBUG   [0m | [36msrc.data.cache[0m:[36mload_ohlcv[0m:[36m237[0m - [34m[1m[cache] Loaded OHLCV[1d] for KNX from KNX.json (5049 rows)[0m
[32m2026-09-10 10:21:12.897[0m | [34m[1mDEBUG   [0m | [36msrc.data.cache[0m:[36mload_ohlcv[0m:[36m237[0m - [34m[1m[cache] Loaded OHLCV[1d] for IREN from IREN.json (1206 rows)[0m
[32m2026-09-10 10:21:12.909[0m | [34m[1mDEBUG   [0m | [36msrc.data.cache[0m:[36mload_ohlcv[0m:[36m237[0m - [34m[1m[cache] Loaded OHLCV[1d] for PTGX from PTGX.json (2533 rows)[0m
[32m2026-09-10 10:21:12.928[0m | [34m[1mDEBUG   [0m | [36msrc.data.cache[0m:[36mload_ohlcv[0m:[36m237[0m - [34m[1m[cache] Loaded OHLCV[1d] for TMHC from TMHC.json (3342 rows)[0m
[32m2026-09-10 10:21:12.942[0m | [34m[1mDEBUG   [0m | [36msrc.data.cache[0m:[36mload_ohlcv[0m:[36m237[0m - [34m[1m[cache] Loaded OHLCV[1d] for CCEP from CCEP.json (1968 rows)[0m
[32m2026-09-10 10:21:12.964[0m | [34m[1mDEBUG   [0m | [36msrc.data.cache[0m:[36mload_ohlcv[0m:[36m237[0m - [34m[1m[cache] Loaded OHLCV[1d] for RDN from RDN.json (5049 rows)[0m
[32m2026-09-10 10:21:12.992[0m | [34m[1mDEBUG   [0m | [36msrc.data.cache[0m:[36mload_ohlcv[0m:[36m237[0m - [34m[1m[cache] Loaded OHLCV[1d] for SUI from SUI.json (5049 rows)[0m
[32m2026-09-10 10:21:13.014[0m | [34m[1mDEBUG   [0m | [36msrc.data.cache[0m:[36mload_ohlcv[0m:[36m237[0m - [34m[1m[cache] Loaded OHLCV[1d] for M from M.json (4849 rows)[0m
[32m2026-09-10 10:21:13.030[0m | [34m[1mDEBUG   [0m | [36msrc.data.cache[0m:[36mload_ohlcv[0m:[36m237[0m - [34m[1m[cache] Loaded OHLCV[1d] for VERA from VERA.json (1336 rows)[0m
[32m2026-09-10 10:21:13.050[0m | [34m[1mDEBUG   [0m | [36msrc.data.cache[0m:[36mload_ohlcv[0m:[36m237[0m - [34m[1m[cache] Loaded OHLCV[1d] for DOX from DOX.json (5049 rows)[0m
[32m2026-09-10 10:21:13.081[0m | [34m[1mDEBUG   [0m | [36msrc.data.cache[0m:[36mload_ohlcv[0m:[36m237[0m - [34m[1m[cache] Loaded OHLCV[1d] for QCOM from QCOM.json (5049 rows)[0m
[32m2026-09-10 10:21:13.113[0m | [34m[1mDEBUG   [0m | [36msrc.data.cache[0m:[36mload_ohlcv[0m:[36m237[0m - [34m[1m[cache] Loaded OHLCV[1d] for WEN from WEN.json (5049 rows)[0m
[32m2026-09-10 10:21:13.139[0m | [34m[1mDEBUG   [0m | [36msrc.data.cache[0m:[36mload_ohlcv[0m:[36m237[0m - [34m[1m[cache] Loaded OHLCV[1d] for RUN from RUN.json (2954 rows)[0m
[32m2026-09-10 10:21:13.164[0m | [34m[1mDEBUG   [0m | [36msrc.data.cache[0m:[36mload_ohlcv[0m:[36m237[0m - [34m[1m[cache] Loaded OHLCV[1d] for HTZ from HTZ.json (4724 rows)[0m
[32m2026-09-10 10:21:13.183[0m | [34m[1mDEBUG   [0m | [36msrc.data.cache[0m:[36mload_ohlcv[0m:[36m237[0m - [34m[1m[cache] Loaded OHLCV[1d] for NVTS from NVTS.json (1226 rows)[0m
[32m2026-09-10 10:21:13.195[0m | [34m[1mDEBUG   [0m | [36msrc.data.cache[0m:[36mload_ohlcv[0m:[36m237[0m - [34m[1m[cache] Loaded OHLCV[1d] for TCOM from TCOM.json (1719 rows)[0m
[32m2026-09-10 10:21:13.207[0m | [34m[1mDEBUG   [0m | [36msrc.data.cache[0m:[36mload_ohlcv[0m:[36m237[0m - [34m[1m[cache] Loaded OHLCV[1d] for BLZE from BLZE.json (1210 rows)[0m
[32m2026-09-10 10:21:13.216[0m | [34m[1mDEBUG   [0m | [36msrc.data.cache[0m:[36mload_ohlcv[0m:[36m237[0m - [34m[1m[cache] Loaded OHLCV[1d] for ARQQ from ARQQ.json (1490 rows)[0m
[32m2026-09-10 10:21:13.225[0m | [34m[1mDEBUG   [0m | [36msrc.data.cache[0m:[36mload_ohlcv[0m:[36m237[0m - [34m[1m[cache] Loaded OHLCV[1d] for OSCR from OSCR.json (1387 rows)[0m
[32m2026-09-10 10:21:13.250[0m | [34m[1mDEBUG   [0m | [36msrc.data.cache[0m:[36mload_ohlcv[0m:[36m237[0m - [34m[1m[cache] Loaded OHLCV[1d] for FUL from FUL.json (5049 rows)[0m
[32m2026-09-10 10:21:13.270[0m | [34m[1mDEBUG   [0m | [36msrc.data.cache[0m:[36mload_ohlcv[0m:[36m237[0m - [34m[1m[cache] Loaded OHLCV[1d] for JEF from JEF.json (3731 rows)[0m
[32m2026-09-10 10:21:13.280[0m | [34m[1mDEBUG   [0m | [36msrc.data.cache[0m:[36mload_ohlcv[0m:[36m237[0m - [34m[1m[cache] Loaded OHLCV[1d] for BLLN from BLLN.json (210 rows)[0m
[32m2026-09-10 10:21:13.292[0m | [34m[1mDEBUG   [0m | [36msrc.data.cache[0m:[36mload_ohlcv[0m:[36m237[0m - [34m[1m[cache] Loaded OHLCV[1d] for MTCH from MTCH.json (2715 rows)[0m
[32m2026-09-10 10:21:13.310[0m | [34m[1mDEBUG   [0m | [36msrc.data.cache[0m:[36mload_ohlcv[0m:[36m237[0m - [34m[1m[cache] Loaded OHLCV[1d] for PRAX from PRAX.json (1480 rows)[0m
[32m2026-09-10 10:21:13.332[0m | [34m[1mDEBUG   [0m | [36msrc.data.cache[0m:[36mload_ohlcv[0m:[36m237[0m - [34m[1m[cache] Loaded OHLCV[1d] for PEG from PEG.json (5049 rows)[0m
[32m2026-09-10 10:21:13.348[0m | [34m[1mDEBUG   [0m | [36msrc.data.cache[0m:[36mload_ohlcv[0m:[36m237[0m - [34m[1m[cache] Loaded OHLCV[1d] for ZBH from ZBH.json (2816 rows)[0m
[32m2026-09-10 10:21:13.360[0m | [34m[1mDEBUG   [0m | [36msrc.data.cache[0m:[36mload_ohlcv[0m:[36m237[0m - [34m[1m[cache] Loaded OHLCV[1d] for LTH from LTH.json (1235 rows)[0m
[32m2026-09-10 10:21:13.384[0m | [34m[1mDEBUG   [0m | [36msrc.data.cache[0m:[36mload_ohlcv[0m:[36m237[0m - [34m[1m[cache] Loaded OHLCV[1d] for KRC from KRC.json (5049 rows)[0m
[32m2026-09-10 10:21:13.403[0m | [34m[1mDEBUG   [0m | [36msrc.data.cache[0m:[36mload_ohlcv[0m:[36m237[0m - [34m[1m[cache] Loaded OHLCV[1d] for PINS from PINS.json (1858 rows)[0m
[32m2026-09-10 10:21:13.423[0m | [34m[1mDEBUG   [0m | [36msrc.data.cache[0m:[36mload_ohlcv[0m:[36m237[0m - [34m[1m[cache] Loaded OHLCV[1d] for WRLD from WRLD.json (5049 rows)[0m
[32m2026-09-10 10:21:13.448[0m | [34m[1mDEBUG   [0m | [36msrc.data.cache[0m:[36mload_ohlcv[0m:[36m237[0m - [34m[1m[cache] Loaded OHLCV[1d] for CECO from CECO.json (4331 rows)[0m
[32m2026-09-10 10:21:13.475[0m | [34m[1mDEBUG   [0m | [36msrc.data.cache[0m:[36mload_ohlcv[0m:[36m237[0m - [34m[1m[cache] Loaded OHLCV[1d] for FIS from FIS.json (5049 rows)[0m
[32m2026-09-10 10:21:13.498[0m | [34m[1mDEBUG   [0m | [36msrc.data.cache[0m:[36mload_ohlcv[0m:[36m237[0m - [34m[1m[cache] Loaded OHLCV[1d] for SLDB from SLDB.json (2166 rows)[0m
[32m2026-09-10 10:21:13.511[0m | [34m[1mDEBUG   [0m | [36msrc.data.cache[0m:[36mload_ohlcv[0m:[36m237[0m - [34m[1m[cache] Loaded OHLCV[1d] for ROIV from ROIV.json (1239 rows)[0m
[32m2026-09-10 10:21:13.521[0m | [34m[1mDEBUG   [0m | [36msrc.data.cache[0m:[36mload_ohlcv[0m:[36m237[0m - [34m[1m[cache] Loaded OHLCV[1d] for ALAB from ALAB.json (1004 rows)[0m
[32m2026-09-10 10:21:13.592[0m | [34m[1mDEBUG   [0m | [36msrc.data.cache[0m:[36mload_ohlcv[0m:[36m237[0m - [34m[1m[cache] Loaded OHLCV[1d] for CIEN from CIEN.json (5029 rows)[0m
[32m2026-09-10 10:21:13.617[0m | [34m[1mDEBUG   [0m | [36msrc.data.cache[0m:[36mload_ohlcv[0m:[36m237[0m - [34m[1m[cache] Loaded OHLCV[1d] for CYTK from CYTK.json (5048 rows)[0m
[32m2026-09-10 10:21:13.635[0m | [34m[1mDEBUG   [0m | [36msrc.data.cache[0m:[36mload_ohlcv[0m:[36m237[0m - [34m[1m[cache] Loaded OHLCV[1d] for HTFL from HTFL.json (273 rows)[0m
[32m2026-09-10 10:21:13.651[0m | [34m[1mDEBUG   [0m | [36msrc.data.cache[0m:[36mload_ohlcv[0m:[36m237[0m - [34m[1m[cache] Loaded OHLCV[1d] for TRMD from TRMD.json (3600 rows)[0m
[32m2026-09-10 10:21:13.676[0m | [34m[1mDEBUG   [0m | [36msrc.data.cache[0m:[36mload_ohlcv[0m:[36m237[0m - [34m[1m[cache] Loaded OHLCV[1d] for BDX from BDX.json (5049 rows)[0m
[32m2026-09-10 10:21:13.693[0m | [34m[1mDEBUG   [0m | [36msrc.data.cache[0m:[36mload_ohlcv[0m:[36m237[0m - [34m[1m[cache] Loaded OHLCV[1d] for HRMY from HRMY.json (1521 rows)[0m
[32m2026-09-10 10:21:13.706[0m | [34m[1mDEBUG   [0m | [36msrc.data.cache[0m:[36mload_ohlcv[0m:[36m237[0m - [34m[1m[cache] Loaded OHLCV[1d] for BABA from BABA.json (3010 rows)[0m
[32m2026-09-10 10:21:13.729[0m | [34m[1mDEBUG   [0m | [36msrc.data.cache[0m:[36mload_ohlcv[0m:[36m237[0m - [34m[1m[cache] Loaded OHLCV[1d] for MKC from MKC.json (5049 rows)[0m
[32m2026-09-10 10:21:13.746[0m | [34m[1mDEBUG   [0m | [36msrc.data.cache[0m:[36mload_ohlcv[0m:[36m237[0m - [34m[1m[cache] Loaded OHLCV[1d] for ONTO from ONTO.json (1725 rows)[0m
[32m2026-09-10 10:21:13.763[0m | [34m[1mDEBUG   [0m | [36msrc.data.cache[0m:[36mload_ohlcv[0m:[36m237[0m - [34m[1m[cache] Loaded OHLCV[1d] for TFC from TFC.json (2986 rows)[0m
[32m2026-09-10 10:21:13.784[0m | [34m[1mDEBUG   [0m | [36msrc.data.cache[0m:[36mload_ohlcv[0m:[36m237[0m - [34m[1m[cache] Loaded OHLCV[1d] for CFG from CFG.json (3007 rows)[0m
[32m2026-09-10 10:21:13.813[0m | [34m[1mDEBUG   [0m | [36msrc.data.cache[0m:[36mload_ohlcv[0m:[36m237[0m - [34m[1m[cache] Loaded OHLCV[1d] for TER from TER.json (5049 rows)[0m
[32m2026-09-10 10:21:13.831[0m | [34m[1mDEBUG   [0m | [36msrc.data.cache[0m:[36mload_ohlcv[0m:[36m237[0m - [34m[1m[cache] Loaded OHLCV[1d] for DELL from DELL.json (3750 rows)[0m
[32m2026-09-10 10:21:13.844[0m | [34m[1mDEBUG   [0m | [36msrc.data.cache[0m:[36mload_ohlcv[0m:[36m237[0m - [34m[1m[cache] Loaded OHLCV[1d] for ACHR from ACHR.json (1249 rows)[0m
[32m2026-09-10 10:21:13.860[0m | [34m[1mDEBUG   [0m | [36msrc.data.cache[0m:[36mload_ohlcv[0m:[36m237[0m - [34m[1m[cache] Loaded OHLCV[1d] for ECPG from ECPG.json (5049 rows)[0m
[32m2026-09-10 10:21:13.888[0m | [34m[1mDEBUG   [0m | [36msrc.data.cache[0m:[36mload_ohlcv[0m:[36m237[0m - [34m[1m[cache] Loaded OHLCV[1d] for WMT from WMT.json (5049 rows)[0m
[32m2026-09-10 10:21:13.916[0m | [34m[1mDEBUG   [0m | [36msrc.data.cache[0m:[36mload_ohlcv[0m:[36m237[0m - [34m[1m[cache] Loaded OHLCV[1d] for TJX from TJX.json (5049 rows)[0m
[32m2026-09-10 10:21:13.932[0m | [34m[1mDEBUG   [0m | [36msrc.data.cache[0m:[36mload_ohlcv[0m:[36m237[0m - [34m[1m[cache] Loaded OHLCV[1d] for VVV from VVV.json (2503 rows)[0m
[32m2026-09-10 10:21:13.953[0m | [34m[1mDEBUG   [0m | [36msrc.data.cache[0m:[36mload_ohlcv[0m:[36m237[0m - [34m[1m[cache] Loaded OHLCV[1d] for BTU from BTU.json (4803 rows)[0m
[32m2026-09-10 10:21:13.978[0m | [34m[1mDEBUG   [0m | [36msrc.data.cache[0m:[36mload_ohlcv[0m:[36m237[0m - [34m[1m[cache] Loaded OHLCV[1d] for ILMN from ILMN.json (5049 rows)[0m
[32m2026-09-10 10:21:13.995[0m | [34m[1mDEBUG   [0m | [36msrc.data.cache[0m:[36mload_ohlcv[0m:[36m237[0m - [34m[1m[cache] Loaded OHLCV[1d] for FLYW from FLYW.json (1287 rows)[0m
[32m2026-09-10 10:21:14.009[0m | [34m[1mDEBUG   [0m | [36msrc.data.cache[0m:[36mload_ohlcv[0m:[36m237[0m - [34m[1m[cache] Loaded OHLCV[1d] for KEYS from KEYS.json (3273 rows)[0m
[32m2026-09-10 10:21:14.022[0m | [34m[1mDEBUG   [0m | [36msrc.data.cache[0m:[36mload_ohlcv[0m:[36m237[0m - [34m[1m[cache] Loaded OHLCV[1d] for IMNM from IMNM.json (1489 rows)[0m
[32m2026-09-10 10:21:14.035[0m | [34m[1mDEBUG   [0m | [36msrc.data.cache[0m:[36mload_ohlcv[0m:[36m237[0m - [34m[1m[cache] Loaded OHLCV[1d] for RSI from RSI.json (1429 rows)[0m
[32m2026-09-10 10:21:14.041[0m | [34m[1mDEBUG   [0m | [36msrc.data.cache[0m:[36mload_ohlcv[0m:[36m237[0m - [34m[1m[cache] Loaded OHLCV[1d] for TEM from TEM.json (560 rows)[0m
[32m2026-09-10 10:21:14.049[0m | [34m[1mDEBUG   [0m | [36msrc.data.cache[0m:[36mload_ohlcv[0m:[36m237[0m - [34m[1m[cache] Loaded OHLCV[1d] for GPCR from GPCR.json (902 rows)[0m
[32m2026-09-10 10:21:14.063[0m | [34m[1mDEBUG   [0m | [36msrc.data.cache[0m:[36mload_ohlcv[0m:[36m237[0m - [34m[1m[cache] Loaded OHLCV[1d] for KRYS from KRYS.json (2253 rows)[0m
[32m2026-09-10 10:21:14.087[0m | [34m[1mDEBUG   [0m | [36msrc.data.cache[0m:[36mload_ohlcv[0m:[36m237[0m - [34m[1m[cache] Loaded OHLCV[1d] for STRL from STRL.json (5049 rows)[0m
[32m2026-09-10 10:21:14.112[0m | [34m[1mDEBUG   [0m | [36msrc.data.cache[0m:[36mload_ohlcv[0m:[36m237[0m - [34m[1m[cache] Loaded OHLCV[1d] for ETR from ETR.json (5049 rows)[0m
[32m2026-09-10 10:21:14.142[0m | [34m[1mDEBUG   [0m | [36msrc.data.cache[0m:[36mload_ohlcv[0m:[36m237[0m - [34m[1m[cache] Loaded OHLCV[1d] for MGRC from MGRC.json (5049 rows)[0m
[32m2026-09-10 10:21:14.175[0m | [34m[1mDEBUG   [0m | [36msrc.data.cache[0m:[36mload_ohlcv[0m:[36m237[0m - [34m[1m[cache] Loaded OHLCV[1d] for RGEN from RGEN.json (5049 rows)[0m
[32m2026-09-10 10:21:14.203[0m | [34m[1mDEBUG   [0m | [36msrc.data.cache[0m:[36mload_ohlcv[0m:[36m237[0m - [34m[1m[cache] Loaded OHLCV[1d] for RBA from RBA.json (5049 rows)[0m
[32m2026-09-10 10:21:14.230[0m | [34m[1mDEBUG   [0m | [36msrc.data.cache[0m:[36mload_ohlcv[0m:[36m237[0m - [34m[1m[cache] Loaded OHLCV[1d] for SLS from SLS.json (3228 rows)[0m
[32m2026-09-10 10:21:14.254[0m | [34m[1mDEBUG   [0m | [36msrc.data.cache[0m:[36mload_ohlcv[0m:[36m237[0m - [34m[1m[cache] Loaded OHLCV[1d] for MCD from MCD.json (5049 rows)[0m
[32m2026-09-10 10:21:14.274[0m | [34m[1mDEBUG   [0m | [36msrc.data.cache[0m:[36mload_ohlcv[0m:[36m237[0m - [34m[1m[cache] Loaded OHLCV[1d] for TECH from TECH.json (5049 rows)[0m
[32m2026-09-10 10:21:14.298[0m | [34m[1mDEBUG   [0m | [36msrc.data.cache[0m:[36mload_ohlcv[0m:[36m237[0m - [34m[1m[cache] Loaded OHLCV[1d] for FIG from FIG.json (3777 rows)[0m
[32m2026-09-10 10:21:14.330[0m | [34m[1mDEBUG   [0m | [36msrc.data.cache[0m:[36mload_ohlcv[0m:[36m237[0m - [34m[1m[cache] Loaded OHLCV[1d] for AYI from AYI.json (5049 rows)[0m
[32m2026-09-10 10:21:14.354[0m | [34m[1mDEBUG   [0m | [36msrc.data.cache[0m:[36mload_ohlcv[0m:[36m237[0m - [34m[1m[cache] Loaded OHLCV[1d] for CMC from CMC.json (5049 rows)[0m
[32m2026-09-10 10:21:14.381[0m | [34m[1mDEBUG   [0m | [36msrc.data.cache[0m:[36mload_ohlcv[0m:[36m237[0m - [34m[1m[cache] Loaded OHLCV[1d] for DRI from DRI.json (5049 rows)[0m
[32m2026-09-10 10:21:14.392[0m | [34m[1mDEBUG   [0m | [36msrc.data.cache[0m:[36mload_ohlcv[0m:[36m237[0m - [34m[1m[cache] Loaded OHLCV[1d] for FDXF from FDXF.json (70 rows)[0m
[32m2026-09-10 10:21:14.400[0m | [34m[1mDEBUG   [0m | [36msrc.data.cache[0m:[36mload_ohlcv[0m:[36m237[0m - [34m[1m[cache] Loaded OHLCV[1d] for HGV from HGV.json (2433 rows)[0m
[32m2026-09-10 10:21:14.416[0m | [34m[1mDEBUG   [0m | [36msrc.data.cache[0m:[36mload_ohlcv[0m:[36m237[0m - [34m[1m[cache] Loaded OHLCV[1d] for PATK from PATK.json (4943 rows)[0m
[32m2026-09-10 10:21:14.442[0m | [34m[1mDEBUG   [0m | [36msrc.data.cache[0m:[36mload_ohlcv[0m:[36m237[0m - [34m[1m[cache] Loaded OHLCV[1d] for CR from CR.json (5049 rows)[0m
[32m2026-09-10 10:21:14.463[0m | [34m[1mDEBUG   [0m | [36msrc.data.cache[0m:[36mload_ohlcv[0m:[36m237[0m - [34m[1m[cache] Loaded OHLCV[1d] for OXY from OXY.json (5049 rows)[0m
[32m2026-09-10 10:21:14.489[0m | [34m[1mDEBUG   [0m | [36msrc.data.cache[0m:[36mload_ohlcv[0m:[36m237[0m - [34m[1m[cache] Loaded OHLCV[1d] for DLTR from DLTR.json (5049 rows)[0m
[32m2026-09-10 10:21:14.517[0m | [34m[1mDEBUG   [0m | [36msrc.data.cache[0m:[36mload_ohlcv[0m:[36m237[0m - [34m[1m[cache] Loaded OHLCV[1d] for COR from COR.json (4434 rows)[0m
[32m2026-09-10 10:21:14.544[0m | [34m[1mDEBUG   [0m | [36msrc.data.cache[0m:[36mload_ohlcv[0m:[36m237[0m - [34m[1m[cache] Loaded OHLCV[1d] for AMT from AMT.json (5049 rows)[0m
[32m2026-09-10 10:21:14.576[0m | [34m[1mDEBUG   [0m | [36msrc.data.cache[0m:[36mload_ohlcv[0m:[36m237[0m - [34m[1m[cache] Loaded OHLCV[1d] for INOD from INOD.json (5049 rows)[0m
[32m2026-09-10 10:21:14.596[0m | [34m[1mDEBUG   [0m | [36msrc.data.cache[0m:[36mload_ohlcv[0m:[36m237[0m - [34m[1m[cache] Loaded OHLCV[1d] for CCL from CCL.json (5049 rows)[0m
[32m2026-09-10 10:21:14.612[0m | [34m[1mDEBUG   [0m | [36msrc.data.cache[0m:[36mload_ohlcv[0m:[36m237[0m - [34m[1m[cache] Loaded OHLCV[1d] for PRM from PRM.json (2450 rows)[0m
[32m2026-09-10 10:21:14.640[0m | [34m[1mDEBUG   [0m | [36msrc.data.cache[0m:[36mload_ohlcv[0m:[36m237[0m - [34m[1m[cache] Loaded OHLCV[1d] for CTAS from CTAS.json (5049 rows)[0m
[32m2026-09-10 10:21:14.671[0m | [34m[1mDEBUG   [0m | [36msrc.data.cache[0m:[36mload_ohlcv[0m:[36m237[0m - [34m[1m[cache] Loaded OHLCV[1d] for C from C.json (5049 rows)[0m
[32m2026-09-10 10:21:14.694[0m | [34m[1mDEBUG   [0m | [36msrc.data.cache[0m:[36mload_ohlcv[0m:[36m237[0m - [34m[1m[cache] Loaded OHLCV[1d] for HTHT from HTHT.json (4139 rows)[0m
[32m2026-09-10 10:21:14.713[0m | [34m[1mDEBUG   [0m | [36msrc.data.cache[0m:[36mload_ohlcv[0m:[36m237[0m - [34m[1m[cache] Loaded OHLCV[1d] for RJF from RJF.json (5049 rows)[0m
[32m2026-09-10 10:21:14.794[0m | [34m[1mDEBUG   [0m | [36msrc.data.cache[0m:[36mload_ohlcv[0m:[36m237[0m - [34m[1m[cache] Loaded OHLCV[1d] for NWSA from NWSA.json (4451 rows)[0m
[32m2026-09-10 10:21:14.816[0m | [34m[1mDEBUG   [0m | [36msrc.data.cache[0m:[36mload_ohlcv[0m:[36m237[0m - [34m[1m[cache] Loaded OHLCV[1d] for ICE from ICE.json (5049 rows)[0m
[32m2026-09-10 10:21:14.833[0m | [34m[1mDEBUG   [0m | [36msrc.data.cache[0m:[36mload_ohlcv[0m:[36m237[0m - [34m[1m[cache] Loaded OHLCV[1d] for NVDL from NVDL.json (937 rows)[0m
[32m2026-09-10 10:21:14.847[0m | [34m[1mDEBUG   [0m | [36msrc.data.cache[0m:[36mload_ohlcv[0m:[36m237[0m - [34m[1m[cache] Loaded OHLCV[1d] for NU from NU.json (3334 rows)[0m
[32m2026-09-10 10:21:14.858[0m | [34m[1mDEBUG   [0m | [36msrc.data.cache[0m:[36mload_ohlcv[0m:[36m237[0m - [34m[1m[cache] Loaded OHLCV[1d] for MRP from MRP.json (913 rows)[0m
[32m2026-09-10 10:21:14.864[0m | [34m[1mDEBUG   [0m | [36msrc.data.cache[0m:[36mload_ohlcv[0m:[36m237[0m - [34m[1m[cache] Loaded OHLCV[1d] for GBTG from GBTG.json (1073 rows)[0m
[32m2026-09-10 10:21:14.870[0m | [34m[1mDEBUG   [0m | [36msrc.data.cache[0m:[36mload_ohlcv[0m:[36m237[0m - [34m[1m[cache] Loaded OHLCV[1d] for RBRK from RBRK.json (595 rows)[0m
[32m2026-09-10 10:21:14.884[0m | [34m[1mDEBUG   [0m | [36msrc.data.cache[0m:[36mload_ohlcv[0m:[36m237[0m - [34m[1m[cache] Loaded OHLCV[1d] for TMDX from TMDX.json (1847 rows)[0m
[32m2026-09-10 10:21:14.896[0m | [34m[1mDEBUG   [0m | [36msrc.data.cache[0m:[36mload_ohlcv[0m:[36m237[0m - [34m[1m[cache] Loaded OHLCV[1d] for TYRA from TYRA.json (1251 rows)[0m
[32m2026-09-10 10:21:14.909[0m | [34m[1mDEBUG   [0m | [36msrc.data.cache[0m:[36mload_ohlcv[0m:[36m237[0m - [34m[1m[cache] Loaded OHLCV[1d] for PANW from PANW.json (3554 rows)[0m
[32m2026-09-10 10:21:14.926[0m | [34m[1mDEBUG   [0m | [36msrc.data.cache[0m:[36mload_ohlcv[0m:[36m237[0m - [34m[1m[cache] Loaded OHLCV[1d] for ESNT from ESNT.json (3232 rows)[0m
[32m2026-09-10 10:21:14.940[0m | [34m[1mDEBUG   [0m | [36msrc.data.cache[0m:[36mload_ohlcv[0m:[36m237[0m - [34m[1m[cache] Loaded OHLCV[1d] for CL=F from CL=F.json (1284 rows)[0m
[32m2026-09-10 10:21:14.948[0m | [34m[1mDEBUG   [0m | [36msrc.data.cache[0m:[36mload_ohlcv[0m:[36m237[0m - [34m[1m[cache] Loaded OHLCV[1d] for IBRX from IBRX.json (1382 rows)[0m
[32m2026-09-10 10:21:14.966[0m | [34m[1mDEBUG   [0m | [36msrc.data.cache[0m:[36mload_ohlcv[0m:[36m237[0m - [34m[1m[cache] Loaded OHLCV[1d] for JNJ from JNJ.json (5049 rows)[0m
[32m2026-09-10 10:21:14.988[0m | [34m[1mDEBUG   [0m | [36msrc.data.cache[0m:[36mload_ohlcv[0m:[36m237[0m - [34m[1m[cache] Loaded OHLCV[1d] for PSNL from PSNL.json (1815 rows)[0m
[32m2026-09-10 10:21:14.999[0m | [34m[1mDEBUG   [0m | [36msrc.data.cache[0m:[36mload_ohlcv[0m:[36m237[0m - [34m[1m[cache] Loaded OHLCV[1d] for CNTA from CNTA.json (1237 rows)[0m
[32m2026-09-10 10:21:15.007[0m | [34m[1mDEBUG   [0m | [36msrc.data.cache[0m:[36mload_ohlcv[0m:[36m237[0m - [34m[1m[cache] Loaded OHLCV[1d] for LFST from LFST.json (1287 rows)[0m
[32m2026-09-10 10:21:15.016[0m | [34m[1mDEBUG   [0m | [36msrc.data.cache[0m:[36mload_ohlcv[0m:[36m237[0m - [34m[1m[cache] Loaded OHLCV[1d] for IMVT from IMVT.json (1688 rows)[0m
[32m2026-09-10 10:21:15.024[0m | [34m[1mDEBUG   [0m | [36msrc.data.cache[0m:[36mload_ohlcv[0m:[36m237[0m - [34m[1m[cache] Loaded OHLCV[1d] for CON from CON.json (533 rows)[0m
[32m2026-09-10 10:21:15.038[0m | [34m[1mDEBUG   [0m | [36msrc.data.cache[0m:[36mload_ohlcv[0m:[36m237[0m - [34m[1m[cache] Loaded OHLCV[1d] for QLYS from QLYS.json (3505 rows)[0m
[32m2026-09-10 10:21:15.059[0m | [34m[1mDEBUG   [0m | [36msrc.data.cache[0m:[36mload_ohlcv[0m:[36m237[0m - [34m[1m[cache] Loaded OHLCV[1d] for PFGC from PFGC.json (3198 rows)[0m
[32m2026-09-10 10:21:15.075[0m | [34m[1mDEBUG   [0m | [36msrc.data.cache[0m:[36mload_ohlcv[0m:[36m237[0m - [34m[1m[cache] Loaded OHLCV[1d] for PRVA from PRVA.json (1347 rows)[0m
[32m2026-09-10 10:21:15.086[0m | [34m[1mDEBUG   [0m | [36msrc.data.cache[0m:[36mload_ohlcv[0m:[36m237[0m - [34m[1m[cache] Loaded OHLCV[1d] for CNXC from CNXC.json (2058 rows)[0m
[32m2026-09-10 10:21:15.111[0m | [34m[1mDEBUG   [0m | [36msrc.data.cache[0m:[36mload_ohlcv[0m:[36m237[0m - [34m[1m[cache] Loaded OHLCV[1d] for ACAD from ACAD.json (5047 rows)[0m
[32m2026-09-10 10:21:15.127[0m | [34m[1mDEBUG   [0m | [36msrc.data.cache[0m:[36mload_ohlcv[0m:[36m237[0m - [34m[1m[cache] Loaded OHLCV[1d] for PGY from PGY.json (1057 rows)[0m
[32m2026-09-10 10:21:15.137[0m | [34m[1mDEBUG   [0m | [36msrc.data.cache[0m:[36mload_ohlcv[0m:[36m237[0m - [34m[1m[cache] Loaded OHLCV[1d] for INTA from INTA.json (1282 rows)[0m
[32m2026-09-10 10:21:15.145[0m | [34m[1mDEBUG   [0m | [36msrc.data.cache[0m:[36mload_ohlcv[0m:[36m237[0m - [34m[1m[cache] Loaded OHLCV[1d] for WBI from WBI.json (246 rows)[0m
[32m2026-09-10 10:21:15.157[0m | [34m[1mDEBUG   [0m | [36msrc.data.cache[0m:[36mload_ohlcv[0m:[36m237[0m - [34m[1m[cache] Loaded OHLCV[1d] for CARG from CARG.json (2238 rows)[0m
[32m2026-09-10 10:21:15.183[0m | [34m[1mDEBUG   [0m | [36msrc.data.cache[0m:[36mload_ohlcv[0m:[36m237[0m - [34m[1m[cache] Loaded OHLCV[1d] for GPC from GPC.json (5049 rows)[0m
[32m2026-09-10 10:21:15.213[0m | [34m[1mDEBUG   [0m | [36msrc.data.cache[0m:[36mload_ohlcv[0m:[36m237[0m - [34m[1m[cache] Loaded OHLCV[1d] for DBD from DBD.json (4997 rows)[0m
[32m2026-09-10 10:21:15.230[0m | [34m[1mDEBUG   [0m | [36msrc.data.cache[0m:[36mload_ohlcv[0m:[36m237[0m - [34m[1m[cache] Loaded OHLCV[1d] for LEGN from LEGN.json (1573 rows)[0m
[32m2026-09-10 10:21:15.245[0m | [34m[1mDEBUG   [0m | [36msrc.data.cache[0m:[36mload_ohlcv[0m:[36m237[0m - [34m[1m[cache] Loaded OHLCV[1d] for IONS from IONS.json (2692 rows)[0m
[32m2026-09-10 10:21:15.271[0m | [34m[1mDEBUG   [0m | [36msrc.data.cache[0m:[36mload_ohlcv[0m:[36m237[0m - [34m[1m[cache] Loaded OHLCV[1d] for SEIC from SEIC.json (5049 rows)[0m
[32m2026-09-10 10:21:15.302[0m | [34m[1mDEBUG   [0m | [36msrc.data.cache[0m:[36mload_ohlcv[0m:[36m237[0m - [34m[1m[cache] Loaded OHLCV[1d] for NBIX from NBIX.json (5049 rows)[0m
[32m2026-09-10 10:21:15.323[0m | [34m[1mDEBUG   [0m | [36msrc.data.cache[0m:[36mload_ohlcv[0m:[36m237[0m - [34m[1m[cache] Loaded OHLCV[1d] for BRZE from BRZE.json (1206 rows)[0m
[32m2026-09-10 10:21:15.346[0m | [34m[1mDEBUG   [0m | [36msrc.data.cache[0m:[36mload_ohlcv[0m:[36m237[0m - [34m[1m[cache] Loaded OHLCV[1d] for UL from UL.json (5049 rows)[0m
[32m2026-09-10 10:21:15.376[0m | [34m[1mDEBUG   [0m | [36msrc.data.cache[0m:[36mload_ohlcv[0m:[36m237[0m - [34m[1m[cache] Loaded OHLCV[1d] for MRK from MRK.json (5049 rows)[0m
[32m2026-09-10 10:21:15.398[0m | [34m[1mDEBUG   [0m | [36msrc.data.cache[0m:[36mload_ohlcv[0m:[36m237[0m - [34m[1m[cache] Loaded OHLCV[1d] for AMGN from AMGN.json (5049 rows)[0m
[32m2026-09-10 10:21:15.420[0m | [34m[1mDEBUG   [0m | [36msrc.data.cache[0m:[36mload_ohlcv[0m:[36m237[0m - [34m[1m[cache] Loaded OHLCV[1d] for GILD from GILD.json (5049 rows)[0m
[32m2026-09-10 10:21:15.443[0m | [34m[1mDEBUG   [0m | [36msrc.data.cache[0m:[36mload_ohlcv[0m:[36m237[0m - [34m[1m[cache] Loaded OHLCV[1d] for ^NSEI from ^NSEI.json (1260 rows)[0m
[32m2026-09-10 10:21:15.454[0m | [34m[1mDEBUG   [0m | [36msrc.data.cache[0m:[36mload_ohlcv[0m:[36m237[0m - [34m[1m[cache] Loaded OHLCV[1d] for VRDN from VRDN.json (1416 rows)[0m
[32m2026-09-10 10:21:15.478[0m | [34m[1mDEBUG   [0m | [36msrc.data.cache[0m:[36mload_ohlcv[0m:[36m237[0m - [34m[1m[cache] Loaded OHLCV[1d] for BIDU from BIDU.json (5049 rows)[0m
[32m2026-09-10 10:21:15.491[0m | [34m[1mDEBUG   [0m | [36msrc.data.cache[0m:[36mload_ohlcv[0m:[36m237[0m - [34m[1m[cache] Loaded OHLCV[1d] for SMCIP from SMCIP.json (61 rows)[0m
[32m2026-09-10 10:21:15.499[0m | [34m[1mDEBUG   [0m | [36msrc.data.cache[0m:[36mload_ohlcv[0m:[36m237[0m - [34m[1m[cache] Loaded OHLCV[1d] for RIVN from RIVN.json (1211 rows)[0m
[32m2026-09-10 10:21:15.512[0m | [34m[1mDEBUG   [0m | [36msrc.data.cache[0m:[36mload_ohlcv[0m:[36m237[0m - [34m[1m[cache] Loaded OHLCV[1d] for TMUS from TMUS.json (3360 rows)[0m
[32m2026-09-10 10:21:15.526[0m | [34m[1mDEBUG   [0m | [36msrc.data.cache[0m:[36mload_ohlcv[0m:[36m237[0m - [34m[1m[cache] Loaded OHLCV[1d] for LYFT from LYFT.json (1872 rows)[0m
[32m2026-09-10 10:21:15.533[0m | [34m[1mDEBUG   [0m | [36msrc.data.cache[0m:[36mload_ohlcv[0m:[36m237[0m - [34m[1m[cache] Loaded OHLCV[1d] for SHAZ from SHAZ.json (145 rows)[0m
[32m2026-09-10 10:21:15.552[0m | [34m[1mDEBUG   [0m | [36msrc.data.cache[0m:[36mload_ohlcv[0m:[36m237[0m - [34m[1m[cache] Loaded OHLCV[1d] for IRDM from IRDM.json (4265 rows)[0m
[32m2026-09-10 10:21:15.577[0m | [34m[1mDEBUG   [0m | [36msrc.data.cache[0m:[36mload_ohlcv[0m:[36m237[0m - [34m[1m[cache] Loaded OHLCV[1d] for CMCSA from CMCSA.json (5049 rows)[0m
[32m2026-09-10 10:21:15.597[0m | [34m[1mDEBUG   [0m | [36msrc.data.cache[0m:[36mload_ohlcv[0m:[36m237[0m - [34m[1m[cache] Loaded OHLCV[1d] for ABCL from ABCL.json (1441 rows)[0m
[32m2026-09-10 10:21:15.613[0m | [34m[1mDEBUG   [0m | [36msrc.data.cache[0m:[36mload_ohlcv[0m:[36m237[0m - [34m[1m[cache] Loaded OHLCV[1d] for TDOC from TDOC.json (2814 rows)[0m
[32m2026-09-10 10:21:15.642[0m | [34m[1mDEBUG   [0m | [36msrc.data.cache[0m:[36mload_ohlcv[0m:[36m237[0m - [34m[1m[cache] Loaded OHLCV[1d] for SPG from SPG.json (5049 rows)[0m
[32m2026-09-10 10:21:15.659[0m | [34m[1mDEBUG   [0m | [36msrc.data.cache[0m:[36mload_ohlcv[0m:[36m237[0m - [34m[1m[cache] Loaded OHLCV[1d] for OMF from OMF.json (2710 rows)[0m
[32m2026-09-10 10:21:15.671[0m | [34m[1mDEBUG   [0m | [36msrc.data.cache[0m:[36mload_ohlcv[0m:[36m237[0m - [34m[1m[cache] Loaded OHLCV[1d] for CADL from CADL.json (1282 rows)[0m
[32m2026-09-10 10:21:15.685[0m | [34m[1mDEBUG   [0m | [36msrc.data.cache[0m:[36mload_ohlcv[0m:[36m237[0m - [34m[1m[cache] Loaded OHLCV[1d] for CHWY from CHWY.json (1819 rows)[0m
[32m2026-09-10 10:21:15.710[0m | [34m[1mDEBUG   [0m | [36msrc.data.cache[0m:[36mload_ohlcv[0m:[36m237[0m - [34m[1m[cache] Loaded OHLCV[1d] for CGNX from CGNX.json (5049 rows)[0m
[32m2026-09-10 10:21:15.729[0m | [34m[1mDEBUG   [0m | [36msrc.data.cache[0m:[36mload_ohlcv[0m:[36m237[0m - [34m[1m[cache] Loaded OHLCV[1d] for FROG from FROG.json (1502 rows)[0m
[32m2026-09-10 10:21:15.751[0m | [34m[1mDEBUG   [0m | [36msrc.data.cache[0m:[36mload_ohlcv[0m:[36m237[0m - [34m[1m[cache] Loaded OHLCV[1d] for CASY from CASY.json (5049 rows)[0m
[32m2026-09-10 10:21:15.782[0m | [34m[1mDEBUG   [0m | [36msrc.data.cache[0m:[36mload_ohlcv[0m:[36m237[0m - [34m[1m[cache] Loaded OHLCV[1d] for PFS from PFS.json (5049 rows)[0m
[32m2026-09-10 10:21:15.808[0m | [34m[1mDEBUG   [0m | [36msrc.data.cache[0m:[36mload_ohlcv[0m:[36m237[0m - [34m[1m[cache] Loaded OHLCV[1d] for SYY from SYY.json (5049 rows)[0m
[32m2026-09-10 10:21:15.835[0m | [34m[1mDEBUG   [0m | [36msrc.data.cache[0m:[36mload_ohlcv[0m:[36m237[0m - [34m[1m[cache] Loaded OHLCV[1d] for DK from DK.json (5049 rows)[0m
[32m2026-09-10 10:21:15.856[0m | [34m[1mDEBUG   [0m | [36msrc.data.cache[0m:[36mload_ohlcv[0m:[36m237[0m - [34m[1m[cache] Loaded OHLCV[1d] for PGEN from PGEN.json (1659 rows)[0m
[32m2026-09-10 10:21:15.867[0m | [34m[1mDEBUG   [0m | [36msrc.data.cache[0m:[36mload_ohlcv[0m:[36m237[0m - [34m[1m[cache] Loaded OHLCV[1d] for WULF from WULF.json (1188 rows)[0m
[32m2026-09-10 10:21:15.875[0m | [34m[1mDEBUG   [0m | [36msrc.data.cache[0m:[36mload_ohlcv[0m:[36m237[0m - [34m[1m[cache] Loaded OHLCV[1d] for ASPI from ASPI.json (959 rows)[0m
[32m2026-09-10 10:21:15.892[0m | [34m[1mDEBUG   [0m | [36msrc.data.cache[0m:[36mload_ohlcv[0m:[36m237[0m - [34m[1m[cache] Loaded OHLCV[1d] for CRL from CRL.json (5049 rows)[0m
[32m2026-09-10 10:21:15.916[0m | [34m[1mDEBUG   [0m | [36msrc.data.cache[0m:[36mload_ohlcv[0m:[36m237[0m - [34m[1m[cache] Loaded OHLCV[1d] for PUMP from PUMP.json (2383 rows)[0m
[32m2026-09-10 10:21:15.927[0m | [34m[1mDEBUG   [0m | [36msrc.data.cache[0m:[36mload_ohlcv[0m:[36m237[0m - [34m[1m[cache] Loaded OHLCV[1d] for WRBY from WRBY.json (1241 rows)[0m
[32m2026-09-10 10:21:15.939[0m | [34m[1mDEBUG   [0m | [36msrc.data.cache[0m:[36mload_ohlcv[0m:[36m237[0m - [34m[1m[cache] Loaded OHLCV[1d] for EBC from EBC.json (1733 rows)[0m
[32m2026-09-10 10:21:15.964[0m | [34m[1mDEBUG   [0m | [36msrc.data.cache[0m:[36mload_ohlcv[0m:[36m237[0m - [34m[1m[cache] Loaded OHLCV[1d] for SNX from SNX.json (5049 rows)[0m
[32m2026-09-10 10:21:15.988[0m | [34m[1mDEBUG   [0m | [36msrc.data.cache[0m:[36mload_ohlcv[0m:[36m237[0m - [34m[1m[cache] Loaded OHLCV[1d] for HALO from HALO.json (4864 rows)[0m
[32m2026-09-10 10:21:16.018[0m | [34m[1mDEBUG   [0m | [36msrc.data.cache[0m:[36mload_ohlcv[0m:[36m237[0m - [34m[1m[cache] Loaded OHLCV[1d] for KTOS from KTOS.json (4756 rows)[0m
[32m2026-09-10 10:21:16.038[0m | [34m[1mDEBUG   [0m | [36msrc.data.cache[0m:[36mload_ohlcv[0m:[36m237[0m - [34m[1m[cache] Loaded OHLCV[1d] for WELL from WELL.json (2144 rows)[0m
[32m2026-09-10 10:21:16.064[0m | [34m[1mDEBUG   [0m | [36msrc.data.cache[0m:[36mload_ohlcv[0m:[36m237[0m - [34m[1m[cache] Loaded OHLCV[1d] for EQIX from EQIX.json (5049 rows)[0m
[32m2026-09-10 10:21:16.088[0m | [34m[1mDEBUG   [0m | [36msrc.data.cache[0m:[36mload_ohlcv[0m:[36m237[0m - [34m[1m[cache] Loaded OHLCV[1d] for DLR from DLR.json (5049 rows)[0m
[32m2026-09-10 10:21:16.108[0m | [34m[1mDEBUG   [0m | [36msrc.data.cache[0m:[36mload_ohlcv[0m:[36m237[0m - [34m[1m[cache] Loaded OHLCV[1d] for PSA from PSA.json (5049 rows)[0m
[32m2026-09-10 10:21:16.130[0m | [34m[1mDEBUG   [0m | [36msrc.data.cache[0m:[36mload_ohlcv[0m:[36m237[0m - [34m[1m[cache] Loaded OHLCV[1d] for VTR from VTR.json (5049 rows)[0m
[32m2026-09-10 10:21:16.144[0m | [34m[1mDEBUG   [0m | [36msrc.data.cache[0m:[36mload_ohlcv[0m:[36m237[0m - [34m[1m[cache] Loaded OHLCV[1d] for MBLY from MBLY.json (1748 rows)[0m
[32m2026-09-10 10:21:16.165[0m | [34m[1mDEBUG   [0m | [36msrc.data.cache[0m:[36mload_ohlcv[0m:[36m237[0m - [34m[1m[cache] Loaded OHLCV[1d] for TXRH from TXRH.json (5049 rows)[0m
[32m2026-09-10 10:21:16.182[0m | [34m[1mDEBUG   [0m | [36msrc.data.cache[0m:[36mload_ohlcv[0m:[36m237[0m - [34m[1m[cache] Loaded OHLCV[1d] for UVIX from UVIX.json (1115 rows)[0m
[32m2026-09-10 10:21:16.203[0m | [34m[1mDEBUG   [0m | [36msrc.data.cache[0m:[36mload_ohlcv[0m:[36m237[0m - [34m[1m[cache] Loaded OHLCV[1d] for NIO from NIO.json (4438 rows)[0m
[32m2026-09-10 10:21:16.292[0m | [34m[1mDEBUG   [0m | [36msrc.data.cache[0m:[36mload_ohlcv[0m:[36m237[0m - [34m[1m[cache] Loaded OHLCV[1d] for SNPS from SNPS.json (5049 rows)[0m
[32m2026-09-10 10:21:16.308[0m | [34m[1mDEBUG   [0m | [36msrc.data.cache[0m:[36mload_ohlcv[0m:[36m237[0m - [34m[1m[cache] Loaded OHLCV[1d] for OKLO from OKLO.json (584 rows)[0m
[32m2026-09-10 10:21:16.317[0m | [34m[1mDEBUG   [0m | [36msrc.data.cache[0m:[36mload_ohlcv[0m:[36m237[0m - [34m[1m[cache] Loaded OHLCV[1d] for LUNR from LUNR.json (895 rows)[0m
[32m2026-09-10 10:21:16.336[0m | [34m[1mDEBUG   [0m | [36msrc.data.cache[0m:[36mload_ohlcv[0m:[36m237[0m - [34m[1m[cache] Loaded OHLCV[1d] for FRT from FRT.json (5049 rows)[0m
[32m2026-09-10 10:21:16.351[0m | [34m[1mDEBUG   [0m | [36msrc.data.cache[0m:[36mload_ohlcv[0m:[36m237[0m - [34m[1m[cache] Loaded OHLCV[1d] for KLAR from KLAR.json (251 rows)[0m
[32m2026-09-10 10:21:16.360[0m | [34m[1mDEBUG   [0m | [36msrc.data.cache[0m:[36mload_ohlcv[0m:[36m237[0m - [34m[1m[cache] Loaded OHLCV[1d] for BEAM from BEAM.json (2302 rows)[0m
[32m2026-09-10 10:21:16.380[0m | [34m[1mDEBUG   [0m | [36msrc.data.cache[0m:[36mload_ohlcv[0m:[36m237[0m - [34m[1m[cache] Loaded OHLCV[1d] for DBX from DBX.json (2534 rows)[0m
[32m2026-09-10 10:21:16.401[0m | [34m[1mDEBUG   [0m | [36msrc.data.cache[0m:[36mload_ohlcv[0m:[36m237[0m - [34m[1m[cache] Loaded OHLCV[1d] for CELH from CELH.json (2562 rows)[0m
[32m2026-09-10 10:21:16.422[0m | [34m[1mDEBUG   [0m | [36msrc.data.cache[0m:[36mload_ohlcv[0m:[36m237[0m - [34m[1m[cache] Loaded OHLCV[1d] for ASTC from ASTC.json (4348 rows)[0m
[32m2026-09-10 10:21:16.447[0m | [34m[1mDEBUG   [0m | [36msrc.data.cache[0m:[36mload_ohlcv[0m:[36m237[0m - [34m[1m[cache] Loaded OHLCV[1d] for APPF from APPF.json (2817 rows)[0m
[32m2026-09-10 10:21:16.460[0m | [34m[1mDEBUG   [0m | [36msrc.data.cache[0m:[36mload_ohlcv[0m:[36m237[0m - [34m[1m[cache] Loaded OHLCV[1d] for AUR from AUR.json (1215 rows)[0m
[32m2026-09-10 10:21:16.479[0m | [34m[1mDEBUG   [0m | [36msrc.data.cache[0m:[36mload_ohlcv[0m:[36m237[0m - [34m[1m[cache] Loaded OHLCV[1d] for OII from OII.json (5049 rows)[0m
[32m2026-09-10 10:21:16.494[0m | [34m[1mDEBUG   [0m | [36msrc.data.cache[0m:[36mload_ohlcv[0m:[36m237[0m - [34m[1m[cache] Loaded OHLCV[1d] for CNM from CNM.json (1282 rows)[0m
[32m2026-09-10 10:21:16.517[0m | [34m[1mDEBUG   [0m | [36msrc.data.cache[0m:[36mload_ohlcv[0m:[36m237[0m - [34m[1m[cache] Loaded OHLCV[1d] for POWL from POWL.json (5049 rows)[0m
[32m2026-09-10 10:21:16.547[0m | [34m[1mDEBUG   [0m | [36msrc.data.cache[0m:[36mload_ohlcv[0m:[36m237[0m - [34m[1m[cache] Loaded OHLCV[1d] for TRS from TRS.json (4858 rows)[0m
[32m2026-09-10 10:21:16.566[0m | [34m[1mDEBUG   [0m | [36msrc.data.cache[0m:[36mload_ohlcv[0m:[36m237[0m - [34m[1m[cache] Loaded OHLCV[1d] for AUGO from AUGO.json (290 rows)[0m
[32m2026-09-10 10:21:16.586[0m | [34m[1mDEBUG   [0m | [36msrc.data.cache[0m:[36mload_ohlcv[0m:[36m237[0m - [34m[1m[cache] Loaded OHLCV[1d] for JAZZ from JAZZ.json (4848 rows)[0m
[32m2026-09-10 10:21:16.619[0m | [34m[1mDEBUG   [0m | [36msrc.data.cache[0m:[36mload_ohlcv[0m:[36m237[0m - [34m[1m[cache] Loaded OHLCV[1d] for CXW from CXW.json (5049 rows)[0m
[32m2026-09-10 10:21:16.645[0m | [34m[1mDEBUG   [0m | [36msrc.data.cache[0m:[36mload_ohlcv[0m:[36m237[0m - [34m[1m[cache] Loaded OHLCV[1d] for WLFC from WLFC.json (5036 rows)[0m
[32m2026-09-10 10:21:16.679[0m | [34m[1mDEBUG   [0m | [36msrc.data.cache[0m:[36mload_ohlcv[0m:[36m237[0m - [34m[1m[cache] Loaded OHLCV[1d] for SNA from SNA.json (5049 rows)[0m
[32m2026-09-10 10:21:16.704[0m | [34m[1mDEBUG   [0m | [36msrc.data.cache[0m:[36mload_ohlcv[0m:[36m237[0m - [34m[1m[cache] Loaded OHLCV[1d] for SBCF from SBCF.json (5049 rows)[0m
[32m2026-09-10 10:21:16.725[0m | [34m[1mDEBUG   [0m | [36msrc.data.cache[0m:[36mload_ohlcv[0m:[36m237[0m - [34m[1m[cache] Loaded OHLCV[1d] for RGNX from RGNX.json (2760 rows)[0m
[32m2026-09-10 10:21:16.740[0m | [34m[1mDEBUG   [0m | [36msrc.data.cache[0m:[36mload_ohlcv[0m:[36m237[0m - [34m[1m[cache] Loaded OHLCV[1d] for RARE from RARE.json (3455 rows)[0m
[32m2026-09-10 10:21:16.761[0m | [34m[1mDEBUG   [0m | [36msrc.data.cache[0m:[36mload_ohlcv[0m:[36m237[0m - [34m[1m[cache] Loaded OHLCV[1d] for DLB from DLB.json (5049 rows)[0m
[32m2026-09-10 10:21:16.777[0m | [34m[1mDEBUG   [0m | [36msrc.data.cache[0m:[36mload_ohlcv[0m:[36m237[0m - [34m[1m[cache] Loaded OHLCV[1d] for ELF from ELF.json (2504 rows)[0m
[32m2026-09-10 10:21:16.795[0m | [34m[1mDEBUG   [0m | [36msrc.data.cache[0m:[36mload_ohlcv[0m:[36m237[0m - [34m[1m[cache] Loaded OHLCV[1d] for AIP from AIP.json (2149 rows)[0m
[32m2026-09-10 10:21:16.821[0m | [34m[1mDEBUG   [0m | [36msrc.data.cache[0m:[36mload_ohlcv[0m:[36m237[0m - [34m[1m[cache] Loaded OHLCV[1d] for PRA from PRA.json (4997 rows)[0m
[32m2026-09-10 10:21:16.851[0m | [34m[1mDEBUG   [0m | [36msrc.data.cache[0m:[36mload_ohlcv[0m:[36m237[0m - [34m[1m[cache] Loaded OHLCV[1d] for SEM from SEM.json (4561 rows)[0m
[32m2026-09-10 10:21:16.874[0m | [34m[1mDEBUG   [0m | [36msrc.data.cache[0m:[36mload_ohlcv[0m:[36m237[0m - [34m[1m[cache] Loaded OHLCV[1d] for MXL from MXL.json (4141 rows)[0m
[32m2026-09-10 10:21:16.902[0m | [34m[1mDEBUG   [0m | [36msrc.data.cache[0m:[36mload_ohlcv[0m:[36m237[0m - [34m[1m[cache] Loaded OHLCV[1d] for FDS from FDS.json (5049 rows)[0m
[32m2026-09-10 10:21:16.934[0m | [34m[1mDEBUG   [0m | [36msrc.data.cache[0m:[36mload_ohlcv[0m:[36m237[0m - [34m[1m[cache] Loaded OHLCV[1d] for GBX from GBX.json (5049 rows)[0m
[32m2026-09-10 10:21:16.960[0m | [34m[1mDEBUG   [0m | [36msrc.data.cache[0m:[36mload_ohlcv[0m:[36m237[0m - [34m[1m[cache] Loaded OHLCV[1d] for GIS from GIS.json (5049 rows)[0m
[32m2026-09-10 10:21:16.987[0m | [34m[1mDEBUG   [0m | [36msrc.data.cache[0m:[36mload_ohlcv[0m:[36m237[0m - [34m[1m[cache] Loaded OHLCV[1d] for MSM from MSM.json (5049 rows)[0m
[32m2026-09-10 10:21:17.018[0m | [34m[1mDEBUG   [0m | [36msrc.data.cache[0m:[36mload_ohlcv[0m:[36m237[0m - [34m[1m[cache] Loaded OHLCV[1d] for AA from AA.json (5049 rows)[0m
[32m2026-09-10 10:21:17.040[0m | [34m[1mDEBUG   [0m | [36msrc.data.cache[0m:[36mload_ohlcv[0m:[36m237[0m - [34m[1m[cache] Loaded OHLCV[1d] for SRRK from SRRK.json (2084 rows)[0m
[32m2026-09-10 10:21:17.052[0m | [34m[1mDEBUG   [0m | [36msrc.data.cache[0m:[36mload_ohlcv[0m:[36m237[0m - [34m[1m[cache] Loaded OHLCV[1d] for TFPM from TFPM.json (1010 rows)[0m
[32m2026-09-10 10:21:17.061[0m | [34m[1mDEBUG   [0m | [36msrc.data.cache[0m:[36mload_ohlcv[0m:[36m237[0m - [34m[1m[cache] Loaded OHLCV[1d] for XMTR from XMTR.json (1287 rows)[0m
[32m2026-09-10 10:21:17.072[0m | [34m[1mDEBUG   [0m | [36msrc.data.cache[0m:[36mload_ohlcv[0m:[36m237[0m - [34m[1m[cache] Loaded OHLCV[1d] for SBSW from SBSW.json (1645 rows)[0m
[32m2026-09-10 10:21:17.090[0m | [34m[1mDEBUG   [0m | [36msrc.data.cache[0m:[36mload_ohlcv[0m:[36m237[0m - [34m[1m[cache] Loaded OHLCV[1d] for IRM from IRM.json (5049 rows)[0m
[32m2026-09-10 10:21:17.119[0m | [34m[1mDEBUG   [0m | [36msrc.data.cache[0m:[36mload_ohlcv[0m:[36m237[0m - [34m[1m[cache] Loaded OHLCV[1d] for S from S.json (4734 rows)[0m
[32m2026-09-10 10:21:17.151[0m | [34m[1mDEBUG   [0m | [36msrc.data.cache[0m:[36mload_ohlcv[0m:[36m237[0m - [34m[1m[cache] Loaded OHLCV[1d] for ALKS from ALKS.json (5046 rows)[0m
[32m2026-09-10 10:21:17.178[0m | [34m[1mDEBUG   [0m | [36msrc.data.cache[0m:[36mload_ohlcv[0m:[36m237[0m - [34m[1m[cache] Loaded OHLCV[1d] for WMB from WMB.json (5049 rows)[0m
[32m2026-09-10 10:21:17.203[0m | [34m[1mDEBUG   [0m | [36msrc.data.cache[0m:[36mload_ohlcv[0m:[36m237[0m - [34m[1m[cache] Loaded OHLCV[1d] for EXLS from EXLS.json (5001 rows)[0m
[32m2026-09-10 10:21:17.232[0m | [34m[1mDEBUG   [0m | [36msrc.data.cache[0m:[36mload_ohlcv[0m:[36m237[0m - [34m[1m[cache] Loaded OHLCV[1d] for LH from LH.json (5049 rows)[0m
[32m2026-09-10 10:21:17.256[0m | [34m[1mDEBUG   [0m | [36msrc.data.cache[0m:[36mload_ohlcv[0m:[36m237[0m - [34m[1m[cache] Loaded OHLCV[1d] for TRU from TRU.json (4440 rows)[0m
[32m2026-09-10 10:21:17.269[0m | [34m[1mDEBUG   [0m | [36msrc.data.cache[0m:[36mload_ohlcv[0m:[36m237[0m - [34m[1m[cache] Loaded OHLCV[1d] for HAYW from HAYW.json (1380 rows)[0m
[32m2026-09-10 10:21:17.284[0m | [34m[1mDEBUG   [0m | [36msrc.data.cache[0m:[36mload_ohlcv[0m:[36m237[0m - [34m[1m[cache] Loaded OHLCV[1d] for MCO from MCO.json (5049 rows)[0m
[32m2026-09-10 10:21:17.309[0m | [34m[1mDEBUG   [0m | [36msrc.data.cache[0m:[36mload_ohlcv[0m:[36m237[0m - [34m[1m[cache] Loaded OHLCV[1d] for SXI from SXI.json (5049 rows)[0m
[32m2026-09-10 10:21:17.330[0m | [34m[1mDEBUG   [0m | [36msrc.data.cache[0m:[36mload_ohlcv[0m:[36m237[0m - [34m[1m[cache] Loaded OHLCV[1d] for ADI from ADI.json (5049 rows)[0m
[32m2026-09-10 10:21:17.350[0m | [34m[1mDEBUG   [0m | [36msrc.data.cache[0m:[36mload_ohlcv[0m:[36m237[0m - [34m[1m[cache] Loaded OHLCV[1d] for NCNO from NCNO.json (1547 rows)[0m
[32m2026-09-10 10:21:17.362[0m | [34m[1mDEBUG   [0m | [36msrc.data.cache[0m:[36mload_ohlcv[0m:[36m237[0m - [34m[1m[cache] Loaded OHLCV[1d] for SDGR from SDGR.json (1656 rows)[0m
[32m2026-09-10 10:21:17.370[0m | [34m[1mDEBUG   [0m | [36msrc.data.cache[0m:[36mload_ohlcv[0m:[36m237[0m - [34m[1m[cache] Loaded OHLCV[1d] for NUVL from NUVL.json (1244 rows)[0m
[32m2026-09-10 10:21:17.376[0m | [34m[1mDEBUG   [0m | [36msrc.data.cache[0m:[36mload_ohlcv[0m:[36m237[0m - [34m[1m[cache] Loaded OHLCV[1d] for SPYM from SPYM.json (332 rows)[0m
[32m2026-09-10 10:21:17.383[0m | [34m[1mDEBUG   [0m | [36msrc.data.cache[0m:[36mload_ohlcv[0m:[36m237[0m - [34m[1m[cache] Loaded OHLCV[1d] for SNEX from SNEX.json (1553 rows)[0m
[32m2026-09-10 10:21:17.396[0m | [34m[1mDEBUG   [0m | [36msrc.data.cache[0m:[36mload_ohlcv[0m:[36m237[0m - [34m[1m[cache] Loaded OHLCV[1d] for ^HSI from ^HSI.json (1252 rows)[0m
[32m2026-09-10 10:21:17.414[0m | [34m[1mDEBUG   [0m | [36msrc.data.cache[0m:[36mload_ohlcv[0m:[36m237[0m - [34m[1m[cache] Loaded OHLCV[1d] for AEM from AEM.json (5049 rows)[0m
[32m2026-09-10 10:21:17.434[0m | [34m[1mDEBUG   [0m | [36msrc.data.cache[0m:[36mload_ohlcv[0m:[36m237[0m - [34m[1m[cache] Loaded OHLCV[1d] for OWL from OWL.json (1332 rows)[0m
[32m2026-09-10 10:21:17.456[0m | [34m[1mDEBUG   [0m | [36msrc.data.cache[0m:[36mload_ohlcv[0m:[36m237[0m - [34m[1m[cache] Loaded OHLCV[1d] for SO from SO.json (5049 rows)[0m
[32m2026-09-10 10:21:17.477[0m | [34m[1mDEBUG   [0m | [36msrc.data.cache[0m:[36mload_ohlcv[0m:[36m237[0m - [34m[1m[cache] Loaded OHLCV[1d] for BITO from BITO.json (1227 rows)[0m
[32m2026-09-10 10:21:17.501[0m | [34m[1mDEBUG   [0m | [36msrc.data.cache[0m:[36mload_ohlcv[0m:[36m237[0m - [34m[1m[cache] Loaded OHLCV[1d] for ISRG from ISRG.json (5049 rows)[0m
[32m2026-09-10 10:21:17.529[0m | [34m[1mDEBUG   [0m | [36msrc.data.cache[0m:[36mload_ohlcv[0m:[36m237[0m - [34m[1m[cache] Loaded OHLCV[1d] for AEHR from AEHR.json (4998 rows)[0m
[32m2026-09-10 10:21:17.550[0m | [34m[1mDEBUG   [0m | [36msrc.data.cache[0m:[36mload_ohlcv[0m:[36m237[0m - [34m[1m[cache] Loaded OHLCV[1d] for ALRM from ALRM.json (2817 rows)[0m
[32m2026-09-10 10:21:17.573[0m | [34m[1mDEBUG   [0m | [36msrc.data.cache[0m:[36mload_ohlcv[0m:[36m237[0m - [34m[1m[cache] Loaded OHLCV[1d] for UCTT from UCTT.json (5049 rows)[0m
[32m2026-09-10 10:21:17.659[0m | [34m[1mDEBUG   [0m | [36msrc.data.cache[0m:[36mload_ohlcv[0m:[36m237[0m - [34m[1m[cache] Loaded OHLCV[1d] for ATEN from ATEN.json (3136 rows)[0m
[32m2026-09-10 10:21:17.675[0m | [34m[1mDEBUG   [0m | [36msrc.data.cache[0m:[36mload_ohlcv[0m:[36m237[0m - [34m[1m[cache] Loaded OHLCV[1d] for MLKN from MLKN.json (1218 rows)[0m
[32m2026-09-10 10:21:17.690[0m | [34m[1mDEBUG   [0m | [36msrc.data.cache[0m:[36mload_ohlcv[0m:[36m237[0m - [34m[1m[cache] Loaded OHLCV[1d] for FRSH from FRSH.json (2519 rows)[0m
[32m2026-09-10 10:21:17.711[0m | [34m[1mDEBUG   [0m | [36msrc.data.cache[0m:[36mload_ohlcv[0m:[36m237[0m - [34m[1m[cache] Loaded OHLCV[1d] for RNG from RNG.json (3256 rows)[0m
[32m2026-09-10 10:21:17.722[0m | [34m[1mDEBUG   [0m | [36msrc.data.cache[0m:[36mload_ohlcv[0m:[36m237[0m - [34m[1m[cache] Loaded OHLCV[1d] for MIAX from MIAX.json (269 rows)[0m
[32m2026-09-10 10:21:17.739[0m | [34m[1mDEBUG   [0m | [36msrc.data.cache[0m:[36mload_ohlcv[0m:[36m237[0m - [34m[1m[cache] Loaded OHLCV[1d] for CAR from CAR.json (5034 rows)[0m
[32m2026-09-10 10:21:17.758[0m | [34m[1mDEBUG   [0m | [36msrc.data.cache[0m:[36mload_ohlcv[0m:[36m237[0m - [34m[1m[cache] Loaded OHLCV[1d] for ^DJI from ^DJI.json (1279 rows)[0m
[32m2026-09-10 10:21:17.771[0m | [34m[1mDEBUG   [0m | [36msrc.data.cache[0m:[36mload_ohlcv[0m:[36m237[0m - [34m[1m[cache] Loaded OHLCV[1d] for CRSP from CRSP.json (2484 rows)[0m
[32m2026-09-10 10:21:17.799[0m | [34m[1mDEBUG   [0m | [36msrc.data.cache[0m:[36mload_ohlcv[0m:[36m237[0m - [34m[1m[cache] Loaded OHLCV[1d] for CVLT from CVLT.json (5021 rows)[0m
[32m2026-09-10 10:21:17.820[0m | [34m[1mDEBUG   [0m | [36msrc.data.cache[0m:[36mload_ohlcv[0m:[36m237[0m - [34m[1m[cache] Loaded OHLCV[1d] for TOST from TOST.json (1246 rows)[0m
[32m2026-09-10 10:21:17.833[0m | [34m[1mDEBUG   [0m | [36msrc.data.cache[0m:[36mload_ohlcv[0m:[36m237[0m - [34m[1m[cache] Loaded OHLCV[1d] for HQY from HQY.json (3045 rows)[0m
[32m2026-09-10 10:21:17.847[0m | [34m[1mDEBUG   [0m | [36msrc.data.cache[0m:[36mload_ohlcv[0m:[36m237[0m - [34m[1m[cache] Loaded OHLCV[1d] for DRUG from DRUG.json (1212 rows)[0m
[32m2026-09-10 10:21:17.862[0m | [34m[1mDEBUG   [0m | [36msrc.data.cache[0m:[36mload_ohlcv[0m:[36m237[0m - [34m[1m[cache] Loaded OHLCV[1d] for W from W.json (3001 rows)[0m
[32m2026-09-10 10:21:17.875[0m | [34m[1mDEBUG   [0m | [36msrc.data.cache[0m:[36mload_ohlcv[0m:[36m237[0m - [34m[1m[cache] Loaded OHLCV[1d] for WKC from WKC.json (810 rows)[0m
[32m2026-09-10 10:21:17.883[0m | [34m[1mDEBUG   [0m | [36msrc.data.cache[0m:[36mload_ohlcv[0m:[36m237[0m - [34m[1m[cache] Loaded OHLCV[1d] for ALMS from ALMS.json (551 rows)[0m
[32m2026-09-10 10:21:17.890[0m | [34m[1mDEBUG   [0m | [36msrc.data.cache[0m:[36mload_ohlcv[0m:[36m237[0m - [34m[1m[cache] Loaded OHLCV[1d] for ORKA from ORKA.json (506 rows)[0m
[32m2026-09-10 10:21:17.905[0m | [34m[1mDEBUG   [0m | [36msrc.data.cache[0m:[36mload_ohlcv[0m:[36m237[0m - [34m[1m[cache] Loaded OHLCV[1d] for PLAY from PLAY.json (3095 rows)[0m
[32m2026-09-10 10:21:17.923[0m | [34m[1mDEBUG   [0m | [36msrc.data.cache[0m:[36mload_ohlcv[0m:[36m237[0m - [34m[1m[cache] Loaded OHLCV[1d] for KRUS from KRUS.json (1786 rows)[0m
[32m2026-09-10 10:21:17.946[0m | [34m[1mDEBUG   [0m | [36msrc.data.cache[0m:[36mload_ohlcv[0m:[36m237[0m - [34m[1m[cache] Loaded OHLCV[1d] for AZZ from AZZ.json (5049 rows)[0m
[32m2026-09-10 10:21:17.966[0m | [34m[1mDEBUG   [0m | [36msrc.data.cache[0m:[36mload_ohlcv[0m:[36m237[0m - [34m[1m[cache] Loaded OHLCV[1d] for LEVI from LEVI.json (1878 rows)[0m
[32m2026-09-10 10:21:17.989[0m | [34m[1mDEBUG   [0m | [36msrc.data.cache[0m:[36mload_ohlcv[0m:[36m237[0m - [34m[1m[cache] Loaded OHLCV[1d] for PSMT from PSMT.json (5049 rows)[0m
[32m2026-09-10 10:21:18.013[0m | [34m[1mDEBUG   [0m | [36msrc.data.cache[0m:[36mload_ohlcv[0m:[36m237[0m - [34m[1m[cache] Loaded OHLCV[1d] for GIII from GIII.json (5049 rows)[0m
[32m2026-09-10 10:21:18.044[0m | [34m[1mDEBUG   [0m | [36msrc.data.cache[0m:[36mload_ohlcv[0m:[36m237[0m - [34m[1m[cache] Loaded OHLCV[1d] for PVH from PVH.json (5049 rows)[0m
[32m2026-09-10 10:21:18.072[0m | [34m[1mDEBUG   [0m | [36msrc.data.cache[0m:[36mload_ohlcv[0m:[36m237[0m - [34m[1m[cache] Loaded OHLCV[1d] for CROX from CROX.json (5049 rows)[0m
[32m2026-09-10 10:21:18.091[0m | [34m[1mDEBUG   [0m | [36msrc.data.cache[0m:[36mload_ohlcv[0m:[36m237[0m - [34m[1m[cache] Loaded OHLCV[1d] for PTON from PTON.json (1747 rows)[0m
[32m2026-09-10 10:21:18.113[0m | [34m[1mDEBUG   [0m | [36msrc.data.cache[0m:[36mload_ohlcv[0m:[36m237[0m - [34m[1m[cache] Loaded OHLCV[1d] for OXM from OXM.json (5049 rows)[0m
[32m2026-09-10 10:21:18.134[0m | [34m[1mDEBUG   [0m | [36msrc.data.cache[0m:[36mload_ohlcv[0m:[36m237[0m - [34m[1m[cache] Loaded OHLCV[1d] for UAA from UAA.json (2451 rows)[0m
[32m2026-09-10 10:21:18.161[0m | [34m[1mDEBUG   [0m | [36msrc.data.cache[0m:[36mload_ohlcv[0m:[36m237[0m - [34m[1m[cache] Loaded OHLCV[1d] for CNC from CNC.json (5049 rows)[0m
[32m2026-09-10 10:21:18.189[0m | [34m[1mDEBUG   [0m | [36msrc.data.cache[0m:[36mload_ohlcv[0m:[36m237[0m - [34m[1m[cache] Loaded OHLCV[1d] for CI from CI.json (5049 rows)[0m
[32m2026-09-10 10:21:18.210[0m | [34m[1mDEBUG   [0m | [36msrc.data.cache[0m:[36mload_ohlcv[0m:[36m237[0m - [34m[1m[cache] Loaded OHLCV[1d] for ELV from ELV.json (2150 rows)[0m
[32m2026-09-10 10:21:18.222[0m | [34m[1mDEBUG   [0m | [36msrc.data.cache[0m:[36mload_ohlcv[0m:[36m237[0m - [34m[1m[cache] Loaded OHLCV[1d] for TENB from TENB.json (2041 rows)[0m
[32m2026-09-10 10:21:18.234[0m | [34m[1mDEBUG   [0m | [36msrc.data.cache[0m:[36mload_ohlcv[0m:[36m237[0m - [34m[1m[cache] Loaded OHLCV[1d] for RTY=F from RTY=F.json (1285 rows)[0m
[32m2026-09-10 10:21:18.246[0m | [34m[1mDEBUG   [0m | [36msrc.data.cache[0m:[36mload_ohlcv[0m:[36m237[0m - [34m[1m[cache] Loaded OHLCV[1d] for ^N225 from ^N225.json (1247 rows)[0m
[32m2026-09-10 10:21:18.254[0m | [34m[1mDEBUG   [0m | [36msrc.data.cache[0m:[36mload_ohlcv[0m:[36m237[0m - [34m[1m[cache] Loaded OHLCV[1d] for BMNR from BMNR.json (876 rows)[0m
[32m2026-09-10 10:21:18.275[0m | [34m[1mDEBUG   [0m | [36msrc.data.cache[0m:[36mload_ohlcv[0m:[36m237[0m - [34m[1m[cache] Loaded OHLCV[1d] for CLRO from CLRO.json (4698 rows)[0m
[32m2026-09-10 10:21:18.301[0m | [34m[1mDEBUG   [0m | [36msrc.data.cache[0m:[36mload_ohlcv[0m:[36m237[0m - [34m[1m[cache] Loaded OHLCV[1d] for IEP from IEP.json (4774 rows)[0m
[32m2026-09-10 10:21:18.313[0m | [34m[1mDEBUG   [0m | [36msrc.data.cache[0m:[36mload_ohlcv[0m:[36m237[0m - [34m[1m[cache] Loaded OHLCV[1d] for ACDC from ACDC.json (965 rows)[0m
[32m2026-09-10 10:21:18.324[0m | [34m[1mDEBUG   [0m | [36msrc.data.cache[0m:[36mload_ohlcv[0m:[36m237[0m - [34m[1m[cache] Loaded OHLCV[1d] for ZIM from ZIM.json (1410 rows)[0m
[32m2026-09-10 10:21:18.340[0m | [34m[1mDEBUG   [0m | [36msrc.data.cache[0m:[36mload_ohlcv[0m:[36m237[0m - [34m[1m[cache] Loaded OHLCV[1d] for BNED from BNED.json (2792 rows)[0m
[32m2026-09-10 10:21:18.353[0m | [34m[1mDEBUG   [0m | [36msrc.data.cache[0m:[36mload_ohlcv[0m:[36m237[0m - [34m[1m[cache] Loaded OHLCV[1d] for SOUN from SOUN.json (1095 rows)[0m
[32m2026-09-10 10:21:18.375[0m | [34m[1mDEBUG   [0m | [36msrc.data.cache[0m:[36mload_ohlcv[0m:[36m237[0m - [34m[1m[cache] Loaded OHLCV[1d] for BAX from BAX.json (5049 rows)[0m
[32m2026-09-10 10:21:18.406[0m | [34m[1mDEBUG   [0m | [36msrc.data.cache[0m:[36mload_ohlcv[0m:[36m237[0m - [34m[1m[cache] Loaded OHLCV[1d] for BLDP from BLDP.json (5029 rows)[0m
[32m2026-09-10 10:21:18.425[0m | [34m[1mDEBUG   [0m | [36msrc.data.cache[0m:[36mload_ohlcv[0m:[36m237[0m - [34m[1m[cache] Loaded OHLCV[1d] for NRDS from NRDS.json (1215 rows)[0m
[32m2026-09-10 10:21:18.446[0m | [34m[1mDEBUG   [0m | [36msrc.data.cache[0m:[36mload_ohlcv[0m:[36m237[0m - [34m[1m[cache] Loaded OHLCV[1d] for KOS from KOS.json (4786 rows)[0m
[32m2026-09-10 10:21:18.464[0m | [34m[1mDEBUG   [0m | [36msrc.data.cache[0m:[36mload_ohlcv[0m:[36m237[0m - [34m[1m[cache] Loaded OHLCV[1d] for INDI from INDI.json (1282 rows)[0m
[32m2026-09-10 10:21:18.483[0m | [34m[1mDEBUG   [0m | [36msrc.data.cache[0m:[36mload_ohlcv[0m:[36m237[0m - [34m[1m[cache] Loaded OHLCV[1d] for TTI from TTI.json (5049 rows)[0m
[32m2026-09-10 10:21:18.501[0m | [34m[1mDEBUG   [0m | [36msrc.data.cache[0m:[36mload_ohlcv[0m:[36m237[0m - [34m[1m[cache] Loaded OHLCV[1d] for CGEM from CGEM.json (1423 rows)[0m
[32m2026-09-10 10:21:18.511[0m | [34m[1mDEBUG   [0m | [36msrc.data.cache[0m:[36mload_ohlcv[0m:[36m237[0m - [34m[1m[cache] Loaded OHLCV[1d] for CLBT from CLBT.json (1261 rows)[0m
[32m2026-09-10 10:21:18.520[0m | [34m[1mDEBUG   [0m | [36msrc.data.cache[0m:[36mload_ohlcv[0m:[36m237[0m - [34m[1m[cache] Loaded OHLCV[1d] for TBRG from TBRG.json (787 rows)[0m
[32m2026-09-10 10:21:18.541[0m | [34m[1mDEBUG   [0m | [36msrc.data.cache[0m:[36mload_ohlcv[0m:[36m237[0m - [34m[1m[cache] Loaded OHLCV[1d] for DXCM from DXCM.json (5048 rows)[0m
[32m2026-09-10 10:21:18.563[0m | [34m[1mDEBUG   [0m | [36msrc.data.cache[0m:[36mload_ohlcv[0m:[36m237[0m - [34m[1m[cache] Loaded OHLCV[1d] for CIBR from CIBR.json (2811 rows)[0m
[32m2026-09-10 10:21:18.589[0m | [34m[1mDEBUG   [0m | [36msrc.data.cache[0m:[36mload_ohlcv[0m:[36m237[0m - [34m[1m[cache] Loaded OHLCV[1d] for FTNT from FTNT.json (4226 rows)[0m
[32m2026-09-10 10:21:18.609[0m | [34m[1mDEBUG   [0m | [36msrc.data.cache[0m:[36mload_ohlcv[0m:[36m237[0m - [34m[1m[cache] Loaded OHLCV[1d] for OKTA from OKTA.json (2368 rows)[0m
[32m2026-09-10 10:21:18.632[0m | [34m[1mDEBUG   [0m | [36msrc.data.cache[0m:[36mload_ohlcv[0m:[36m237[0m - [34m[1m[cache] Loaded OHLCV[1d] for SOXS from SOXS.json (4148 rows)[0m
[32m2026-09-10 10:21:18.652[0m | [34m[1mDEBUG   [0m | [36msrc.data.cache[0m:[36mload_ohlcv[0m:[36m237[0m - [34m[1m[cache] Loaded OHLCV[1d] for EPAC from EPAC.json (1740 rows)[0m
[32m2026-09-10 10:21:18.673[0m | [34m[1mDEBUG   [0m | [36msrc.data.cache[0m:[36mload_ohlcv[0m:[36m237[0m - [34m[1m[cache] Loaded OHLCV[1d] for HELE from HELE.json (5049 rows)[0m
[32m2026-09-10 10:21:18.687[0m | [34m[1mDEBUG   [0m | [36msrc.data.cache[0m:[36mload_ohlcv[0m:[36m237[0m - [34m[1m[cache] Loaded OHLCV[1d] for NRIX from NRIX.json (1539 rows)[0m
[32m2026-09-10 10:21:18.703[0m | [34m[1mDEBUG   [0m | [36msrc.data.cache[0m:[36mload_ohlcv[0m:[36m237[0m - [34m[1m[cache] Loaded OHLCV[1d] for FEIM from FEIM.json (4967 rows)[0m
[32m2026-09-10 10:21:18.715[0m | [34m[1mDEBUG   [0m | [36msrc.data.cache[0m:[36mload_ohlcv[0m:[36m237[0m - [34m[1m[cache] Loaded OHLCV[1d] for ABTC from ABTC.json (256 rows)[0m
[32m2026-09-10 10:21:18.729[0m | [34m[1mDEBUG   [0m | [36msrc.data.cache[0m:[36mload_ohlcv[0m:[36m237[0m - [34m[1m[cache] Loaded OHLCV[1d] for LOCO from LOCO.json (3049 rows)[0m
[32m2026-09-10 10:21:18.748[0m | [34m[1mDEBUG   [0m | [36msrc.data.cache[0m:[36mload_ohlcv[0m:[36m237[0m - [34m[1m[cache] Loaded OHLCV[1d] for BFLY from BFLY.json (3019 rows)[0m
[32m2026-09-10 10:21:18.770[0m | [34m[1mDEBUG   [0m | [36msrc.data.cache[0m:[36mload_ohlcv[0m:[36m237[0m - [34m[1m[cache] Loaded OHLCV[1d] for EVER from EVER.json (3343 rows)[0m
[32m2026-09-10 10:21:18.794[0m | [34m[1mDEBUG   [0m | [36msrc.data.cache[0m:[36mload_ohlcv[0m:[36m237[0m - [34m[1m[cache] Loaded OHLCV[1d] for AMC from AMC.json (3756 rows)[0m
[32m2026-09-10 10:21:18.823[0m | [34m[1mDEBUG   [0m | [36msrc.data.cache[0m:[36mload_ohlcv[0m:[36m237[0m - [34m[1m[cache] Loaded OHLCV[1d] for MKSI from MKSI.json (5049 rows)[0m
[32m2026-09-10 10:21:18.851[0m | [34m[1mDEBUG   [0m | [36msrc.data.cache[0m:[36mload_ohlcv[0m:[36m237[0m - [34m[1m[cache] Loaded OHLCV[1d] for COHU from COHU.json (5049 rows)[0m
[32m2026-09-10 10:21:18.885[0m | [34m[1mDEBUG   [0m | [36msrc.data.cache[0m:[36mload_ohlcv[0m:[36m237[0m - [34m[1m[cache] Loaded OHLCV[1d] for MRTN from MRTN.json (5049 rows)[0m
[32m2026-09-10 10:21:18.914[0m | [34m[1mDEBUG   [0m | [36msrc.data.cache[0m:[36mload_ohlcv[0m:[36m237[0m - [34m[1m[cache] Loaded OHLCV[1d] for SRCE from SRCE.json (5049 rows)[0m
[32m2026-09-10 10:21:18.936[0m | [34m[1mDEBUG   [0m | [36msrc.data.cache[0m:[36mload_ohlcv[0m:[36m237[0m - [34m[1m[cache] Loaded OHLCV[1d] for SII from SII.json (2575 rows)[0m
[32m2026-09-10 10:21:18.949[0m | [34m[1mDEBUG   [0m | [36msrc.data.cache[0m:[36mload_ohlcv[0m:[36m237[0m - [34m[1m[cache] Loaded OHLCV[1d] for NRGV from NRGV.json (1146 rows)[0m
[32m2026-09-10 10:21:18.958[0m | [34m[1mDEBUG   [0m | [36msrc.data.cache[0m:[36mload_ohlcv[0m:[36m237[0m - [34m[1m[cache] Loaded OHLCV[1d] for QTTB from QTTB.json (616 rows)[0m
[32m2026-09-10 10:21:18.965[0m | [34m[1mDEBUG   [0m | [36msrc.data.cache[0m:[36mload_ohlcv[0m:[36m237[0m - [34m[1m[cache] Loaded OHLCV[1d] for EZBC from EZBC.json (667 rows)[0m
[32m2026-09-10 10:21:18.976[0m | [34m[1mDEBUG   [0m | [36msrc.data.cache[0m:[36mload_ohlcv[0m:[36m237[0m - [34m[1m[cache] Loaded OHLCV[1d] for ORIC from ORIC.json (1602 rows)[0m
[32m2026-09-10 10:21:18.985[0m | [34m[1mDEBUG   [0m | [36msrc.data.cache[0m:[36mload_ohlcv[0m:[36m237[0m - [34m[1m[cache] Loaded OHLCV[1d] for ONON from ONON.json (1251 rows)[0m
[32m2026-09-10 10:21:18.993[0m | [34m[1mDEBUG   [0m | [36msrc.data.cache[0m:[36mload_ohlcv[0m:[36m237[0m - [34m[1m[cache] Loaded OHLCV[1d] for LMND from LMND.json (1554 rows)[0m
[32m2026-09-10 10:21:19.010[0m | [34m[1mDEBUG   [0m | [36msrc.data.cache[0m:[36mload_ohlcv[0m:[36m237[0m - [34m[1m[cache] Loaded OHLCV[1d] for PHR from PHR.json (3003 rows)[0m
[32m2026-09-10 10:21:19.092[0m | [34m[1mDEBUG   [0m | [36msrc.data.cache[0m:[36mload_ohlcv[0m:[36m237[0m - [34m[1m[cache] Loaded OHLCV[1d] for CWH from CWH.json (3521 rows)[0m
[32m2026-09-10 10:21:19.116[0m | [34m[1mDEBUG   [0m | [36msrc.data.cache[0m:[36mload_ohlcv[0m:[36m237[0m - [34m[1m[cache] Loaded OHLCV[1d] for HSTM from HSTM.json (5046 rows)[0m
[32m2026-09-10 10:21:19.133[0m | [34m[1mDEBUG   [0m | [36msrc.data.cache[0m:[36mload_ohlcv[0m:[36m237[0m - [34m[1m[cache] Loaded OHLCV[1d] for ODD from ODD.json (789 rows)[0m
[32m2026-09-10 10:21:19.152[0m | [34m[1mDEBUG   [0m | [36msrc.data.cache[0m:[36mload_ohlcv[0m:[36m237[0m - [34m[1m[cache] Loaded OHLCV[1d] for SFM from SFM.json (3705 rows)[0m
[32m2026-09-10 10:21:19.178[0m | [34m[1mDEBUG   [0m | [36msrc.data.cache[0m:[36mload_ohlcv[0m:[36m237[0m - [34m[1m[cache] Loaded OHLCV[1d] for BKE from BKE.json (5049 rows)[0m
[32m2026-09-10 10:21:19.201[0m | [34m[1mDEBUG   [0m | [36msrc.data.cache[0m:[36mload_ohlcv[0m:[36m237[0m - [34m[1m[cache] Loaded OHLCV[1d] for XERS from XERS.json (2065 rows)[0m
[32m2026-09-10 10:21:19.224[0m | [34m[1mDEBUG   [0m | [36msrc.data.cache[0m:[36mload_ohlcv[0m:[36m237[0m - [34m[1m[cache] Loaded OHLCV[1d] for TYG from TYG.json (5049 rows)[0m
[32m2026-09-10 10:21:19.237[0m | [34m[1mDEBUG   [0m | [36msrc.data.cache[0m:[36mload_ohlcv[0m:[36m237[0m - [34m[1m[cache] Loaded OHLCV[1d] for ELE from ELE.json (527 rows)[0m
[32m2026-09-10 10:21:19.254[0m | [34m[1mDEBUG   [0m | [36msrc.data.cache[0m:[36mload_ohlcv[0m:[36m237[0m - [34m[1m[cache] Loaded OHLCV[1d] for BBSI from BBSI.json (5049 rows)[0m
[32m2026-09-10 10:21:19.265[0m | [34m[1mDEBUG   [0m | [36msrc.data.cache[0m:[36mload_ohlcv[0m:[36m237[0m - [34m[1m[cache] Loaded OHLCV[1d] for SION from SION.json (398 rows)[0m
[32m2026-09-10 10:21:19.270[0m | [34m[1mDEBUG   [0m | [36msrc.data.cache[0m:[36mload_ohlcv[0m:[36m237[0m - [34m[1m[cache] Loaded OHLCV[1d] for LILAP from LILAP.json (58 rows)[0m
[32m2026-09-10 10:21:19.279[0m | [34m[1mDEBUG   [0m | [36msrc.data.cache[0m:[36mload_ohlcv[0m:[36m237[0m - [34m[1m[cache] Loaded OHLCV[1d] for AVTX from AVTX.json (1264 rows)[0m
[32m2026-09-10 10:21:19.291[0m | [34m[1mDEBUG   [0m | [36msrc.data.cache[0m:[36mload_ohlcv[0m:[36m237[0m - [34m[1m[cache] Loaded OHLCV[1d] for ARX from ARX.json (1243 rows)[0m
[32m2026-09-10 10:21:19.311[0m | [34m[1mDEBUG   [0m | [36msrc.data.cache[0m:[36mload_ohlcv[0m:[36m237[0m - [34m[1m[cache] Loaded OHLCV[1d] for TATT from TATT.json (3846 rows)[0m
[32m2026-09-10 10:21:19.327[0m | [34m[1mDEBUG   [0m | [36msrc.data.cache[0m:[36mload_ohlcv[0m:[36m237[0m - [34m[1m[cache] Loaded OHLCV[1d] for BJDX from BJDX.json (1210 rows)[0m
[32m2026-09-10 10:21:19.332[0m | [34m[1mDEBUG   [0m | [36msrc.data.cache[0m:[36mload_ohlcv[0m:[36m237[0m - [34m[1m[cache] Loaded OHLCV[1d] for TDIC from TDIC.json (285 rows)[0m
[32m2026-09-10 10:21:19.337[0m | [34m[1mDEBUG   [0m | [36msrc.data.cache[0m:[36mload_ohlcv[0m:[36m237[0m - [34m[1m[cache] Loaded OHLCV[1d] for PDYN from PDYN.json (608 rows)[0m
[32m2026-09-10 10:21:19.344[0m | [34m[1mDEBUG   [0m | [36msrc.data.cache[0m:[36mload_ohlcv[0m:[36m237[0m - [34m[1m[cache] Loaded OHLCV[1d] for AMPG from AMPG.json (1397 rows)[0m
[32m2026-09-10 10:21:19.351[0m | [34m[1mDEBUG   [0m | [36msrc.data.cache[0m:[36mload_ohlcv[0m:[36m237[0m - [34m[1m[cache] Loaded OHLCV[1d] for TMC from TMC.json (1254 rows)[0m
[32m2026-09-10 10:21:19.372[0m | [34m[1mDEBUG   [0m | [36msrc.data.cache[0m:[36mload_ohlcv[0m:[36m237[0m - [34m[1m[cache] Loaded OHLCV[1d] for ADM from ADM.json (5049 rows)[0m
[32m2026-09-10 10:21:19.403[0m | [34m[1mDEBUG   [0m | [36msrc.data.cache[0m:[36mload_ohlcv[0m:[36m237[0m - [34m[1m[cache] Loaded OHLCV[1d] for STT from STT.json (5049 rows)[0m
[32m2026-09-10 10:21:19.426[0m | [34m[1mDEBUG   [0m | [36msrc.data.cache[0m:[36mload_ohlcv[0m:[36m237[0m - [34m[1m[cache] Loaded OHLCV[1d] for BAND from BAND.json (2217 rows)[0m
[32m2026-09-10 10:21:19.438[0m | [34m[1mDEBUG   [0m | [36msrc.data.cache[0m:[36mload_ohlcv[0m:[36m237[0m - [34m[1m[cache] Loaded OHLCV[1d] for DOCN from DOCN.json (1372 rows)[0m
[32m2026-09-10 10:21:19.445[0m | [34m[1mDEBUG   [0m | [36msrc.data.cache[0m:[36mload_ohlcv[0m:[36m237[0m - [34m[1m[cache] Loaded OHLCV[1d] for AADX from AADX.json (68 rows)[0m
[32m2026-09-10 10:21:19.462[0m | [34m[1mDEBUG   [0m | [36msrc.data.cache[0m:[36mload_ohlcv[0m:[36m237[0m - [34m[1m[cache] Loaded OHLCV[1d] for KO from KO.json (5049 rows)[0m
[32m2026-09-10 10:21:19.482[0m | [34m[1mDEBUG   [0m | [36msrc.data.cache[0m:[36mload_ohlcv[0m:[36m237[0m - [34m[1m[cache] Loaded OHLCV[1d] for MNPR from MNPR.json (1686 rows)[0m
[32m2026-09-10 10:21:19.491[0m | [34m[1mDEBUG   [0m | [36msrc.data.cache[0m:[36mload_ohlcv[0m:[36m237[0m - [34m[1m[cache] Loaded OHLCV[1d] for BATL from BATL.json (1645 rows)[0m
[32m2026-09-10 10:21:19.512[0m | [34m[1mDEBUG   [0m | [36msrc.data.cache[0m:[36mload_ohlcv[0m:[36m237[0m - [34m[1m[cache] Loaded OHLCV[1d] for USO from USO.json (5049 rows)[0m
[32m2026-09-10 10:21:19.540[0m | [34m[1mDEBUG   [0m | [36msrc.data.cache[0m:[36mload_ohlcv[0m:[36m237[0m - [34m[1m[cache] Loaded OHLCV[1d] for TZA from TZA.json (4487 rows)[0m
[32m2026-09-10 10:21:19.565[0m | [34m[1mDEBUG   [0m | [36msrc.data.cache[0m:[36mload_ohlcv[0m:[36m237[0m - [34m[1m[cache] Loaded OHLCV[1d] for AGIO from AGIO.json (3302 rows)[0m
[32m2026-09-10 10:21:19.591[0m | [34m[1mDEBUG   [0m | [36msrc.data.cache[0m:[36mload_ohlcv[0m:[36m237[0m - [34m[1m[cache] Loaded OHLCV[1d] for CORT from CORT.json (5047 rows)[0m
[32m2026-09-10 10:21:19.612[0m | [34m[1mDEBUG   [0m | [36msrc.data.cache[0m:[36mload_ohlcv[0m:[36m237[0m - [34m[1m[cache] Loaded OHLCV[1d] for CMPS from CMPS.json (1500 rows)[0m
[32m2026-09-10 10:21:19.633[0m | [34m[1mDEBUG   [0m | [36msrc.data.cache[0m:[36mload_ohlcv[0m:[36m237[0m - [34m[1m[cache] Loaded OHLCV[1d] for ATAI from ATAI.json (4160 rows)[0m
[32m2026-09-10 10:21:19.663[0m | [34m[1mDEBUG   [0m | [36msrc.data.cache[0m:[36mload_ohlcv[0m:[36m237[0m - [34m[1m[cache] Loaded OHLCV[1d] for DIOD from DIOD.json (5049 rows)[0m
[32m2026-09-10 10:21:19.692[0m | [34m[1mDEBUG   [0m | [36msrc.data.cache[0m:[36mload_ohlcv[0m:[36m237[0m - [34m[1m[cache] Loaded OHLCV[1d] for CLFD from CLFD.json (4693 rows)[0m
[32m2026-09-10 10:21:19.705[0m | [34m[1mDEBUG   [0m | [36msrc.data.cache[0m:[36mload_ohlcv[0m:[36m237[0m - [34m[1m[cache] Loaded OHLCV[1d] for CVSA from CVSA.json (147 rows)[0m
[32m2026-09-10 10:21:19.726[0m | [34m[1mDEBUG   [0m | [36msrc.data.cache[0m:[36mload_ohlcv[0m:[36m237[0m - [34m[1m[cache] Loaded OHLCV[1d] for PBH from PBH.json (5049 rows)[0m
[32m2026-09-10 10:21:19.744[0m | [34m[1mDEBUG   [0m | [36msrc.data.cache[0m:[36mload_ohlcv[0m:[36m237[0m - [34m[1m[cache] Loaded OHLCV[1d] for IVT from IVT.json (1232 rows)[0m
[32m2026-09-10 10:21:19.756[0m | [34m[1mDEBUG   [0m | [36msrc.data.cache[0m:[36mload_ohlcv[0m:[36m237[0m - [34m[1m[cache] Loaded OHLCV[1d] for PALI from PALI.json (1348 rows)[0m
[32m2026-09-10 10:21:19.774[0m | [34m[1mDEBUG   [0m | [36msrc.data.cache[0m:[36mload_ohlcv[0m:[36m237[0m - [34m[1m[cache] Loaded OHLCV[1d] for ANIP from ANIP.json (3306 rows)[0m
[32m2026-09-10 10:21:19.797[0m | [34m[1mDEBUG   [0m | [36msrc.data.cache[0m:[36mload_ohlcv[0m:[36m237[0m - [34m[1m[cache] Loaded OHLCV[1d] for WOOF from WOOF.json (4208 rows)[0m
[32m2026-09-10 10:21:19.807[0m | [34m[1mDEBUG   [0m | [36msrc.data.cache[0m:[36mload_ohlcv[0m:[36m237[0m - [34m[1m[cache] Loaded OHLCV[1d] for CLYM from CLYM.json (484 rows)[0m
[32m2026-09-10 10:21:19.812[0m | [34m[1mDEBUG   [0m | [36msrc.data.cache[0m:[36mload_ohlcv[0m:[36m237[0m - [34m[1m[cache] Loaded OHLCV[1d] for ALMR from ALMR.json (100 rows)[0m
[32m2026-09-10 10:21:19.822[0m | [34m[1mDEBUG   [0m | [36msrc.data.cache[0m:[36mload_ohlcv[0m:[36m237[0m - [34m[1m[cache] Loaded OHLCV[1d] for ACA from ACA.json (2248 rows)[0m
[32m2026-09-10 10:21:19.838[0m | [34m[1mDEBUG   [0m | [36msrc.data.cache[0m:[36mload_ohlcv[0m:[36m237[0m - [34m[1m[cache] Loaded OHLCV[1d] for PNTG from PNTG.json (1744 rows)[0m
[32m2026-09-10 10:21:19.852[0m | [34m[1mDEBUG   [0m | [36msrc.data.cache[0m:[36mload_ohlcv[0m:[36m237[0m - [34m[1m[cache] Loaded OHLCV[1d] for IDYA from IDYA.json (1834 rows)[0m
[32m2026-09-10 10:21:19.868[0m | [34m[1mDEBUG   [0m | [36msrc.data.cache[0m:[36mload_ohlcv[0m:[36m237[0m - [34m[1m[cache] Loaded OHLCV[1d] for HRI from HRI.json (2561 rows)[0m
[32m2026-09-10 10:21:19.882[0m | [34m[1mDEBUG   [0m | [36msrc.data.cache[0m:[36mload_ohlcv[0m:[36m237[0m - [34m[1m[cache] Loaded OHLCV[1d] for XP from XP.json (1694 rows)[0m
[32m2026-09-10 10:21:19.898[0m | [34m[1mDEBUG   [0m | [36msrc.data.cache[0m:[36mload_ohlcv[0m:[36m237[0m - [34m[1m[cache] Loaded OHLCV[1d] for IRWD from IRWD.json (4175 rows)[0m
[32m2026-09-10 10:21:19.910[0m | [34m[1mDEBUG   [0m | [36msrc.data.cache[0m:[36mload_ohlcv[0m:[36m237[0m - [34m[1m[cache] Loaded OHLCV[1d] for BCAX from BCAX.json (498 rows)[0m
[32m2026-09-10 10:21:19.926[0m | [34m[1mDEBUG   [0m | [36msrc.data.cache[0m:[36mload_ohlcv[0m:[36m237[0m - [34m[1m[cache] Loaded OHLCV[1d] for MGTX from MGTX.json (2074 rows)[0m
[32m2026-09-10 10:21:19.946[0m | [34m[1mDEBUG   [0m | [36msrc.data.cache[0m:[36mload_ohlcv[0m:[36m237[0m - [34m[1m[cache] Loaded OHLCV[1d] for KN from KN.json (3150 rows)[0m
[32m2026-09-10 10:21:19.959[0m | [34m[1mDEBUG   [0m | [36msrc.data.cache[0m:[36mload_ohlcv[0m:[36m237[0m - [34m[1m[cache] Loaded OHLCV[1d] for CBLL from CBLL.json (478 rows)[0m
[32m2026-09-10 10:21:19.967[0m | [34m[1mDEBUG   [0m | [36msrc.data.cache[0m:[36mload_ohlcv[0m:[36m237[0m - [34m[1m[cache] Loaded OHLCV[1d] for DLO from DLO.json (1282 rows)[0m
[32m2026-09-10 10:21:19.981[0m | [34m[1mDEBUG   [0m | [36msrc.data.cache[0m:[36mload_ohlcv[0m:[36m237[0m - [34m[1m[cache] Loaded OHLCV[1d] for TRNO from TRNO.json (4170 rows)[0m
[32m2026-09-10 10:21:19.993[0m | [34m[1mDEBUG   [0m | [36msrc.data.cache[0m:[36mload_ohlcv[0m:[36m237[0m - [34m[1m[cache] Loaded OHLCV[1d] for SAIL from SAIL.json (1586 rows)[0m
[32m2026-09-10 10:21:20.007[0m | [34m[1mDEBUG   [0m | [36msrc.data.cache[0m:[36mload_ohlcv[0m:[36m237[0m - [34m[1m[cache] Loaded OHLCV[1d] for APPN from APPN.json (2335 rows)[0m
[32m2026-09-10 10:21:20.016[0m | [34m[1mDEBUG   [0m | [36msrc.data.cache[0m:[36mload_ohlcv[0m:[36m237[0m - [34m[1m[cache] Loaded OHLCV[1d] for CMDB from CMDB.json (337 rows)[0m
[32m2026-09-10 10:21:20.025[0m | [34m[1mDEBUG   [0m | [36msrc.data.cache[0m:[36mload_ohlcv[0m:[36m237[0m - [34m[1m[cache] Loaded OHLCV[1d] for NCRA from NCRA.json (1080 rows)[0m
[32m2026-09-10 10:21:20.042[0m | [34m[1mDEBUG   [0m | [36msrc.data.cache[0m:[36mload_ohlcv[0m:[36m237[0m - [34m[1m[cache] Loaded OHLCV[1d] for LFVN from LFVN.json (3517 rows)[0m
[32m2026-09-10 10:21:20.055[0m | [34m[1mDEBUG   [0m | [36msrc.data.cache[0m:[36mload_ohlcv[0m:[36m237[0m - [34m[1m[cache] Loaded OHLCV[1d] for BBOT from BBOT.json (271 rows)[0m
[32m2026-09-10 10:21:20.066[0m | [34m[1mDEBUG   [0m | [36msrc.data.cache[0m:[36mload_ohlcv[0m:[36m237[0m - [34m[1m[cache] Loaded OHLCV[1d] for LX from LX.json (2189 rows)[0m
[32m2026-09-10 10:21:20.080[0m | [34m[1mDEBUG   [0m | [36msrc.data.cache[0m:[36mload_ohlcv[0m:[36m237[0m - [34m[1m[cache] Loaded OHLCV[1d] for BZ=F from BZ=F.json (1284 rows)[0m
[32m2026-09-10 10:21:20.094[0m | [34m[1mDEBUG   [0m | [36msrc.data.cache[0m:[36mload_ohlcv[0m:[36m237[0m - [34m[1m[cache] Loaded OHLCV[1d] for TLRY from TLRY.json (2046 rows)[0m
[32m2026-09-10 10:21:20.113[0m | [34m[1mDEBUG   [0m | [36msrc.data.cache[0m:[36mload_ohlcv[0m:[36m237[0m - [34m[1m[cache] Loaded OHLCV[1d] for NNBR from NNBR.json (5049 rows)[0m
[32m2026-09-10 10:21:20.133[0m | [34m[1mDEBUG   [0m | [36msrc.data.cache[0m:[36mload_ohlcv[0m:[36m237[0m - [34m[1m[cache] Loaded OHLCV[1d] for TARA from TARA.json (1674 rows)[0m
[32m2026-09-10 10:21:20.147[0m | [34m[1mDEBUG   [0m | [36msrc.data.cache[0m:[36mload_ohlcv[0m:[36m237[0m - [34m[1m[cache] Loaded OHLCV[1d] for AIXI from AIXI.json (879 rows)[0m
[32m2026-09-10 10:21:20.153[0m | [34m[1mDEBUG   [0m | [36msrc.data.cache[0m:[36mload_ohlcv[0m:[36m237[0m - [34m[1m[cache] Loaded OHLCV[1d] for FRMM from FRMM.json (133 rows)[0m
[32m2026-09-10 10:21:20.159[0m | [34m[1mDEBUG   [0m | [36msrc.data.cache[0m:[36mload_ohlcv[0m:[36m237[0m - [34m[1m[cache] Loaded OHLCV[1d] for ENOV from ENOV.json (1111 rows)[0m
[32m2026-09-10 10:21:20.168[0m | [34m[1mDEBUG   [0m | [36msrc.data.cache[0m:[36mload_ohlcv[0m:[36m237[0m - [34m[1m[cache] Loaded OHLCV[1d] for ANNX from ANNX.json (1539 rows)[0m
[32m2026-09-10 10:21:20.177[0m | [34m[1mDEBUG   [0m | [36msrc.data.cache[0m:[36mload_ohlcv[0m:[36m237[0m - [34m[1m[cache] Loaded OHLCV[1d] for REAL from REAL.json (1809 rows)[0m
[32m2026-09-10 10:21:20.198[0m | [34m[1mDEBUG   [0m | [36msrc.data.cache[0m:[36mload_ohlcv[0m:[36m237[0m - [34m[1m[cache] Loaded OHLCV[1d] for SIG from SIG.json (5049 rows)[0m
[32m2026-09-10 10:21:20.218[0m | [34m[1mDEBUG   [0m | [36msrc.data.cache[0m:[36mload_ohlcv[0m:[36m237[0m - [34m[1m[cache] Loaded OHLCV[1d] for ORLA from ORLA.json (1406 rows)[0m
[32m2026-09-10 10:21:20.234[0m | [34m[1mDEBUG   [0m | [36msrc.data.cache[0m:[36mload_ohlcv[0m:[36m237[0m - [34m[1m[cache] Loaded OHLCV[1d] for FN from FN.json (4076 rows)[0m
[32m2026-09-10 10:21:20.254[0m | [34m[1mDEBUG   [0m | [36msrc.data.cache[0m:[36mload_ohlcv[0m:[36m237[0m - [34m[1m[cache] Loaded OHLCV[1d] for G from G.json (4806 rows)[0m
[32m2026-09-10 10:21:20.279[0m | [34m[1mDEBUG   [0m | [36msrc.data.cache[0m:[36mload_ohlcv[0m:[36m237[0m - [34m[1m[cache] Loaded OHLCV[1d] for MPWR from MPWR.json (5049 rows)[0m
[32m2026-09-10 10:21:20.301[0m | [34m[1mDEBUG   [0m | [36msrc.data.cache[0m:[36mload_ohlcv[0m:[36m237[0m - [34m[1m[cache] Loaded OHLCV[1d] for VSTM from VSTM.json (3675 rows)[0m
[32m2026-09-10 10:21:20.320[0m | [34m[1mDEBUG   [0m | [36msrc.data.cache[0m:[36mload_ohlcv[0m:[36m237[0m - [34m[1m[cache] Loaded OHLCV[1d] for AAL from AAL.json (3206 rows)[0m
[32m2026-09-10 10:21:20.332[0m | [34m[1mDEBUG   [0m | [36msrc.data.cache[0m:[36mload_ohlcv[0m:[36m237[0m - [34m[1m[cache] Loaded OHLCV[1d] for SKYQ from SKYQ.json (479 rows)[0m
[32m2026-09-10 10:21:20.342[0m | [34m[1mDEBUG   [0m | [36msrc.data.cache[0m:[36mload_ohlcv[0m:[36m237[0m - [34m[1m[cache] Loaded OHLCV[1d] for PRME from PRME.json (1491 rows)[0m
[32m2026-09-10 10:21:20.354[0m | [34m[1mDEBUG   [0m | [36msrc.data.cache[0m:[36mload_ohlcv[0m:[36m237[0m - [34m[1m[cache] Loaded OHLCV[1d] for VEL from VEL.json (1669 rows)[0m
[32m2026-09-10 10:21:20.365[0m | [34m[1mDEBUG   [0m | [36msrc.data.cache[0m:[36mload_ohlcv[0m:[36m237[0m - [34m[1m[cache] Loaded OHLCV[1d] for SOPH from SOPH.json (1282 rows)[0m
[32m2026-09-10 10:21:20.372[0m | [34m[1mDEBUG   [0m | [36msrc.data.cache[0m:[36mload_ohlcv[0m:[36m237[0m - [34m[1m[cache] Loaded OHLCV[1d] for PLBL from PLBL.json (251 rows)[0m
[32m2026-09-10 10:21:20.380[0m | [34m[1mDEBUG   [0m | [36msrc.data.cache[0m:[36mload_ohlcv[0m:[36m237[0m - [34m[1m[cache] Loaded OHLCV[1d] for ALHC from ALHC.json (1370 rows)[0m
[32m2026-09-10 10:21:20.392[0m | [34m[1mDEBUG   [0m | [36msrc.data.cache[0m:[36mload_ohlcv[0m:[36m237[0m - [34m[1m[cache] Loaded OHLCV[1d] for ESRT from ESRT.json (3253 rows)[0m
[32m2026-09-10 10:21:20.415[0m | [34m[1mDEBUG   [0m | [36msrc.data.cache[0m:[36mload_ohlcv[0m:[36m237[0m - [34m[1m[cache] Loaded OHLCV[1d] for SYF from SYF.json (3045 rows)[0m
[32m2026-09-10 10:21:20.425[0m | [34m[1mDEBUG   [0m | [36msrc.data.cache[0m:[36mload_ohlcv[0m:[36m237[0m - [34m[1m[cache] Loaded OHLCV[1d] for BRCB from BRCB.json (249 rows)[0m
[32m2026-09-10 10:21:20.430[0m | [34m[1mDEBUG   [0m | [36msrc.data.cache[0m:[36mload_ohlcv[0m:[36m237[0m - [34m[1m[cache] Loaded OHLCV[1d] for WYFI from WYFI.json (274 rows)[0m
[32m2026-09-10 10:21:20.450[0m | [34m[1mDEBUG   [0m | [36msrc.data.cache[0m:[36mload_ohlcv[0m:[36m237[0m - [34m[1m[cache] Loaded OHLCV[1d] for COF from COF.json (5049 rows)[0m
[32m2026-09-10 10:21:20.467[0m | [34m[1mDEBUG   [0m | [36msrc.data.cache[0m:[36mload_ohlcv[0m:[36m237[0m - [34m[1m[cache] Loaded OHLCV[1d] for DKNG from DKNG.json (1602 rows)[0m
[32m2026-09-10 10:21:20.475[0m | [34m[1mDEBUG   [0m | [36msrc.data.cache[0m:[36mload_ohlcv[0m:[36m237[0m - [34m[1m[cache] Loaded OHLCV[1d] for MDA from MDA.json (125 rows)[0m
[32m2026-09-10 10:21:20.482[0m | [34m[1mDEBUG   [0m | [36msrc.data.cache[0m:[36mload_ohlcv[0m:[36m237[0m - [34m[1m[cache] Loaded OHLCV[1d] for QXO from QXO.json (566 rows)[0m
[32m2026-09-10 10:21:20.488[0m | [34m[1mDEBUG   [0m | [36msrc.data.cache[0m:[36mload_ohlcv[0m:[36m237[0m - [34m[1m[cache] Loaded OHLCV[1d] for MBX from MBX.json (498 rows)[0m
[32m2026-09-10 10:21:20.495[0m | [34m[1mDEBUG   [0m | [36msrc.data.cache[0m:[36mload_ohlcv[0m:[36m237[0m - [34m[1m[cache] Loaded OHLCV[1d] for BYRN from BYRN.json (1343 rows)[0m
[32m2026-09-10 10:21:20.511[0m | [34m[1mDEBUG   [0m | [36msrc.data.cache[0m:[36mload_ohlcv[0m:[36m237[0m - [34m[1m[cache] Loaded OHLCV[1d] for CRMT from CRMT.json (5049 rows)[0m
[32m2026-09-10 10:21:20.532[0m | [34m[1mDEBUG   [0m | [36msrc.data.cache[0m:[36mload_ohlcv[0m:[36m237[0m - [34m[1m[cache] Loaded OHLCV[1d] for PEP from PEP.json (5049 rows)[0m
[32m2026-09-10 10:21:20.603[0m | [34m[1mDEBUG   [0m | [36msrc.data.cache[0m:[36mload_ohlcv[0m:[36m237[0m - [34m[1m[cache] Loaded OHLCV[1d] for SMPL from SMPL.json (2881 rows)[0m
[32m2026-09-10 10:21:20.630[0m | [34m[1mDEBUG   [0m | [36msrc.data.cache[0m:[36mload_ohlcv[0m:[36m237[0m - [34m[1m[cache] Loaded OHLCV[1d] for ALL from ALL.json (5049 rows)[0m
[32m2026-09-10 10:21:20.660[0m | [34m[1mDEBUG   [0m | [36msrc.data.cache[0m:[36mload_ohlcv[0m:[36m237[0m - [34m[1m[cache] Loaded OHLCV[1d] for ARI from ARI.json (4265 rows)[0m
[32m2026-09-10 10:21:20.680[0m | [34m[1mDEBUG   [0m | [36msrc.data.cache[0m:[36mload_ohlcv[0m:[36m237[0m - [34m[1m[cache] Loaded OHLCV[1d] for SI from SI.json (3113 rows)[0m
[32m2026-09-10 10:21:20.696[0m | [34m[1mDEBUG   [0m | [36msrc.data.cache[0m:[36mload_ohlcv[0m:[36m237[0m - [34m[1m[cache] Loaded OHLCV[1d] for CLSK from CLSK.json (1664 rows)[0m
[32m2026-09-10 10:21:20.709[0m | [34m[1mDEBUG   [0m | [36msrc.data.cache[0m:[36mload_ohlcv[0m:[36m237[0m - [34m[1m[cache] Loaded OHLCV[1d] for OSW from OSW.json (1878 rows)[0m
[32m2026-09-10 10:21:20.721[0m | [34m[1mDEBUG   [0m | [36msrc.data.cache[0m:[36mload_ohlcv[0m:[36m237[0m - [34m[1m[cache] Loaded OHLCV[1d] for LLYVA from LLYVA.json (777 rows)[0m
[32m2026-09-10 10:21:20.744[0m | [34m[1mDEBUG   [0m | [36msrc.data.cache[0m:[36mload_ohlcv[0m:[36m237[0m - [34m[1m[cache] Loaded OHLCV[1d] for MNRO from MNRO.json (5049 rows)[0m
[32m2026-09-10 10:21:20.777[0m | [34m[1mDEBUG   [0m | [36msrc.data.cache[0m:[36mload_ohlcv[0m:[36m237[0m - [34m[1m[cache] Loaded OHLCV[1d] for MGPI from MGPI.json (5049 rows)[0m
[32m2026-09-10 10:21:20.804[0m | [34m[1mDEBUG   [0m | [36msrc.data.cache[0m:[36mload_ohlcv[0m:[36m237[0m - [34m[1m[cache] Loaded OHLCV[1d] for SANM from SANM.json (5030 rows)[0m
[32m2026-09-10 10:21:20.824[0m | [34m[1mDEBUG   [0m | [36msrc.data.cache[0m:[36mload_ohlcv[0m:[36m237[0m - [34m[1m[cache] Loaded OHLCV[1d] for APLD from APLD.json (1176 rows)[0m
[32m2026-09-10 10:21:20.843[0m | [34m[1mDEBUG   [0m | [36msrc.data.cache[0m:[36mload_ohlcv[0m:[36m237[0m - [34m[1m[cache] Loaded OHLCV[1d] for EXC from EXC.json (5049 rows)[0m
[32m2026-09-10 10:21:20.869[0m | [34m[1mDEBUG   [0m | [36msrc.data.cache[0m:[36mload_ohlcv[0m:[36m237[0m - [34m[1m[cache] Loaded OHLCV[1d] for XRAY from XRAY.json (5049 rows)[0m
[32m2026-09-10 10:21:20.882[0m | [34m[1mDEBUG   [0m | [36msrc.data.cache[0m:[36mload_ohlcv[0m:[36m237[0m - [34m[1m[cache] Loaded OHLCV[1d] for ETD from ETD.json (1395 rows)[0m
[32m2026-09-10 10:21:20.898[0m | [34m[1mDEBUG   [0m | [36msrc.data.cache[0m:[36mload_ohlcv[0m:[36m237[0m - [34m[1m[cache] Loaded OHLCV[1d] for BITA from BITA.json (2568 rows)[0m
[32m2026-09-10 10:21:20.916[0m | [34m[1mDEBUG   [0m | [36msrc.data.cache[0m:[36mload_ohlcv[0m:[36m237[0m - [34m[1m[cache] Loaded OHLCV[1d] for UHT from UHT.json (5049 rows)[0m
[32m2026-09-10 10:21:20.942[0m | [34m[1mDEBUG   [0m | [36msrc.data.cache[0m:[36mload_ohlcv[0m:[36m237[0m - [34m[1m[cache] Loaded OHLCV[1d] for SAM from SAM.json (5049 rows)[0m
[32m2026-09-10 10:21:20.968[0m | [34m[1mDEBUG   [0m | [36msrc.data.cache[0m:[36mload_ohlcv[0m:[36m237[0m - [34m[1m[cache] Loaded OHLCV[1d] for PLCE from PLCE.json (5049 rows)[0m
[32m2026-09-10 10:21:20.994[0m | [34m[1mDEBUG   [0m | [36msrc.data.cache[0m:[36mload_ohlcv[0m:[36m237[0m - [34m[1m[cache] Loaded OHLCV[1d] for ASH from ASH.json (5049 rows)[0m
[32m2026-09-10 10:21:21.014[0m | [34m[1mDEBUG   [0m | [36msrc.data.cache[0m:[36mload_ohlcv[0m:[36m237[0m - [34m[1m[cache] Loaded OHLCV[1d] for CPK from CPK.json (5049 rows)[0m
[32m2026-09-10 10:21:21.035[0m | [34m[1mDEBUG   [0m | [36msrc.data.cache[0m:[36mload_ohlcv[0m:[36m237[0m - [34m[1m[cache] Loaded OHLCV[1d] for VRSN from VRSN.json (5049 rows)[0m
[32m2026-09-10 10:21:21.049[0m | [34m[1mDEBUG   [0m | [36msrc.data.cache[0m:[36mload_ohlcv[0m:[36m237[0m - [34m[1m[cache] Loaded OHLCV[1d] for ZVRA from ZVRA.json (884 rows)[0m
[32m2026-09-10 10:21:21.061[0m | [34m[1mDEBUG   [0m | [36msrc.data.cache[0m:[36mload_ohlcv[0m:[36m237[0m - [34m[1m[cache] Loaded OHLCV[1d] for GDYN from GDYN.json (1636 rows)[0m
[32m2026-09-10 10:21:21.085[0m | [34m[1mDEBUG   [0m | [36msrc.data.cache[0m:[36mload_ohlcv[0m:[36m237[0m - [34m[1m[cache] Loaded OHLCV[1d] for CAG from CAG.json (5049 rows)[0m
[32m2026-09-10 10:21:21.109[0m | [34m[1mDEBUG   [0m | [36msrc.data.cache[0m:[36mload_ohlcv[0m:[36m237[0m - [34m[1m[cache] Loaded OHLCV[1d] for FWRD from FWRD.json (5049 rows)[0m
[32m2026-09-10 10:21:21.134[0m | [34m[1mDEBUG   [0m | [36msrc.data.cache[0m:[36mload_ohlcv[0m:[36m237[0m - [34m[1m[cache] Loaded OHLCV[1d] for FATE from FATE.json (3253 rows)[0m
[32m2026-09-10 10:21:21.161[0m | [34m[1mDEBUG   [0m | [36msrc.data.cache[0m:[36mload_ohlcv[0m:[36m237[0m - [34m[1m[cache] Loaded OHLCV[1d] for ADSK from ADSK.json (5049 rows)[0m
[32m2026-09-10 10:21:21.179[0m | [34m[1mDEBUG   [0m | [36msrc.data.cache[0m:[36mload_ohlcv[0m:[36m237[0m - [34m[1m[cache] Loaded OHLCV[1d] for CTNM from CTNM.json (609 rows)[0m
[32m2026-09-10 10:21:21.189[0m | [34m[1mDEBUG   [0m | [36msrc.data.cache[0m:[36mload_ohlcv[0m:[36m237[0m - [34m[1m[cache] Loaded OHLCV[1d] for VIAV from VIAV.json (2791 rows)[0m
[32m2026-09-10 10:21:21.204[0m | [34m[1mDEBUG   [0m | [36msrc.data.cache[0m:[36mload_ohlcv[0m:[36m237[0m - [34m[1m[cache] Loaded OHLCV[1d] for EPAM from EPAM.json (3667 rows)[0m
[32m2026-09-10 10:21:21.217[0m | [34m[1mDEBUG   [0m | [36msrc.data.cache[0m:[36mload_ohlcv[0m:[36m237[0m - [34m[1m[cache] Loaded OHLCV[1d] for LQDA from LQDA.json (2041 rows)[0m
[32m2026-09-10 10:21:21.234[0m | [34m[1mDEBUG   [0m | [36msrc.data.cache[0m:[36mload_ohlcv[0m:[36m237[0m - [34m[1m[cache] Loaded OHLCV[1d] for NHI from NHI.json (5049 rows)[0m
[32m2026-09-10 10:21:21.248[0m | [34m[1mDEBUG   [0m | [36msrc.data.cache[0m:[36mload_ohlcv[0m:[36m237[0m - [34m[1m[cache] Loaded OHLCV[1d] for EMBC from EMBC.json (1113 rows)[0m
[32m2026-09-10 10:21:21.259[0m | [34m[1mDEBUG   [0m | [36msrc.data.cache[0m:[36mload_ohlcv[0m:[36m237[0m - [34m[1m[cache] Loaded OHLCV[1d] for MEC from MEC.json (1844 rows)[0m
[32m2026-09-10 10:21:21.275[0m | [34m[1mDEBUG   [0m | [36msrc.data.cache[0m:[36mload_ohlcv[0m:[36m237[0m - [34m[1m[cache] Loaded OHLCV[1d] for JELD from JELD.json (2417 rows)[0m
[32m2026-09-10 10:21:21.299[0m | [34m[1mDEBUG   [0m | [36msrc.data.cache[0m:[36mload_ohlcv[0m:[36m237[0m - [34m[1m[cache] Loaded OHLCV[1d] for DNLI from DNLI.json (2198 rows)[0m
[32m2026-09-10 10:21:21.314[0m | [34m[1mDEBUG   [0m | [36msrc.data.cache[0m:[36mload_ohlcv[0m:[36m237[0m - [34m[1m[cache] Loaded OHLCV[1d] for VITL from VITL.json (2092 rows)[0m
[32m2026-09-10 10:21:21.337[0m | [34m[1mDEBUG   [0m | [36msrc.data.cache[0m:[36mload_ohlcv[0m:[36m237[0m - [34m[1m[cache] Loaded OHLCV[1d] for RDCM from RDCM.json (4951 rows)[0m
[32m2026-09-10 10:21:21.359[0m | [34m[1mDEBUG   [0m | [36msrc.data.cache[0m:[36mload_ohlcv[0m:[36m237[0m - [34m[1m[cache] Loaded OHLCV[1d] for SNDX from SNDX.json (2645 rows)[0m
[32m2026-09-10 10:21:21.376[0m | [34m[1mDEBUG   [0m | [36msrc.data.cache[0m:[36mload_ohlcv[0m:[36m237[0m - [34m[1m[cache] Loaded OHLCV[1d] for RGP from RGP.json (2553 rows)[0m
[32m2026-09-10 10:21:21.397[0m | [34m[1mDEBUG   [0m | [36msrc.data.cache[0m:[36mload_ohlcv[0m:[36m237[0m - [34m[1m[cache] Loaded OHLCV[1d] for HUBS from HUBS.json (2996 rows)[0m
[32m2026-09-10 10:21:21.411[0m | [34m[1mDEBUG   [0m | [36msrc.data.cache[0m:[36mload_ohlcv[0m:[36m237[0m - [34m[1m[cache] Loaded OHLCV[1d] for NTST from NTST.json (1689 rows)[0m
[32m2026-09-10 10:21:21.428[0m | [34m[1mDEBUG   [0m | [36msrc.data.cache[0m:[36mload_ohlcv[0m:[36m237[0m - [34m[1m[cache] Loaded OHLCV[1d] for NERV from NERV.json (3065 rows)[0m
[32m2026-09-10 10:21:21.445[0m | [34m[1mDEBUG   [0m | [36msrc.data.cache[0m:[36mload_ohlcv[0m:[36m237[0m - [34m[1m[cache] Loaded OHLCV[1d] for OVID from OVID.json (2349 rows)[0m
[32m2026-09-10 10:21:21.453[0m | [34m[1mDEBUG   [0m | [36msrc.data.cache[0m:[36mload_ohlcv[0m:[36m237[0m - [34m[1m[cache] Loaded OHLCV[1d] for NTSK from NTSK.json (245 rows)[0m
[32m2026-09-10 10:21:21.459[0m | [34m[1mDEBUG   [0m | [36msrc.data.cache[0m:[36mload_ohlcv[0m:[36m237[0m - [34m[1m[cache] Loaded OHLCV[1d] for PLBY from PLBY.json (1400 rows)[0m
[32m2026-09-10 10:21:21.481[0m | [34m[1mDEBUG   [0m | [36msrc.data.cache[0m:[36mload_ohlcv[0m:[36m237[0m - [34m[1m[cache] Loaded OHLCV[1d] for CNP from CNP.json (5049 rows)[0m
[32m2026-09-10 10:21:21.497[0m | [34m[1mDEBUG   [0m | [36msrc.data.cache[0m:[36mload_ohlcv[0m:[36m237[0m - [34m[1m[cache] Loaded OHLCV[1d] for FVR from FVR.json (485 rows)[0m
[32m2026-09-10 10:21:21.504[0m | [34m[1mDEBUG   [0m | [36msrc.data.cache[0m:[36mload_ohlcv[0m:[36m237[0m - [34m[1m[cache] Loaded OHLCV[1d] for CERT from CERT.json (1441 rows)[0m
[32m2026-09-10 10:21:21.520[0m | [34m[1mDEBUG   [0m | [36msrc.data.cache[0m:[36mload_ohlcv[0m:[36m237[0m - [34m[1m[cache] Loaded OHLCV[1d] for UA from UA.json (4961 rows)[0m
[32m2026-09-10 10:21:21.537[0m | [34m[1mDEBUG   [0m | [36msrc.data.cache[0m:[36mload_ohlcv[0m:[36m237[0m - [34m[1m[cache] Loaded OHLCV[1d] for CABO from CABO.json (2814 rows)[0m
[32m2026-09-10 10:21:21.556[0m | [34m[1mDEBUG   [0m | [36msrc.data.cache[0m:[36mload_ohlcv[0m:[36m237[0m - [34m[1m[cache] Loaded OHLCV[1d] for GPN from GPN.json (5049 rows)[0m
[32m2026-09-10 10:21:21.574[0m | [34m[1mDEBUG   [0m | [36msrc.data.cache[0m:[36mload_ohlcv[0m:[36m237[0m - [34m[1m[cache] Loaded OHLCV[1d] for SUNB from SUNB.json (133 rows)[0m
[32m2026-09-10 10:21:21.598[0m | [34m[1mDEBUG   [0m | [36msrc.data.cache[0m:[36mload_ohlcv[0m:[36m237[0m - [34m[1m[cache] Loaded OHLCV[1d] for PRAA from PRAA.json (5049 rows)[0m
[32m2026-09-10 10:21:21.621[0m | [34m[1mDEBUG   [0m | [36msrc.data.cache[0m:[36mload_ohlcv[0m:[36m237[0m - [34m[1m[cache] Loaded OHLCV[1d] for FBRX from FBRX.json (1557 rows)[0m
[32m2026-09-10 10:21:21.647[0m | [34m[1mDEBUG   [0m | [36msrc.data.cache[0m:[36mload_ohlcv[0m:[36m237[0m - [34m[1m[cache] Loaded OHLCV[1d] for SD from SD.json (4552 rows)[0m
[32m2026-09-10 10:21:21.673[0m | [34m[1mDEBUG   [0m | [36msrc.data.cache[0m:[36mload_ohlcv[0m:[36m237[0m - [34m[1m[cache] Loaded OHLCV[1d] for QNST from QNST.json (4169 rows)[0m
[32m2026-09-10 10:21:21.696[0m | [34m[1mDEBUG   [0m | [36msrc.data.cache[0m:[36mload_ohlcv[0m:[36m237[0m - [34m[1m[cache] Loaded OHLCV[1d] for BLD from BLD.json (4163 rows)[0m
[32m2026-09-10 10:21:21.713[0m | [34m[1mDEBUG   [0m | [36msrc.data.cache[0m:[36mload_ohlcv[0m:[36m237[0m - [34m[1m[cache] Loaded OHLCV[1d] for CTKB from CTKB.json (1282 rows)[0m
[32m2026-09-10 10:21:21.722[0m | [34m[1mDEBUG   [0m | [36msrc.data.cache[0m:[36mload_ohlcv[0m:[36m237[0m - [34m[1m[cache] Loaded OHLCV[1d] for TWFG from TWFG.json (538 rows)[0m
[32m2026-09-10 10:21:21.732[0m | [34m[1mDEBUG   [0m | [36msrc.data.cache[0m:[36mload_ohlcv[0m:[36m237[0m - [34m[1m[cache] Loaded OHLCV[1d] for NIC from NIC.json (1077 rows)[0m
[32m2026-09-10 10:21:21.748[0m | [34m[1mDEBUG   [0m | [36msrc.data.cache[0m:[36mload_ohlcv[0m:[36m237[0m - [34m[1m[cache] Loaded OHLCV[1d] for SSTK from SSTK.json (3496 rows)[0m
[32m2026-09-10 10:21:21.777[0m | [34m[1mDEBUG   [0m | [36msrc.data.cache[0m:[36mload_ohlcv[0m:[36m237[0m - [34m[1m[cache] Loaded OHLCV[1d] for IIIN from IIIN.json (5049 rows)[0m
[32m2026-09-10 10:21:21.803[0m | [34m[1mDEBUG   [0m | [36msrc.data.cache[0m:[36mload_ohlcv[0m:[36m237[0m - [34m[1m[cache] Loaded OHLCV[1d] for MDT from MDT.json (5049 rows)[0m
[32m2026-09-10 10:21:21.891[0m | [34m[1mDEBUG   [0m | [36msrc.data.cache[0m:[36mload_ohlcv[0m:[36m237[0m - [34m[1m[cache] Loaded OHLCV[1d] for HRL from HRL.json (5049 rows)[0m
[32m2026-09-10 10:21:21.909[0m | [34m[1mDEBUG   [0m | [36msrc.data.cache[0m:[36mload_ohlcv[0m:[36m237[0m - [34m[1m[cache] Loaded OHLCV[1d] for AKTS from AKTS.json (2123 rows)[0m
[32m2026-09-10 10:21:21.923[0m | [34m[1mDEBUG   [0m | [36msrc.data.cache[0m:[36mload_ohlcv[0m:[36m237[0m - [34m[1m[cache] Loaded OHLCV[1d] for BDTX from BDTX.json (1661 rows)[0m
[32m2026-09-10 10:21:21.947[0m | [34m[1mDEBUG   [0m | [36msrc.data.cache[0m:[36mload_ohlcv[0m:[36m237[0m - [34m[1m[cache] Loaded OHLCV[1d] for EOG from EOG.json (5049 rows)[0m
[32m2026-09-10 10:21:21.978[0m | [34m[1mDEBUG   [0m | [36msrc.data.cache[0m:[36mload_ohlcv[0m:[36m237[0m - [34m[1m[cache] Loaded OHLCV[1d] for EWY from EWY.json (5049 rows)[0m
[32m2026-09-10 10:21:22.009[0m | [34m[1mDEBUG   [0m | [36msrc.data.cache[0m:[36mload_ohlcv[0m:[36m237[0m - [34m[1m[cache] Loaded OHLCV[1d] for SRE from SRE.json (5049 rows)[0m
[32m2026-09-10 10:21:22.030[0m | [34m[1mDEBUG   [0m | [36msrc.data.cache[0m:[36mload_ohlcv[0m:[36m237[0m - [34m[1m[cache] Loaded OHLCV[1d] for ^TWII from ^TWII.json (1239 rows)[0m
[32m2026-09-10 10:21:22.053[0m | [34m[1mDEBUG   [0m | [36msrc.data.cache[0m:[36mload_ohlcv[0m:[36m237[0m - [34m[1m[cache] Loaded OHLCV[1d] for GLP from GLP.json (5049 rows)[0m
[32m2026-09-10 10:21:22.082[0m | [34m[1mDEBUG   [0m | [36msrc.data.cache[0m:[36mload_ohlcv[0m:[36m237[0m - [34m[1m[cache] Loaded OHLCV[1d] for CHD from CHD.json (5049 rows)[0m
[32m2026-09-10 10:21:22.099[0m | [34m[1mDEBUG   [0m | [36msrc.data.cache[0m:[36mload_ohlcv[0m:[36m237[0m - [34m[1m[cache] Loaded OHLCV[1d] for ENVX from ENVX.json (1282 rows)[0m
[32m2026-09-10 10:21:22.108[0m | [34m[1mDEBUG   [0m | [36msrc.data.cache[0m:[36mload_ohlcv[0m:[36m237[0m - [34m[1m[cache] Loaded OHLCV[1d] for IBAT from IBAT.json (611 rows)[0m
[32m2026-09-10 10:21:22.114[0m | [34m[1mDEBUG   [0m | [36msrc.data.cache[0m:[36mload_ohlcv[0m:[36m237[0m - [34m[1m[cache] Loaded OHLCV[1d] for PSKY from PSKY.json (274 rows)[0m
[32m2026-09-10 10:21:22.135[0m | [34m[1mDEBUG   [0m | [36msrc.data.cache[0m:[36mload_ohlcv[0m:[36m237[0m - [34m[1m[cache] Loaded OHLCV[1d] for ALNY from ALNY.json (5048 rows)[0m
[32m2026-09-10 10:21:22.167[0m | [34m[1mDEBUG   [0m | [36msrc.data.cache[0m:[36mload_ohlcv[0m:[36m237[0m - [34m[1m[cache] Loaded OHLCV[1d] for AZN from AZN.json (5049 rows)[0m
[32m2026-09-10 10:21:22.197[0m | [34m[1mDEBUG   [0m | [36msrc.data.cache[0m:[36mload_ohlcv[0m:[36m237[0m - [34m[1m[cache] Loaded OHLCV[1d] for PLPC from PLPC.json (5011 rows)[0m
[32m2026-09-10 10:21:22.212[0m | [34m[1mDEBUG   [0m | [36msrc.data.cache[0m:[36mload_ohlcv[0m:[36m237[0m - [34m[1m[cache] Loaded OHLCV[1d] for JLHL from JLHL.json (303 rows)[0m
[32m2026-09-10 10:21:22.225[0m | [34m[1mDEBUG   [0m | [36msrc.data.cache[0m:[36mload_ohlcv[0m:[36m237[0m - [34m[1m[cache] Loaded OHLCV[1d] for LASR from LASR.json (2104 rows)[0m
[32m2026-09-10 10:21:22.252[0m | [34m[1mDEBUG   [0m | [36msrc.data.cache[0m:[36mload_ohlcv[0m:[36m237[0m - [34m[1m[cache] Loaded OHLCV[1d] for ITW from ITW.json (5049 rows)[0m
[32m2026-09-10 10:21:22.273[0m | [34m[1mDEBUG   [0m | [36msrc.data.cache[0m:[36mload_ohlcv[0m:[36m237[0m - [34m[1m[cache] Loaded OHLCV[1d] for OPEN from OPEN.json (2848 rows)[0m
[32m2026-09-10 10:21:22.291[0m | [34m[1mDEBUG   [0m | [36msrc.data.cache[0m:[36mload_ohlcv[0m:[36m237[0m - [34m[1m[cache] Loaded OHLCV[1d] for HPE from HPE.json (2728 rows)[0m
[32m2026-09-10 10:21:22.299[0m | [34m[1mDEBUG   [0m | [36msrc.data.cache[0m:[36mload_ohlcv[0m:[36m237[0m - [34m[1m[cache] Loaded OHLCV[1d] for SNDQ from SNDQ.json (96 rows)[0m
[32m2026-09-10 10:21:22.307[0m | [34m[1mDEBUG   [0m | [36msrc.data.cache[0m:[36mload_ohlcv[0m:[36m237[0m - [34m[1m[cache] Loaded OHLCV[1d] for GTLB from GTLB.json (1230 rows)[0m
[32m2026-09-10 10:21:22.322[0m | [34m[1mDEBUG   [0m | [36msrc.data.cache[0m:[36mload_ohlcv[0m:[36m237[0m - [34m[1m[cache] Loaded OHLCV[1d] for URGN from URGN.json (2350 rows)[0m
[32m2026-09-10 10:21:22.340[0m | [34m[1mDEBUG   [0m | [36msrc.data.cache[0m:[36mload_ohlcv[0m:[36m237[0m - [34m[1m[cache] Loaded OHLCV[1d] for TMQ from TMQ.json (2514 rows)[0m
[32m2026-09-10 10:21:22.368[0m | [34m[1mDEBUG   [0m | [36msrc.data.cache[0m:[36mload_ohlcv[0m:[36m237[0m - [34m[1m[cache] Loaded OHLCV[1d] for WDFC from WDFC.json (5049 rows)[0m
[32m2026-09-10 10:21:22.388[0m | [34m[1mDEBUG   [0m | [36msrc.data.cache[0m:[36mload_ohlcv[0m:[36m237[0m - [34m[1m[cache] Loaded OHLCV[1d] for NB from NB.json (871 rows)[0m
[32m2026-09-10 10:21:22.412[0m | [34m[1mDEBUG   [0m | [36msrc.data.cache[0m:[36mload_ohlcv[0m:[36m237[0m - [34m[1m[cache] Loaded OHLCV[1d] for PLG from PLG.json (4829 rows)[0m
[32m2026-09-10 10:21:22.438[0m | [34m[1mDEBUG   [0m | [36msrc.data.cache[0m:[36mload_ohlcv[0m:[36m237[0m - [34m[1m[cache] Loaded OHLCV[1d] for AXP from AXP.json (5049 rows)[0m
[32m2026-09-10 10:21:22.458[0m | [34m[1mDEBUG   [0m | [36msrc.data.cache[0m:[36mload_ohlcv[0m:[36m237[0m - [34m[1m[cache] Loaded OHLCV[1d] for DKL from DKL.json (4512 rows)[0m
[32m2026-09-10 10:21:22.476[0m | [34m[1mDEBUG   [0m | [36msrc.data.cache[0m:[36mload_ohlcv[0m:[36m237[0m - [34m[1m[cache] Loaded OHLCV[1d] for AVO from AVO.json (1491 rows)[0m
[32m2026-09-10 10:21:22.490[0m | [34m[1mDEBUG   [0m | [36msrc.data.cache[0m:[36mload_ohlcv[0m:[36m237[0m - [34m[1m[cache] Loaded OHLCV[1d] for HESM from HESM.json (2370 rows)[0m
[32m2026-09-10 10:21:22.497[0m | [34m[1mDEBUG   [0m | [36msrc.data.cache[0m:[36mload_ohlcv[0m:[36m237[0m - [34m[1m[cache] Loaded OHLCV[1d] for AUNA from AUNA.json (618 rows)[0m
[32m2026-09-10 10:21:22.505[0m | [34m[1mDEBUG   [0m | [36msrc.data.cache[0m:[36mload_ohlcv[0m:[36m237[0m - [34m[1m[cache] Loaded OHLCV[1d] for TSAT from TSAT.json (1204 rows)[0m
[32m2026-09-10 10:21:22.526[0m | [34m[1mDEBUG   [0m | [36msrc.data.cache[0m:[36mload_ohlcv[0m:[36m237[0m - [34m[1m[cache] Loaded OHLCV[1d] for LION from LION.json (3974 rows)[0m
[32m2026-09-10 10:21:22.538[0m | [34m[1mDEBUG   [0m | [36msrc.data.cache[0m:[36mload_ohlcv[0m:[36m237[0m - [34m[1m[cache] Loaded OHLCV[1d] for FDMT from FDMT.json (1441 rows)[0m
[32m2026-09-10 10:21:22.547[0m | [34m[1mDEBUG   [0m | [36msrc.data.cache[0m:[36mload_ohlcv[0m:[36m237[0m - [34m[1m[cache] Loaded OHLCV[1d] for ULCC from ULCC.json (1366 rows)[0m
[32m2026-09-10 10:21:22.559[0m | [34m[1mDEBUG   [0m | [36msrc.data.cache[0m:[36mload_ohlcv[0m:[36m237[0m - [34m[1m[cache] Loaded OHLCV[1d] for BBCP from BBCP.json (1947 rows)[0m
[32m2026-09-10 10:21:22.568[0m | [34m[1mDEBUG   [0m | [36msrc.data.cache[0m:[36mload_ohlcv[0m:[36m237[0m - [34m[1m[cache] Loaded OHLCV[1d] for ETHB from ETHB.json (125 rows)[0m
[32m2026-09-10 10:21:22.575[0m | [34m[1mDEBUG   [0m | [36msrc.data.cache[0m:[36mload_ohlcv[0m:[36m237[0m - [34m[1m[cache] Loaded OHLCV[1d] for AMLX from AMLX.json (1332 rows)[0m
[32m2026-09-10 10:21:22.580[0m | [34m[1mDEBUG   [0m | [36msrc.data.cache[0m:[36mload_ohlcv[0m:[36m237[0m - [34m[1m[cache] Loaded OHLCV[1d] for HTO from HTO.json (338 rows)[0m
[32m2026-09-10 10:21:22.595[0m | [34m[1mDEBUG   [0m | [36msrc.data.cache[0m:[36mload_ohlcv[0m:[36m237[0m - [34m[1m[cache] Loaded OHLCV[1d] for WES from WES.json (4612 rows)[0m
[32m2026-09-10 10:21:22.613[0m | [34m[1mDEBUG   [0m | [36msrc.data.cache[0m:[36mload_ohlcv[0m:[36m237[0m - [34m[1m[cache] Loaded OHLCV[1d] for NEWP from NEWP.json (3777 rows)[0m
[32m2026-09-10 10:21:22.642[0m | [34m[1mDEBUG   [0m | [36msrc.data.cache[0m:[36mload_ohlcv[0m:[36m237[0m - [34m[1m[cache] Loaded OHLCV[1d] for CAMT from CAMT.json (5025 rows)[0m
[32m2026-09-10 10:21:22.666[0m | [34m[1mDEBUG   [0m | [36msrc.data.cache[0m:[36mload_ohlcv[0m:[36m237[0m - [34m[1m[cache] Loaded OHLCV[1d] for CYH from CYH.json (5049 rows)[0m
[32m2026-09-10 10:21:22.694[0m | [34m[1mDEBUG   [0m | [36msrc.data.cache[0m:[36mload_ohlcv[0m:[36m237[0m - [34m[1m[cache] Loaded OHLCV[1d] for PSX from PSX.json (3610 rows)[0m
[32m2026-09-10 10:21:22.712[0m | [34m[1mDEBUG   [0m | [36msrc.data.cache[0m:[36mload_ohlcv[0m:[36m237[0m - [34m[1m[cache] Loaded OHLCV[1d] for IRS from IRS.json (5049 rows)[0m
[32m2026-09-10 10:21:22.728[0m | [34m[1mDEBUG   [0m | [36msrc.data.cache[0m:[36mload_ohlcv[0m:[36m237[0m - [34m[1m[cache] Loaded OHLCV[1d] for ABEO from ABEO.json (2821 rows)[0m
[32m2026-09-10 10:21:22.746[0m | [34m[1mDEBUG   [0m | [36msrc.data.cache[0m:[36mload_ohlcv[0m:[36m237[0m - [34m[1m[cache] Loaded OHLCV[1d] for RA from RA.json (3315 rows)[0m
[32m2026-09-10 10:21:22.768[0m | [34m[1mDEBUG   [0m | [36msrc.data.cache[0m:[36mload_ohlcv[0m:[36m237[0m - [34m[1m[cache] Loaded OHLCV[1d] for GRMN from GRMN.json (5049 rows)[0m
[32m2026-09-10 10:21:22.800[0m | [34m[1mDEBUG   [0m | [36msrc.data.cache[0m:[36mload_ohlcv[0m:[36m237[0m - [34m[1m[cache] Loaded OHLCV[1d] for MHO from MHO.json (5049 rows)[0m
[32m2026-09-10 10:21:22.822[0m | [34m[1mDEBUG   [0m | [36msrc.data.cache[0m:[36mload_ohlcv[0m:[36m237[0m - [34m[1m[cache] Loaded OHLCV[1d] for DAR from DAR.json (5049 rows)[0m
[32m2026-09-10 10:21:22.841[0m | [34m[1mDEBUG   [0m | [36msrc.data.cache[0m:[36mload_ohlcv[0m:[36m237[0m - [34m[1m[cache] Loaded OHLCV[1d] for SUN from SUN.json (4533 rows)[0m
[32m2026-09-10 10:21:22.854[0m | [34m[1mDEBUG   [0m | [36msrc.data.cache[0m:[36mload_ohlcv[0m:[36m237[0m - [34m[1m[cache] Loaded OHLCV[1d] for HMH from HMH.json (1525 rows)[0m
[32m2026-09-10 10:21:22.863[0m | [34m[1mDEBUG   [0m | [36msrc.data.cache[0m:[36mload_ohlcv[0m:[36m237[0m - [34m[1m[cache] Loaded OHLCV[1d] for EQPT from EQPT.json (158 rows)[0m
[32m2026-09-10 10:21:22.885[0m | [34m[1mDEBUG   [0m | [36msrc.data.cache[0m:[36mload_ohlcv[0m:[36m237[0m - [34m[1m[cache] Loaded OHLCV[1d] for AP from AP.json (5049 rows)[0m
[32m2026-09-10 10:21:22.904[0m | [34m[1mDEBUG   [0m | [36msrc.data.cache[0m:[36mload_ohlcv[0m:[36m237[0m - [34m[1m[cache] Loaded OHLCV[1d] for JEM from JEM.json (1207 rows)[0m
[32m2026-09-10 10:21:22.914[0m | [34m[1mDEBUG   [0m | [36msrc.data.cache[0m:[36mload_ohlcv[0m:[36m237[0m - [34m[1m[cache] Loaded OHLCV[1d] for VSTS from VSTS.json (737 rows)[0m
[32m2026-09-10 10:21:22.934[0m | [34m[1mDEBUG   [0m | [36msrc.data.cache[0m:[36mload_ohlcv[0m:[36m237[0m - [34m[1m[cache] Loaded OHLCV[1d] for WHR from WHR.json (5049 rows)[0m
[32m2026-09-10 10:21:22.960[0m | [34m[1mDEBUG   [0m | [36msrc.data.cache[0m:[36mload_ohlcv[0m:[36m237[0m - [34m[1m[cache] Loaded OHLCV[1d] for MLCO from MLCO.json (2369 rows)[0m
[32m2026-09-10 10:21:22.983[0m | [34m[1mDEBUG   [0m | [36msrc.data.cache[0m:[36mload_ohlcv[0m:[36m237[0m - [34m[1m[cache] Loaded OHLCV[1d] for SHLD from SHLD.json (3955 rows)[0m
[32m2026-09-10 10:21:23.011[0m | [34m[1mDEBUG   [0m | [36msrc.data.cache[0m:[36mload_ohlcv[0m:[36m237[0m - [34m[1m[cache] Loaded OHLCV[1d] for VOD from VOD.json (5049 rows)[0m
[32m2026-09-10 10:21:23.031[0m | [34m[1mDEBUG   [0m | [36msrc.data.cache[0m:[36mload_ohlcv[0m:[36m237[0m - [34m[1m[cache] Loaded OHLCV[1d] for JZXN from JZXN.json (1334 rows)[0m
[32m2026-09-10 10:21:23.043[0m | [34m[1mDEBUG   [0m | [36msrc.data.cache[0m:[36mload_ohlcv[0m:[36m237[0m - [34m[1m[cache] Loaded OHLCV[1d] for VMAR from VMAR.json (1453 rows)[0m
[32m2026-09-10 10:21:23.053[0m | [34m[1mDEBUG   [0m | [36msrc.data.cache[0m:[36mload_ohlcv[0m:[36m237[0m - [34m[1m[cache] Loaded OHLCV[1d] for AERO from AERO.json (686 rows)[0m
[32m2026-09-10 10:21:23.063[0m | [34m[1mDEBUG   [0m | [36msrc.data.cache[0m:[36mload_ohlcv[0m:[36m237[0m - [34m[1m[cache] Loaded OHLCV[1d] for FBK from FBK.json (2508 rows)[0m
[32m2026-09-10 10:21:23.082[0m | [34m[1mDEBUG   [0m | [36msrc.data.cache[0m:[36mload_ohlcv[0m:[36m237[0m - [34m[1m[cache] Loaded OHLCV[1d] for SLP from SLP.json (5046 rows)[0m
[32m2026-09-10 10:21:23.112[0m | [34m[1mDEBUG   [0m | [36msrc.data.cache[0m:[36mload_ohlcv[0m:[36m237[0m - [34m[1m[cache] Loaded OHLCV[1d] for ANGO from ANGO.json (5049 rows)[0m
[32m2026-09-10 10:21:23.131[0m | [34m[1mDEBUG   [0m | [36msrc.data.cache[0m:[36mload_ohlcv[0m:[36m237[0m - [34m[1m[cache] Loaded OHLCV[1d] for JOBY from JOBY.json (1275 rows)[0m
[32m2026-09-10 10:21:23.156[0m | [34m[1mDEBUG   [0m | [36msrc.data.cache[0m:[36mload_ohlcv[0m:[36m237[0m - [34m[1m[cache] Loaded OHLCV[1d] for CHKP from CHKP.json (5049 rows)[0m
[32m2026-09-10 10:21:23.184[0m | [34m[1mDEBUG   [0m | [36msrc.data.cache[0m:[36mload_ohlcv[0m:[36m237[0m - [34m[1m[cache] Loaded OHLCV[1d] for ACGL from ACGL.json (5049 rows)[0m
[32m2026-09-10 10:21:23.269[0m | [34m[1mDEBUG   [0m | [36msrc.data.cache[0m:[36mload_ohlcv[0m:[36m237[0m - [34m[1m[cache] Loaded OHLCV[1d] for HIG from HIG.json (5049 rows)[0m
[32m2026-09-10 10:21:23.298[0m | [34m[1mDEBUG   [0m | [36msrc.data.cache[0m:[36mload_ohlcv[0m:[36m237[0m - [34m[1m[cache] Loaded OHLCV[1d] for L from L.json (4582 rows)[0m
[32m2026-09-10 10:21:23.319[0m | [34m[1mDEBUG   [0m | [36msrc.data.cache[0m:[36mload_ohlcv[0m:[36m237[0m - [34m[1m[cache] Loaded OHLCV[1d] for THG from THG.json (5049 rows)[0m
[32m2026-09-10 10:21:23.342[0m | [34m[1mDEBUG   [0m | [36msrc.data.cache[0m:[36mload_ohlcv[0m:[36m237[0m - [34m[1m[cache] Loaded OHLCV[1d] for TRV from TRV.json (4915 rows)[0m
[32m2026-09-10 10:21:23.370[0m | [34m[1mDEBUG   [0m | [36msrc.data.cache[0m:[36mload_ohlcv[0m:[36m237[0m - [34m[1m[cache] Loaded OHLCV[1d] for CB from CB.json (5049 rows)[0m
[32m2026-09-10 10:21:23.388[0m | [34m[1mDEBUG   [0m | [36msrc.data.cache[0m:[36mload_ohlcv[0m:[36m237[0m - [34m[1m[cache] Loaded OHLCV[1d] for SPT from SPT.json (1692 rows)[0m
[32m2026-09-10 10:21:23.399[0m | [34m[1mDEBUG   [0m | [36msrc.data.cache[0m:[36mload_ohlcv[0m:[36m237[0m - [34m[1m[cache] Loaded OHLCV[1d] for PCOR from PCOR.json (1332 rows)[0m
[32m2026-09-10 10:21:23.413[0m | [34m[1mDEBUG   [0m | [36msrc.data.cache[0m:[36mload_ohlcv[0m:[36m237[0m - [34m[1m[cache] Loaded OHLCV[1d] for IPW from IPW.json (3444 rows)[0m
[32m2026-09-10 10:21:23.432[0m | [34m[1mDEBUG   [0m | [36msrc.data.cache[0m:[36mload_ohlcv[0m:[36m237[0m - [34m[1m[cache] Loaded OHLCV[1d] for GASS from GASS.json (5049 rows)[0m
[32m2026-09-10 10:21:23.453[0m | [34m[1mDEBUG   [0m | [36msrc.data.cache[0m:[36mload_ohlcv[0m:[36m237[0m - [34m[1m[cache] Loaded OHLCV[1d] for RDWR from RDWR.json (5049 rows)[0m
[32m2026-09-10 10:21:23.479[0m | [34m[1mDEBUG   [0m | [36msrc.data.cache[0m:[36mload_ohlcv[0m:[36m237[0m - [34m[1m[cache] Loaded OHLCV[1d] for TPL from TPL.json (5049 rows)[0m
[32m2026-09-10 10:21:23.492[0m | [34m[1mDEBUG   [0m | [36msrc.data.cache[0m:[36mload_ohlcv[0m:[36m237[0m - [34m[1m[cache] Loaded OHLCV[1d] for INDV from INDV.json (814 rows)[0m
[32m2026-09-10 10:21:23.501[0m | [34m[1mDEBUG   [0m | [36msrc.data.cache[0m:[36mload_ohlcv[0m:[36m237[0m - [34m[1m[cache] Loaded OHLCV[1d] for ZM from ZM.json (1858 rows)[0m
[32m2026-09-10 10:21:23.518[0m | [34m[1mDEBUG   [0m | [36msrc.data.cache[0m:[36mload_ohlcv[0m:[36m237[0m - [34m[1m[cache] Loaded OHLCV[1d] for ANDE from ANDE.json (5049 rows)[0m
[32m2026-09-10 10:21:23.538[0m | [34m[1mDEBUG   [0m | [36msrc.data.cache[0m:[36mload_ohlcv[0m:[36m237[0m - [34m[1m[cache] Loaded OHLCV[1d] for PL from PL.json (3323 rows)[0m
[32m2026-09-10 10:21:23.549[0m | [34m[1mDEBUG   [0m | [36msrc.data.cache[0m:[36mload_ohlcv[0m:[36m237[0m - [34m[1m[cache] Loaded OHLCV[1d] for TSHA from TSHA.json (1496 rows)[0m
[32m2026-09-10 10:21:23.565[0m | [34m[1mDEBUG   [0m | [36msrc.data.cache[0m:[36mload_ohlcv[0m:[36m237[0m - [34m[1m[cache] Loaded OHLCV[1d] for OCC from OCC.json (3760 rows)[0m
[32m2026-09-10 10:21:23.580[0m | [34m[1mDEBUG   [0m | [36msrc.data.cache[0m:[36mload_ohlcv[0m:[36m237[0m - [34m[1m[cache] Loaded OHLCV[1d] for RM from RM.json (3633 rows)[0m
[32m2026-09-10 10:21:23.596[0m | [34m[1mDEBUG   [0m | [36msrc.data.cache[0m:[36mload_ohlcv[0m:[36m237[0m - [34m[1m[cache] Loaded OHLCV[1d] for GC=F from GC=F.json (1284 rows)[0m
[32m2026-09-10 10:21:23.610[0m | [34m[1mDEBUG   [0m | [36msrc.data.cache[0m:[36mload_ohlcv[0m:[36m237[0m - [34m[1m[cache] Loaded OHLCV[1d] for BATRA from BATRA.json (2614 rows)[0m
[32m2026-09-10 10:21:23.632[0m | [34m[1mDEBUG   [0m | [36msrc.data.cache[0m:[36mload_ohlcv[0m:[36m237[0m - [34m[1m[cache] Loaded OHLCV[1d] for GNW from GNW.json (5049 rows)[0m
[32m2026-09-10 10:21:23.657[0m | [34m[1mDEBUG   [0m | [36msrc.data.cache[0m:[36mload_ohlcv[0m:[36m237[0m - [34m[1m[cache] Loaded OHLCV[1d] for EQBK from EQBK.json (2721 rows)[0m
[32m2026-09-10 10:21:23.678[0m | [34m[1mDEBUG   [0m | [36msrc.data.cache[0m:[36mload_ohlcv[0m:[36m237[0m - [34m[1m[cache] Loaded OHLCV[1d] for ERIC from ERIC.json (5041 rows)[0m
[32m2026-09-10 10:21:23.707[0m | [34m[1mDEBUG   [0m | [36msrc.data.cache[0m:[36mload_ohlcv[0m:[36m237[0m - [34m[1m[cache] Loaded OHLCV[1d] for FAST from FAST.json (5049 rows)[0m
[32m2026-09-10 10:21:23.727[0m | [34m[1mDEBUG   [0m | [36msrc.data.cache[0m:[36mload_ohlcv[0m:[36m237[0m - [34m[1m[cache] Loaded OHLCV[1d] for CNA from CNA.json (5049 rows)[0m
[32m2026-09-10 10:21:23.748[0m | [34m[1mDEBUG   [0m | [36msrc.data.cache[0m:[36mload_ohlcv[0m:[36m237[0m - [34m[1m[cache] Loaded OHLCV[1d] for CINF from CINF.json (5049 rows)[0m
[32m2026-09-10 10:21:23.771[0m | [34m[1mDEBUG   [0m | [36msrc.data.cache[0m:[36mload_ohlcv[0m:[36m237[0m - [34m[1m[cache] Loaded OHLCV[1d] for TEAM from TEAM.json (3790 rows)[0m
[32m2026-09-10 10:21:23.783[0m | [34m[1mDEBUG   [0m | [36msrc.data.cache[0m:[36mload_ohlcv[0m:[36m237[0m - [34m[1m[cache] Loaded OHLCV[1d] for PD from PD.json (2012 rows)[0m
[32m2026-09-10 10:21:23.794[0m | [34m[1mDEBUG   [0m | [36msrc.data.cache[0m:[36mload_ohlcv[0m:[36m237[0m - [34m[1m[cache] Loaded OHLCV[1d] for UTZ from UTZ.json (1513 rows)[0m
[32m2026-09-10 10:21:23.818[0m | [34m[1mDEBUG   [0m | [36msrc.data.cache[0m:[36mload_ohlcv[0m:[36m237[0m - [34m[1m[cache] Loaded OHLCV[1d] for DEO from DEO.json (5049 rows)[0m
[32m2026-09-10 10:21:23.829[0m | [34m[1mDEBUG   [0m | [36msrc.data.cache[0m:[36mload_ohlcv[0m:[36m237[0m - [34m[1m[cache] Loaded OHLCV[1d] for TBN from TBN.json (552 rows)[0m
[32m2026-09-10 10:21:23.840[0m | [34m[1mDEBUG   [0m | [36msrc.data.cache[0m:[36mload_ohlcv[0m:[36m237[0m - [34m[1m[cache] Loaded OHLCV[1d] for JD from JD.json (3093 rows)[0m
[32m2026-09-10 10:21:23.852[0m | [34m[1mDEBUG   [0m | [36msrc.data.cache[0m:[36mload_ohlcv[0m:[36m237[0m - [34m[1m[cache] Loaded OHLCV[1d] for XYZ from XYZ.json (411 rows)[0m
[32m2026-09-10 10:21:23.869[0m | [34m[1mDEBUG   [0m | [36msrc.data.cache[0m:[36mload_ohlcv[0m:[36m237[0m - [34m[1m[cache] Loaded OHLCV[1d] for HNRG from HNRG.json (4100 rows)[0m
[32m2026-09-10 10:21:23.883[0m | [34m[1mDEBUG   [0m | [36msrc.data.cache[0m:[36mload_ohlcv[0m:[36m237[0m - [34m[1m[cache] Loaded OHLCV[1d] for FIGR from FIGR.json (250 rows)[0m
[32m2026-09-10 10:21:23.896[0m | [34m[1mDEBUG   [0m | [36msrc.data.cache[0m:[36mload_ohlcv[0m:[36m237[0m - [34m[1m[cache] Loaded OHLCV[1d] for BATRK from BATRK.json (2614 rows)[0m
[32m2026-09-10 10:21:23.914[0m | [34m[1mDEBUG   [0m | [36msrc.data.cache[0m:[36mload_ohlcv[0m:[36m237[0m - [34m[1m[cache] Loaded OHLCV[1d] for SLGL from SLGL.json (2155 rows)[0m
[32m2026-09-10 10:21:23.924[0m | [34m[1mDEBUG   [0m | [36msrc.data.cache[0m:[36mload_ohlcv[0m:[36m237[0m - [34m[1m[cache] Loaded OHLCV[1d] for EVMN from EVMN.json (210 rows)[0m
[32m2026-09-10 10:21:23.939[0m | [34m[1mDEBUG   [0m | [36msrc.data.cache[0m:[36mload_ohlcv[0m:[36m237[0m - [34m[1m[cache] Loaded OHLCV[1d] for ECHO from ECHO.json (3500 rows)[0m
[32m2026-09-10 10:21:23.959[0m | [34m[1mDEBUG   [0m | [36msrc.data.cache[0m:[36mload_ohlcv[0m:[36m237[0m - [34m[1m[cache] Loaded OHLCV[1d] for FWONK from FWONK.json (2419 rows)[0m
[32m2026-09-10 10:21:23.985[0m | [34m[1mDEBUG   [0m | [36msrc.data.cache[0m:[36mload_ohlcv[0m:[36m237[0m - [34m[1m[cache] Loaded OHLCV[1d] for TEVA from TEVA.json (5049 rows)[0m
[32m2026-09-10 10:21:24.002[0m | [34m[1mDEBUG   [0m | [36msrc.data.cache[0m:[36mload_ohlcv[0m:[36m237[0m - [34m[1m[cache] Loaded OHLCV[1d] for ONC from ONC.json (422 rows)[0m
[32m2026-09-10 10:21:24.015[0m | [34m[1mDEBUG   [0m | [36msrc.data.cache[0m:[36mload_ohlcv[0m:[36m237[0m - [34m[1m[cache] Loaded OHLCV[1d] for TECK from TECK.json (2453 rows)[0m
[32m2026-09-10 10:21:24.026[0m | [34m[1mDEBUG   [0m | [36msrc.data.cache[0m:[36mload_ohlcv[0m:[36m237[0m - [34m[1m[cache] Loaded OHLCV[1d] for VENU from VENU.json (445 rows)[0m
[32m2026-09-10 10:21:24.048[0m | [34m[1mDEBUG   [0m | [36msrc.data.cache[0m:[36mload_ohlcv[0m:[36m237[0m - [34m[1m[cache] Loaded OHLCV[1d] for NMR from NMR.json (5049 rows)[0m
[32m2026-09-10 10:21:24.060[0m | [34m[1mDEBUG   [0m | [36msrc.data.cache[0m:[36mload_ohlcv[0m:[36m237[0m - [34m[1m[cache] Loaded OHLCV[1d] for GOOGM from GOOGM.json (65 rows)[0m
[32m2026-09-10 10:21:24.082[0m | [34m[1mDEBUG   [0m | [36msrc.data.cache[0m:[36mload_ohlcv[0m:[36m237[0m - [34m[1m[cache] Loaded OHLCV[1d] for STM from STM.json (5049 rows)[0m
[32m2026-09-10 10:21:24.098[0m | [34m[1mDEBUG   [0m | [36msrc.data.cache[0m:[36mload_ohlcv[0m:[36m237[0m - [34m[1m[cache] Loaded OHLCV[1d] for VIST from VIST.json (2845 rows)[0m
[32m2026-09-10 10:21:24.124[0m | [34m[1mDEBUG   [0m | [36msrc.data.cache[0m:[36mload_ohlcv[0m:[36m237[0m - [34m[1m[cache] Loaded OHLCV[1d] for GSG from GSG.json (5049 rows)[0m
[32m2026-09-10 10:21:24.139[0m | [34m[1mDEBUG   [0m | [36msrc.data.cache[0m:[36mload_ohlcv[0m:[36m237[0m - [34m[1m[cache] Loaded OHLCV[1d] for ETHA from ETHA.json (535 rows)[0m
[32m2026-09-10 10:21:24.160[0m | [34m[1mDEBUG   [0m | [36msrc.data.cache[0m:[36mload_ohlcv[0m:[36m237[0m - [34m[1m[cache] Loaded OHLCV[1d] for OKE from OKE.json (5049 rows)[0m
[32m2026-09-10 10:21:24.185[0m | [34m[1mDEBUG   [0m | [36msrc.data.cache[0m:[36mload_ohlcv[0m:[36m237[0m - [34m[1m[cache] Loaded OHLCV[1d] for KMI from KMI.json (4115 rows)[0m
[32m2026-09-10 10:21:24.201[0m | [34m[1mDEBUG   [0m | [36msrc.data.cache[0m:[36mload_ohlcv[0m:[36m237[0m - [34m[1m[cache] Loaded OHLCV[1d] for TAK from TAK.json (1937 rows)[0m
[32m2026-09-10 10:21:24.209[0m | [34m[1mDEBUG   [0m | [36msrc.data.cache[0m:[36mload_ohlcv[0m:[36m237[0m - [34m[1m[cache] Loaded OHLCV[1d] for BRAI from BRAI.json (144 rows)[0m
[32m2026-09-10 10:21:24.215[0m | [34m[1mDEBUG   [0m | [36msrc.data.cache[0m:[36mload_ohlcv[0m:[36m237[0m - [34m[1m[cache] Loaded OHLCV[1d] for FUBO from FUBO.json (1486 rows)[0m
[32m2026-09-10 10:21:24.229[0m | [34m[1mDEBUG   [0m | [36msrc.data.cache[0m:[36mload_ohlcv[0m:[36m237[0m - [34m[1m[cache] Loaded OHLCV[1d] for FAC from FAC.json (3190 rows)[0m
[32m2026-09-10 10:21:24.249[0m | [34m[1mDEBUG   [0m | [36msrc.data.cache[0m:[36mload_ohlcv[0m:[36m237[0m - [34m[1m[cache] Loaded OHLCV[1d] for SAN from SAN.json (5005 rows)[0m
[32m2026-09-10 10:21:24.266[0m | [34m[1mDEBUG   [0m | [36msrc.data.cache[0m:[36mload_ohlcv[0m:[36m237[0m - [34m[1m[cache] Loaded OHLCV[1d] for SHPH from SHPH.json (1009 rows)[0m
[32m2026-09-10 10:21:24.287[0m | [34m[1mDEBUG   [0m | [36msrc.data.cache[0m:[36mload_ohlcv[0m:[36m237[0m - [34m[1m[cache] Loaded OHLCV[1d] for AGEN from AGEN.json (5042 rows)[0m
[32m2026-09-10 10:21:24.312[0m | [34m[1mDEBUG   [0m | [36msrc.data.cache[0m:[36mload_ohlcv[0m:[36m237[0m - [34m[1m[cache] Loaded OHLCV[1d] for CCJ from CCJ.json (5049 rows)[0m
[32m2026-09-10 10:21:24.322[0m | [34m[1mDEBUG   [0m | [36msrc.data.cache[0m:[36mload_ohlcv[0m:[36m237[0m - [34m[1m[cache] Loaded OHLCV[1d] for OMDA from OMDA.json (316 rows)[0m
[32m2026-09-10 10:21:24.338[0m | [34m[1mDEBUG   [0m | [36msrc.data.cache[0m:[36mload_ohlcv[0m:[36m237[0m - [34m[1m[cache] Loaded OHLCV[1d] for WWW from WWW.json (5049 rows)[0m
[32m2026-09-10 10:21:24.362[0m | [34m[1mDEBUG   [0m | [36msrc.data.cache[0m:[36mload_ohlcv[0m:[36m237[0m - [34m[1m[cache] Loaded OHLCV[1d] for CTS from CTS.json (5049 rows)[0m
[32m2026-09-10 10:21:24.378[0m | [34m[1mDEBUG   [0m | [36msrc.data.cache[0m:[36mload_ohlcv[0m:[36m237[0m - [34m[1m[cache] Loaded OHLCV[1d] for OPRT from OPRT.json (1747 rows)[0m
[32m2026-09-10 10:21:24.387[0m | [34m[1mDEBUG   [0m | [36msrc.data.cache[0m:[36mload_ohlcv[0m:[36m237[0m - [34m[1m[cache] Loaded OHLCV[1d] for NPB from NPB.json (393 rows)[0m
[32m2026-09-10 10:21:24.409[0m | [34m[1mDEBUG   [0m | [36msrc.data.cache[0m:[36mload_ohlcv[0m:[36m237[0m - [34m[1m[cache] Loaded OHLCV[1d] for ABG from ABG.json (5049 rows)[0m
[32m2026-09-10 10:21:24.494[0m | [34m[1mDEBUG   [0m | [36msrc.data.cache[0m:[36mload_ohlcv[0m:[36m237[0m - [34m[1m[cache] Loaded OHLCV[1d] for MRX from MRX.json (2188 rows)[0m
[32m2026-09-10 10:21:24.517[0m | [34m[1mDEBUG   [0m | [36msrc.data.cache[0m:[36mload_ohlcv[0m:[36m237[0m - [34m[1m[cache] Loaded OHLCV[1d] for LTC from LTC.json (5049 rows)[0m
[32m2026-09-10 10:21:24.538[0m | [34m[1mDEBUG   [0m | [36msrc.data.cache[0m:[36mload_ohlcv[0m:[36m237[0m - [34m[1m[cache] Loaded OHLCV[1d] for CBRL from CBRL.json (5049 rows)[0m
[32m2026-09-10 10:21:24.552[0m | [34m[1mDEBUG   [0m | [36msrc.data.cache[0m:[36mload_ohlcv[0m:[36m237[0m - [34m[1m[cache] Loaded OHLCV[1d] for SKYX from SKYX.json (1148 rows)[0m
[32m2026-09-10 10:21:24.572[0m | [34m[1mDEBUG   [0m | [36msrc.data.cache[0m:[36mload_ohlcv[0m:[36m237[0m - [34m[1m[cache] Loaded OHLCV[1d] for ABM from ABM.json (5049 rows)[0m
[32m2026-09-10 10:21:24.587[0m | [34m[1mDEBUG   [0m | [36msrc.data.cache[0m:[36mload_ohlcv[0m:[36m237[0m - [34m[1m[cache] Loaded OHLCV[1d] for UPST from UPST.json (1438 rows)[0m
[32m2026-09-10 10:21:24.596[0m | [34m[1mDEBUG   [0m | [36msrc.data.cache[0m:[36mload_ohlcv[0m:[36m237[0m - [34m[1m[cache] Loaded OHLCV[1d] for ELME from ELME.json (974 rows)[0m
[32m2026-09-10 10:21:24.610[0m | [34m[1mDEBUG   [0m | [36msrc.data.cache[0m:[36mload_ohlcv[0m:[36m237[0m - [34m[1m[cache] Loaded OHLCV[1d] for MGNX from MGNX.json (3247 rows)[0m
[32m2026-09-10 10:21:24.618[0m | [34m[1mDEBUG   [0m | [36msrc.data.cache[0m:[36mload_ohlcv[0m:[36m237[0m - [34m[1m[cache] Loaded OHLCV[1d] for CSW from CSW.json (315 rows)[0m
[32m2026-09-10 10:21:24.628[0m | [34m[1mDEBUG   [0m | [36msrc.data.cache[0m:[36mload_ohlcv[0m:[36m237[0m - [34m[1m[cache] Loaded OHLCV[1d] for RNGR from RNGR.json (2270 rows)[0m
[32m2026-09-10 10:21:24.646[0m | [34m[1mDEBUG   [0m | [36msrc.data.cache[0m:[36mload_ohlcv[0m:[36m237[0m - [34m[1m[cache] Loaded OHLCV[1d] for SFIX from SFIX.json (2212 rows)[0m
[32m2026-09-10 10:21:24.664[0m | [34m[1mDEBUG   [0m | [36msrc.data.cache[0m:[36mload_ohlcv[0m:[36m237[0m - [34m[1m[cache] Loaded OHLCV[1d] for WBD from WBD.json (2314 rows)[0m
[32m2026-09-10 10:21:24.691[0m | [34m[1mDEBUG   [0m | [36msrc.data.cache[0m:[36mload_ohlcv[0m:[36m237[0m - [34m[1m[cache] Loaded OHLCV[1d] for KBH from KBH.json (5049 rows)[0m
[32m2026-09-10 10:21:24.713[0m | [34m[1mDEBUG   [0m | [36msrc.data.cache[0m:[36mload_ohlcv[0m:[36m237[0m - [34m[1m[cache] Loaded OHLCV[1d] for UE from UE.json (2928 rows)[0m
[32m2026-09-10 10:21:24.737[0m | [34m[1mDEBUG   [0m | [36msrc.data.cache[0m:[36mload_ohlcv[0m:[36m237[0m - [34m[1m[cache] Loaded OHLCV[1d] for CRC from CRC.json (4503 rows)[0m
[32m2026-09-10 10:21:24.753[0m | [34m[1mDEBUG   [0m | [36msrc.data.cache[0m:[36mload_ohlcv[0m:[36m237[0m - [34m[1m[cache] Loaded OHLCV[1d] for FMAO from FMAO.json (2345 rows)[0m
[32m2026-09-10 10:21:24.780[0m | [34m[1mDEBUG   [0m | [36msrc.data.cache[0m:[36mload_ohlcv[0m:[36m237[0m - [34m[1m[cache] Loaded OHLCV[1d] for CPRT from CPRT.json (5049 rows)[0m
[32m2026-09-10 10:21:24.806[0m | [34m[1mDEBUG   [0m | [36msrc.data.cache[0m:[36mload_ohlcv[0m:[36m237[0m - [34m[1m[cache] Loaded OHLCV[1d] for FITB from FITB.json (5049 rows)[0m
[32m2026-09-10 10:21:24.822[0m | [34m[1mDEBUG   [0m | [36msrc.data.cache[0m:[36mload_ohlcv[0m:[36m237[0m - [34m[1m[cache] Loaded OHLCV[1d] for UBXG from UBXG.json (576 rows)[0m
[32m2026-09-10 10:21:24.838[0m | [34m[1mDEBUG   [0m | [36msrc.data.cache[0m:[36mload_ohlcv[0m:[36m237[0m - [34m[1m[cache] Loaded OHLCV[1d] for HCA from HCA.json (3967 rows)[0m
[32m2026-09-10 10:21:24.863[0m | [34m[1mDEBUG   [0m | [36msrc.data.cache[0m:[36mload_ohlcv[0m:[36m237[0m - [34m[1m[cache] Loaded OHLCV[1d] for BIIB from BIIB.json (5047 rows)[0m
[32m2026-09-10 10:21:24.880[0m | [34m[1mDEBUG   [0m | [36msrc.data.cache[0m:[36mload_ohlcv[0m:[36m237[0m - [34m[1m[cache] Loaded OHLCV[1d] for DJT from DJT.json (616 rows)[0m
[32m2026-09-10 10:21:24.898[0m | [34m[1mDEBUG   [0m | [36msrc.data.cache[0m:[36mload_ohlcv[0m:[36m237[0m - [34m[1m[cache] Loaded OHLCV[1d] for TSEM from TSEM.json (5048 rows)[0m
[32m2026-09-10 10:21:24.912[0m | [34m[1mDEBUG   [0m | [36msrc.data.cache[0m:[36mload_ohlcv[0m:[36m237[0m - [34m[1m[cache] Loaded OHLCV[1d] for GEHC from GEHC.json (923 rows)[0m
[32m2026-09-10 10:21:24.918[0m | [34m[1mDEBUG   [0m | [36msrc.data.cache[0m:[36mload_ohlcv[0m:[36m237[0m - [34m[1m[cache] Loaded OHLCV[1d] for ARBE from ARBE.json (1234 rows)[0m
[32m2026-09-10 10:21:24.937[0m | [34m[1mDEBUG   [0m | [36msrc.data.cache[0m:[36mload_ohlcv[0m:[36m237[0m - [34m[1m[cache] Loaded OHLCV[1d] for AOSL from AOSL.json (4116 rows)[0m
[32m2026-09-10 10:21:24.967[0m | [34m[1mDEBUG   [0m | [36msrc.data.cache[0m:[36mload_ohlcv[0m:[36m237[0m - [34m[1m[cache] Loaded OHLCV[1d] for DHT from DHT.json (5049 rows)[0m
[32m2026-09-10 10:21:24.979[0m | [34m[1mDEBUG   [0m | [36msrc.data.cache[0m:[36mload_ohlcv[0m:[36m237[0m - [34m[1m[cache] Loaded OHLCV[1d] for ASO from ASO.json (1664 rows)[0m
[32m2026-09-10 10:21:24.995[0m | [34m[1mDEBUG   [0m | [36msrc.data.cache[0m:[36mload_ohlcv[0m:[36m237[0m - [34m[1m[cache] Loaded OHLCV[1d] for BHE from BHE.json (5049 rows)[0m
[32m2026-09-10 10:21:25.008[0m | [34m[1mDEBUG   [0m | [36msrc.data.cache[0m:[36mload_ohlcv[0m:[36m237[0m - [34m[1m[cache] Loaded OHLCV[1d] for POET from POET.json (1127 rows)[0m
[32m2026-09-10 10:21:25.015[0m | [34m[1mDEBUG   [0m | [36msrc.data.cache[0m:[36mload_ohlcv[0m:[36m237[0m - [34m[1m[cache] Loaded OHLCV[1d] for SG from SG.json (1702 rows)[0m
[32m2026-09-10 10:21:25.021[0m | [34m[1mDEBUG   [0m | [36msrc.data.cache[0m:[36mload_ohlcv[0m:[36m237[0m - [34m[1m[cache] Loaded OHLCV[1d] for IBX from IBX.json (117 rows)[0m
[32m2026-09-10 10:21:25.027[0m | [34m[1mDEBUG   [0m | [36msrc.data.cache[0m:[36mload_ohlcv[0m:[36m237[0m - [34m[1m[cache] Loaded OHLCV[1d] for LESL from LESL.json (1471 rows)[0m
[32m2026-09-10 10:21:25.034[0m | [34m[1mDEBUG   [0m | [36msrc.data.cache[0m:[36mload_ohlcv[0m:[36m237[0m - [34m[1m[cache] Loaded OHLCV[1d] for KMTS from KMTS.json (380 rows)[0m
[32m2026-09-10 10:21:25.039[0m | [34m[1mDEBUG   [0m | [36msrc.data.cache[0m:[36mload_ohlcv[0m:[36m237[0m - [34m[1m[cache] Loaded OHLCV[1d] for PXED from PXED.json (230 rows)[0m
[32m2026-09-10 10:21:25.054[0m | [34m[1mDEBUG   [0m | [36msrc.data.cache[0m:[36mload_ohlcv[0m:[36m237[0m - [34m[1m[cache] Loaded OHLCV[1d] for ACN from ACN.json (5049 rows)[0m
[32m2026-09-10 10:21:25.071[0m | [34m[1mDEBUG   [0m | [36msrc.data.cache[0m:[36mload_ohlcv[0m:[36m237[0m - [34m[1m[cache] Loaded OHLCV[1d] for DXC from DXC.json (2372 rows)[0m
[32m2026-09-10 10:21:25.097[0m | [34m[1mDEBUG   [0m | [36msrc.data.cache[0m:[36mload_ohlcv[0m:[36m237[0m - [34m[1m[cache] Loaded OHLCV[1d] for LAD from LAD.json (5049 rows)[0m
[32m2026-09-10 10:21:25.117[0m | [34m[1mDEBUG   [0m | [36msrc.data.cache[0m:[36mload_ohlcv[0m:[36m237[0m - [34m[1m[cache] Loaded OHLCV[1d] for PRLB from PRLB.json (3656 rows)[0m
[32m2026-09-10 10:21:25.139[0m | [34m[1mDEBUG   [0m | [36msrc.data.cache[0m:[36mload_ohlcv[0m:[36m237[0m - [34m[1m[cache] Loaded OHLCV[1d] for PLAB from PLAB.json (5049 rows)[0m
[32m2026-09-10 10:21:25.166[0m | [34m[1mDEBUG   [0m | [36msrc.data.cache[0m:[36mload_ohlcv[0m:[36m237[0m - [34m[1m[cache] Loaded OHLCV[1d] for DHY from DHY.json (5049 rows)[0m
[32m2026-09-10 10:21:25.189[0m | [34m[1mDEBUG   [0m | [36msrc.data.cache[0m:[36mload_ohlcv[0m:[36m237[0m - [34m[1m[cache] Loaded OHLCV[1d] for AEF from AEF.json (3756 rows)[0m
[32m2026-09-10 10:21:25.205[0m | [34m[1mDEBUG   [0m | [36msrc.data.cache[0m:[36mload_ohlcv[0m:[36m237[0m - [34m[1m[cache] Loaded OHLCV[1d] for PHIN from PHIN.json (799 rows)[0m
[32m2026-09-10 10:21:25.219[0m | [34m[1mDEBUG   [0m | [36msrc.data.cache[0m:[36mload_ohlcv[0m:[36m237[0m - [34m[1m[cache] Loaded OHLCV[1d] for MCFT from MCFT.json (2803 rows)[0m
[32m2026-09-10 10:21:25.240[0m | [34m[1mDEBUG   [0m | [36msrc.data.cache[0m:[36mload_ohlcv[0m:[36m237[0m - [34m[1m[cache] Loaded OHLCV[1d] for WGO from WGO.json (5049 rows)[0m
[32m2026-09-10 10:21:25.255[0m | [34m[1mDEBUG   [0m | [36msrc.data.cache[0m:[36mload_ohlcv[0m:[36m237[0m - [34m[1m[cache] Loaded OHLCV[1d] for NXDR from NXDR.json (287 rows)[0m
[32m2026-09-10 10:21:25.263[0m | [34m[1mDEBUG   [0m | [36msrc.data.cache[0m:[36mload_ohlcv[0m:[36m237[0m - [34m[1m[cache] Loaded OHLCV[1d] for YEXT from YEXT.json (2364 rows)[0m
[32m2026-09-10 10:21:25.286[0m | [34m[1mDEBUG   [0m | [36msrc.data.cache[0m:[36mload_ohlcv[0m:[36m237[0m - [34m[1m[cache] Loaded OHLCV[1d] for BTE from BTE.json (4492 rows)[0m
[32m2026-09-10 10:21:25.303[0m | [34m[1mDEBUG   [0m | [36msrc.data.cache[0m:[36mload_ohlcv[0m:[36m237[0m - [34m[1m[cache] Loaded OHLCV[1d] for NVRI from NVRI.json (809 rows)[0m
[32m2026-09-10 10:21:25.325[0m | [34m[1mDEBUG   [0m | [36msrc.data.cache[0m:[36mload_ohlcv[0m:[36m237[0m - [34m[1m[cache] Loaded OHLCV[1d] for ACLS from ACLS.json (5049 rows)[0m
[32m2026-09-10 10:21:25.339[0m | [34m[1mDEBUG   [0m | [36msrc.data.cache[0m:[36mload_ohlcv[0m:[36m237[0m - [34m[1m[cache] Loaded OHLCV[1d] for PAGS from PAGS.json (2168 rows)[0m
[32m2026-09-10 10:21:25.356[0m | [34m[1mDEBUG   [0m | [36msrc.data.cache[0m:[36mload_ohlcv[0m:[36m237[0m - [34m[1m[cache] Loaded OHLCV[1d] for CSR from CSR.json (2443 rows)[0m
[32m2026-09-10 10:21:25.384[0m | [34m[1mDEBUG   [0m | [36msrc.data.cache[0m:[36mload_ohlcv[0m:[36m237[0m - [34m[1m[cache] Loaded OHLCV[1d] for HDSN from HDSN.json (5046 rows)[0m
[32m2026-09-10 10:21:25.402[0m | [34m[1mDEBUG   [0m | [36msrc.data.cache[0m:[36mload_ohlcv[0m:[36m237[0m - [34m[1m[cache] Loaded OHLCV[1d] for LNKS from LNKS.json (440 rows)[0m
[32m2026-09-10 10:21:25.420[0m | [34m[1mDEBUG   [0m | [36msrc.data.cache[0m:[36mload_ohlcv[0m:[36m237[0m - [34m[1m[cache] Loaded OHLCV[1d] for VAC from VAC.json (3719 rows)[0m
[32m2026-09-10 10:21:25.438[0m | [34m[1mDEBUG   [0m | [36msrc.data.cache[0m:[36mload_ohlcv[0m:[36m237[0m - [34m[1m[cache] Loaded OHLCV[1d] for CELC from CELC.json (2252 rows)[0m
[32m2026-09-10 10:21:25.459[0m | [34m[1mDEBUG   [0m | [36msrc.data.cache[0m:[36mload_ohlcv[0m:[36m237[0m - [34m[1m[cache] Loaded OHLCV[1d] for TRC from TRC.json (5049 rows)[0m
[32m2026-09-10 10:21:25.484[0m | [34m[1mDEBUG   [0m | [36msrc.data.cache[0m:[36mload_ohlcv[0m:[36m237[0m - [34m[1m[cache] Loaded OHLCV[1d] for WTI from WTI.json (5049 rows)[0m
[32m2026-09-10 10:21:25.506[0m | [34m[1mDEBUG   [0m | [36msrc.data.cache[0m:[36mload_ohlcv[0m:[36m237[0m - [34m[1m[cache] Loaded OHLCV[1d] for VPG from VPG.json (4069 rows)[0m
[32m2026-09-10 10:21:25.529[0m | [34m[1mDEBUG   [0m | [36msrc.data.cache[0m:[36mload_ohlcv[0m:[36m237[0m - [34m[1m[cache] Loaded OHLCV[1d] for EPC from EPC.json (3334 rows)[0m
[32m2026-09-10 10:21:25.541[0m | [34m[1mDEBUG   [0m | [36msrc.data.cache[0m:[36mload_ohlcv[0m:[36m237[0m - [34m[1m[cache] Loaded OHLCV[1d] for MRBK from MRBK.json (2272 rows)[0m
[32m2026-09-10 10:21:25.558[0m | [34m[1mDEBUG   [0m | [36msrc.data.cache[0m:[36mload_ohlcv[0m:[36m237[0m - [34m[1m[cache] Loaded OHLCV[1d] for ALG from ALG.json (5048 rows)[0m
[32m2026-09-10 10:21:25.573[0m | [34m[1mDEBUG   [0m | [36msrc.data.cache[0m:[36mload_ohlcv[0m:[36m237[0m - [34m[1m[cache] Loaded OHLCV[1d] for ECG from ECG.json (463 rows)[0m
[32m2026-09-10 10:21:25.595[0m | [34m[1mDEBUG   [0m | [36msrc.data.cache[0m:[36mload_ohlcv[0m:[36m237[0m - [34m[1m[cache] Loaded OHLCV[1d] for RUSHB from RUSHB.json (5033 rows)[0m
[32m2026-09-10 10:21:25.688[0m | [34m[1mDEBUG   [0m | [36msrc.data.cache[0m:[36mload_ohlcv[0m:[36m237[0m - [34m[1m[cache] Loaded OHLCV[1d] for VSH from VSH.json (5049 rows)[0m
[32m2026-09-10 10:21:25.715[0m | [34m[1mDEBUG   [0m | [36msrc.data.cache[0m:[36mload_ohlcv[0m:[36m237[0m - [34m[1m[cache] Loaded OHLCV[1d] for BCBP from BCBP.json (4735 rows)[0m
[32m2026-09-10 10:21:25.732[0m | [34m[1mDEBUG   [0m | [36msrc.data.cache[0m:[36mload_ohlcv[0m:[36m237[0m - [34m[1m[cache] Loaded OHLCV[1d] for ECVT from ECVT.json (1281 rows)[0m
[32m2026-09-10 10:21:25.741[0m | [34m[1mDEBUG   [0m | [36msrc.data.cache[0m:[36mload_ohlcv[0m:[36m237[0m - [34m[1m[cache] Loaded OHLCV[1d] for RYZ from RYZ.json (142 rows)[0m
[32m2026-09-10 10:21:25.760[0m | [34m[1mDEBUG   [0m | [36msrc.data.cache[0m:[36mload_ohlcv[0m:[36m237[0m - [34m[1m[cache] Loaded OHLCV[1d] for WINA from WINA.json (4889 rows)[0m
[32m2026-09-10 10:21:25.777[0m | [34m[1mDEBUG   [0m | [36msrc.data.cache[0m:[36mload_ohlcv[0m:[36m237[0m - [34m[1m[cache] Loaded OHLCV[1d] for FWRG from FWRG.json (1239 rows)[0m
[32m2026-09-10 10:21:25.799[0m | [34m[1mDEBUG   [0m | [36msrc.data.cache[0m:[36mload_ohlcv[0m:[36m237[0m - [34m[1m[cache] Loaded OHLCV[1d] for NHS from NHS.json (4614 rows)[0m
[32m2026-09-10 10:21:25.829[0m | [34m[1mDEBUG   [0m | [36msrc.data.cache[0m:[36mload_ohlcv[0m:[36m237[0m - [34m[1m[cache] Loaded OHLCV[1d] for MDU from MDU.json (5049 rows)[0m
[32m2026-09-10 10:21:25.847[0m | [34m[1mDEBUG   [0m | [36msrc.data.cache[0m:[36mload_ohlcv[0m:[36m237[0m - [34m[1m[cache] Loaded OHLCV[1d] for CLW from CLW.json (4458 rows)[0m
[32m2026-09-10 10:21:25.866[0m | [34m[1mDEBUG   [0m | [36msrc.data.cache[0m:[36mload_ohlcv[0m:[36m237[0m - [34m[1m[cache] Loaded OHLCV[1d] for FIVN from FIVN.json (3126 rows)[0m
[32m2026-09-10 10:21:25.877[0m | [34m[1mDEBUG   [0m | [36msrc.data.cache[0m:[36mload_ohlcv[0m:[36m237[0m - [34m[1m[cache] Loaded OHLCV[1d] for IPX from IPX.json (1270 rows)[0m
[32m2026-09-10 10:21:25.890[0m | [34m[1mDEBUG   [0m | [36msrc.data.cache[0m:[36mload_ohlcv[0m:[36m237[0m - [34m[1m[cache] Loaded OHLCV[1d] for RYAM from RYAM.json (3067 rows)[0m
[32m2026-09-10 10:21:25.913[0m | [34m[1mDEBUG   [0m | [36msrc.data.cache[0m:[36mload_ohlcv[0m:[36m237[0m - [34m[1m[cache] Loaded OHLCV[1d] for OIS from OIS.json (5049 rows)[0m
[32m2026-09-10 10:21:25.930[0m | [34m[1mDEBUG   [0m | [36msrc.data.cache[0m:[36mload_ohlcv[0m:[36m237[0m - [34m[1m[cache] Loaded OHLCV[1d] for BOC from BOC.json (1141 rows)[0m
[32m2026-09-10 10:21:25.948[0m | [34m[1mDEBUG   [0m | [36msrc.data.cache[0m:[36mload_ohlcv[0m:[36m237[0m - [34m[1m[cache] Loaded OHLCV[1d] for CIK from CIK.json (5049 rows)[0m
[32m2026-09-10 10:21:25.962[0m | [34m[1mDEBUG   [0m | [36msrc.data.cache[0m:[36mload_ohlcv[0m:[36m237[0m - [34m[1m[cache] Loaded OHLCV[1d] for MBC from MBC.json (1725 rows)[0m
[32m2026-09-10 10:21:25.970[0m | [34m[1mDEBUG   [0m | [36msrc.data.cache[0m:[36mload_ohlcv[0m:[36m237[0m - [34m[1m[cache] Loaded OHLCV[1d] for SHOE from SHOE.json (547 rows)[0m
[32m2026-09-10 10:21:25.981[0m | [34m[1mDEBUG   [0m | [36msrc.data.cache[0m:[36mload_ohlcv[0m:[36m237[0m - [34m[1m[cache] Loaded OHLCV[1d] for AMPY from AMPY.json (1782 rows)[0m
[32m2026-09-10 10:21:25.994[0m | [34m[1mDEBUG   [0m | [36msrc.data.cache[0m:[36mload_ohlcv[0m:[36m237[0m - [34m[1m[cache] Loaded OHLCV[1d] for AVPT from AVPT.json (1282 rows)[0m
[32m2026-09-10 10:21:26.018[0m | [34m[1mDEBUG   [0m | [36msrc.data.cache[0m:[36mload_ohlcv[0m:[36m237[0m - [34m[1m[cache] Loaded OHLCV[1d] for KSS from KSS.json (5049 rows)[0m
[32m2026-09-10 10:21:26.049[0m | [34m[1mDEBUG   [0m | [36msrc.data.cache[0m:[36mload_ohlcv[0m:[36m237[0m - [34m[1m[cache] Loaded OHLCV[1d] for KALU from KALU.json (5049 rows)[0m
[32m2026-09-10 10:21:26.065[0m | [34m[1mDEBUG   [0m | [36msrc.data.cache[0m:[36mload_ohlcv[0m:[36m237[0m - [34m[1m[cache] Loaded OHLCV[1d] for GENI from GENI.json (1353 rows)[0m
[32m2026-09-10 10:21:26.085[0m | [34m[1mDEBUG   [0m | [36msrc.data.cache[0m:[36mload_ohlcv[0m:[36m237[0m - [34m[1m[cache] Loaded OHLCV[1d] for OCFC from OCFC.json (5049 rows)[0m
[32m2026-09-10 10:21:26.113[0m | [34m[1mDEBUG   [0m | [36msrc.data.cache[0m:[36mload_ohlcv[0m:[36m237[0m - [34m[1m[cache] Loaded OHLCV[1d] for DHR from DHR.json (5049 rows)[0m
[32m2026-09-10 10:21:26.132[0m | [34m[1mDEBUG   [0m | [36msrc.data.cache[0m:[36mload_ohlcv[0m:[36m237[0m - [34m[1m[cache] Loaded OHLCV[1d] for ERNA from ERNA.json (974 rows)[0m
[32m2026-09-10 10:21:26.143[0m | [34m[1mDEBUG   [0m | [36msrc.data.cache[0m:[36mload_ohlcv[0m:[36m237[0m - [34m[1m[cache] Loaded OHLCV[1d] for ARQT from ARQT.json (1660 rows)[0m
[32m2026-09-10 10:21:26.160[0m | [34m[1mDEBUG   [0m | [36msrc.data.cache[0m:[36mload_ohlcv[0m:[36m237[0m - [34m[1m[cache] Loaded OHLCV[1d] for OMCL from OMCL.json (5049 rows)[0m
[32m2026-09-10 10:21:26.181[0m | [34m[1mDEBUG   [0m | [36msrc.data.cache[0m:[36mload_ohlcv[0m:[36m237[0m - [34m[1m[cache] Loaded OHLCV[1d] for PRI from PRI.json (4135 rows)[0m
[32m2026-09-10 10:21:26.203[0m | [34m[1mDEBUG   [0m | [36msrc.data.cache[0m:[36mload_ohlcv[0m:[36m237[0m - [34m[1m[cache] Loaded OHLCV[1d] for BJ from BJ.json (3354 rows)[0m
[32m2026-09-10 10:21:26.230[0m | [34m[1mDEBUG   [0m | [36msrc.data.cache[0m:[36mload_ohlcv[0m:[36m237[0m - [34m[1m[cache] Loaded OHLCV[1d] for WSM from WSM.json (5049 rows)[0m
[32m2026-09-10 10:21:26.248[0m | [34m[1mDEBUG   [0m | [36msrc.data.cache[0m:[36mload_ohlcv[0m:[36m237[0m - [34m[1m[cache] Loaded OHLCV[1d] for CART from CART.json (3151 rows)[0m
[32m2026-09-10 10:21:26.263[0m | [34m[1mDEBUG   [0m | [36msrc.data.cache[0m:[36mload_ohlcv[0m:[36m237[0m - [34m[1m[cache] Loaded OHLCV[1d] for RCAT from RCAT.json (1346 rows)[0m
[32m2026-09-10 10:21:26.276[0m | [34m[1mDEBUG   [0m | [36msrc.data.cache[0m:[36mload_ohlcv[0m:[36m237[0m - [34m[1m[cache] Loaded OHLCV[1d] for IOVA from IOVA.json (2312 rows)[0m
[32m2026-09-10 10:21:26.300[0m | [34m[1mDEBUG   [0m | [36msrc.data.cache[0m:[36mload_ohlcv[0m:[36m237[0m - [34m[1m[cache] Loaded OHLCV[1d] for CPHI from CPHI.json (4254 rows)[0m
[32m2026-09-10 10:21:26.332[0m | [34m[1mDEBUG   [0m | [36msrc.data.cache[0m:[36mload_ohlcv[0m:[36m237[0m - [34m[1m[cache] Loaded OHLCV[1d] for PNR from PNR.json (5049 rows)[0m
[32m2026-09-10 10:21:26.356[0m | [34m[1mDEBUG   [0m | [36msrc.data.cache[0m:[36mload_ohlcv[0m:[36m237[0m - [34m[1m[cache] Loaded OHLCV[1d] for BNY from BNY.json (4978 rows)[0m
[32m2026-09-10 10:21:26.386[0m | [34m[1mDEBUG   [0m | [36msrc.data.cache[0m:[36mload_ohlcv[0m:[36m237[0m - [34m[1m[cache] Loaded OHLCV[1d] for CTBI from CTBI.json (5049 rows)[0m
[32m2026-09-10 10:21:26.407[0m | [34m[1mDEBUG   [0m | [36msrc.data.cache[0m:[36mload_ohlcv[0m:[36m237[0m - [34m[1m[cache] Loaded OHLCV[1d] for FHN from FHN.json (5049 rows)[0m
[32m2026-09-10 10:21:26.432[0m | [34m[1mDEBUG   [0m | [36msrc.data.cache[0m:[36mload_ohlcv[0m:[36m237[0m - [34m[1m[cache] Loaded OHLCV[1d] for GSBC from GSBC.json (5049 rows)[0m
[32m2026-09-10 10:21:26.458[0m | [34m[1mDEBUG   [0m | [36msrc.data.cache[0m:[36mload_ohlcv[0m:[36m237[0m - [34m[1m[cache] Loaded OHLCV[1d] for HOMB from HOMB.json (5049 rows)[0m
[32m2026-09-10 10:21:26.482[0m | [34m[1mDEBUG   [0m | [36msrc.data.cache[0m:[36mload_ohlcv[0m:[36m237[0m - [34m[1m[cache] Loaded OHLCV[1d] for JBHT from JBHT.json (5049 rows)[0m
[32m2026-09-10 10:21:26.497[0m | [34m[1mDEBUG   [0m | [36msrc.data.cache[0m:[36mload_ohlcv[0m:[36m237[0m - [34m[1m[cache] Loaded OHLCV[1d] for KARO from KARO.json (1363 rows)[0m
[32m2026-09-10 10:21:26.514[0m | [34m[1mDEBUG   [0m | [36msrc.data.cache[0m:[36mload_ohlcv[0m:[36m237[0m - [34m[1m[cache] Loaded OHLCV[1d] for SB from SB.json (4599 rows)[0m
[32m2026-09-10 10:21:26.538[0m | [34m[1mDEBUG   [0m | [36msrc.data.cache[0m:[36mload_ohlcv[0m:[36m237[0m - [34m[1m[cache] Loaded OHLCV[1d] for PNC from PNC.json (5049 rows)[0m
[32m2026-09-10 10:21:26.561[0m | [34m[1mDEBUG   [0m | [36msrc.data.cache[0m:[36mload_ohlcv[0m:[36m237[0m - [34m[1m[cache] Loaded OHLCV[1d] for CTSH from CTSH.json (5049 rows)[0m
[32m2026-09-10 10:21:26.573[0m | [34m[1mDEBUG   [0m | [36msrc.data.cache[0m:[36mload_ohlcv[0m:[36m237[0m - [34m[1m[cache] Loaded OHLCV[1d] for GRRR from GRRR.json (1024 rows)[0m
[32m2026-09-10 10:21:26.581[0m | [34m[1mDEBUG   [0m | [36msrc.data.cache[0m:[36mload_ohlcv[0m:[36m237[0m - [34m[1m[cache] Loaded OHLCV[1d] for ELVA from ELVA.json (798 rows)[0m
[32m2026-09-10 10:21:26.597[0m | [34m[1mDEBUG   [0m | [36msrc.data.cache[0m:[36mload_ohlcv[0m:[36m237[0m - [34m[1m[cache] Loaded OHLCV[1d] for CCRN from CCRN.json (5013 rows)[0m
[32m2026-09-10 10:21:26.623[0m | [34m[1mDEBUG   [0m | [36msrc.data.cache[0m:[36mload_ohlcv[0m:[36m237[0m - [34m[1m[cache] Loaded OHLCV[1d] for EFX from EFX.json (5049 rows)[0m
[32m2026-09-10 10:21:26.655[0m | [34m[1mDEBUG   [0m | [36msrc.data.cache[0m:[36mload_ohlcv[0m:[36m237[0m - [34m[1m[cache] Loaded OHLCV[1d] for CRAI from CRAI.json (5049 rows)[0m
[32m2026-09-10 10:21:26.683[0m | [34m[1mDEBUG   [0m | [36msrc.data.cache[0m:[36mload_ohlcv[0m:[36m237[0m - [34m[1m[cache] Loaded OHLCV[1d] for IT from IT.json (5049 rows)[0m
[32m2026-09-10 10:21:26.708[0m | [34m[1mDEBUG   [0m | [36msrc.data.cache[0m:[36mload_ohlcv[0m:[36m237[0m - [34m[1m[cache] Loaded OHLCV[1d] for CLH from CLH.json (4522 rows)[0m
[32m2026-09-10 10:21:26.731[0m | [34m[1mDEBUG   [0m | [36msrc.data.cache[0m:[36mload_ohlcv[0m:[36m237[0m - [34m[1m[cache] Loaded OHLCV[1d] for EXPO from EXPO.json (5049 rows)[0m
[32m2026-09-10 10:21:26.768[0m | [34m[1mDEBUG   [0m | [36msrc.data.cache[0m:[36mload_ohlcv[0m:[36m237[0m - [34m[1m[cache] Loaded OHLCV[1d] for FORM from FORM.json (5049 rows)[0m
[32m2026-09-10 10:21:26.783[0m | [34m[1mDEBUG   [0m | [36msrc.data.cache[0m:[36mload_ohlcv[0m:[36m237[0m - [34m[1m[cache] Loaded OHLCV[1d] for MCHPP from MCHPP.json (366 rows)[0m
[32m2026-09-10 10:21:26.790[0m | [34m[1mDEBUG   [0m | [36msrc.data.cache[0m:[36mload_ohlcv[0m:[36m237[0m - [34m[1m[cache] Loaded OHLCV[1d] for WAY from WAY.json (565 rows)[0m
[32m2026-09-10 10:21:26.806[0m | [34m[1mDEBUG   [0m | [36msrc.data.cache[0m:[36mload_ohlcv[0m:[36m237[0m - [34m[1m[cache] Loaded OHLCV[1d] for GLOB from GLOB.json (3054 rows)[0m
[32m2026-09-10 10:21:26.824[0m | [34m[1mDEBUG   [0m | [36msrc.data.cache[0m:[36mload_ohlcv[0m:[36m237[0m - [34m[1m[cache] Loaded OHLCV[1d] for AVT from AVT.json (5049 rows)[0m
[32m2026-09-10 10:21:26.840[0m | [34m[1mDEBUG   [0m | [36msrc.data.cache[0m:[36mload_ohlcv[0m:[36m237[0m - [34m[1m[cache] Loaded OHLCV[1d] for CRBD from CRBD.json (439 rows)[0m
[32m2026-09-10 10:21:26.853[0m | [34m[1mDEBUG   [0m | [36msrc.data.cache[0m:[36mload_ohlcv[0m:[36m237[0m - [34m[1m[cache] Loaded OHLCV[1d] for LMB from LMB.json (2462 rows)[0m
[32m2026-09-10 10:21:26.864[0m | [34m[1mDEBUG   [0m | [36msrc.data.cache[0m:[36mload_ohlcv[0m:[36m237[0m - [34m[1m[cache] Loaded OHLCV[1d] for SEPN from SEPN.json (468 rows)[0m
[32m2026-09-10 10:21:26.883[0m | [34m[1mDEBUG   [0m | [36msrc.data.cache[0m:[36mload_ohlcv[0m:[36m237[0m - [34m[1m[cache] Loaded OHLCV[1d] for MGA from MGA.json (5049 rows)[0m
[32m2026-09-10 10:21:26.902[0m | [34m[1mDEBUG   [0m | [36msrc.data.cache[0m:[36mload_ohlcv[0m:[36m237[0m - [34m[1m[cache] Loaded OHLCV[1d] for FRPT from FRPT.json (4217 rows)[0m
[32m2026-09-10 10:21:26.924[0m | [34m[1mDEBUG   [0m | [36msrc.data.cache[0m:[36mload_ohlcv[0m:[36m237[0m - [34m[1m[cache] Loaded OHLCV[1d] for PATH from PATH.json (2245 rows)[0m
[32m2026-09-10 10:21:26.938[0m | [34m[1mDEBUG   [0m | [36msrc.data.cache[0m:[36mload_ohlcv[0m:[36m237[0m - [34m[1m[cache] Loaded OHLCV[1d] for AQST from AQST.json (2042 rows)[0m
[32m2026-09-10 10:21:27.024[0m | [34m[1mDEBUG   [0m | [36msrc.data.cache[0m:[36mload_ohlcv[0m:[36m237[0m - [34m[1m[cache] Loaded OHLCV[1d] for KAI from KAI.json (5049 rows)[0m
[32m2026-09-10 10:21:27.042[0m | [34m[1mDEBUG   [0m | [36msrc.data.cache[0m:[36mload_ohlcv[0m:[36m237[0m - [34m[1m[cache] Loaded OHLCV[1d] for BRK-A from BRK-A.json (1279 rows)[0m
[32m2026-09-10 10:21:27.057[0m | [34m[1mDEBUG   [0m | [36msrc.data.cache[0m:[36mload_ohlcv[0m:[36m237[0m - [34m[1m[cache] Loaded OHLCV[1d] for VRSK from VRSK.json (4256 rows)[0m
[32m2026-09-10 10:21:27.076[0m | [34m[1mDEBUG   [0m | [36msrc.data.cache[0m:[36mload_ohlcv[0m:[36m237[0m - [34m[1m[cache] Loaded OHLCV[1d] for CHMG from CHMG.json (3412 rows)[0m
[32m2026-09-10 10:21:27.088[0m | [34m[1mDEBUG   [0m | [36msrc.data.cache[0m:[36mload_ohlcv[0m:[36m237[0m - [34m[1m[cache] Loaded OHLCV[1d] for FULC from FULC.json (1796 rows)[0m
[32m2026-09-10 10:21:27.094[0m | [34m[1mDEBUG   [0m | [36msrc.data.cache[0m:[36mload_ohlcv[0m:[36m237[0m - [34m[1m[cache] Loaded OHLCV[1d] for MPLT from MPLT.json (218 rows)[0m
[32m2026-09-10 10:21:27.106[0m | [34m[1mDEBUG   [0m | [36msrc.data.cache[0m:[36mload_ohlcv[0m:[36m237[0m - [34m[1m[cache] Loaded OHLCV[1d] for DERM from DERM.json (2561 rows)[0m
[32m2026-09-10 10:21:27.130[0m | [34m[1mDEBUG   [0m | [36msrc.data.cache[0m:[36mload_ohlcv[0m:[36m237[0m - [34m[1m[cache] Loaded OHLCV[1d] for ICFI from ICFI.json (5017 rows)[0m
[32m2026-09-10 10:21:27.145[0m | [34m[1mDEBUG   [0m | [36msrc.data.cache[0m:[36mload_ohlcv[0m:[36m237[0m - [34m[1m[cache] Loaded OHLCV[1d] for MLTX from MLTX.json (1109 rows)[0m
[32m2026-09-10 10:21:27.160[0m | [34m[1mDEBUG   [0m | [36msrc.data.cache[0m:[36mload_ohlcv[0m:[36m237[0m - [34m[1m[cache] Loaded OHLCV[1d] for NRG from NRG.json (5049 rows)[0m
[32m2026-09-10 10:21:27.181[0m | [34m[1mDEBUG   [0m | [36msrc.data.cache[0m:[36mload_ohlcv[0m:[36m237[0m - [34m[1m[cache] Loaded OHLCV[1d] for COLL from COLL.json (2851 rows)[0m
[32m2026-09-10 10:21:27.203[0m | [34m[1mDEBUG   [0m | [36msrc.data.cache[0m:[36mload_ohlcv[0m:[36m237[0m - [34m[1m[cache] Loaded OHLCV[1d] for INCY from INCY.json (5049 rows)[0m
[32m2026-09-10 10:21:27.221[0m | [34m[1mDEBUG   [0m | [36msrc.data.cache[0m:[36mload_ohlcv[0m:[36m237[0m - [34m[1m[cache] Loaded OHLCV[1d] for PRQR from PRQR.json (3011 rows)[0m
[32m2026-09-10 10:21:27.234[0m | [34m[1mDEBUG   [0m | [36msrc.data.cache[0m:[36mload_ohlcv[0m:[36m237[0m - [34m[1m[cache] Loaded OHLCV[1d] for GSHD from GSHD.json (2103 rows)[0m
[32m2026-09-10 10:21:27.246[0m | [34m[1mDEBUG   [0m | [36msrc.data.cache[0m:[36mload_ohlcv[0m:[36m237[0m - [34m[1m[cache] Loaded OHLCV[1d] for KIDS from KIDS.json (2528 rows)[0m
[32m2026-09-10 10:21:27.262[0m | [34m[1mDEBUG   [0m | [36msrc.data.cache[0m:[36mload_ohlcv[0m:[36m237[0m - [34m[1m[cache] Loaded OHLCV[1d] for RPAY from RPAY.json (1800 rows)[0m
[32m2026-09-10 10:21:27.282[0m | [34m[1mDEBUG   [0m | [36msrc.data.cache[0m:[36mload_ohlcv[0m:[36m237[0m - [34m[1m[cache] Loaded OHLCV[1d] for INSW from INSW.json (3660 rows)[0m
[32m2026-09-10 10:21:27.309[0m | [34m[1mDEBUG   [0m | [36msrc.data.cache[0m:[36mload_ohlcv[0m:[36m237[0m - [34m[1m[cache] Loaded OHLCV[1d] for DDD from DDD.json (4957 rows)[0m
[32m2026-09-10 10:21:27.330[0m | [34m[1mDEBUG   [0m | [36msrc.data.cache[0m:[36mload_ohlcv[0m:[36m237[0m - [34m[1m[cache] Loaded OHLCV[1d] for NNOX from NNOX.json (1519 rows)[0m
[32m2026-09-10 10:21:27.342[0m | [34m[1mDEBUG   [0m | [36msrc.data.cache[0m:[36mload_ohlcv[0m:[36m237[0m - [34m[1m[cache] Loaded OHLCV[1d] for DOCS from DOCS.json (1282 rows)[0m
[32m2026-09-10 10:21:27.353[0m | [34m[1mDEBUG   [0m | [36msrc.data.cache[0m:[36mload_ohlcv[0m:[36m237[0m - [34m[1m[cache] Loaded OHLCV[1d] for CRCT from CRCT.json (1371 rows)[0m
[32m2026-09-10 10:21:27.377[0m | [34m[1mDEBUG   [0m | [36msrc.data.cache[0m:[36mload_ohlcv[0m:[36m237[0m - [34m[1m[cache] Loaded OHLCV[1d] for BK from BK.json (4973 rows)[0m
[32m2026-09-10 10:21:27.392[0m | [34m[1mDEBUG   [0m | [36msrc.data.cache[0m:[36mload_ohlcv[0m:[36m237[0m - [34m[1m[cache] Loaded OHLCV[1d] for NCDL from NCDL.json (658 rows)[0m
[32m2026-09-10 10:21:27.399[0m | [34m[1mDEBUG   [0m | [36msrc.data.cache[0m:[36mload_ohlcv[0m:[36m237[0m - [34m[1m[cache] Loaded OHLCV[1d] for DXST from DXST.json (410 rows)[0m
[32m2026-09-10 10:21:27.404[0m | [34m[1mDEBUG   [0m | [36msrc.data.cache[0m:[36mload_ohlcv[0m:[36m237[0m - [34m[1m[cache] Loaded OHLCV[1d] for ATPC from ATPC.json (729 rows)[0m
[32m2026-09-10 10:21:27.425[0m | [34m[1mDEBUG   [0m | [36msrc.data.cache[0m:[36mload_ohlcv[0m:[36m237[0m - [34m[1m[cache] Loaded OHLCV[1d] for BTI from BTI.json (5049 rows)[0m
[32m2026-09-10 10:21:27.451[0m | [34m[1mDEBUG   [0m | [36msrc.data.cache[0m:[36mload_ohlcv[0m:[36m237[0m - [34m[1m[cache] Loaded OHLCV[1d] for STXS from STXS.json (4272 rows)[0m
[32m2026-09-10 10:21:27.468[0m | [34m[1mDEBUG   [0m | [36msrc.data.cache[0m:[36mload_ohlcv[0m:[36m237[0m - [34m[1m[cache] Loaded OHLCV[1d] for STAK from STAK.json (773 rows)[0m
[32m2026-09-10 10:21:27.490[0m | [34m[1mDEBUG   [0m | [36msrc.data.cache[0m:[36mload_ohlcv[0m:[36m237[0m - [34m[1m[cache] Loaded OHLCV[1d] for SLG from SLG.json (5049 rows)[0m
[32m2026-09-10 10:21:27.509[0m | [34m[1mDEBUG   [0m | [36msrc.data.cache[0m:[36mload_ohlcv[0m:[36m237[0m - [34m[1m[cache] Loaded OHLCV[1d] for IQST from IQST.json (1161 rows)[0m
[32m2026-09-10 10:21:27.529[0m | [34m[1mDEBUG   [0m | [36msrc.data.cache[0m:[36mload_ohlcv[0m:[36m237[0m - [34m[1m[cache] Loaded OHLCV[1d] for TQQQ from TQQQ.json (4169 rows)[0m
[32m2026-09-10 10:21:27.550[0m | [34m[1mDEBUG   [0m | [36msrc.data.cache[0m:[36mload_ohlcv[0m:[36m237[0m - [34m[1m[cache] Loaded OHLCV[1d] for CDNA from CDNA.json (3053 rows)[0m
[32m2026-09-10 10:21:27.573[0m | [34m[1mDEBUG   [0m | [36msrc.data.cache[0m:[36mload_ohlcv[0m:[36m237[0m - [34m[1m[cache] Loaded OHLCV[1d] for MAN from MAN.json (5049 rows)[0m
[32m2026-09-10 10:21:27.591[0m | [34m[1mDEBUG   [0m | [36msrc.data.cache[0m:[36mload_ohlcv[0m:[36m237[0m - [34m[1m[cache] Loaded OHLCV[1d] for NFXL from NFXL.json (484 rows)[0m
[32m2026-09-10 10:21:27.611[0m | [34m[1mDEBUG   [0m | [36msrc.data.cache[0m:[36mload_ohlcv[0m:[36m237[0m - [34m[1m[cache] Loaded OHLCV[1d] for BANF from BANF.json (5049 rows)[0m
[32m2026-09-10 10:21:27.629[0m | [34m[1mDEBUG   [0m | [36msrc.data.cache[0m:[36mload_ohlcv[0m:[36m237[0m - [34m[1m[cache] Loaded OHLCV[1d] for BCML from BCML.json (2098 rows)[0m
[32m2026-09-10 10:21:27.644[0m | [34m[1mDEBUG   [0m | [36msrc.data.cache[0m:[36mload_ohlcv[0m:[36m237[0m - [34m[1m[cache] Loaded OHLCV[1d] for BSVN from BSVN.json (1996 rows)[0m
[32m2026-09-10 10:21:27.669[0m | [34m[1mDEBUG   [0m | [36msrc.data.cache[0m:[36mload_ohlcv[0m:[36m237[0m - [34m[1m[cache] Loaded OHLCV[1d] for CASS from CASS.json (5049 rows)[0m
[32m2026-09-10 10:21:27.692[0m | [34m[1mDEBUG   [0m | [36msrc.data.cache[0m:[36mload_ohlcv[0m:[36m237[0m - [34m[1m[cache] Loaded OHLCV[1d] for CNS from CNS.json (5049 rows)[0m
[32m2026-09-10 10:21:27.715[0m | [34m[1mDEBUG   [0m | [36msrc.data.cache[0m:[36mload_ohlcv[0m:[36m237[0m - [34m[1m[cache] Loaded OHLCV[1d] for CWBC from CWBC.json (4284 rows)[0m
[32m2026-09-10 10:21:27.745[0m | [34m[1mDEBUG   [0m | [36msrc.data.cache[0m:[36mload_ohlcv[0m:[36m237[0m - [34m[1m[cache] Loaded OHLCV[1d] for FFIN from FFIN.json (5049 rows)[0m
[32m2026-09-10 10:21:27.779[0m | [34m[1mDEBUG   [0m | [36msrc.data.cache[0m:[36mload_ohlcv[0m:[36m237[0m - [34m[1m[cache] Loaded OHLCV[1d] for FNB from FNB.json (5049 rows)[0m
[32m2026-09-10 10:21:27.802[0m | [34m[1mDEBUG   [0m | [36msrc.data.cache[0m:[36mload_ohlcv[0m:[36m237[0m - [34m[1m[cache] Loaded OHLCV[1d] for LOVE from LOVE.json (2061 rows)[0m
[32m2026-09-10 10:21:27.814[0m | [34m[1mDEBUG   [0m | [36msrc.data.cache[0m:[36mload_ohlcv[0m:[36m237[0m - [34m[1m[cache] Loaded OHLCV[1d] for IMUX from IMUX.json (1861 rows)[0m
[32m2026-09-10 10:21:27.824[0m | [34m[1mDEBUG   [0m | [36msrc.data.cache[0m:[36mload_ohlcv[0m:[36m237[0m - [34m[1m[cache] Loaded OHLCV[1d] for WEST from WEST.json (1961 rows)[0m
[32m2026-09-10 10:21:27.840[0m | [34m[1mDEBUG   [0m | [36msrc.data.cache[0m:[36mload_ohlcv[0m:[36m237[0m - [34m[1m[cache] Loaded OHLCV[1d] for MC from MC.json (3655 rows)[0m
[32m2026-09-10 10:21:27.850[0m | [34m[1mDEBUG   [0m | [36msrc.data.cache[0m:[36mload_ohlcv[0m:[36m237[0m - [34m[1m[cache] Loaded OHLCV[1d] for BOT from BOT.json (313 rows)[0m
[32m2026-09-10 10:21:27.865[0m | [34m[1mDEBUG   [0m | [36msrc.data.cache[0m:[36mload_ohlcv[0m:[36m237[0m - [34m[1m[cache] Loaded OHLCV[1d] for ASUR from ASUR.json (4680 rows)[0m
[32m2026-09-10 10:21:27.892[0m | [34m[1mDEBUG   [0m | [36msrc.data.cache[0m:[36mload_ohlcv[0m:[36m237[0m - [34m[1m[cache] Loaded OHLCV[1d] for ENSG from ENSG.json (4736 rows)[0m
[32m2026-09-10 10:21:27.919[0m | [34m[1mDEBUG   [0m | [36msrc.data.cache[0m:[36mload_ohlcv[0m:[36m237[0m - [34m[1m[cache] Loaded OHLCV[1d] for ANF from ANF.json (5049 rows)[0m
[32m2026-09-10 10:21:27.938[0m | [34m[1mDEBUG   [0m | [36msrc.data.cache[0m:[36mload_ohlcv[0m:[36m237[0m - [34m[1m[cache] Loaded OHLCV[1d] for MAMA from MAMA.json (993 rows)[0m
[32m2026-09-10 10:21:27.949[0m | [34m[1mDEBUG   [0m | [36msrc.data.cache[0m:[36mload_ohlcv[0m:[36m237[0m - [34m[1m[cache] Loaded OHLCV[1d] for USCB from USCB.json (1279 rows)[0m
[32m2026-09-10 10:21:27.964[0m | [34m[1mDEBUG   [0m | [36msrc.data.cache[0m:[36mload_ohlcv[0m:[36m237[0m - [34m[1m[cache] Loaded OHLCV[1d] for VERI from VERI.json (2344 rows)[0m
[32m2026-09-10 10:21:27.976[0m | [34m[1mDEBUG   [0m | [36msrc.data.cache[0m:[36mload_ohlcv[0m:[36m237[0m - [34m[1m[cache] Loaded OHLCV[1d] for DSGR from DSGR.json (1088 rows)[0m
[32m2026-09-10 10:21:27.985[0m | [34m[1mDEBUG   [0m | [36msrc.data.cache[0m:[36mload_ohlcv[0m:[36m237[0m - [34m[1m[cache] Loaded OHLCV[1d] for MNTN from MNTN.json (862 rows)[0m
[32m2026-09-10 10:21:28.005[0m | [34m[1mDEBUG   [0m | [36msrc.data.cache[0m:[36mload_ohlcv[0m:[36m237[0m - [34m[1m[cache] Loaded OHLCV[1d] for CERS from CERS.json (5049 rows)[0m
[32m2026-09-10 10:21:28.038[0m | [34m[1mDEBUG   [0m | [36msrc.data.cache[0m:[36mload_ohlcv[0m:[36m237[0m - [34m[1m[cache] Loaded OHLCV[1d] for DRH from DRH.json (5049 rows)[0m
[32m2026-09-10 10:21:28.063[0m | [34m[1mDEBUG   [0m | [36msrc.data.cache[0m:[36mload_ohlcv[0m:[36m237[0m - [34m[1m[cache] Loaded OHLCV[1d] for SOXX from SOXX.json (3998 rows)[0m
[32m2026-09-10 10:21:28.076[0m | [34m[1mDEBUG   [0m | [36msrc.data.cache[0m:[36mload_ohlcv[0m:[36m237[0m - [34m[1m[cache] Loaded OHLCV[1d] for HAWK from HAWK.json (1907 rows)[0m
[32m2026-09-10 10:21:28.094[0m | [34m[1mDEBUG   [0m | [36msrc.data.cache[0m:[36mload_ohlcv[0m:[36m237[0m - [34m[1m[cache] Loaded OHLCV[1d] for YUM from YUM.json (5049 rows)[0m
[32m2026-09-10 10:21:28.113[0m | [34m[1mDEBUG   [0m | [36msrc.data.cache[0m:[36mload_ohlcv[0m:[36m237[0m - [34m[1m[cache] Loaded OHLCV[1d] for AIS from AIS.json (1913 rows)[0m
[32m2026-09-10 10:21:28.122[0m | [34m[1mDEBUG   [0m | [36msrc.data.cache[0m:[36mload_ohlcv[0m:[36m237[0m - [34m[1m[cache] Loaded OHLCV[1d] for LASE from LASE.json (988 rows)[0m
[32m2026-09-10 10:21:28.140[0m | [34m[1mDEBUG   [0m | [36msrc.data.cache[0m:[36mload_ohlcv[0m:[36m237[0m - [34m[1m[cache] Loaded OHLCV[1d] for DVY from DVY.json (5049 rows)[0m
[32m2026-09-10 10:21:28.157[0m | [34m[1mDEBUG   [0m | [36msrc.data.cache[0m:[36mload_ohlcv[0m:[36m237[0m - [34m[1m[cache] Loaded OHLCV[1d] for TRVI from TRVI.json (1844 rows)[0m
[32m2026-09-10 10:21:28.181[0m | [34m[1mDEBUG   [0m | [36msrc.data.cache[0m:[36mload_ohlcv[0m:[36m237[0m - [34m[1m[cache] Loaded OHLCV[1d] for CDNS from CDNS.json (5049 rows)[0m
[32m2026-09-10 10:21:28.199[0m | [34m[1mDEBUG   [0m | [36msrc.data.cache[0m:[36mload_ohlcv[0m:[36m237[0m - [34m[1m[cache] Loaded OHLCV[1d] for FGMC from FGMC.json (580 rows)[0m
[32m2026-09-10 10:21:28.215[0m | [34m[1mDEBUG   [0m | [36msrc.data.cache[0m:[36mload_ohlcv[0m:[36m237[0m - [34m[1m[cache] Loaded OHLCV[1d] for WU from WU.json (5015 rows)[0m
[32m2026-09-10 10:21:28.241[0m | [34m[1mDEBUG   [0m | [36msrc.data.cache[0m:[36mload_ohlcv[0m:[36m237[0m - [34m[1m[cache] Loaded OHLCV[1d] for EBAY from EBAY.json (5049 rows)[0m
[32m2026-09-10 10:21:28.273[0m | [34m[1mDEBUG   [0m | [36msrc.data.cache[0m:[36mload_ohlcv[0m:[36m237[0m - [34m[1m[cache] Loaded OHLCV[1d] for NSC from NSC.json (5049 rows)[0m
[32m2026-09-10 10:21:28.298[0m | [34m[1mDEBUG   [0m | [36msrc.data.cache[0m:[36mload_ohlcv[0m:[36m237[0m - [34m[1m[cache] Loaded OHLCV[1d] for ALV from ALV.json (5049 rows)[0m
[32m2026-09-10 10:21:28.385[0m | [34m[1mDEBUG   [0m | [36msrc.data.cache[0m:[36mload_ohlcv[0m:[36m237[0m - [34m[1m[cache] Loaded OHLCV[1d] for BFC from BFC.json (2550 rows)[0m
[32m2026-09-10 10:21:28.405[0m | [34m[1mDEBUG   [0m | [36msrc.data.cache[0m:[36mload_ohlcv[0m:[36m237[0m - [34m[1m[cache] Loaded OHLCV[1d] for HDB from HDB.json (5049 rows)[0m
[32m2026-09-10 10:21:28.428[0m | [34m[1mDEBUG   [0m | [36msrc.data.cache[0m:[36mload_ohlcv[0m:[36m237[0m - [34m[1m[cache] Loaded OHLCV[1d] for IBN from IBN.json (5049 rows)[0m
[32m2026-09-10 10:21:28.450[0m | [34m[1mDEBUG   [0m | [36msrc.data.cache[0m:[36mload_ohlcv[0m:[36m237[0m - [34m[1m[cache] Loaded OHLCV[1d] for MCBS from MCBS.json (1742 rows)[0m
[32m2026-09-10 10:21:28.472[0m | [34m[1mDEBUG   [0m | [36msrc.data.cache[0m:[36mload_ohlcv[0m:[36m237[0m - [34m[1m[cache] Loaded OHLCV[1d] for OVLY from OVLY.json (3895 rows)[0m
[32m2026-09-10 10:21:28.498[0m | [34m[1mDEBUG   [0m | [36msrc.data.cache[0m:[36mload_ohlcv[0m:[36m237[0m - [34m[1m[cache] Loaded OHLCV[1d] for RBCAA from RBCAA.json (5049 rows)[0m
[32m2026-09-10 10:21:28.518[0m | [34m[1mDEBUG   [0m | [36msrc.data.cache[0m:[36mload_ohlcv[0m:[36m237[0m - [34m[1m[cache] Loaded OHLCV[1d] for RF from RF.json (5049 rows)[0m
[32m2026-09-10 10:21:28.534[0m | [34m[1mDEBUG   [0m | [36msrc.data.cache[0m:[36mload_ohlcv[0m:[36m237[0m - [34m[1m[cache] Loaded OHLCV[1d] for SPFI from SPFI.json (1844 rows)[0m
[32m2026-09-10 10:21:28.557[0m | [34m[1mDEBUG   [0m | [36msrc.data.cache[0m:[36mload_ohlcv[0m:[36m237[0m - [34m[1m[cache] Loaded OHLCV[1d] for AGNC from AGNC.json (4608 rows)[0m
[32m2026-09-10 10:21:28.583[0m | [34m[1mDEBUG   [0m | [36msrc.data.cache[0m:[36mload_ohlcv[0m:[36m237[0m - [34m[1m[cache] Loaded OHLCV[1d] for AGYS from AGYS.json (5049 rows)[0m
[32m2026-09-10 10:21:28.611[0m | [34m[1mDEBUG   [0m | [36msrc.data.cache[0m:[36mload_ohlcv[0m:[36m237[0m - [34m[1m[cache] Loaded OHLCV[1d] for HXL from HXL.json (5049 rows)[0m
[32m2026-09-10 10:21:28.631[0m | [34m[1mDEBUG   [0m | [36msrc.data.cache[0m:[36mload_ohlcv[0m:[36m237[0m - [34m[1m[cache] Loaded OHLCV[1d] for GHY from GHY.json (3448 rows)[0m
[32m2026-09-10 10:21:28.655[0m | [34m[1mDEBUG   [0m | [36msrc.data.cache[0m:[36mload_ohlcv[0m:[36m237[0m - [34m[1m[cache] Loaded OHLCV[1d] for ANIK from ANIK.json (5049 rows)[0m
[32m2026-09-10 10:21:28.667[0m | [34m[1mDEBUG   [0m | [36msrc.data.cache[0m:[36mload_ohlcv[0m:[36m237[0m - [34m[1m[cache] Loaded OHLCV[1d] for VLTO from VLTO.json (737 rows)[0m
[32m2026-09-10 10:21:28.689[0m | [34m[1mDEBUG   [0m | [36msrc.data.cache[0m:[36mload_ohlcv[0m:[36m237[0m - [34m[1m[cache] Loaded OHLCV[1d] for ROK from ROK.json (5049 rows)[0m
[32m2026-09-10 10:21:28.711[0m | [34m[1mDEBUG   [0m | [36msrc.data.cache[0m:[36mload_ohlcv[0m:[36m237[0m - [34m[1m[cache] Loaded OHLCV[1d] for XCUR from XCUR.json (1787 rows)[0m
[32m2026-09-10 10:21:28.738[0m | [34m[1mDEBUG   [0m | [36msrc.data.cache[0m:[36mload_ohlcv[0m:[36m237[0m - [34m[1m[cache] Loaded OHLCV[1d] for MNKD from MNKD.json (5048 rows)[0m
[32m2026-09-10 10:21:28.764[0m | [34m[1mDEBUG   [0m | [36msrc.data.cache[0m:[36mload_ohlcv[0m:[36m237[0m - [34m[1m[cache] Loaded OHLCV[1d] for HAS from HAS.json (5049 rows)[0m
[32m2026-09-10 10:21:28.791[0m | [34m[1mDEBUG   [0m | [36msrc.data.cache[0m:[36mload_ohlcv[0m:[36m237[0m - [34m[1m[cache] Loaded OHLCV[1d] for BGH from BGH.json (4562 rows)[0m
[32m2026-09-10 10:21:28.813[0m | [34m[1mDEBUG   [0m | [36msrc.data.cache[0m:[36mload_ohlcv[0m:[36m237[0m - [34m[1m[cache] Loaded OHLCV[1d] for MSW from MSW.json (2009 rows)[0m
[32m2026-09-10 10:21:28.824[0m | [34m[1mDEBUG   [0m | [36msrc.data.cache[0m:[36mload_ohlcv[0m:[36m237[0m - [34m[1m[cache] Loaded OHLCV[1d] for MQ from MQ.json (1282 rows)[0m
[32m2026-09-10 10:21:28.843[0m | [34m[1mDEBUG   [0m | [36msrc.data.cache[0m:[36mload_ohlcv[0m:[36m237[0m - [34m[1m[cache] Loaded OHLCV[1d] for TENX from TENX.json (3010 rows)[0m
[32m2026-09-10 10:21:28.858[0m | [34m[1mDEBUG   [0m | [36msrc.data.cache[0m:[36mload_ohlcv[0m:[36m237[0m - [34m[1m[cache] Loaded OHLCV[1d] for INTR from INTR.json (1057 rows)[0m
[32m2026-09-10 10:21:28.881[0m | [34m[1mDEBUG   [0m | [36msrc.data.cache[0m:[36mload_ohlcv[0m:[36m237[0m - [34m[1m[cache] Loaded OHLCV[1d] for UFPT from UFPT.json (5049 rows)[0m
[32m2026-09-10 10:21:28.908[0m | [34m[1mDEBUG   [0m | [36msrc.data.cache[0m:[36mload_ohlcv[0m:[36m237[0m - [34m[1m[cache] Loaded OHLCV[1d] for EGO from EGO.json (5049 rows)[0m
[32m2026-09-10 10:21:28.936[0m | [34m[1mDEBUG   [0m | [36msrc.data.cache[0m:[36mload_ohlcv[0m:[36m237[0m - [34m[1m[cache] Loaded OHLCV[1d] for PAY from PAY.json (4353 rows)[0m
[32m2026-09-10 10:21:28.953[0m | [34m[1mDEBUG   [0m | [36msrc.data.cache[0m:[36mload_ohlcv[0m:[36m237[0m - [34m[1m[cache] Loaded OHLCV[1d] for VANI from VANI.json (1009 rows)[0m
[32m2026-09-10 10:21:28.977[0m | [34m[1mDEBUG   [0m | [36msrc.data.cache[0m:[36mload_ohlcv[0m:[36m237[0m - [34m[1m[cache] Loaded OHLCV[1d] for ZUMZ from ZUMZ.json (5049 rows)[0m
[32m2026-09-10 10:21:29.012[0m | [34m[1mDEBUG   [0m | [36msrc.data.cache[0m:[36mload_ohlcv[0m:[36m237[0m - [34m[1m[cache] Loaded OHLCV[1d] for WASH from WASH.json (5049 rows)[0m
[32m2026-09-10 10:21:29.031[0m | [34m[1mDEBUG   [0m | [36msrc.data.cache[0m:[36mload_ohlcv[0m:[36m237[0m - [34m[1m[cache] Loaded OHLCV[1d] for INM from INM.json (1461 rows)[0m
[32m2026-09-10 10:21:29.040[0m | [34m[1mDEBUG   [0m | [36msrc.data.cache[0m:[36mload_ohlcv[0m:[36m237[0m - [34m[1m[cache] Loaded OHLCV[1d] for XE from XE.json (184 rows)[0m
[32m2026-09-10 10:21:29.054[0m | [34m[1mDEBUG   [0m | [36msrc.data.cache[0m:[36mload_ohlcv[0m:[36m237[0m - [34m[1m[cache] Loaded OHLCV[1d] for BOKF from BOKF.json (5049 rows)[0m
[32m2026-09-10 10:21:29.078[0m | [34m[1mDEBUG   [0m | [36msrc.data.cache[0m:[36mload_ohlcv[0m:[36m237[0m - [34m[1m[cache] Loaded OHLCV[1d] for CALX from CALX.json (4141 rows)[0m
[32m2026-09-10 10:21:29.098[0m | [34m[1mDEBUG   [0m | [36msrc.data.cache[0m:[36mload_ohlcv[0m:[36m237[0m - [34m[1m[cache] Loaded OHLCV[1d] for DX from DX.json (5049 rows)[0m
[32m2026-09-10 10:21:29.120[0m | [34m[1mDEBUG   [0m | [36msrc.data.cache[0m:[36mload_ohlcv[0m:[36m237[0m - [34m[1m[cache] Loaded OHLCV[1d] for FUNC from FUNC.json (4973 rows)[0m
[32m2026-09-10 10:21:29.147[0m | [34m[1mDEBUG   [0m | [36msrc.data.cache[0m:[36mload_ohlcv[0m:[36m237[0m - [34m[1m[cache] Loaded OHLCV[1d] for HBCP from HBCP.json (4493 rows)[0m
[32m2026-09-10 10:21:29.169[0m | [34m[1mDEBUG   [0m | [36msrc.data.cache[0m:[36mload_ohlcv[0m:[36m237[0m - [34m[1m[cache] Loaded OHLCV[1d] for ISTR from ISTR.json (3028 rows)[0m
[32m2026-09-10 10:21:29.190[0m | [34m[1mDEBUG   [0m | [36msrc.data.cache[0m:[36mload_ohlcv[0m:[36m237[0m - [34m[1m[cache] Loaded OHLCV[1d] for MCRI from MCRI.json (5049 rows)[0m
[32m2026-09-10 10:21:29.217[0m | [34m[1mDEBUG   [0m | [36msrc.data.cache[0m:[36mload_ohlcv[0m:[36m237[0m - [34m[1m[cache] Loaded OHLCV[1d] for PEBK from PEBK.json (4714 rows)[0m
[32m2026-09-10 10:21:29.250[0m | [34m[1mDEBUG   [0m | [36msrc.data.cache[0m:[36mload_ohlcv[0m:[36m237[0m - [34m[1m[cache] Loaded OHLCV[1d] for THFF from THFF.json (5049 rows)[0m
[32m2026-09-10 10:21:29.283[0m | [34m[1mDEBUG   [0m | [36msrc.data.cache[0m:[36mload_ohlcv[0m:[36m237[0m - [34m[1m[cache] Loaded OHLCV[1d] for BHP from BHP.json (5049 rows)[0m
[32m2026-09-10 10:21:29.311[0m | [34m[1mDEBUG   [0m | [36msrc.data.cache[0m:[36mload_ohlcv[0m:[36m237[0m - [34m[1m[cache] Loaded OHLCV[1d] for RYAAY from RYAAY.json (5049 rows)[0m
[32m2026-09-10 10:21:29.339[0m | [34m[1mDEBUG   [0m | [36msrc.data.cache[0m:[36mload_ohlcv[0m:[36m237[0m - [34m[1m[cache] Loaded OHLCV[1d] for BMY from BMY.json (5049 rows)[0m
[32m2026-09-10 10:21:29.362[0m | [34m[1mDEBUG   [0m | [36msrc.data.cache[0m:[36mload_ohlcv[0m:[36m237[0m - [34m[1m[cache] Loaded OHLCV[1d] for PFLT from PFLT.json (3877 rows)[0m
[32m2026-09-10 10:21:29.374[0m | [34m[1mDEBUG   [0m | [36msrc.data.cache[0m:[36mload_ohlcv[0m:[36m237[0m - [34m[1m[cache] Loaded OHLCV[1d] for SLNH from SLNH.json (1215 rows)[0m
[32m2026-09-10 10:21:29.381[0m | [34m[1mDEBUG   [0m | [36msrc.data.cache[0m:[36mload_ohlcv[0m:[36m237[0m - [34m[1m[cache] Loaded OHLCV[1d] for UWMC from UWMC.json (1414 rows)[0m
[32m2026-09-10 10:21:29.389[0m | [34m[1mDEBUG   [0m | [36msrc.data.cache[0m:[36mload_ohlcv[0m:[36m237[0m - [34m[1m[cache] Loaded OHLCV[1d] for BETA from BETA.json (212 rows)[0m
[32m2026-09-10 10:21:29.410[0m | [34m[1mDEBUG   [0m | [36msrc.data.cache[0m:[36mload_ohlcv[0m:[36m237[0m - [34m[1m[cache] Loaded OHLCV[1d] for ZION from ZION.json (5049 rows)[0m
[32m2026-09-10 10:21:29.423[0m | [34m[1mDEBUG   [0m | [36msrc.data.cache[0m:[36mload_ohlcv[0m:[36m237[0m - [34m[1m[cache] Loaded OHLCV[1d] for NUAI from NUAI.json (270 rows)[0m
[32m2026-09-10 10:21:29.444[0m | [34m[1mDEBUG   [0m | [36msrc.data.cache[0m:[36mload_ohlcv[0m:[36m237[0m - [34m[1m[cache] Loaded OHLCV[1d] for STLD from STLD.json (5049 rows)[0m
[32m2026-09-10 10:21:29.457[0m | [34m[1mDEBUG   [0m | [36msrc.data.cache[0m:[36mload_ohlcv[0m:[36m237[0m - [34m[1m[cache] Loaded OHLCV[1d] for CAVA from CAVA.json (811 rows)[0m
[32m2026-09-10 10:21:29.472[0m | [34m[1mDEBUG   [0m | [36msrc.data.cache[0m:[36mload_ohlcv[0m:[36m237[0m - [34m[1m[cache] Loaded OHLCV[1d] for GM from GM.json (4678 rows)[0m
[32m2026-09-10 10:21:29.486[0m | [34m[1mDEBUG   [0m | [36msrc.data.cache[0m:[36mload_ohlcv[0m:[36m237[0m - [34m[1m[cache] Loaded OHLCV[1d] for ZYBT from ZYBT.json (419 rows)[0m
[32m2026-09-10 10:21:29.492[0m | [34m[1mDEBUG   [0m | [36msrc.data.cache[0m:[36mload_ohlcv[0m:[36m237[0m - [34m[1m[cache] Loaded OHLCV[1d] for GVH from GVH.json (709 rows)[0m
[32m2026-09-10 10:21:29.499[0m | [34m[1mDEBUG   [0m | [36msrc.data.cache[0m:[36mload_ohlcv[0m:[36m237[0m - [34m[1m[cache] Loaded OHLCV[1d] for GFS from GFS.json (1220 rows)[0m
[32m2026-09-10 10:21:29.515[0m | [34m[1mDEBUG   [0m | [36msrc.data.cache[0m:[36mload_ohlcv[0m:[36m237[0m - [34m[1m[cache] Loaded OHLCV[1d] for CDXS from CDXS.json (4121 rows)[0m
[32m2026-09-10 10:21:29.537[0m | [34m[1mDEBUG   [0m | [36msrc.data.cache[0m:[36mload_ohlcv[0m:[36m237[0m - [34m[1m[cache] Loaded OHLCV[1d] for CBU from CBU.json (5049 rows)[0m
[32m2026-09-10 10:21:29.559[0m | [34m[1mDEBUG   [0m | [36msrc.data.cache[0m:[36mload_ohlcv[0m:[36m237[0m - [34m[1m[cache] Loaded OHLCV[1d] for MDGL from MDGL.json (2546 rows)[0m
[32m2026-09-10 10:21:29.584[0m | [34m[1mDEBUG   [0m | [36msrc.data.cache[0m:[36mload_ohlcv[0m:[36m237[0m - [34m[1m[cache] Loaded OHLCV[1d] for WABC from WABC.json (5049 rows)[0m
[32m2026-09-10 10:21:29.601[0m | [34m[1mDEBUG   [0m | [36msrc.data.cache[0m:[36mload_ohlcv[0m:[36m237[0m - [34m[1m[cache] Loaded OHLCV[1d] for GCT from GCT.json (1478 rows)[0m
[32m2026-09-10 10:21:29.612[0m | [34m[1mDEBUG   [0m | [36msrc.data.cache[0m:[36mload_ohlcv[0m:[36m237[0m - [34m[1m[cache] Loaded OHLCV[1d] for SGMT from SGMT.json (792 rows)[0m
[32m2026-09-10 10:21:29.623[0m | [34m[1mDEBUG   [0m | [36msrc.data.cache[0m:[36mload_ohlcv[0m:[36m237[0m - [34m[1m[cache] Loaded OHLCV[1d] for DCBO from DCBO.json (1447 rows)[0m
[32m2026-09-10 10:21:29.640[0m | [34m[1mDEBUG   [0m | [36msrc.data.cache[0m:[36mload_ohlcv[0m:[36m237[0m - [34m[1m[cache] Loaded OHLCV[1d] for WH from WH.json (3782 rows)[0m
[32m2026-09-10 10:21:29.651[0m | [34m[1mDEBUG   [0m | [36msrc.data.cache[0m:[36mload_ohlcv[0m:[36m237[0m - [34m[1m[cache] Loaded OHLCV[1d] for RDGT from RDGT.json (377 rows)[0m
[32m2026-09-10 10:21:29.657[0m | [34m[1mDEBUG   [0m | [36msrc.data.cache[0m:[36mload_ohlcv[0m:[36m237[0m - [34m[1m[cache] Loaded OHLCV[1d] for RVTY from RVTY.json (832 rows)[0m
[32m2026-09-10 10:21:29.664[0m | [34m[1mDEBUG   [0m | [36msrc.data.cache[0m:[36mload_ohlcv[0m:[36m237[0m - [34m[1m[cache] Loaded OHLCV[1d] for TBCH from TBCH.json (419 rows)[0m
[32m2026-09-10 10:21:29.668[0m | [34m[1mDEBUG   [0m | [36msrc.data.cache[0m:[36mload_ohlcv[0m:[36m237[0m - [34m[1m[cache] Loaded OHLCV[1d] for LCLN from LCLN.json (77 rows)[0m
[32m2026-09-10 10:21:29.677[0m | [34m[1mDEBUG   [0m | [36msrc.data.cache[0m:[36mload_ohlcv[0m:[36m237[0m - [34m[1m[cache] Loaded OHLCV[1d] for PHAT from PHAT.json (1726 rows)[0m
[32m2026-09-10 10:21:29.688[0m | [34m[1mDEBUG   [0m | [36msrc.data.cache[0m:[36mload_ohlcv[0m:[36m237[0m - [34m[1m[cache] Loaded OHLCV[1d] for PBR-A from PBR-A.json (1279 rows)[0m
[32m2026-09-10 10:21:29.701[0m | [34m[1mDEBUG   [0m | [36msrc.data.cache[0m:[36mload_ohlcv[0m:[36m237[0m - [34m[1m[cache] Loaded OHLCV[1d] for CBIO from CBIO.json (2372 rows)[0m
[32m2026-09-10 10:21:29.715[0m | [34m[1mDEBUG   [0m | [36msrc.data.cache[0m:[36mload_ohlcv[0m:[36m237[0m - [34m[1m[cache] Loaded OHLCV[1d] for RDW from RDW.json (1258 rows)[0m
[32m2026-09-10 10:21:29.807[0m | [34m[1mDEBUG   [0m | [36msrc.data.cache[0m:[36mload_ohlcv[0m:[36m237[0m - [34m[1m[cache] Loaded OHLCV[1d] for CRH from CRH.json (5049 rows)[0m
[32m2026-09-10 10:21:29.824[0m | [34m[1mDEBUG   [0m | [36msrc.data.cache[0m:[36mload_ohlcv[0m:[36m237[0m - [34m[1m[cache] Loaded OHLCV[1d] for MRSH from MRSH.json (164 rows)[0m
[32m2026-09-10 10:21:29.844[0m | [34m[1mDEBUG   [0m | [36msrc.data.cache[0m:[36mload_ohlcv[0m:[36m237[0m - [34m[1m[cache] Loaded OHLCV[1d] for NOC from NOC.json (5049 rows)[0m
[32m2026-09-10 10:21:29.856[0m | [34m[1mDEBUG   [0m | [36msrc.data.cache[0m:[36mload_ohlcv[0m:[36m237[0m - [34m[1m[cache] Loaded OHLCV[1d] for HELP from HELP.json (171 rows)[0m
[32m2026-09-10 10:21:29.862[0m | [34m[1mDEBUG   [0m | [36msrc.data.cache[0m:[36mload_ohlcv[0m:[36m237[0m - [34m[1m[cache] Loaded OHLCV[1d] for DUOL from DUOL.json (1282 rows)[0m
[32m2026-09-10 10:21:29.884[0m | [34m[1mDEBUG   [0m | [36msrc.data.cache[0m:[36mload_ohlcv[0m:[36m237[0m - [34m[1m[cache] Loaded OHLCV[1d] for CVS from CVS.json (5049 rows)[0m
[32m2026-09-10 10:21:29.909[0m | [34m[1mDEBUG   [0m | [36msrc.data.cache[0m:[36mload_ohlcv[0m:[36m237[0m - [34m[1m[cache] Loaded OHLCV[1d] for PEGA from PEGA.json (5049 rows)[0m
[32m2026-09-10 10:21:29.935[0m | [34m[1mDEBUG   [0m | [36msrc.data.cache[0m:[36mload_ohlcv[0m:[36m237[0m - [34m[1m[cache] Loaded OHLCV[1d] for NLY from NLY.json (5049 rows)[0m
[32m2026-09-10 10:21:29.964[0m | [34m[1mDEBUG   [0m | [36msrc.data.cache[0m:[36mload_ohlcv[0m:[36m237[0m - [34m[1m[cache] Loaded OHLCV[1d] for KMB from KMB.json (5049 rows)[0m
[32m2026-09-10 10:21:29.978[0m | [34m[1mDEBUG   [0m | [36msrc.data.cache[0m:[36mload_ohlcv[0m:[36m237[0m - [34m[1m[cache] Loaded OHLCV[1d] for AIRJ from AIRJ.json (623 rows)[0m
[32m2026-09-10 10:21:29.995[0m | [34m[1mDEBUG   [0m | [36msrc.data.cache[0m:[36mload_ohlcv[0m:[36m237[0m - [34m[1m[cache] Loaded OHLCV[1d] for MMM from MMM.json (5049 rows)[0m
[32m2026-09-10 10:21:30.009[0m | [34m[1mDEBUG   [0m | [36msrc.data.cache[0m:[36mload_ohlcv[0m:[36m237[0m - [34m[1m[cache] Loaded OHLCV[1d] for SMCX from SMCX.json (513 rows)[0m
[32m2026-09-10 10:21:30.026[0m | [34m[1mDEBUG   [0m | [36msrc.data.cache[0m:[36mload_ohlcv[0m:[36m237[0m - [34m[1m[cache] Loaded OHLCV[1d] for MSCI from MSCI.json (4070 rows)[0m
[32m2026-09-10 10:21:30.045[0m | [34m[1mDEBUG   [0m | [36msrc.data.cache[0m:[36mload_ohlcv[0m:[36m237[0m - [34m[1m[cache] Loaded OHLCV[1d] for CLBK from CLBK.json (2304 rows)[0m
[32m2026-09-10 10:21:30.070[0m | [34m[1mDEBUG   [0m | [36msrc.data.cache[0m:[36mload_ohlcv[0m:[36m237[0m - [34m[1m[cache] Loaded OHLCV[1d] for AIR from AIR.json (5049 rows)[0m
[32m2026-09-10 10:21:30.100[0m | [34m[1mDEBUG   [0m | [36msrc.data.cache[0m:[36mload_ohlcv[0m:[36m237[0m - [34m[1m[cache] Loaded OHLCV[1d] for ALK from ALK.json (5049 rows)[0m
[32m2026-09-10 10:21:30.125[0m | [34m[1mDEBUG   [0m | [36msrc.data.cache[0m:[36mload_ohlcv[0m:[36m237[0m - [34m[1m[cache] Loaded OHLCV[1d] for ALLY from ALLY.json (3122 rows)[0m
[32m2026-09-10 10:21:30.152[0m | [34m[1mDEBUG   [0m | [36msrc.data.cache[0m:[36mload_ohlcv[0m:[36m237[0m - [34m[1m[cache] Loaded OHLCV[1d] for AMSF from AMSF.json (5049 rows)[0m
[32m2026-09-10 10:21:30.174[0m | [34m[1mDEBUG   [0m | [36msrc.data.cache[0m:[36mload_ohlcv[0m:[36m237[0m - [34m[1m[cache] Loaded OHLCV[1d] for AUB from AUB.json (1837 rows)[0m
[32m2026-09-10 10:21:30.190[0m | [34m[1mDEBUG   [0m | [36msrc.data.cache[0m:[36mload_ohlcv[0m:[36m237[0m - [34m[1m[cache] Loaded OHLCV[1d] for BWB from BWB.json (2134 rows)[0m
[32m2026-09-10 10:21:30.214[0m | [34m[1mDEBUG   [0m | [36msrc.data.cache[0m:[36mload_ohlcv[0m:[36m237[0m - [34m[1m[cache] Loaded OHLCV[1d] for CCBG from CCBG.json (5049 rows)[0m
[32m2026-09-10 10:21:30.248[0m | [34m[1mDEBUG   [0m | [36msrc.data.cache[0m:[36mload_ohlcv[0m:[36m237[0m - [34m[1m[cache] Loaded OHLCV[1d] for DHI from DHI.json (5049 rows)[0m
[32m2026-09-10 10:21:30.280[0m | [34m[1mDEBUG   [0m | [36msrc.data.cache[0m:[36mload_ohlcv[0m:[36m237[0m - [34m[1m[cache] Loaded OHLCV[1d] for EWBC from EWBC.json (5049 rows)[0m
[32m2026-09-10 10:21:30.312[0m | [34m[1mDEBUG   [0m | [36msrc.data.cache[0m:[36mload_ohlcv[0m:[36m237[0m - [34m[1m[cache] Loaded OHLCV[1d] for FFBC from FFBC.json (5049 rows)[0m
[32m2026-09-10 10:21:30.343[0m | [34m[1mDEBUG   [0m | [36msrc.data.cache[0m:[36mload_ohlcv[0m:[36m237[0m - [34m[1m[cache] Loaded OHLCV[1d] for UPS from UPS.json (5049 rows)[0m
[32m2026-09-10 10:21:30.373[0m | [34m[1mDEBUG   [0m | [36msrc.data.cache[0m:[36mload_ohlcv[0m:[36m237[0m - [34m[1m[cache] Loaded OHLCV[1d] for LEN from LEN.json (5049 rows)[0m
[32m2026-09-10 10:21:30.401[0m | [34m[1mDEBUG   [0m | [36msrc.data.cache[0m:[36mload_ohlcv[0m:[36m237[0m - [34m[1m[cache] Loaded OHLCV[1d] for DG from DG.json (4454 rows)[0m
[32m2026-09-10 10:21:30.418[0m | [34m[1mDEBUG   [0m | [36msrc.data.cache[0m:[36mload_ohlcv[0m:[36m237[0m - [34m[1m[cache] Loaded OHLCV[1d] for ERAS from ERAS.json (1282 rows)[0m
[32m2026-09-10 10:21:30.430[0m | [34m[1mDEBUG   [0m | [36msrc.data.cache[0m:[36mload_ohlcv[0m:[36m237[0m - [34m[1m[cache] Loaded OHLCV[1d] for EDIT from EDIT.json (2665 rows)[0m
[32m2026-09-10 10:21:30.447[0m | [34m[1mDEBUG   [0m | [36msrc.data.cache[0m:[36mload_ohlcv[0m:[36m237[0m - [34m[1m[cache] Loaded OHLCV[1d] for EYPT from EYPT.json (2122 rows)[0m
[32m2026-09-10 10:21:30.460[0m | [34m[1mDEBUG   [0m | [36msrc.data.cache[0m:[36mload_ohlcv[0m:[36m237[0m - [34m[1m[cache] Loaded OHLCV[1d] for TTAN from TTAN.json (435 rows)[0m
[32m2026-09-10 10:21:30.464[0m | [34m[1mDEBUG   [0m | [36msrc.data.cache[0m:[36mload_ohlcv[0m:[36m237[0m - [34m[1m[cache] Loaded OHLCV[1d] for AGBK from AGBK.json (145 rows)[0m
[32m2026-09-10 10:21:30.471[0m | [34m[1mDEBUG   [0m | [36msrc.data.cache[0m:[36mload_ohlcv[0m:[36m237[0m - [34m[1m[cache] Loaded OHLCV[1d] for VOR from VOR.json (1404 rows)[0m
[32m2026-09-10 10:21:30.492[0m | [34m[1mDEBUG   [0m | [36msrc.data.cache[0m:[36mload_ohlcv[0m:[36m237[0m - [34m[1m[cache] Loaded OHLCV[1d] for EVI from EVI.json (4014 rows)[0m
[32m2026-09-10 10:21:30.515[0m | [34m[1mDEBUG   [0m | [36msrc.data.cache[0m:[36mload_ohlcv[0m:[36m237[0m - [34m[1m[cache] Loaded OHLCV[1d] for OLLI from OLLI.json (2804 rows)[0m
[32m2026-09-10 10:21:30.528[0m | [34m[1mDEBUG   [0m | [36msrc.data.cache[0m:[36mload_ohlcv[0m:[36m237[0m - [34m[1m[cache] Loaded OHLCV[1d] for SIDU from SIDU.json (1188 rows)[0m
[32m2026-09-10 10:21:30.540[0m | [34m[1mDEBUG   [0m | [36msrc.data.cache[0m:[36mload_ohlcv[0m:[36m237[0m - [34m[1m[cache] Loaded OHLCV[1d] for EQNR from EQNR.json (2089 rows)[0m
[32m2026-09-10 10:21:30.555[0m | [34m[1mDEBUG   [0m | [36msrc.data.cache[0m:[36mload_ohlcv[0m:[36m237[0m - [34m[1m[cache] Loaded OHLCV[1d] for AEHL from AEHL.json (1480 rows)[0m
[32m2026-09-10 10:21:30.579[0m | [34m[1mDEBUG   [0m | [36msrc.data.cache[0m:[36mload_ohlcv[0m:[36m237[0m - [34m[1m[cache] Loaded OHLCV[1d] for PHM from PHM.json (5049 rows)[0m
[32m2026-09-10 10:21:30.593[0m | [34m[1mDEBUG   [0m | [36msrc.data.cache[0m:[36mload_ohlcv[0m:[36m237[0m - [34m[1m[cache] Loaded OHLCV[1d] for MNDY from MNDY.json (1282 rows)[0m
[32m2026-09-10 10:21:30.612[0m | [34m[1mDEBUG   [0m | [36msrc.data.cache[0m:[36mload_ohlcv[0m:[36m237[0m - [34m[1m[cache] Loaded OHLCV[1d] for RCI from RCI.json (4839 rows)[0m
[32m2026-09-10 10:21:30.643[0m | [34m[1mDEBUG   [0m | [36msrc.data.cache[0m:[36mload_ohlcv[0m:[36m237[0m - [34m[1m[cache] Loaded OHLCV[1d] for TDY from TDY.json (5049 rows)[0m
[32m2026-09-10 10:21:30.673[0m | [34m[1mDEBUG   [0m | [36msrc.data.cache[0m:[36mload_ohlcv[0m:[36m237[0m - [34m[1m[cache] Loaded OHLCV[1d] for CME from CME.json (5049 rows)[0m
[32m2026-09-10 10:21:30.705[0m | [34m[1mDEBUG   [0m | [36msrc.data.cache[0m:[36mload_ohlcv[0m:[36m237[0m - [34m[1m[cache] Loaded OHLCV[1d] for TEL from TEL.json (4828 rows)[0m
[32m2026-09-10 10:21:30.735[0m | [34m[1mDEBUG   [0m | [36msrc.data.cache[0m:[36mload_ohlcv[0m:[36m237[0m - [34m[1m[cache] Loaded OHLCV[1d] for TV from TV.json (5049 rows)[0m
[32m2026-09-10 10:21:30.753[0m | [34m[1mDEBUG   [0m | [36msrc.data.cache[0m:[36mload_ohlcv[0m:[36m237[0m - [34m[1m[cache] Loaded OHLCV[1d] for KSCP from KSCP.json (1158 rows)[0m
[32m2026-09-10 10:21:30.764[0m | [34m[1mDEBUG   [0m | [36msrc.data.cache[0m:[36mload_ohlcv[0m:[36m237[0m - [34m[1m[cache] Loaded OHLCV[1d] for PYXS from PYXS.json (1234 rows)[0m
[32m2026-09-10 10:21:30.779[0m | [34m[1mDEBUG   [0m | [36msrc.data.cache[0m:[36mload_ohlcv[0m:[36m237[0m - [34m[1m[cache] Loaded OHLCV[1d] for MEDP from MEDP.json (2533 rows)[0m
[32m2026-09-10 10:21:30.791[0m | [34m[1mDEBUG   [0m | [36msrc.data.cache[0m:[36mload_ohlcv[0m:[36m237[0m - [34m[1m[cache] Loaded OHLCV[1d] for GGLL from GGLL.json (1005 rows)[0m
[32m2026-09-10 10:21:30.815[0m | [34m[1mDEBUG   [0m | [36msrc.data.cache[0m:[36mload_ohlcv[0m:[36m237[0m - [34m[1m[cache] Loaded OHLCV[1d] for NG from NG.json (5049 rows)[0m
[32m2026-09-10 10:21:30.834[0m | [34m[1mDEBUG   [0m | [36msrc.data.cache[0m:[36mload_ohlcv[0m:[36m237[0m - [34m[1m[cache] Loaded OHLCV[1d] for TSLL from TSLL.json (1025 rows)[0m
[32m2026-09-10 10:21:30.856[0m | [34m[1mDEBUG   [0m | [36msrc.data.cache[0m:[36mload_ohlcv[0m:[36m237[0m - [34m[1m[cache] Loaded OHLCV[1d] for ARWR from ARWR.json (5029 rows)[0m
[32m2026-09-10 10:21:30.888[0m | [34m[1mDEBUG   [0m | [36msrc.data.cache[0m:[36mload_ohlcv[0m:[36m237[0m - [34m[1m[cache] Loaded OHLCV[1d] for WAB from WAB.json (5049 rows)[0m
[32m2026-09-10 10:21:30.921[0m | [34m[1mDEBUG   [0m | [36msrc.data.cache[0m:[36mload_ohlcv[0m:[36m237[0m - [34m[1m[cache] Loaded OHLCV[1d] for URI from URI.json (5049 rows)[0m
[32m2026-09-10 10:21:30.951[0m | [34m[1mDEBUG   [0m | [36msrc.data.cache[0m:[36mload_ohlcv[0m:[36m237[0m - [34m[1m[cache] Loaded OHLCV[1d] for LUV from LUV.json (5049 rows)[0m
[32m2026-09-10 10:21:30.967[0m | [34m[1mDEBUG   [0m | [36msrc.data.cache[0m:[36mload_ohlcv[0m:[36m237[0m - [34m[1m[cache] Loaded OHLCV[1d] for KEEL from KEEL.json (145 rows)[0m
[32m2026-09-10 10:21:30.975[0m | [34m[1mDEBUG   [0m | [36msrc.data.cache[0m:[36mload_ohlcv[0m:[36m237[0m - [34m[1m[cache] Loaded OHLCV[1d] for PN from PN.json (1102 rows)[0m
[32m2026-09-10 10:21:30.994[0m | [34m[1mDEBUG   [0m | [36msrc.data.cache[0m:[36mload_ohlcv[0m:[36m237[0m - [34m[1m[cache] Loaded OHLCV[1d] for PAG from PAG.json (4828 rows)[0m
[32m2026-09-10 10:21:31.023[0m | [34m[1mDEBUG   [0m | [36msrc.data.cache[0m:[36mload_ohlcv[0m:[36m237[0m - [34m[1m[cache] Loaded OHLCV[1d] for ARR from ARR.json (4138 rows)[0m
[32m2026-09-10 10:21:31.044[0m | [34m[1mDEBUG   [0m | [36msrc.data.cache[0m:[36mload_ohlcv[0m:[36m237[0m - [34m[1m[cache] Loaded OHLCV[1d] for AVB from AVB.json (5032 rows)[0m
[32m2026-09-10 10:21:31.070[0m | [34m[1mDEBUG   [0m | [36msrc.data.cache[0m:[36mload_ohlcv[0m:[36m237[0m - [34m[1m[cache] Loaded OHLCV[1d] for BANC from BANC.json (3755 rows)[0m
[32m2026-09-10 10:21:31.097[0m | [34m[1mDEBUG   [0m | [36msrc.data.cache[0m:[36mload_ohlcv[0m:[36m237[0m - [34m[1m[cache] Loaded OHLCV[1d] for BANR from BANR.json (5029 rows)[0m
[32m2026-09-10 10:21:31.127[0m | [34m[1mDEBUG   [0m | [36msrc.data.cache[0m:[36mload_ohlcv[0m:[36m237[0m - [34m[1m[cache] Loaded OHLCV[1d] for BDN from BDN.json (5049 rows)[0m
[32m2026-09-10 10:21:31.217[0m | [34m[1mDEBUG   [0m | [36msrc.data.cache[0m:[36mload_ohlcv[0m:[36m237[0m - [34m[1m[cache] Loaded OHLCV[1d] for BKU from BKU.json (3926 rows)[0m
[32m2026-09-10 10:21:31.244[0m | [34m[1mDEBUG   [0m | [36msrc.data.cache[0m:[36mload_ohlcv[0m:[36m237[0m - [34m[1m[cache] Loaded OHLCV[1d] for BMI from BMI.json (5049 rows)[0m
[32m2026-09-10 10:21:31.262[0m | [34m[1mDEBUG   [0m | [36msrc.data.cache[0m:[36mload_ohlcv[0m:[36m237[0m - [34m[1m[cache] Loaded OHLCV[1d] for BRBS from BRBS.json (1664 rows)[0m
[32m2026-09-10 10:21:31.285[0m | [34m[1mDEBUG   [0m | [36msrc.data.cache[0m:[36mload_ohlcv[0m:[36m237[0m - [34m[1m[cache] Loaded OHLCV[1d] for CALM from CALM.json (5049 rows)[0m
[32m2026-09-10 10:21:31.314[0m | [34m[1mDEBUG   [0m | [36msrc.data.cache[0m:[36mload_ohlcv[0m:[36m237[0m - [34m[1m[cache] Loaded OHLCV[1d] for CASH from CASH.json (4914 rows)[0m
[32m2026-09-10 10:21:31.344[0m | [34m[1mDEBUG   [0m | [36msrc.data.cache[0m:[36mload_ohlcv[0m:[36m237[0m - [34m[1m[cache] Loaded OHLCV[1d] for CATY from CATY.json (5049 rows)[0m
[32m2026-09-10 10:21:31.373[0m | [34m[1mDEBUG   [0m | [36msrc.data.cache[0m:[36mload_ohlcv[0m:[36m237[0m - [34m[1m[cache] Loaded OHLCV[1d] for CBAN from CBAN.json (4565 rows)[0m
[32m2026-09-10 10:21:31.399[0m | [34m[1mDEBUG   [0m | [36msrc.data.cache[0m:[36mload_ohlcv[0m:[36m237[0m - [34m[1m[cache] Loaded OHLCV[1d] for CCI from CCI.json (5049 rows)[0m
[32m2026-09-10 10:21:31.429[0m | [34m[1mDEBUG   [0m | [36msrc.data.cache[0m:[36mload_ohlcv[0m:[36m237[0m - [34m[1m[cache] Loaded OHLCV[1d] for CCS from CCS.json (4351 rows)[0m
[32m2026-09-10 10:21:31.459[0m | [34m[1mDEBUG   [0m | [36msrc.data.cache[0m:[36mload_ohlcv[0m:[36m237[0m - [34m[1m[cache] Loaded OHLCV[1d] for CFFN from CFFN.json (5029 rows)[0m
[32m2026-09-10 10:21:31.490[0m | [34m[1mDEBUG   [0m | [36msrc.data.cache[0m:[36mload_ohlcv[0m:[36m237[0m - [34m[1m[cache] Loaded OHLCV[1d] for TROW from TROW.json (5049 rows)[0m
[32m2026-09-10 10:21:31.518[0m | [34m[1mDEBUG   [0m | [36msrc.data.cache[0m:[36mload_ohlcv[0m:[36m237[0m - [34m[1m[cache] Loaded OHLCV[1d] for SF from SF.json (5049 rows)[0m
[32m2026-09-10 10:21:31.548[0m | [34m[1mDEBUG   [0m | [36msrc.data.cache[0m:[36mload_ohlcv[0m:[36m237[0m - [34m[1m[cache] Loaded OHLCV[1d] for AMP from AMP.json (5049 rows)[0m
[32m2026-09-10 10:21:31.577[0m | [34m[1mDEBUG   [0m | [36msrc.data.cache[0m:[36mload_ohlcv[0m:[36m237[0m - [34m[1m[cache] Loaded OHLCV[1d] for EVR from EVR.json (5049 rows)[0m
[32m2026-09-10 10:21:31.600[0m | [34m[1mDEBUG   [0m | [36msrc.data.cache[0m:[36mload_ohlcv[0m:[36m237[0m - [34m[1m[cache] Loaded OHLCV[1d] for KKR from KKR.json (4063 rows)[0m
[32m2026-09-10 10:21:31.628[0m | [34m[1mDEBUG   [0m | [36msrc.data.cache[0m:[36mload_ohlcv[0m:[36m237[0m - [34m[1m[cache] Loaded OHLCV[1d] for CG from CG.json (4066 rows)[0m
[32m2026-09-10 10:21:31.655[0m | [34m[1mDEBUG   [0m | [36msrc.data.cache[0m:[36mload_ohlcv[0m:[36m237[0m - [34m[1m[cache] Loaded OHLCV[1d] for APAM from APAM.json (3398 rows)[0m
[32m2026-09-10 10:21:31.673[0m | [34m[1mDEBUG   [0m | [36msrc.data.cache[0m:[36mload_ohlcv[0m:[36m237[0m - [34m[1m[cache] Loaded OHLCV[1d] for HWM from HWM.json (1618 rows)[0m
[32m2026-09-10 10:21:31.684[0m | [34m[1mDEBUG   [0m | [36msrc.data.cache[0m:[36mload_ohlcv[0m:[36m237[0m - [34m[1m[cache] Loaded OHLCV[1d] for RNAC from RNAC.json (706 rows)[0m
[32m2026-09-10 10:21:31.703[0m | [34m[1mDEBUG   [0m | [36msrc.data.cache[0m:[36mload_ohlcv[0m:[36m237[0m - [34m[1m[cache] Loaded OHLCV[1d] for HTH from HTH.json (4807 rows)[0m
[32m2026-09-10 10:21:31.715[0m | [34m[1mDEBUG   [0m | [36msrc.data.cache[0m:[36mload_ohlcv[0m:[36m237[0m - [34m[1m[cache] Loaded OHLCV[1d] for TTE from TTE.json (1384 rows)[0m
[32m2026-09-10 10:21:31.733[0m | [34m[1mDEBUG   [0m | [36msrc.data.cache[0m:[36mload_ohlcv[0m:[36m237[0m - [34m[1m[cache] Loaded OHLCV[1d] for LXFR from LXFR.json (3502 rows)[0m
[32m2026-09-10 10:21:31.744[0m | [34m[1mDEBUG   [0m | [36msrc.data.cache[0m:[36mload_ohlcv[0m:[36m237[0m - [34m[1m[cache] Loaded OHLCV[1d] for PCSC from PCSC.json (338 rows)[0m
[32m2026-09-10 10:21:31.766[0m | [34m[1mDEBUG   [0m | [36msrc.data.cache[0m:[36mload_ohlcv[0m:[36m237[0m - [34m[1m[cache] Loaded OHLCV[1d] for LWAY from LWAY.json (5048 rows)[0m
[32m2026-09-10 10:21:31.798[0m | [34m[1mDEBUG   [0m | [36msrc.data.cache[0m:[36mload_ohlcv[0m:[36m237[0m - [34m[1m[cache] Loaded OHLCV[1d] for TG from TG.json (5049 rows)[0m
[32m2026-09-10 10:21:31.831[0m | [34m[1mDEBUG   [0m | [36msrc.data.cache[0m:[36mload_ohlcv[0m:[36m237[0m - [34m[1m[cache] Loaded OHLCV[1d] for HP from HP.json (5049 rows)[0m
[32m2026-09-10 10:21:31.860[0m | [34m[1mDEBUG   [0m | [36msrc.data.cache[0m:[36mload_ohlcv[0m:[36m237[0m - [34m[1m[cache] Loaded OHLCV[1d] for TBI from TBI.json (4710 rows)[0m
[32m2026-09-10 10:21:31.891[0m | [34m[1mDEBUG   [0m | [36msrc.data.cache[0m:[36mload_ohlcv[0m:[36m237[0m - [34m[1m[cache] Loaded OHLCV[1d] for ERII from ERII.json (4575 rows)[0m
[32m2026-09-10 10:21:31.916[0m | [34m[1mDEBUG   [0m | [36msrc.data.cache[0m:[36mload_ohlcv[0m:[36m237[0m - [34m[1m[cache] Loaded OHLCV[1d] for DOC from DOC.json (3651 rows)[0m
[32m2026-09-10 10:21:31.932[0m | [34m[1mDEBUG   [0m | [36msrc.data.cache[0m:[36mload_ohlcv[0m:[36m237[0m - [34m[1m[cache] Loaded OHLCV[1d] for ONEW from ONEW.json (1655 rows)[0m
[32m2026-09-10 10:21:31.943[0m | [34m[1mDEBUG   [0m | [36msrc.data.cache[0m:[36mload_ohlcv[0m:[36m237[0m - [34m[1m[cache] Loaded OHLCV[1d] for UPBD from UPBD.json (887 rows)[0m
[32m2026-09-10 10:21:31.958[0m | [34m[1mDEBUG   [0m | [36msrc.data.cache[0m:[36mload_ohlcv[0m:[36m237[0m - [34m[1m[cache] Loaded OHLCV[1d] for NVGS from NVGS.json (3217 rows)[0m
[32m2026-09-10 10:21:31.984[0m | [34m[1mDEBUG   [0m | [36msrc.data.cache[0m:[36mload_ohlcv[0m:[36m237[0m - [34m[1m[cache] Loaded OHLCV[1d] for LAKE from LAKE.json (5027 rows)[0m
[32m2026-09-10 10:21:31.999[0m | [34m[1mDEBUG   [0m | [36msrc.data.cache[0m:[36mload_ohlcv[0m:[36m237[0m - [34m[1m[cache] Loaded OHLCV[1d] for ORANY from ORANY.json (472 rows)[0m
[32m2026-09-10 10:21:32.018[0m | [34m[1mDEBUG   [0m | [36msrc.data.cache[0m:[36mload_ohlcv[0m:[36m237[0m - [34m[1m[cache] Loaded OHLCV[1d] for CWT from CWT.json (5049 rows)[0m
[32m2026-09-10 10:21:32.037[0m | [34m[1mDEBUG   [0m | [36msrc.data.cache[0m:[36mload_ohlcv[0m:[36m237[0m - [34m[1m[cache] Loaded OHLCV[1d] for ECAT from ECAT.json (1242 rows)[0m
[32m2026-09-10 10:21:32.061[0m | [34m[1mDEBUG   [0m | [36msrc.data.cache[0m:[36mload_ohlcv[0m:[36m237[0m - [34m[1m[cache] Loaded OHLCV[1d] for TRNS from TRNS.json (4683 rows)[0m
[32m2026-09-10 10:21:32.086[0m | [34m[1mDEBUG   [0m | [36msrc.data.cache[0m:[36mload_ohlcv[0m:[36m237[0m - [34m[1m[cache] Loaded OHLCV[1d] for WSC from WSC.json (3430 rows)[0m
[32m2026-09-10 10:21:32.103[0m | [34m[1mDEBUG   [0m | [36msrc.data.cache[0m:[36mload_ohlcv[0m:[36m237[0m - [34m[1m[cache] Loaded OHLCV[1d] for HYLN from HYLN.json (1490 rows)[0m
[32m2026-09-10 10:21:32.128[0m | [34m[1mDEBUG   [0m | [36msrc.data.cache[0m:[36mload_ohlcv[0m:[36m237[0m - [34m[1m[cache] Loaded OHLCV[1d] for PCG from PCG.json (5049 rows)[0m
[32m2026-09-10 10:21:32.158[0m | [34m[1mDEBUG   [0m | [36msrc.data.cache[0m:[36mload_ohlcv[0m:[36m237[0m - [34m[1m[cache] Loaded OHLCV[1d] for TSCO from TSCO.json (5049 rows)[0m
[32m2026-09-10 10:21:32.186[0m | [34m[1mDEBUG   [0m | [36msrc.data.cache[0m:[36mload_ohlcv[0m:[36m237[0m - [34m[1m[cache] Loaded OHLCV[1d] for HOG from HOG.json (5048 rows)[0m
[32m2026-09-10 10:21:32.212[0m | [34m[1mDEBUG   [0m | [36msrc.data.cache[0m:[36mload_ohlcv[0m:[36m237[0m - [34m[1m[cache] Loaded OHLCV[1d] for ACI from ACI.json (3927 rows)[0m
[32m2026-09-10 10:21:32.239[0m | [34m[1mDEBUG   [0m | [36msrc.data.cache[0m:[36mload_ohlcv[0m:[36m237[0m - [34m[1m[cache] Loaded OHLCV[1d] for DECK from DECK.json (5049 rows)[0m
[32m2026-09-10 10:21:32.253[0m | [34m[1mDEBUG   [0m | [36msrc.data.cache[0m:[36mload_ohlcv[0m:[36m237[0m - [34m[1m[cache] Loaded OHLCV[1d] for WLDS from WLDS.json (1001 rows)[0m
[32m2026-09-10 10:21:32.270[0m | [34m[1mDEBUG   [0m | [36msrc.data.cache[0m:[36mload_ohlcv[0m:[36m237[0m - [34m[1m[cache] Loaded OHLCV[1d] for NVCR from NVCR.json (2749 rows)[0m
[32m2026-09-10 10:21:32.297[0m | [34m[1mDEBUG   [0m | [36msrc.data.cache[0m:[36mload_ohlcv[0m:[36m237[0m - [34m[1m[cache] Loaded OHLCV[1d] for FIX from FIX.json (5049 rows)[0m
[32m2026-09-10 10:21:32.331[0m | [34m[1mDEBUG   [0m | [36msrc.data.cache[0m:[36mload_ohlcv[0m:[36m237[0m - [34m[1m[cache] Loaded OHLCV[1d] for SAP from SAP.json (5049 rows)[0m
[32m2026-09-10 10:21:32.361[0m | [34m[1mDEBUG   [0m | [36msrc.data.cache[0m:[36mload_ohlcv[0m:[36m237[0m - [34m[1m[cache] Loaded OHLCV[1d] for ABCB from ABCB.json (5049 rows)[0m
[32m2026-09-10 10:21:32.386[0m | [34m[1mDEBUG   [0m | [36msrc.data.cache[0m:[36mload_ohlcv[0m:[36m237[0m - [34m[1m[cache] Loaded OHLCV[1d] for ACNB from ACNB.json (3875 rows)[0m
[32m2026-09-10 10:21:32.405[0m | [34m[1mDEBUG   [0m | [36msrc.data.cache[0m:[36mload_ohlcv[0m:[36m237[0m - [34m[1m[cache] Loaded OHLCV[1d] for AMAL from AMAL.json (2031 rows)[0m
[32m2026-09-10 10:21:32.416[0m | [34m[1mDEBUG   [0m | [36msrc.data.cache[0m:[36mload_ohlcv[0m:[36m237[0m - [34m[1m[cache] Loaded OHLCV[1d] for AMBP from AMBP.json (1279 rows)[0m
[32m2026-09-10 10:21:32.427[0m | [34m[1mDEBUG   [0m | [36msrc.data.cache[0m:[36mload_ohlcv[0m:[36m237[0m - [34m[1m[cache] Loaded OHLCV[1d] for AMTB from AMTB.json (1973 rows)[0m
[32m2026-09-10 10:21:32.440[0m | [34m[1mDEBUG   [0m | [36msrc.data.cache[0m:[36mload_ohlcv[0m:[36m237[0m - [34m[1m[cache] Loaded OHLCV[1d] for ARGX from ARGX.json (2336 rows)[0m
[32m2026-09-10 10:21:32.462[0m | [34m[1mDEBUG   [0m | [36msrc.data.cache[0m:[36mload_ohlcv[0m:[36m237[0m - [34m[1m[cache] Loaded OHLCV[1d] for AROW from AROW.json (5049 rows)[0m
[32m2026-09-10 10:21:32.490[0m | [34m[1mDEBUG   [0m | [36msrc.data.cache[0m:[36mload_ohlcv[0m:[36m237[0m - [34m[1m[cache] Loaded OHLCV[1d] for ASB from ASB.json (3839 rows)[0m
[32m2026-09-10 10:21:32.509[0m | [34m[1mDEBUG   [0m | [36msrc.data.cache[0m:[36mload_ohlcv[0m:[36m237[0m - [34m[1m[cache] Loaded OHLCV[1d] for SNDR from SNDR.json (2369 rows)[0m
[32m2026-09-10 10:21:32.611[0m | [34m[1mDEBUG   [0m | [36msrc.data.cache[0m:[36mload_ohlcv[0m:[36m237[0m - [34m[1m[cache] Loaded OHLCV[1d] for NDAQ from NDAQ.json (5049 rows)[0m
[32m2026-09-10 10:21:32.639[0m | [34m[1mDEBUG   [0m | [36msrc.data.cache[0m:[36mload_ohlcv[0m:[36m237[0m - [34m[1m[cache] Loaded OHLCV[1d] for ODFL from ODFL.json (5049 rows)[0m
[32m2026-09-10 10:21:32.667[0m | [34m[1mDEBUG   [0m | [36msrc.data.cache[0m:[36mload_ohlcv[0m:[36m237[0m - [34m[1m[cache] Loaded OHLCV[1d] for LSTR from LSTR.json (5049 rows)[0m
[32m2026-09-10 10:21:32.684[0m | [34m[1mDEBUG   [0m | [36msrc.data.cache[0m:[36mload_ohlcv[0m:[36m237[0m - [34m[1m[cache] Loaded OHLCV[1d] for ARCB from ARCB.json (3108 rows)[0m
[32m2026-09-10 10:21:32.709[0m | [34m[1mDEBUG   [0m | [36msrc.data.cache[0m:[36mload_ohlcv[0m:[36m237[0m - [34m[1m[cache] Loaded OHLCV[1d] for CHRW from CHRW.json (5049 rows)[0m
[32m2026-09-10 10:21:32.731[0m | [34m[1mDEBUG   [0m | [36msrc.data.cache[0m:[36mload_ohlcv[0m:[36m237[0m - [34m[1m[cache] Loaded OHLCV[1d] for GATX from GATX.json (2561 rows)[0m
[32m2026-09-10 10:21:32.748[0m | [34m[1mDEBUG   [0m | [36msrc.data.cache[0m:[36mload_ohlcv[0m:[36m237[0m - [34m[1m[cache] Loaded OHLCV[1d] for WERN from WERN.json (5049 rows)[0m
[32m2026-09-10 10:21:32.771[0m | [34m[1mDEBUG   [0m | [36msrc.data.cache[0m:[36mload_ohlcv[0m:[36m237[0m - [34m[1m[cache] Loaded OHLCV[1d] for PDS from PDS.json (5049 rows)[0m
[32m2026-09-10 10:21:32.801[0m | [34m[1mDEBUG   [0m | [36msrc.data.cache[0m:[36mload_ohlcv[0m:[36m237[0m - [34m[1m[cache] Loaded OHLCV[1d] for BTO from BTO.json (5049 rows)[0m
[32m2026-09-10 10:21:32.820[0m | [34m[1mDEBUG   [0m | [36msrc.data.cache[0m:[36mload_ohlcv[0m:[36m237[0m - [34m[1m[cache] Loaded OHLCV[1d] for IRD from IRD.json (469 rows)[0m
[32m2026-09-10 10:21:32.826[0m | [34m[1mDEBUG   [0m | [36msrc.data.cache[0m:[36mload_ohlcv[0m:[36m237[0m - [34m[1m[cache] Loaded OHLCV[1d] for PBLS from PBLS.json (63 rows)[0m
[32m2026-09-10 10:21:32.833[0m | [34m[1mDEBUG   [0m | [36msrc.data.cache[0m:[36mload_ohlcv[0m:[36m237[0m - [34m[1m[cache] Loaded OHLCV[1d] for ENLT from ENLT.json (897 rows)[0m
[32m2026-09-10 10:21:32.856[0m | [34m[1mDEBUG   [0m | [36msrc.data.cache[0m:[36mload_ohlcv[0m:[36m237[0m - [34m[1m[cache] Loaded OHLCV[1d] for FCF from FCF.json (5049 rows)[0m
[32m2026-09-10 10:21:32.878[0m | [34m[1mDEBUG   [0m | [36msrc.data.cache[0m:[36mload_ohlcv[0m:[36m237[0m - [34m[1m[cache] Loaded OHLCV[1d] for BIPC from BIPC.json (1619 rows)[0m
[32m2026-09-10 10:21:32.890[0m | [34m[1mDEBUG   [0m | [36msrc.data.cache[0m:[36mload_ohlcv[0m:[36m237[0m - [34m[1m[cache] Loaded OHLCV[1d] for BEPC from BEPC.json (1535 rows)[0m
[32m2026-09-10 10:21:32.915[0m | [34m[1mDEBUG   [0m | [36msrc.data.cache[0m:[36mload_ohlcv[0m:[36m237[0m - [34m[1m[cache] Loaded OHLCV[1d] for RELL from RELL.json (5049 rows)[0m
[32m2026-09-10 10:21:32.939[0m | [34m[1mDEBUG   [0m | [36msrc.data.cache[0m:[36mload_ohlcv[0m:[36m237[0m - [34m[1m[cache] Loaded OHLCV[1d] for ORA from ORA.json (5049 rows)[0m
[32m2026-09-10 10:21:32.958[0m | [34m[1mDEBUG   [0m | [36msrc.data.cache[0m:[36mload_ohlcv[0m:[36m237[0m - [34m[1m[cache] Loaded OHLCV[1d] for CABA from CABA.json (1726 rows)[0m
[32m2026-09-10 10:21:32.976[0m | [34m[1mDEBUG   [0m | [36msrc.data.cache[0m:[36mload_ohlcv[0m:[36m237[0m - [34m[1m[cache] Loaded OHLCV[1d] for LE from LE.json (3125 rows)[0m
[32m2026-09-10 10:21:33.001[0m | [34m[1mDEBUG   [0m | [36msrc.data.cache[0m:[36mload_ohlcv[0m:[36m237[0m - [34m[1m[cache] Loaded OHLCV[1d] for NEM from NEM.json (5049 rows)[0m
[32m2026-09-10 10:21:33.024[0m | [34m[1mDEBUG   [0m | [36msrc.data.cache[0m:[36mload_ohlcv[0m:[36m237[0m - [34m[1m[cache] Loaded OHLCV[1d] for CTVA from CTVA.json (1828 rows)[0m
[32m2026-09-10 10:21:33.047[0m | [34m[1mDEBUG   [0m | [36msrc.data.cache[0m:[36mload_ohlcv[0m:[36m237[0m - [34m[1m[cache] Loaded OHLCV[1d] for SHW from SHW.json (5049 rows)[0m
[32m2026-09-10 10:21:33.072[0m | [34m[1mDEBUG   [0m | [36msrc.data.cache[0m:[36mload_ohlcv[0m:[36m237[0m - [34m[1m[cache] Loaded OHLCV[1d] for ECL from ECL.json (5049 rows)[0m
[32m2026-09-10 10:21:33.101[0m | [34m[1mDEBUG   [0m | [36msrc.data.cache[0m:[36mload_ohlcv[0m:[36m237[0m - [34m[1m[cache] Loaded OHLCV[1d] for IMAX from IMAX.json (5049 rows)[0m
[32m2026-09-10 10:21:33.122[0m | [34m[1mDEBUG   [0m | [36msrc.data.cache[0m:[36mload_ohlcv[0m:[36m237[0m - [34m[1m[cache] Loaded OHLCV[1d] for MSS from MSS.json (1429 rows)[0m
[32m2026-09-10 10:21:33.146[0m | [34m[1mDEBUG   [0m | [36msrc.data.cache[0m:[36mload_ohlcv[0m:[36m237[0m - [34m[1m[cache] Loaded OHLCV[1d] for NEE from NEE.json (4078 rows)[0m
[32m2026-09-10 10:21:33.162[0m | [34m[1mDEBUG   [0m | [36msrc.data.cache[0m:[36mload_ohlcv[0m:[36m237[0m - [34m[1m[cache] Loaded OHLCV[1d] for AKAN from AKAN.json (1126 rows)[0m
[32m2026-09-10 10:21:33.174[0m | [34m[1mDEBUG   [0m | [36msrc.data.cache[0m:[36mload_ohlcv[0m:[36m237[0m - [34m[1m[cache] Loaded OHLCV[1d] for BUG from BUG.json (1722 rows)[0m
[32m2026-09-10 10:21:33.185[0m | [34m[1mDEBUG   [0m | [36msrc.data.cache[0m:[36mload_ohlcv[0m:[36m237[0m - [34m[1m[cache] Loaded OHLCV[1d] for GPIQ from GPIQ.json (719 rows)[0m
[32m2026-09-10 10:21:33.208[0m | [34m[1mDEBUG   [0m | [36msrc.data.cache[0m:[36mload_ohlcv[0m:[36m237[0m - [34m[1m[cache] Loaded OHLCV[1d] for TLT from TLT.json (5049 rows)[0m
[32m2026-09-10 10:21:33.238[0m | [34m[1mDEBUG   [0m | [36msrc.data.cache[0m:[36mload_ohlcv[0m:[36m237[0m - [34m[1m[cache] Loaded OHLCV[1d] for IP from IP.json (5049 rows)[0m
[32m2026-09-10 10:21:33.265[0m | [34m[1mDEBUG   [0m | [36msrc.data.cache[0m:[36mload_ohlcv[0m:[36m237[0m - [34m[1m[cache] Loaded OHLCV[1d] for BAH from BAH.json (3975 rows)[0m
[32m2026-09-10 10:21:33.296[0m | [34m[1mDEBUG   [0m | [36msrc.data.cache[0m:[36mload_ohlcv[0m:[36m237[0m - [34m[1m[cache] Loaded OHLCV[1d] for CNI from CNI.json (5049 rows)[0m
[32m2026-09-10 10:21:33.318[0m | [34m[1mDEBUG   [0m | [36msrc.data.cache[0m:[36mload_ohlcv[0m:[36m237[0m - [34m[1m[cache] Loaded OHLCV[1d] for COFS from COFS.json (1648 rows)[0m
[32m2026-09-10 10:21:33.339[0m | [34m[1mDEBUG   [0m | [36msrc.data.cache[0m:[36mload_ohlcv[0m:[36m237[0m - [34m[1m[cache] Loaded OHLCV[1d] for CPF from CPF.json (5049 rows)[0m
[32m2026-09-10 10:21:33.363[0m | [34m[1mDEBUG   [0m | [36msrc.data.cache[0m:[36mload_ohlcv[0m:[36m237[0m - [34m[1m[cache] Loaded OHLCV[1d] for CRI from CRI.json (5049 rows)[0m
[32m2026-09-10 10:21:33.394[0m | [34m[1mDEBUG   [0m | [36msrc.data.cache[0m:[36mload_ohlcv[0m:[36m237[0m - [34m[1m[cache] Loaded OHLCV[1d] for E from E.json (5049 rows)[0m
[32m2026-09-10 10:21:33.416[0m | [34m[1mDEBUG   [0m | [36msrc.data.cache[0m:[36mload_ohlcv[0m:[36m237[0m - [34m[1m[cache] Loaded OHLCV[1d] for EAF from EAF.json (2109 rows)[0m
[32m2026-09-10 10:21:33.433[0m | [34m[1mDEBUG   [0m | [36msrc.data.cache[0m:[36mload_ohlcv[0m:[36m237[0m - [34m[1m[cache] Loaded OHLCV[1d] for FHB from FHB.json (2538 rows)[0m
[32m2026-09-10 10:21:33.443[0m | [34m[1mDEBUG   [0m | [36msrc.data.cache[0m:[36mload_ohlcv[0m:[36m237[0m - [34m[1m[cache] Loaded OHLCV[1d] for FLG from FLG.json (818 rows)[0m
[32m2026-09-10 10:21:33.465[0m | [34m[1mDEBUG   [0m | [36msrc.data.cache[0m:[36mload_ohlcv[0m:[36m237[0m - [34m[1m[cache] Loaded OHLCV[1d] for GNTX from GNTX.json (5049 rows)[0m
[32m2026-09-10 10:21:33.484[0m | [34m[1mDEBUG   [0m | [36msrc.data.cache[0m:[36mload_ohlcv[0m:[36m237[0m - [34m[1m[cache] Loaded OHLCV[1d] for RBKB from RBKB.json (1754 rows)[0m
[32m2026-09-10 10:21:33.507[0m | [34m[1mDEBUG   [0m | [36msrc.data.cache[0m:[36mload_ohlcv[0m:[36m237[0m - [34m[1m[cache] Loaded OHLCV[1d] for KEY from KEY.json (5049 rows)[0m
[32m2026-09-10 10:21:33.539[0m | [34m[1mDEBUG   [0m | [36msrc.data.cache[0m:[36mload_ohlcv[0m:[36m237[0m - [34m[1m[cache] Loaded OHLCV[1d] for MTB from MTB.json (5049 rows)[0m
[32m2026-09-10 10:21:33.571[0m | [34m[1mDEBUG   [0m | [36msrc.data.cache[0m:[36mload_ohlcv[0m:[36m237[0m - [34m[1m[cache] Loaded OHLCV[1d] for USB from USB.json (5049 rows)[0m
[32m2026-09-10 10:21:33.602[0m | [34m[1mDEBUG   [0m | [36msrc.data.cache[0m:[36mload_ohlcv[0m:[36m237[0m - [34m[1m[cache] Loaded OHLCV[1d] for HBAN from HBAN.json (5049 rows)[0m
[32m2026-09-10 10:21:33.622[0m | [34m[1mDEBUG   [0m | [36msrc.data.cache[0m:[36mload_ohlcv[0m:[36m237[0m - [34m[1m[cache] Loaded OHLCV[1d] for ETSY from ETSY.json (2867 rows)[0m
[32m2026-09-10 10:21:33.639[0m | [34m[1mDEBUG   [0m | [36msrc.data.cache[0m:[36mload_ohlcv[0m:[36m237[0m - [34m[1m[cache] Loaded OHLCV[1d] for OPI from OPI.json (1756 rows)[0m
[32m2026-09-10 10:21:33.655[0m | [34m[1mDEBUG   [0m | [36msrc.data.cache[0m:[36mload_ohlcv[0m:[36m237[0m - [34m[1m[cache] Loaded OHLCV[1d] for RRBI from RRBI.json (1845 rows)[0m
[32m2026-09-10 10:21:33.670[0m | [34m[1mDEBUG   [0m | [36msrc.data.cache[0m:[36mload_ohlcv[0m:[36m237[0m - [34m[1m[cache] Loaded OHLCV[1d] for EPRT from EPRT.json (2065 rows)[0m
[32m2026-09-10 10:21:33.693[0m | [34m[1mDEBUG   [0m | [36msrc.data.cache[0m:[36mload_ohlcv[0m:[36m237[0m - [34m[1m[cache] Loaded OHLCV[1d] for SBLK from SBLK.json (4721 rows)[0m
[32m2026-09-10 10:21:33.712[0m | [34m[1mDEBUG   [0m | [36msrc.data.cache[0m:[36mload_ohlcv[0m:[36m237[0m - [34m[1m[cache] Loaded OHLCV[1d] for SYM from SYM.json (1423 rows)[0m
[32m2026-09-10 10:21:33.733[0m | [34m[1mDEBUG   [0m | [36msrc.data.cache[0m:[36mload_ohlcv[0m:[36m237[0m - [34m[1m[cache] Loaded OHLCV[1d] for FCN from FCN.json (5049 rows)[0m
[32m2026-09-10 10:21:33.762[0m | [34m[1mDEBUG   [0m | [36msrc.data.cache[0m:[36mload_ohlcv[0m:[36m237[0m - [34m[1m[cache] Loaded OHLCV[1d] for TWN from TWN.json (5024 rows)[0m
[32m2026-09-10 10:21:33.786[0m | [34m[1mDEBUG   [0m | [36msrc.data.cache[0m:[36mload_ohlcv[0m:[36m237[0m - [34m[1m[cache] Loaded OHLCV[1d] for FBP from FBP.json (5049 rows)[0m
[32m2026-09-10 10:21:33.801[0m | [34m[1mDEBUG   [0m | [36msrc.data.cache[0m:[36mload_ohlcv[0m:[36m237[0m - [34m[1m[cache] Loaded OHLCV[1d] for VCX from VCX.json (120 rows)[0m
[32m2026-09-10 10:21:33.821[0m | [34m[1mDEBUG   [0m | [36msrc.data.cache[0m:[36mload_ohlcv[0m:[36m237[0m - [34m[1m[cache] Loaded OHLCV[1d] for FAF from FAF.json (5049 rows)[0m
[32m2026-09-10 10:21:33.844[0m | [34m[1mDEBUG   [0m | [36msrc.data.cache[0m:[36mload_ohlcv[0m:[36m237[0m - [34m[1m[cache] Loaded OHLCV[1d] for VET from VET.json (3395 rows)[0m
[32m2026-09-10 10:21:33.864[0m | [34m[1mDEBUG   [0m | [36msrc.data.cache[0m:[36mload_ohlcv[0m:[36m237[0m - [34m[1m[cache] Loaded OHLCV[1d] for PML from PML.json (5049 rows)[0m
[32m2026-09-10 10:21:33.885[0m | [34m[1mDEBUG   [0m | [36msrc.data.cache[0m:[36mload_ohlcv[0m:[36m237[0m - [34m[1m[cache] Loaded OHLCV[1d] for APC from APC.json (3413 rows)[0m
[32m2026-09-10 10:21:33.913[0m | [34m[1mDEBUG   [0m | [36msrc.data.cache[0m:[36mload_ohlcv[0m:[36m237[0m - [34m[1m[cache] Loaded OHLCV[1d] for OFG from OFG.json (5049 rows)[0m
[32m2026-09-10 10:21:33.938[0m | [34m[1mDEBUG   [0m | [36msrc.data.cache[0m:[36mload_ohlcv[0m:[36m237[0m - [34m[1m[cache] Loaded OHLCV[1d] for IQI from IQI.json (5049 rows)[0m
[32m2026-09-10 10:21:34.041[0m | [34m[1mDEBUG   [0m | [36msrc.data.cache[0m:[36mload_ohlcv[0m:[36m237[0m - [34m[1m[cache] Loaded OHLCV[1d] for ROP from ROP.json (5049 rows)[0m
[32m2026-09-10 10:21:34.061[0m | [34m[1mDEBUG   [0m | [36msrc.data.cache[0m:[36mload_ohlcv[0m:[36m237[0m - [34m[1m[cache] Loaded OHLCV[1d] for VMD from VMD.json (1780 rows)[0m
[32m2026-09-10 10:21:34.086[0m | [34m[1mDEBUG   [0m | [36msrc.data.cache[0m:[36mload_ohlcv[0m:[36m237[0m - [34m[1m[cache] Loaded OHLCV[1d] for RMT from RMT.json (5049 rows)[0m
[32m2026-09-10 10:21:34.108[0m | [34m[1mDEBUG   [0m | [36msrc.data.cache[0m:[36mload_ohlcv[0m:[36m237[0m - [34m[1m[cache] Loaded OHLCV[1d] for DOLE from DOLE.json (2297 rows)[0m
[32m2026-09-10 10:21:34.134[0m | [34m[1mDEBUG   [0m | [36msrc.data.cache[0m:[36mload_ohlcv[0m:[36m237[0m - [34m[1m[cache] Loaded OHLCV[1d] for SHOO from SHOO.json (5049 rows)[0m
[32m2026-09-10 10:21:34.150[0m | [34m[1mDEBUG   [0m | [36msrc.data.cache[0m:[36mload_ohlcv[0m:[36m237[0m - [34m[1m[cache] Loaded OHLCV[1d] for SKHY from SKHY.json (42 rows)[0m
[32m2026-09-10 10:21:34.171[0m | [34m[1mDEBUG   [0m | [36msrc.data.cache[0m:[36mload_ohlcv[0m:[36m237[0m - [34m[1m[cache] Loaded OHLCV[1d] for IWM from IWM.json (5049 rows)[0m
[32m2026-09-10 10:21:34.193[0m | [34m[1mDEBUG   [0m | [36msrc.data.cache[0m:[36mload_ohlcv[0m:[36m237[0m - [34m[1m[cache] Loaded OHLCV[1d] for SPGI from SPGI.json (2606 rows)[0m
[32m2026-09-10 10:21:34.208[0m | [34m[1mDEBUG   [0m | [36msrc.data.cache[0m:[36mload_ohlcv[0m:[36m237[0m - [34m[1m[cache] Loaded OHLCV[1d] for QMCO from QMCO.json (1659 rows)[0m
[32m2026-09-10 10:21:34.228[0m | [34m[1mDEBUG   [0m | [36msrc.data.cache[0m:[36mload_ohlcv[0m:[36m237[0m - [34m[1m[cache] Loaded OHLCV[1d] for ARLP from ARLP.json (5049 rows)[0m
[32m2026-09-10 10:21:34.246[0m | [34m[1mDEBUG   [0m | [36msrc.data.cache[0m:[36mload_ohlcv[0m:[36m237[0m - [34m[1m[cache] Loaded OHLCV[1d] for BCAL from BCAL.json (1083 rows)[0m
[32m2026-09-10 10:21:34.270[0m | [34m[1mDEBUG   [0m | [36msrc.data.cache[0m:[36mload_ohlcv[0m:[36m237[0m - [34m[1m[cache] Loaded OHLCV[1d] for BLX from BLX.json (5049 rows)[0m
[32m2026-09-10 10:21:34.303[0m | [34m[1mDEBUG   [0m | [36msrc.data.cache[0m:[36mload_ohlcv[0m:[36m237[0m - [34m[1m[cache] Loaded OHLCV[1d] for BMRC from BMRC.json (5026 rows)[0m
[32m2026-09-10 10:21:34.334[0m | [34m[1mDEBUG   [0m | [36msrc.data.cache[0m:[36mload_ohlcv[0m:[36m237[0m - [34m[1m[cache] Loaded OHLCV[1d] for BOH from BOH.json (5049 rows)[0m
[32m2026-09-10 10:21:34.365[0m | [34m[1mDEBUG   [0m | [36msrc.data.cache[0m:[36mload_ohlcv[0m:[36m237[0m - [34m[1m[cache] Loaded OHLCV[1d] for BRO from BRO.json (5049 rows)[0m
[32m2026-09-10 10:21:34.392[0m | [34m[1mDEBUG   [0m | [36msrc.data.cache[0m:[36mload_ohlcv[0m:[36m237[0m - [34m[1m[cache] Loaded OHLCV[1d] for BRX from BRX.json (3233 rows)[0m
[32m2026-09-10 10:21:34.421[0m | [34m[1mDEBUG   [0m | [36msrc.data.cache[0m:[36mload_ohlcv[0m:[36m237[0m - [34m[1m[cache] Loaded OHLCV[1d] for BSRR from BSRR.json (5049 rows)[0m
[32m2026-09-10 10:21:34.447[0m | [34m[1mDEBUG   [0m | [36msrc.data.cache[0m:[36mload_ohlcv[0m:[36m237[0m - [34m[1m[cache] Loaded OHLCV[1d] for CBK from CBK.json (3426 rows)[0m
[32m2026-09-10 10:21:34.461[0m | [34m[1mDEBUG   [0m | [36msrc.data.cache[0m:[36mload_ohlcv[0m:[36m237[0m - [34m[1m[cache] Loaded OHLCV[1d] for CBNA from CBNA.json (483 rows)[0m
[32m2026-09-10 10:21:34.473[0m | [34m[1mDEBUG   [0m | [36msrc.data.cache[0m:[36mload_ohlcv[0m:[36m237[0m - [34m[1m[cache] Loaded OHLCV[1d] for FSBC from FSBC.json (2047 rows)[0m
[32m2026-09-10 10:21:34.496[0m | [34m[1mDEBUG   [0m | [36msrc.data.cache[0m:[36mload_ohlcv[0m:[36m237[0m - [34m[1m[cache] Loaded OHLCV[1d] for F from F.json (5049 rows)[0m
[32m2026-09-10 10:21:34.527[0m | [34m[1mDEBUG   [0m | [36msrc.data.cache[0m:[36mload_ohlcv[0m:[36m237[0m - [34m[1m[cache] Loaded OHLCV[1d] for VMI from VMI.json (5049 rows)[0m
[32m2026-09-10 10:21:34.556[0m | [34m[1mDEBUG   [0m | [36msrc.data.cache[0m:[36mload_ohlcv[0m:[36m237[0m - [34m[1m[cache] Loaded OHLCV[1d] for ROL from ROL.json (5049 rows)[0m
[32m2026-09-10 10:21:34.571[0m | [34m[1mDEBUG   [0m | [36msrc.data.cache[0m:[36mload_ohlcv[0m:[36m237[0m - [34m[1m[cache] Loaded OHLCV[1d] for GMEX from GMEX.json (383 rows)[0m
[32m2026-09-10 10:21:34.582[0m | [34m[1mDEBUG   [0m | [36msrc.data.cache[0m:[36mload_ohlcv[0m:[36m237[0m - [34m[1m[cache] Loaded OHLCV[1d] for TT from TT.json (1771 rows)[0m
[32m2026-09-10 10:21:34.600[0m | [34m[1mDEBUG   [0m | [36msrc.data.cache[0m:[36mload_ohlcv[0m:[36m237[0m - [34m[1m[cache] Loaded OHLCV[1d] for WMG from WMG.json (2817 rows)[0m
[32m2026-09-10 10:21:34.622[0m | [34m[1mDEBUG   [0m | [36msrc.data.cache[0m:[36mload_ohlcv[0m:[36m237[0m - [34m[1m[cache] Loaded OHLCV[1d] for AJG from AJG.json (5049 rows)[0m
[32m2026-09-10 10:21:34.654[0m | [34m[1mDEBUG   [0m | [36msrc.data.cache[0m:[36mload_ohlcv[0m:[36m237[0m - [34m[1m[cache] Loaded OHLCV[1d] for AZO from AZO.json (5049 rows)[0m
[32m2026-09-10 10:21:34.686[0m | [34m[1mDEBUG   [0m | [36msrc.data.cache[0m:[36mload_ohlcv[0m:[36m237[0m - [34m[1m[cache] Loaded OHLCV[1d] for IDN from IDN.json (5042 rows)[0m
[32m2026-09-10 10:21:34.719[0m | [34m[1mDEBUG   [0m | [36msrc.data.cache[0m:[36mload_ohlcv[0m:[36m237[0m - [34m[1m[cache] Loaded OHLCV[1d] for FFIV from FFIV.json (5049 rows)[0m
[32m2026-09-10 10:21:34.734[0m | [34m[1mDEBUG   [0m | [36msrc.data.cache[0m:[36mload_ohlcv[0m:[36m237[0m - [34m[1m[cache] Loaded OHLCV[1d] for HONA from HONA.json (51 rows)[0m
[32m2026-09-10 10:21:34.754[0m | [34m[1mDEBUG   [0m | [36msrc.data.cache[0m:[36mload_ohlcv[0m:[36m237[0m - [34m[1m[cache] Loaded OHLCV[1d] for RMBS from RMBS.json (5049 rows)[0m
[32m2026-09-10 10:21:34.779[0m | [34m[1mDEBUG   [0m | [36msrc.data.cache[0m:[36mload_ohlcv[0m:[36m237[0m - [34m[1m[cache] Loaded OHLCV[1d] for MTRN from MTRN.json (3900 rows)[0m
[32m2026-09-10 10:21:34.802[0m | [34m[1mDEBUG   [0m | [36msrc.data.cache[0m:[36mload_ohlcv[0m:[36m237[0m - [34m[1m[cache] Loaded OHLCV[1d] for EIX from EIX.json (5049 rows)[0m
[32m2026-09-10 10:21:34.825[0m | [34m[1mDEBUG   [0m | [36msrc.data.cache[0m:[36mload_ohlcv[0m:[36m237[0m - [34m[1m[cache] Loaded OHLCV[1d] for CAPR from CAPR.json (2893 rows)[0m
[32m2026-09-10 10:21:34.834[0m | [34m[1mDEBUG   [0m | [36msrc.data.cache[0m:[36mload_ohlcv[0m:[36m237[0m - [34m[1m[cache] Loaded OHLCV[1d] for ANDG from ANDG.json (182 rows)[0m
[32m2026-09-10 10:21:34.853[0m | [34m[1mDEBUG   [0m | [36msrc.data.cache[0m:[36mload_ohlcv[0m:[36m237[0m - [34m[1m[cache] Loaded OHLCV[1d] for CBNK from CBNK.json (4353 rows)[0m
[32m2026-09-10 10:21:34.881[0m | [34m[1mDEBUG   [0m | [36msrc.data.cache[0m:[36mload_ohlcv[0m:[36m237[0m - [34m[1m[cache] Loaded OHLCV[1d] for CPB from CPB.json (5049 rows)[0m
[32m2026-09-10 10:21:34.902[0m | [34m[1mDEBUG   [0m | [36msrc.data.cache[0m:[36mload_ohlcv[0m:[36m237[0m - [34m[1m[cache] Loaded OHLCV[1d] for WHD from WHD.json (2157 rows)[0m
[32m2026-09-10 10:21:34.925[0m | [34m[1mDEBUG   [0m | [36msrc.data.cache[0m:[36mload_ohlcv[0m:[36m237[0m - [34m[1m[cache] Loaded OHLCV[1d] for ALDX from ALDX.json (3103 rows)[0m
[32m2026-09-10 10:21:34.936[0m | [34m[1mDEBUG   [0m | [36msrc.data.cache[0m:[36mload_ohlcv[0m:[36m237[0m - [34m[1m[cache] Loaded OHLCV[1d] for UCB from UCB.json (525 rows)[0m
[32m2026-09-10 10:21:34.945[0m | [34m[1mDEBUG   [0m | [36msrc.data.cache[0m:[36mload_ohlcv[0m:[36m237[0m - [34m[1m[cache] Loaded OHLCV[1d] for TYGO from TYGO.json (826 rows)[0m
[32m2026-09-10 10:21:34.967[0m | [34m[1mDEBUG   [0m | [36msrc.data.cache[0m:[36mload_ohlcv[0m:[36m237[0m - [34m[1m[cache] Loaded OHLCV[1d] for PKE from PKE.json (5049 rows)[0m
[32m2026-09-10 10:21:34.992[0m | [34m[1mDEBUG   [0m | [36msrc.data.cache[0m:[36mload_ohlcv[0m:[36m237[0m - [34m[1m[cache] Loaded OHLCV[1d] for AMPL from AMPL.json (2847 rows)[0m
[32m2026-09-10 10:21:35.022[0m | [34m[1mDEBUG   [0m | [36msrc.data.cache[0m:[36mload_ohlcv[0m:[36m237[0m - [34m[1m[cache] Loaded OHLCV[1d] for ATO from ATO.json (5049 rows)[0m
[32m2026-09-10 10:21:35.049[0m | [34m[1mDEBUG   [0m | [36msrc.data.cache[0m:[36mload_ohlcv[0m:[36m237[0m - [34m[1m[cache] Loaded OHLCV[1d] for ACHC from ACHC.json (3734 rows)[0m
[32m2026-09-10 10:21:35.069[0m | [34m[1mDEBUG   [0m | [36msrc.data.cache[0m:[36mload_ohlcv[0m:[36m237[0m - [34m[1m[cache] Loaded OHLCV[1d] for BSY from BSY.json (2445 rows)[0m
[32m2026-09-10 10:21:35.094[0m | [34m[1mDEBUG   [0m | [36msrc.data.cache[0m:[36mload_ohlcv[0m:[36m237[0m - [34m[1m[cache] Loaded OHLCV[1d] for NVEC from NVEC.json (5049 rows)[0m
[32m2026-09-10 10:21:35.123[0m | [34m[1mDEBUG   [0m | [36msrc.data.cache[0m:[36mload_ohlcv[0m:[36m237[0m - [34m[1m[cache] Loaded OHLCV[1d] for ORRF from ORRF.json (4362 rows)[0m
[32m2026-09-10 10:21:35.153[0m | [34m[1mDEBUG   [0m | [36msrc.data.cache[0m:[36mload_ohlcv[0m:[36m237[0m - [34m[1m[cache] Loaded OHLCV[1d] for CENX from CENX.json (5049 rows)[0m
[32m2026-09-10 10:21:35.174[0m | [34m[1mDEBUG   [0m | [36msrc.data.cache[0m:[36mload_ohlcv[0m:[36m237[0m - [34m[1m[cache] Loaded OHLCV[1d] for CRGY from CRGY.json (1192 rows)[0m
[32m2026-09-10 10:21:35.187[0m | [34m[1mDEBUG   [0m | [36msrc.data.cache[0m:[36mload_ohlcv[0m:[36m237[0m - [34m[1m[cache] Loaded OHLCV[1d] for RNA from RNA.json (1976 rows)[0m
[32m2026-09-10 10:21:35.211[0m | [34m[1mDEBUG   [0m | [36msrc.data.cache[0m:[36mload_ohlcv[0m:[36m237[0m - [34m[1m[cache] Loaded OHLCV[1d] for EW from EW.json (5049 rows)[0m
[32m2026-09-10 10:21:35.240[0m | [34m[1mDEBUG   [0m | [36msrc.data.cache[0m:[36mload_ohlcv[0m:[36m237[0m - [34m[1m[cache] Loaded OHLCV[1d] for AU from AU.json (5049 rows)[0m
[32m2026-09-10 10:21:35.261[0m | [34m[1mDEBUG   [0m | [36msrc.data.cache[0m:[36mload_ohlcv[0m:[36m237[0m - [34m[1m[cache] Loaded OHLCV[1d] for AHR from AHR.json (1481 rows)[0m
[32m2026-09-10 10:21:35.271[0m | [34m[1mDEBUG   [0m | [36msrc.data.cache[0m:[36mload_ohlcv[0m:[36m237[0m - [34m[1m[cache] Loaded OHLCV[1d] for CZFS from CZFS.json (1137 rows)[0m
[32m2026-09-10 10:21:35.285[0m | [34m[1mDEBUG   [0m | [36msrc.data.cache[0m:[36mload_ohlcv[0m:[36m237[0m - [34m[1m[cache] Loaded OHLCV[1d] for BFST from BFST.json (2113 rows)[0m
[32m2026-09-10 10:21:35.299[0m | [34m[1mDEBUG   [0m | [36msrc.data.cache[0m:[36mload_ohlcv[0m:[36m237[0m - [34m[1m[cache] Loaded OHLCV[1d] for CARR from CARR.json (1616 rows)[0m
[32m2026-09-10 10:21:35.310[0m | [34m[1mDEBUG   [0m | [36msrc.data.cache[0m:[36mload_ohlcv[0m:[36m237[0m - [34m[1m[cache] Loaded OHLCV[1d] for CTRI from CTRI.json (600 rows)[0m
[32m2026-09-10 10:21:35.329[0m | [34m[1mDEBUG   [0m | [36msrc.data.cache[0m:[36mload_ohlcv[0m:[36m237[0m - [34m[1m[cache] Loaded OHLCV[1d] for BHB from BHB.json (4961 rows)[0m
[32m2026-09-10 10:21:35.342[0m | [34m[1mDEBUG   [0m | [36msrc.data.cache[0m:[36mload_ohlcv[0m:[36m237[0m - [34m[1m[cache] Loaded OHLCV[1d] for ALGM from ALGM.json (1471 rows)[0m
[32m2026-09-10 10:21:35.353[0m | [34m[1mDEBUG   [0m | [36msrc.data.cache[0m:[36mload_ohlcv[0m:[36m237[0m - [34m[1m[cache] Loaded OHLCV[1d] for AURA from AURA.json (1219 rows)[0m
[32m2026-09-10 10:21:35.368[0m | [34m[1mDEBUG   [0m | [36msrc.data.cache[0m:[36mload_ohlcv[0m:[36m237[0m - [34m[1m[cache] Loaded OHLCV[1d] for CRBP from CRBP.json (2867 rows)[0m
[32m2026-09-10 10:21:35.469[0m | [34m[1mDEBUG   [0m | [36msrc.data.cache[0m:[36mload_ohlcv[0m:[36m237[0m - [34m[1m[cache] Loaded OHLCV[1d] for POR from POR.json (5049 rows)[0m
[32m2026-09-10 10:21:35.500[0m | [34m[1mDEBUG   [0m | [36msrc.data.cache[0m:[36mload_ohlcv[0m:[36m237[0m - [34m[1m[cache] Loaded OHLCV[1d] for APEI from APEI.json (4736 rows)[0m
[32m2026-09-10 10:21:35.521[0m | [34m[1mDEBUG   [0m | [36msrc.data.cache[0m:[36mload_ohlcv[0m:[36m237[0m - [34m[1m[cache] Loaded OHLCV[1d] for CWK from CWK.json (2036 rows)[0m
[32m2026-09-10 10:21:35.532[0m | [34m[1mDEBUG   [0m | [36msrc.data.cache[0m:[36mload_ohlcv[0m:[36m237[0m - [34m[1m[cache] Loaded OHLCV[1d] for CRVS from CRVS.json (2631 rows)[0m
[32m2026-09-10 10:21:35.550[0m | [34m[1mDEBUG   [0m | [36msrc.data.cache[0m:[36mload_ohlcv[0m:[36m237[0m - [34m[1m[cache] Loaded OHLCV[1d] for ATOM from ATOM.json (2465 rows)[0m
[32m2026-09-10 10:21:35.572[0m | [34m[1mDEBUG   [0m | [36msrc.data.cache[0m:[36mload_ohlcv[0m:[36m237[0m - [34m[1m[cache] Loaded OHLCV[1d] for CEVA from CEVA.json (5049 rows)[0m
[32m2026-09-10 10:21:35.601[0m | [34m[1mDEBUG   [0m | [36msrc.data.cache[0m:[36mload_ohlcv[0m:[36m237[0m - [34m[1m[cache] Loaded OHLCV[1d] for BLKB from BLKB.json (5049 rows)[0m
[32m2026-09-10 10:21:35.613[0m | [34m[1mDEBUG   [0m | [36msrc.data.cache[0m:[36mload_ohlcv[0m:[36m237[0m - [34m[1m[cache] Loaded OHLCV[1d] for AVBP from AVBP.json (657 rows)[0m
[32m2026-09-10 10:21:35.636[0m | [34m[1mDEBUG   [0m | [36msrc.data.cache[0m:[36mload_ohlcv[0m:[36m237[0m - [34m[1m[cache] Loaded OHLCV[1d] for BBW from BBW.json (5049 rows)[0m
[32m2026-09-10 10:21:35.665[0m | [34m[1mDEBUG   [0m | [36msrc.data.cache[0m:[36mload_ohlcv[0m:[36m237[0m - [34m[1m[cache] Loaded OHLCV[1d] for GIB from GIB.json (5049 rows)[0m
[32m2026-09-10 10:21:35.685[0m | [34m[1mDEBUG   [0m | [36msrc.data.cache[0m:[36mload_ohlcv[0m:[36m237[0m - [34m[1m[cache] Loaded OHLCV[1d] for PG from PG.json (5049 rows)[0m
[32m2026-09-10 10:21:35.704[0m | [34m[1mDEBUG   [0m | [36msrc.data.cache[0m:[36mload_ohlcv[0m:[36m237[0m - [34m[1m[cache] Loaded OHLCV[1d] for TFII from TFII.json (1651 rows)[0m
[32m2026-09-10 10:21:35.724[0m | [34m[1mDEBUG   [0m | [36msrc.data.cache[0m:[36mload_ohlcv[0m:[36m237[0m - [34m[1m[cache] Loaded OHLCV[1d] for TXT from TXT.json (5049 rows)[0m
[32m2026-09-10 10:21:35.752[0m | [34m[1mDEBUG   [0m | [36msrc.data.cache[0m:[36mload_ohlcv[0m:[36m237[0m - [34m[1m[cache] Loaded OHLCV[1d] for RCL from RCL.json (5049 rows)[0m
[32m2026-09-10 10:21:35.778[0m | [34m[1mDEBUG   [0m | [36msrc.data.cache[0m:[36mload_ohlcv[0m:[36m237[0m - [34m[1m[cache] Loaded OHLCV[1d] for ALT from ALT.json (3473 rows)[0m
[32m2026-09-10 10:21:35.807[0m | [34m[1mDEBUG   [0m | [36msrc.data.cache[0m:[36mload_ohlcv[0m:[36m237[0m - [34m[1m[cache] Loaded OHLCV[1d] for MO from MO.json (5049 rows)[0m
[32m2026-09-10 10:21:35.838[0m | [34m[1mDEBUG   [0m | [36msrc.data.cache[0m:[36mload_ohlcv[0m:[36m237[0m - [34m[1m[cache] Loaded OHLCV[1d] for OPK from OPK.json (4837 rows)[0m
[32m2026-09-10 10:21:35.867[0m | [34m[1mDEBUG   [0m | [36msrc.data.cache[0m:[36mload_ohlcv[0m:[36m237[0m - [34m[1m[cache] Loaded OHLCV[1d] for WCN from WCN.json (5049 rows)[0m
[32m2026-09-10 10:21:35.886[0m | [34m[1mDEBUG   [0m | [36msrc.data.cache[0m:[36mload_ohlcv[0m:[36m237[0m - [34m[1m[cache] Loaded OHLCV[1d] for PPLC from PPLC.json (780 rows)[0m
[32m2026-09-10 10:21:35.894[0m | [34m[1mDEBUG   [0m | [36msrc.data.cache[0m:[36mload_ohlcv[0m:[36m237[0m - [34m[1m[cache] Loaded OHLCV[1d] for NEUP from NEUP.json (427 rows)[0m
[32m2026-09-10 10:21:35.911[0m | [34m[1mDEBUG   [0m | [36msrc.data.cache[0m:[36mload_ohlcv[0m:[36m237[0m - [34m[1m[cache] Loaded OHLCV[1d] for BCX from BCX.json (3885 rows)[0m
[32m2026-09-10 10:21:35.933[0m | [34m[1mDEBUG   [0m | [36msrc.data.cache[0m:[36mload_ohlcv[0m:[36m237[0m - [34m[1m[cache] Loaded OHLCV[1d] for ACHV from ACHV.json (2287 rows)[0m
[32m2026-09-10 10:21:35.944[0m | [34m[1mDEBUG   [0m | [36msrc.data.cache[0m:[36mload_ohlcv[0m:[36m237[0m - [34m[1m[cache] Loaded OHLCV[1d] for INR from INR.json (1979 rows)[0m
[32m2026-09-10 10:21:35.960[0m | [34m[1mDEBUG   [0m | [36msrc.data.cache[0m:[36mload_ohlcv[0m:[36m237[0m - [34m[1m[cache] Loaded OHLCV[1d] for ARDC from ARDC.json (3465 rows)[0m
[32m2026-09-10 10:21:35.987[0m | [34m[1mDEBUG   [0m | [36msrc.data.cache[0m:[36mload_ohlcv[0m:[36m237[0m - [34m[1m[cache] Loaded OHLCV[1d] for PKG from PKG.json (5049 rows)[0m
[32m2026-09-10 10:21:36.013[0m | [34m[1mDEBUG   [0m | [36msrc.data.cache[0m:[36mload_ohlcv[0m:[36m237[0m - [34m[1m[cache] Loaded OHLCV[1d] for CSQ from CSQ.json (5049 rows)[0m
[32m2026-09-10 10:21:36.042[0m | [34m[1mDEBUG   [0m | [36msrc.data.cache[0m:[36mload_ohlcv[0m:[36m237[0m - [34m[1m[cache] Loaded OHLCV[1d] for FCCO from FCCO.json (4599 rows)[0m
[32m2026-09-10 10:21:36.065[0m | [34m[1mDEBUG   [0m | [36msrc.data.cache[0m:[36mload_ohlcv[0m:[36m237[0m - [34m[1m[cache] Loaded OHLCV[1d] for MDLZ from MDLZ.json (3503 rows)[0m
[32m2026-09-10 10:21:36.086[0m | [34m[1mDEBUG   [0m | [36msrc.data.cache[0m:[36mload_ohlcv[0m:[36m237[0m - [34m[1m[cache] Loaded OHLCV[1d] for WM from WM.json (4835 rows)[0m
[32m2026-09-10 10:21:36.116[0m | [34m[1mDEBUG   [0m | [36msrc.data.cache[0m:[36mload_ohlcv[0m:[36m237[0m - [34m[1m[cache] Loaded OHLCV[1d] for ITRI from ITRI.json (5049 rows)[0m
[32m2026-09-10 10:21:36.140[0m | [34m[1mDEBUG   [0m | [36msrc.data.cache[0m:[36mload_ohlcv[0m:[36m237[0m - [34m[1m[cache] Loaded OHLCV[1d] for SWKS from SWKS.json (5049 rows)[0m
[32m2026-09-10 10:21:36.161[0m | [34m[1mDEBUG   [0m | [36msrc.data.cache[0m:[36mload_ohlcv[0m:[36m237[0m - [34m[1m[cache] Loaded OHLCV[1d] for ALOY from ALOY.json (1203 rows)[0m
[32m2026-09-10 10:21:36.181[0m | [34m[1mDEBUG   [0m | [36msrc.data.cache[0m:[36mload_ohlcv[0m:[36m237[0m - [34m[1m[cache] Loaded OHLCV[1d] for CAKE from CAKE.json (5049 rows)[0m
[32m2026-09-10 10:21:36.195[0m | [34m[1mDEBUG   [0m | [36msrc.data.cache[0m:[36mload_ohlcv[0m:[36m237[0m - [34m[1m[cache] Loaded OHLCV[1d] for AMKL from AMKL.json (88 rows)[0m
[32m2026-09-10 10:21:36.205[0m | [34m[1mDEBUG   [0m | [36msrc.data.cache[0m:[36mload_ohlcv[0m:[36m237[0m - [34m[1m[cache] Loaded OHLCV[1d] for KNSA from KNSA.json (2084 rows)[0m
[32m2026-09-10 10:21:36.223[0m | [34m[1mDEBUG   [0m | [36msrc.data.cache[0m:[36mload_ohlcv[0m:[36m237[0m - [34m[1m[cache] Loaded OHLCV[1d] for IQV from IQV.json (2214 rows)[0m
[32m2026-09-10 10:21:36.242[0m | [34m[1mDEBUG   [0m | [36msrc.data.cache[0m:[36mload_ohlcv[0m:[36m237[0m - [34m[1m[cache] Loaded OHLCV[1d] for AXTA from AXTA.json (2972 rows)[0m
[32m2026-09-10 10:21:36.259[0m | [34m[1mDEBUG   [0m | [36msrc.data.cache[0m:[36mload_ohlcv[0m:[36m237[0m - [34m[1m[cache] Loaded OHLCV[1d] for AAT from AAT.json (3936 rows)[0m
[32m2026-09-10 10:21:36.285[0m | [34m[1mDEBUG   [0m | [36msrc.data.cache[0m:[36mload_ohlcv[0m:[36m237[0m - [34m[1m[cache] Loaded OHLCV[1d] for AB from AB.json (5049 rows)[0m
[32m2026-09-10 10:21:36.319[0m | [34m[1mDEBUG   [0m | [36msrc.data.cache[0m:[36mload_ohlcv[0m:[36m237[0m - [34m[1m[cache] Loaded OHLCV[1d] for AKR from AKR.json (5049 rows)[0m
[32m2026-09-10 10:21:36.348[0m | [34m[1mDEBUG   [0m | [36msrc.data.cache[0m:[36mload_ohlcv[0m:[36m237[0m - [34m[1m[cache] Loaded OHLCV[1d] for AWI from AWI.json (5003 rows)[0m
[32m2026-09-10 10:21:36.376[0m | [34m[1mDEBUG   [0m | [36msrc.data.cache[0m:[36mload_ohlcv[0m:[36m237[0m - [34m[1m[cache] Loaded OHLCV[1d] for AXS from AXS.json (5049 rows)[0m
[32m2026-09-10 10:21:36.408[0m | [34m[1mDEBUG   [0m | [36msrc.data.cache[0m:[36mload_ohlcv[0m:[36m237[0m - [34m[1m[cache] Loaded OHLCV[1d] for GEO from GEO.json (5049 rows)[0m
[32m2026-09-10 10:21:36.436[0m | [34m[1mDEBUG   [0m | [36msrc.data.cache[0m:[36mload_ohlcv[0m:[36m237[0m - [34m[1m[cache] Loaded OHLCV[1d] for MUSA from MUSA.json (4032 rows)[0m
[32m2026-09-10 10:21:36.463[0m | [34m[1mDEBUG   [0m | [36msrc.data.cache[0m:[36mload_ohlcv[0m:[36m237[0m - [34m[1m[cache] Loaded OHLCV[1d] for PTEN from PTEN.json (5049 rows)[0m
[32m2026-09-10 10:21:36.494[0m | [34m[1mDEBUG   [0m | [36msrc.data.cache[0m:[36mload_ohlcv[0m:[36m237[0m - [34m[1m[cache] Loaded OHLCV[1d] for NBR from NBR.json (5049 rows)[0m
[32m2026-09-10 10:21:36.521[0m | [34m[1mDEBUG   [0m | [36msrc.data.cache[0m:[36mload_ohlcv[0m:[36m237[0m - [34m[1m[cache] Loaded OHLCV[1d] for RES from RES.json (5049 rows)[0m
[32m2026-09-10 10:21:36.554[0m | [34m[1mDEBUG   [0m | [36msrc.data.cache[0m:[36mload_ohlcv[0m:[36m237[0m - [34m[1m[cache] Loaded OHLCV[1d] for NOV from NOV.json (5049 rows)[0m
[32m2026-09-10 10:21:36.573[0m | [34m[1mDEBUG   [0m | [36msrc.data.cache[0m:[36mload_ohlcv[0m:[36m237[0m - [34m[1m[cache] Loaded OHLCV[1d] for JANX from JANX.json (1282 rows)[0m
[32m2026-09-10 10:21:36.591[0m | [34m[1mDEBUG   [0m | [36msrc.data.cache[0m:[36mload_ohlcv[0m:[36m237[0m - [34m[1m[cache] Loaded OHLCV[1d] for GDDY from GDDY.json (2877 rows)[0m
[32m2026-09-10 10:21:36.609[0m | [34m[1mDEBUG   [0m | [36msrc.data.cache[0m:[36mload_ohlcv[0m:[36m237[0m - [34m[1m[cache] Loaded OHLCV[1d] for IIIV from IIIV.json (2065 rows)[0m
[32m2026-09-10 10:21:36.705[0m | [34m[1mDEBUG   [0m | [36msrc.data.cache[0m:[36mload_ohlcv[0m:[36m237[0m - [34m[1m[cache] Loaded OHLCV[1d] for BYD from BYD.json (5049 rows)[0m
[32m2026-09-10 10:21:36.721[0m | [34m[1mDEBUG   [0m | [36msrc.data.cache[0m:[36mload_ohlcv[0m:[36m237[0m - [34m[1m[cache] Loaded OHLCV[1d] for GRAL from GRAL.json (554 rows)[0m
[32m2026-09-10 10:21:36.738[0m | [34m[1mDEBUG   [0m | [36msrc.data.cache[0m:[36mload_ohlcv[0m:[36m237[0m - [34m[1m[cache] Loaded OHLCV[1d] for GPRE from GPRE.json (5029 rows)[0m
[32m2026-09-10 10:21:36.767[0m | [34m[1mDEBUG   [0m | [36msrc.data.cache[0m:[36mload_ohlcv[0m:[36m237[0m - [34m[1m[cache] Loaded OHLCV[1d] for DIN from DIN.json (4597 rows)[0m
[32m2026-09-10 10:21:36.797[0m | [34m[1mDEBUG   [0m | [36msrc.data.cache[0m:[36mload_ohlcv[0m:[36m237[0m - [34m[1m[cache] Loaded OHLCV[1d] for HBNC from HBNC.json (4786 rows)[0m
[32m2026-09-10 10:21:36.823[0m | [34m[1mDEBUG   [0m | [36msrc.data.cache[0m:[36mload_ohlcv[0m:[36m237[0m - [34m[1m[cache] Loaded OHLCV[1d] for JCI from JCI.json (5049 rows)[0m
[32m2026-09-10 10:21:36.846[0m | [34m[1mDEBUG   [0m | [36msrc.data.cache[0m:[36mload_ohlcv[0m:[36m237[0m - [34m[1m[cache] Loaded OHLCV[1d] for FET from FET.json (3623 rows)[0m
[32m2026-09-10 10:21:36.872[0m | [34m[1mDEBUG   [0m | [36msrc.data.cache[0m:[36mload_ohlcv[0m:[36m237[0m - [34m[1m[cache] Loaded OHLCV[1d] for WSFS from WSFS.json (5049 rows)[0m
[32m2026-09-10 10:21:36.902[0m | [34m[1mDEBUG   [0m | [36msrc.data.cache[0m:[36mload_ohlcv[0m:[36m237[0m - [34m[1m[cache] Loaded OHLCV[1d] for NRIM from NRIM.json (5039 rows)[0m
[32m2026-09-10 10:21:36.915[0m | [34m[1mDEBUG   [0m | [36msrc.data.cache[0m:[36mload_ohlcv[0m:[36m237[0m - [34m[1m[cache] Loaded OHLCV[1d] for DEC from DEC.json (683 rows)[0m
[32m2026-09-10 10:21:36.922[0m | [34m[1mDEBUG   [0m | [36msrc.data.cache[0m:[36mload_ohlcv[0m:[36m237[0m - [34m[1m[cache] Loaded OHLCV[1d] for GLSI from GLSI.json (1495 rows)[0m
[32m2026-09-10 10:21:36.943[0m | [34m[1mDEBUG   [0m | [36msrc.data.cache[0m:[36mload_ohlcv[0m:[36m237[0m - [34m[1m[cache] Loaded OHLCV[1d] for ATRC from ATRC.json (5046 rows)[0m
[32m2026-09-10 10:21:36.976[0m | [34m[1mDEBUG   [0m | [36msrc.data.cache[0m:[36mload_ohlcv[0m:[36m237[0m - [34m[1m[cache] Loaded OHLCV[1d] for FMC from FMC.json (5049 rows)[0m
[32m2026-09-10 10:21:37.008[0m | [34m[1mDEBUG   [0m | [36msrc.data.cache[0m:[36mload_ohlcv[0m:[36m237[0m - [34m[1m[cache] Loaded OHLCV[1d] for DY from DY.json (5049 rows)[0m
[32m2026-09-10 10:21:37.041[0m | [34m[1mDEBUG   [0m | [36msrc.data.cache[0m:[36mload_ohlcv[0m:[36m237[0m - [34m[1m[cache] Loaded OHLCV[1d] for BOOM from BOOM.json (5049 rows)[0m
[32m2026-09-10 10:21:37.058[0m | [34m[1mDEBUG   [0m | [36msrc.data.cache[0m:[36mload_ohlcv[0m:[36m237[0m - [34m[1m[cache] Loaded OHLCV[1d] for EFSI from EFSI.json (815 rows)[0m
[32m2026-09-10 10:21:37.073[0m | [34m[1mDEBUG   [0m | [36msrc.data.cache[0m:[36mload_ohlcv[0m:[36m237[0m - [34m[1m[cache] Loaded OHLCV[1d] for SONO from SONO.json (3454 rows)[0m
[32m2026-09-10 10:21:37.089[0m | [34m[1mDEBUG   [0m | [36msrc.data.cache[0m:[36mload_ohlcv[0m:[36m237[0m - [34m[1m[cache] Loaded OHLCV[1d] for HCAT from HCAT.json (1791 rows)[0m
[32m2026-09-10 10:21:37.107[0m | [34m[1mDEBUG   [0m | [36msrc.data.cache[0m:[36mload_ohlcv[0m:[36m237[0m - [34m[1m[cache] Loaded OHLCV[1d] for TRUP from TRUP.json (3054 rows)[0m
[32m2026-09-10 10:21:37.132[0m | [34m[1mDEBUG   [0m | [36msrc.data.cache[0m:[36mload_ohlcv[0m:[36m237[0m - [34m[1m[cache] Loaded OHLCV[1d] for FLO from FLO.json (5049 rows)[0m
[32m2026-09-10 10:21:37.153[0m | [34m[1mDEBUG   [0m | [36msrc.data.cache[0m:[36mload_ohlcv[0m:[36m237[0m - [34m[1m[cache] Loaded OHLCV[1d] for GOGO from GOGO.json (3324 rows)[0m
[32m2026-09-10 10:21:37.179[0m | [34m[1mDEBUG   [0m | [36msrc.data.cache[0m:[36mload_ohlcv[0m:[36m237[0m - [34m[1m[cache] Loaded OHLCV[1d] for EBS from EBS.json (4983 rows)[0m
[32m2026-09-10 10:21:37.207[0m | [34m[1mDEBUG   [0m | [36msrc.data.cache[0m:[36mload_ohlcv[0m:[36m237[0m - [34m[1m[cache] Loaded OHLCV[1d] for FLXS from FLXS.json (5021 rows)[0m
[32m2026-09-10 10:21:37.235[0m | [34m[1mDEBUG   [0m | [36msrc.data.cache[0m:[36mload_ohlcv[0m:[36m237[0m - [34m[1m[cache] Loaded OHLCV[1d] for ORI from ORI.json (5049 rows)[0m
[32m2026-09-10 10:21:37.257[0m | [34m[1mDEBUG   [0m | [36msrc.data.cache[0m:[36mload_ohlcv[0m:[36m237[0m - [34m[1m[cache] Loaded OHLCV[1d] for MCB from MCB.json (2419 rows)[0m
[32m2026-09-10 10:21:37.264[0m | [34m[1mDEBUG   [0m | [36msrc.data.cache[0m:[36mload_ohlcv[0m:[36m237[0m - [34m[1m[cache] Loaded OHLCV[1d] for AGNCZ from AGNCZ.json (251 rows)[0m
[32m2026-09-10 10:21:37.269[0m | [34m[1mDEBUG   [0m | [36msrc.data.cache[0m:[36mload_ohlcv[0m:[36m237[0m - [34m[1m[cache] Loaded OHLCV[1d] for FCNCN from FCNCN.json (147 rows)[0m
[32m2026-09-10 10:21:37.285[0m | [34m[1mDEBUG   [0m | [36msrc.data.cache[0m:[36mload_ohlcv[0m:[36m237[0m - [34m[1m[cache] Loaded OHLCV[1d] for DV from DV.json (4066 rows)[0m
[32m2026-09-10 10:21:37.306[0m | [34m[1mDEBUG   [0m | [36msrc.data.cache[0m:[36mload_ohlcv[0m:[36m237[0m - [34m[1m[cache] Loaded OHLCV[1d] for ENPH from ENPH.json (3631 rows)[0m
[32m2026-09-10 10:21:37.333[0m | [34m[1mDEBUG   [0m | [36msrc.data.cache[0m:[36mload_ohlcv[0m:[36m237[0m - [34m[1m[cache] Loaded OHLCV[1d] for NMM from NMM.json (4734 rows)[0m
[32m2026-09-10 10:21:37.363[0m | [34m[1mDEBUG   [0m | [36msrc.data.cache[0m:[36mload_ohlcv[0m:[36m237[0m - [34m[1m[cache] Loaded OHLCV[1d] for KRNY from KRNY.json (5049 rows)[0m
[32m2026-09-10 10:21:37.393[0m | [34m[1mDEBUG   [0m | [36msrc.data.cache[0m:[36mload_ohlcv[0m:[36m237[0m - [34m[1m[cache] Loaded OHLCV[1d] for HIW from HIW.json (5049 rows)[0m
[32m2026-09-10 10:21:37.416[0m | [34m[1mDEBUG   [0m | [36msrc.data.cache[0m:[36mload_ohlcv[0m:[36m237[0m - [34m[1m[cache] Loaded OHLCV[1d] for INSP from INSP.json (3564 rows)[0m
[32m2026-09-10 10:21:37.437[0m | [34m[1mDEBUG   [0m | [36msrc.data.cache[0m:[36mload_ohlcv[0m:[36m237[0m - [34m[1m[cache] Loaded OHLCV[1d] for FMBH from FMBH.json (2905 rows)[0m
[32m2026-09-10 10:21:37.464[0m | [34m[1mDEBUG   [0m | [36msrc.data.cache[0m:[36mload_ohlcv[0m:[36m237[0m - [34m[1m[cache] Loaded OHLCV[1d] for PLUS from PLUS.json (4762 rows)[0m
[32m2026-09-10 10:21:37.490[0m | [34m[1mDEBUG   [0m | [36msrc.data.cache[0m:[36mload_ohlcv[0m:[36m237[0m - [34m[1m[cache] Loaded OHLCV[1d] for EL from EL.json (5049 rows)[0m
[32m2026-09-10 10:21:37.518[0m | [34m[1mDEBUG   [0m | [36msrc.data.cache[0m:[36mload_ohlcv[0m:[36m237[0m - [34m[1m[cache] Loaded OHLCV[1d] for FSLR from FSLR.json (4981 rows)[0m
[32m2026-09-10 10:21:37.550[0m | [34m[1mDEBUG   [0m | [36msrc.data.cache[0m:[36mload_ohlcv[0m:[36m237[0m - [34m[1m[cache] Loaded OHLCV[1d] for DGX from DGX.json (5049 rows)[0m
[32m2026-09-10 10:21:37.571[0m | [34m[1mDEBUG   [0m | [36msrc.data.cache[0m:[36mload_ohlcv[0m:[36m237[0m - [34m[1m[cache] Loaded OHLCV[1d] for DBI from DBI.json (1870 rows)[0m
[32m2026-09-10 10:21:37.584[0m | [34m[1mDEBUG   [0m | [36msrc.data.cache[0m:[36mload_ohlcv[0m:[36m237[0m - [34m[1m[cache] Loaded OHLCV[1d] for FVRR from FVRR.json (1820 rows)[0m
[32m2026-09-10 10:21:37.594[0m | [34m[1mDEBUG   [0m | [36msrc.data.cache[0m:[36mload_ohlcv[0m:[36m237[0m - [34m[1m[cache] Loaded OHLCV[1d] for NYAX from NYAX.json (851 rows)[0m
[32m2026-09-10 10:21:37.612[0m | [34m[1mDEBUG   [0m | [36msrc.data.cache[0m:[36mload_ohlcv[0m:[36m237[0m - [34m[1m[cache] Loaded OHLCV[1d] for APH from APH.json (5049 rows)[0m
[32m2026-09-10 10:21:37.639[0m | [34m[1mDEBUG   [0m | [36msrc.data.cache[0m:[36mload_ohlcv[0m:[36m237[0m - [34m[1m[cache] Loaded OHLCV[1d] for BSX from BSX.json (5049 rows)[0m
[32m2026-09-10 10:21:37.660[0m | [34m[1mDEBUG   [0m | [36msrc.data.cache[0m:[36mload_ohlcv[0m:[36m237[0m - [34m[1m[cache] Loaded OHLCV[1d] for VRRM from VRRM.json (1982 rows)[0m
[32m2026-09-10 10:21:37.683[0m | [34m[1mDEBUG   [0m | [36msrc.data.cache[0m:[36mload_ohlcv[0m:[36m237[0m - [34m[1m[cache] Loaded OHLCV[1d] for LII from LII.json (5049 rows)[0m
[32m2026-09-10 10:21:37.701[0m | [34m[1mDEBUG   [0m | [36msrc.data.cache[0m:[36mload_ohlcv[0m:[36m237[0m - [34m[1m[cache] Loaded OHLCV[1d] for CBRE from CBRE.json (2130 rows)[0m
[32m2026-09-10 10:21:37.725[0m | [34m[1mDEBUG   [0m | [36msrc.data.cache[0m:[36mload_ohlcv[0m:[36m237[0m - [34m[1m[cache] Loaded OHLCV[1d] for CZWI from CZWI.json (4516 rows)[0m
[32m2026-09-10 10:21:37.744[0m | [34m[1mDEBUG   [0m | [36msrc.data.cache[0m:[36mload_ohlcv[0m:[36m237[0m - [34m[1m[cache] Loaded OHLCV[1d] for CWEN from CWEN.json (2005 rows)[0m
[32m2026-09-10 10:21:37.751[0m | [34m[1mDEBUG   [0m | [36msrc.data.cache[0m:[36mload_ohlcv[0m:[36m237[0m - [34m[1m[cache] Loaded OHLCV[1d] for ETOR from ETOR.json (332 rows)[0m
[32m2026-09-10 10:21:37.769[0m | [34m[1mDEBUG   [0m | [36msrc.data.cache[0m:[36mload_ohlcv[0m:[36m237[0m - [34m[1m[cache] Loaded OHLCV[1d] for LB from LB.json (3709 rows)[0m
[32m2026-09-10 10:21:37.791[0m | [34m[1mDEBUG   [0m | [36msrc.data.cache[0m:[36mload_ohlcv[0m:[36m237[0m - [34m[1m[cache] Loaded OHLCV[1d] for ICL from ICL.json (3007 rows)[0m
[32m2026-09-10 10:21:37.817[0m | [34m[1mDEBUG   [0m | [36msrc.data.cache[0m:[36mload_ohlcv[0m:[36m237[0m - [34m[1m[cache] Loaded OHLCV[1d] for SWK from SWK.json (5049 rows)[0m
[32m2026-09-10 10:21:37.846[0m | [34m[1mDEBUG   [0m | [36msrc.data.cache[0m:[36mload_ohlcv[0m:[36m237[0m - [34m[1m[cache] Loaded OHLCV[1d] for ORLY from ORLY.json (5049 rows)[0m
[32m2026-09-10 10:21:37.867[0m | [34m[1mDEBUG   [0m | [36msrc.data.cache[0m:[36mload_ohlcv[0m:[36m237[0m - [34m[1m[cache] Loaded OHLCV[1d] for AZ from AZ.json (1979 rows)[0m
[32m2026-09-10 10:21:37.891[0m | [34m[1mDEBUG   [0m | [36msrc.data.cache[0m:[36mload_ohlcv[0m:[36m237[0m - [34m[1m[cache] Loaded OHLCV[1d] for SIMO from SIMO.json (5049 rows)[0m
[32m2026-09-10 10:21:37.911[0m | [34m[1mDEBUG   [0m | [36msrc.data.cache[0m:[36mload_ohlcv[0m:[36m237[0m - [34m[1m[cache] Loaded OHLCV[1d] for PSN from PSN.json (1845 rows)[0m
[32m2026-09-10 10:21:37.933[0m | [34m[1mDEBUG   [0m | [36msrc.data.cache[0m:[36mload_ohlcv[0m:[36m237[0m - [34m[1m[cache] Loaded OHLCV[1d] for HURN from HURN.json (5049 rows)[0m
[32m2026-09-10 10:21:37.952[0m | [34m[1mDEBUG   [0m | [36msrc.data.cache[0m:[36mload_ohlcv[0m:[36m237[0m - [34m[1m[cache] Loaded OHLCV[1d] for MSFU from MSFU.json (1005 rows)[0m
[32m2026-09-10 10:21:37.959[0m | [34m[1mDEBUG   [0m | [36msrc.data.cache[0m:[36mload_ohlcv[0m:[36m237[0m - [34m[1m[cache] Loaded OHLCV[1d] for SPRC from SPRC.json (1181 rows)[0m
[32m2026-09-10 10:21:37.968[0m | [34m[1mDEBUG   [0m | [36msrc.data.cache[0m:[36mload_ohlcv[0m:[36m237[0m - [34m[1m[cache] Loaded OHLCV[1d] for AMIX from AMIX.json (656 rows)[0m
[32m2026-09-10 10:21:37.974[0m | [34m[1mDEBUG   [0m | [36msrc.data.cache[0m:[36mload_ohlcv[0m:[36m237[0m - [34m[1m[cache] Loaded OHLCV[1d] for SNXX from SNXX.json (156 rows)[0m
[32m2026-09-10 10:21:37.995[0m | [34m[1mDEBUG   [0m | [36msrc.data.cache[0m:[36mload_ohlcv[0m:[36m237[0m - [34m[1m[cache] Loaded OHLCV[1d] for MORN from MORN.json (5049 rows)[0m
[32m2026-09-10 10:21:38.091[0m | [34m[1mDEBUG   [0m | [36msrc.data.cache[0m:[36mload_ohlcv[0m:[36m237[0m - [34m[1m[cache] Loaded OHLCV[1d] for NEO from NEO.json (3457 rows)[0m
[32m2026-09-10 10:21:38.119[0m | [34m[1mDEBUG   [0m | [36msrc.data.cache[0m:[36mload_ohlcv[0m:[36m237[0m - [34m[1m[cache] Loaded OHLCV[1d] for CBZ from CBZ.json (5049 rows)[0m
[32m2026-09-10 10:21:38.152[0m | [34m[1mDEBUG   [0m | [36msrc.data.cache[0m:[36mload_ohlcv[0m:[36m237[0m - [34m[1m[cache] Loaded OHLCV[1d] for MANH from MANH.json (5049 rows)[0m
[32m2026-09-10 10:21:38.178[0m | [34m[1mDEBUG   [0m | [36msrc.data.cache[0m:[36mload_ohlcv[0m:[36m237[0m - [34m[1m[cache] Loaded OHLCV[1d] for NP from NP.json (4236 rows)[0m
[32m2026-09-10 10:21:38.191[0m | [34m[1mDEBUG   [0m | [36msrc.data.cache[0m:[36mload_ohlcv[0m:[36m237[0m - [34m[1m[cache] Loaded OHLCV[1d] for ADAM from ADAM.json (1385 rows)[0m
[32m2026-09-10 10:21:38.205[0m | [34m[1mDEBUG   [0m | [36msrc.data.cache[0m:[36mload_ohlcv[0m:[36m237[0m - [34m[1m[cache] Loaded OHLCV[1d] for AGI from AGI.json (3413 rows)[0m
[32m2026-09-10 10:21:38.223[0m | [34m[1mDEBUG   [0m | [36msrc.data.cache[0m:[36mload_ohlcv[0m:[36m237[0m - [34m[1m[cache] Loaded OHLCV[1d] for ALKT from ALKT.json (1358 rows)[0m
[32m2026-09-10 10:21:38.238[0m | [34m[1mDEBUG   [0m | [36msrc.data.cache[0m:[36mload_ohlcv[0m:[36m237[0m - [34m[1m[cache] Loaded OHLCV[1d] for ALRS from ALRS.json (1755 rows)[0m
[32m2026-09-10 10:21:38.263[0m | [34m[1mDEBUG   [0m | [36msrc.data.cache[0m:[36mload_ohlcv[0m:[36m237[0m - [34m[1m[cache] Loaded OHLCV[1d] for AM from AM.json (4736 rows)[0m
[32m2026-09-10 10:21:38.297[0m | [34m[1mDEBUG   [0m | [36msrc.data.cache[0m:[36mload_ohlcv[0m:[36m237[0m - [34m[1m[cache] Loaded OHLCV[1d] for AMSC from AMSC.json (5049 rows)[0m
[32m2026-09-10 10:21:38.324[0m | [34m[1mDEBUG   [0m | [36msrc.data.cache[0m:[36mload_ohlcv[0m:[36m237[0m - [34m[1m[cache] Loaded OHLCV[1d] for NVMI from NVMI.json (4969 rows)[0m
[32m2026-09-10 10:21:38.337[0m | [34m[1mDEBUG   [0m | [36msrc.data.cache[0m:[36mload_ohlcv[0m:[36m237[0m - [34m[1m[cache] Loaded OHLCV[1d] for NPKI from NPKI.json (430 rows)[0m
[32m2026-09-10 10:21:38.343[0m | [34m[1mDEBUG   [0m | [36msrc.data.cache[0m:[36mload_ohlcv[0m:[36m237[0m - [34m[1m[cache] Loaded OHLCV[1d] for MAZE from MAZE.json (403 rows)[0m
[32m2026-09-10 10:21:38.362[0m | [34m[1mDEBUG   [0m | [36msrc.data.cache[0m:[36mload_ohlcv[0m:[36m237[0m - [34m[1m[cache] Loaded OHLCV[1d] for BSET from BSET.json (5048 rows)[0m
[32m2026-09-10 10:21:38.392[0m | [34m[1mDEBUG   [0m | [36msrc.data.cache[0m:[36mload_ohlcv[0m:[36m237[0m - [34m[1m[cache] Loaded OHLCV[1d] for LTBR from LTBR.json (4254 rows)[0m
[32m2026-09-10 10:21:38.406[0m | [34m[1mDEBUG   [0m | [36msrc.data.cache[0m:[36mload_ohlcv[0m:[36m237[0m - [34m[1m[cache] Loaded OHLCV[1d] for NNE from NNE.json (586 rows)[0m
[32m2026-09-10 10:21:38.424[0m | [34m[1mDEBUG   [0m | [36msrc.data.cache[0m:[36mload_ohlcv[0m:[36m237[0m - [34m[1m[cache] Loaded OHLCV[1d] for ADT from ADT.json (3071 rows)[0m
[32m2026-09-10 10:21:38.434[0m | [34m[1mDEBUG   [0m | [36msrc.data.cache[0m:[36mload_ohlcv[0m:[36m237[0m - [34m[1m[cache] Loaded OHLCV[1d] for FLUT from FLUT.json (656 rows)[0m
[32m2026-09-10 10:21:38.458[0m | [34m[1mDEBUG   [0m | [36msrc.data.cache[0m:[36mload_ohlcv[0m:[36m237[0m - [34m[1m[cache] Loaded OHLCV[1d] for NWPX from NWPX.json (5049 rows)[0m
[32m2026-09-10 10:21:38.475[0m | [34m[1mDEBUG   [0m | [36msrc.data.cache[0m:[36mload_ohlcv[0m:[36m237[0m - [34m[1m[cache] Loaded OHLCV[1d] for PRCT from PRCT.json (1251 rows)[0m
[32m2026-09-10 10:21:38.483[0m | [34m[1mDEBUG   [0m | [36msrc.data.cache[0m:[36mload_ohlcv[0m:[36m237[0m - [34m[1m[cache] Loaded OHLCV[1d] for BTCW from BTCW.json (667 rows)[0m
[32m2026-09-10 10:21:38.499[0m | [34m[1mDEBUG   [0m | [36msrc.data.cache[0m:[36mload_ohlcv[0m:[36m237[0m - [34m[1m[cache] Loaded OHLCV[1d] for NBHC from NBHC.json (3511 rows)[0m
[32m2026-09-10 10:21:38.527[0m | [34m[1mDEBUG   [0m | [36msrc.data.cache[0m:[36mload_ohlcv[0m:[36m237[0m - [34m[1m[cache] Loaded OHLCV[1d] for NWL from NWL.json (5049 rows)[0m
[32m2026-09-10 10:21:38.540[0m | [34m[1mDEBUG   [0m | [36msrc.data.cache[0m:[36mload_ohlcv[0m:[36m237[0m - [34m[1m[cache] Loaded OHLCV[1d] for MXCT from MXCT.json (1282 rows)[0m
[32m2026-09-10 10:21:38.553[0m | [34m[1mDEBUG   [0m | [36msrc.data.cache[0m:[36mload_ohlcv[0m:[36m237[0m - [34m[1m[cache] Loaded OHLCV[1d] for PK from PK.json (2433 rows)[0m
[32m2026-09-10 10:21:38.576[0m | [34m[1mDEBUG   [0m | [36msrc.data.cache[0m:[36mload_ohlcv[0m:[36m237[0m - [34m[1m[cache] Loaded OHLCV[1d] for ORN from ORN.json (4357 rows)[0m
[32m2026-09-10 10:21:38.597[0m | [34m[1mDEBUG   [0m | [36msrc.data.cache[0m:[36mload_ohlcv[0m:[36m237[0m - [34m[1m[cache] Loaded OHLCV[1d] for NTB from NTB.json (2508 rows)[0m
[32m2026-09-10 10:21:38.616[0m | [34m[1mDEBUG   [0m | [36msrc.data.cache[0m:[36mload_ohlcv[0m:[36m237[0m - [34m[1m[cache] Loaded OHLCV[1d] for THRM from THRM.json (4124 rows)[0m
[32m2026-09-10 10:21:38.644[0m | [34m[1mDEBUG   [0m | [36msrc.data.cache[0m:[36mload_ohlcv[0m:[36m237[0m - [34m[1m[cache] Loaded OHLCV[1d] for SON from SON.json (5049 rows)[0m
[32m2026-09-10 10:21:38.672[0m | [34m[1mDEBUG   [0m | [36msrc.data.cache[0m:[36mload_ohlcv[0m:[36m237[0m - [34m[1m[cache] Loaded OHLCV[1d] for ORC from ORC.json (3412 rows)[0m
[32m2026-09-10 10:21:38.683[0m | [34m[1mDEBUG   [0m | [36msrc.data.cache[0m:[36mload_ohlcv[0m:[36m237[0m - [34m[1m[cache] Loaded OHLCV[1d] for ROOT from ROOT.json (1472 rows)[0m
[32m2026-09-10 10:21:38.695[0m | [34m[1mDEBUG   [0m | [36msrc.data.cache[0m:[36mload_ohlcv[0m:[36m237[0m - [34m[1m[cache] Loaded OHLCV[1d] for KULR from KULR.json (1282 rows)[0m
[32m2026-09-10 10:21:38.718[0m | [34m[1mDEBUG   [0m | [36msrc.data.cache[0m:[36mload_ohlcv[0m:[36m237[0m - [34m[1m[cache] Loaded OHLCV[1d] for PAR from PAR.json (4660 rows)[0m
[32m2026-09-10 10:21:38.735[0m | [34m[1mDEBUG   [0m | [36msrc.data.cache[0m:[36mload_ohlcv[0m:[36m237[0m - [34m[1m[cache] Loaded OHLCV[1d] for KDP from KDP.json (2053 rows)[0m
[32m2026-09-10 10:21:38.762[0m | [34m[1mDEBUG   [0m | [36msrc.data.cache[0m:[36mload_ohlcv[0m:[36m237[0m - [34m[1m[cache] Loaded OHLCV[1d] for OTEX from OTEX.json (5049 rows)[0m
[32m2026-09-10 10:21:38.779[0m | [34m[1mDEBUG   [0m | [36msrc.data.cache[0m:[36mload_ohlcv[0m:[36m237[0m - [34m[1m[cache] Loaded OHLCV[1d] for OCUL from OCUL.json (3049 rows)[0m
[32m2026-09-10 10:21:38.805[0m | [34m[1mDEBUG   [0m | [36msrc.data.cache[0m:[36mload_ohlcv[0m:[36m237[0m - [34m[1m[cache] Loaded OHLCV[1d] for PENN from PENN.json (5049 rows)[0m
[32m2026-09-10 10:21:38.833[0m | [34m[1mDEBUG   [0m | [36msrc.data.cache[0m:[36mload_ohlcv[0m:[36m237[0m - [34m[1m[cache] Loaded OHLCV[1d] for PRGS from PRGS.json (5049 rows)[0m
[32m2026-09-10 10:21:38.854[0m | [34m[1mDEBUG   [0m | [36msrc.data.cache[0m:[36mload_ohlcv[0m:[36m237[0m - [34m[1m[cache] Loaded OHLCV[1d] for OPFI from OPFI.json (1282 rows)[0m
[32m2026-09-10 10:21:38.870[0m | [34m[1mDEBUG   [0m | [36msrc.data.cache[0m:[36mload_ohlcv[0m:[36m237[0m - [34m[1m[cache] Loaded OHLCV[1d] for NCMI from NCMI.json (4927 rows)[0m
[32m2026-09-10 10:21:38.893[0m | [34m[1mDEBUG   [0m | [36msrc.data.cache[0m:[36mload_ohlcv[0m:[36m237[0m - [34m[1m[cache] Loaded OHLCV[1d] for OPRX from OPRX.json (2064 rows)[0m
[32m2026-09-10 10:21:38.903[0m | [34m[1mDEBUG   [0m | [36msrc.data.cache[0m:[36mload_ohlcv[0m:[36m237[0m - [34m[1m[cache] Loaded OHLCV[1d] for LBRX from LBRX.json (250 rows)[0m
[32m2026-09-10 10:21:38.918[0m | [34m[1mDEBUG   [0m | [36msrc.data.cache[0m:[36mload_ohlcv[0m:[36m237[0m - [34m[1m[cache] Loaded OHLCV[1d] for RHP from RHP.json (3504 rows)[0m
[32m2026-09-10 10:21:38.940[0m | [34m[1mDEBUG   [0m | [36msrc.data.cache[0m:[36mload_ohlcv[0m:[36m237[0m - [34m[1m[cache] Loaded OHLCV[1d] for ROST from ROST.json (5049 rows)[0m
[32m2026-09-10 10:21:38.968[0m | [34m[1mDEBUG   [0m | [36msrc.data.cache[0m:[36mload_ohlcv[0m:[36m237[0m - [34m[1m[cache] Loaded OHLCV[1d] for FICO from FICO.json (4291 rows)[0m
[32m2026-09-10 10:21:38.987[0m | [34m[1mDEBUG   [0m | [36msrc.data.cache[0m:[36mload_ohlcv[0m:[36m237[0m - [34m[1m[cache] Loaded OHLCV[1d] for KROS from KROS.json (1613 rows)[0m
[32m2026-09-10 10:21:39.011[0m | [34m[1mDEBUG   [0m | [36msrc.data.cache[0m:[36mload_ohlcv[0m:[36m237[0m - [34m[1m[cache] Loaded OHLCV[1d] for MED from MED.json (5049 rows)[0m
[32m2026-09-10 10:21:39.029[0m | [34m[1mDEBUG   [0m | [36msrc.data.cache[0m:[36mload_ohlcv[0m:[36m237[0m - [34m[1m[cache] Loaded OHLCV[1d] for MPTI from MPTI.json (977 rows)[0m
[32m2026-09-10 10:21:39.048[0m | [34m[1mDEBUG   [0m | [36msrc.data.cache[0m:[36mload_ohlcv[0m:[36m237[0m - [34m[1m[cache] Loaded OHLCV[1d] for MRCY from MRCY.json (5049 rows)[0m
[32m2026-09-10 10:21:39.066[0m | [34m[1mDEBUG   [0m | [36msrc.data.cache[0m:[36mload_ohlcv[0m:[36m237[0m - [34m[1m[cache] Loaded OHLCV[1d] for AVR from AVR.json (1094 rows)[0m
[32m2026-09-10 10:21:39.076[0m | [34m[1mDEBUG   [0m | [36msrc.data.cache[0m:[36mload_ohlcv[0m:[36m237[0m - [34m[1m[cache] Loaded OHLCV[1d] for WT from WT.json (962 rows)[0m
[32m2026-09-10 10:21:39.086[0m | [34m[1mDEBUG   [0m | [36msrc.data.cache[0m:[36mload_ohlcv[0m:[36m237[0m - [34m[1m[cache] Loaded OHLCV[1d] for GLIBK from GLIBK.json (291 rows)[0m
[32m2026-09-10 10:21:39.105[0m | [34m[1mDEBUG   [0m | [36msrc.data.cache[0m:[36mload_ohlcv[0m:[36m237[0m - [34m[1m[cache] Loaded OHLCV[1d] for SKYW from SKYW.json (5049 rows)[0m
[32m2026-09-10 10:21:39.134[0m | [34m[1mDEBUG   [0m | [36msrc.data.cache[0m:[36mload_ohlcv[0m:[36m237[0m - [34m[1m[cache] Loaded OHLCV[1d] for PLUG from PLUG.json (5029 rows)[0m
[32m2026-09-10 10:21:39.150[0m | [34m[1mDEBUG   [0m | [36msrc.data.cache[0m:[36mload_ohlcv[0m:[36m237[0m - [34m[1m[cache] Loaded OHLCV[1d] for ZNB from ZNB.json (263 rows)[0m
[32m2026-09-10 10:21:39.157[0m | [34m[1mDEBUG   [0m | [36msrc.data.cache[0m:[36mload_ohlcv[0m:[36m237[0m - [34m[1m[cache] Loaded OHLCV[1d] for VIK from VIK.json (591 rows)[0m
[32m2026-09-10 10:21:39.179[0m | [34m[1mDEBUG   [0m | [36msrc.data.cache[0m:[36mload_ohlcv[0m:[36m237[0m - [34m[1m[cache] Loaded OHLCV[1d] for ALGT from ALGT.json (4967 rows)[0m
[32m2026-09-10 10:21:39.211[0m | [34m[1mDEBUG   [0m | [36msrc.data.cache[0m:[36mload_ohlcv[0m:[36m237[0m - [34m[1m[cache] Loaded OHLCV[1d] for PRGO from PRGO.json (5049 rows)[0m
[32m2026-09-10 10:21:39.229[0m | [34m[1mDEBUG   [0m | [36msrc.data.cache[0m:[36mload_ohlcv[0m:[36m237[0m - [34m[1m[cache] Loaded OHLCV[1d] for BTC from BTC.json (2060 rows)[0m
[32m2026-09-10 10:21:39.248[0m | [34m[1mDEBUG   [0m | [36msrc.data.cache[0m:[36mload_ohlcv[0m:[36m237[0m - [34m[1m[cache] Loaded OHLCV[1d] for RSG from RSG.json (5049 rows)[0m
[32m2026-09-10 10:21:39.279[0m | [34m[1mDEBUG   [0m | [36msrc.data.cache[0m:[36mload_ohlcv[0m:[36m237[0m - [34m[1m[cache] Loaded OHLCV[1d] for LYTS from LYTS.json (5049 rows)[0m
[32m2026-09-10 10:21:39.302[0m | [34m[1mDEBUG   [0m | [36msrc.data.cache[0m:[36mload_ohlcv[0m:[36m237[0m - [34m[1m[cache] Loaded OHLCV[1d] for GDLC from GDLC.json (1169 rows)[0m
[32m2026-09-10 10:21:39.320[0m | [34m[1mDEBUG   [0m | [36msrc.data.cache[0m:[36mload_ohlcv[0m:[36m237[0m - [34m[1m[cache] Loaded OHLCV[1d] for NBTB from NBTB.json (5049 rows)[0m
[32m2026-09-10 10:21:39.339[0m | [34m[1mDEBUG   [0m | [36msrc.data.cache[0m:[36mload_ohlcv[0m:[36m237[0m - [34m[1m[cache] Loaded OHLCV[1d] for LHX from LHX.json (1808 rows)[0m
[32m2026-09-10 10:21:39.359[0m | [34m[1mDEBUG   [0m | [36msrc.data.cache[0m:[36mload_ohlcv[0m:[36m237[0m - [34m[1m[cache] Loaded OHLCV[1d] for OMER from OMER.json (4255 rows)[0m
[32m2026-09-10 10:21:39.384[0m | [34m[1mDEBUG   [0m | [36msrc.data.cache[0m:[36mload_ohlcv[0m:[36m237[0m - [34m[1m[cache] Loaded OHLCV[1d] for LMAT from LMAT.json (4953 rows)[0m
[32m2026-09-10 10:21:39.410[0m | [34m[1mDEBUG   [0m | [36msrc.data.cache[0m:[36mload_ohlcv[0m:[36m237[0m - [34m[1m[cache] Loaded OHLCV[1d] for PRTA from PRTA.json (3448 rows)[0m
[32m2026-09-10 10:21:39.511[0m | [34m[1mDEBUG   [0m | [36msrc.data.cache[0m:[36mload_ohlcv[0m:[36m237[0m - [34m[1m[cache] Loaded OHLCV[1d] for CL from CL.json (5049 rows)[0m
[32m2026-09-10 10:21:39.542[0m | [34m[1mDEBUG   [0m | [36msrc.data.cache[0m:[36mload_ohlcv[0m:[36m237[0m - [34m[1m[cache] Loaded OHLCV[1d] for MNST from MNST.json (4253 rows)[0m
[32m2026-09-10 10:21:39.572[0m | [34m[1mDEBUG   [0m | [36msrc.data.cache[0m:[36mload_ohlcv[0m:[36m237[0m - [34m[1m[cache] Loaded OHLCV[1d] for PFG from PFG.json (5049 rows)[0m
[32m2026-09-10 10:21:39.592[0m | [34m[1mDEBUG   [0m | [36msrc.data.cache[0m:[36mload_ohlcv[0m:[36m237[0m - [34m[1m[cache] Loaded OHLCV[1d] for EVRG from EVRG.json (2077 rows)[0m
[32m2026-09-10 10:21:39.607[0m | [34m[1mDEBUG   [0m | [36msrc.data.cache[0m:[36mload_ohlcv[0m:[36m237[0m - [34m[1m[cache] Loaded OHLCV[1d] for YUMC from YUMC.json (2476 rows)[0m
[32m2026-09-10 10:21:39.629[0m | [34m[1mDEBUG   [0m | [36msrc.data.cache[0m:[36mload_ohlcv[0m:[36m237[0m - [34m[1m[cache] Loaded OHLCV[1d] for APD from APD.json (5049 rows)[0m
[32m2026-09-10 10:21:39.649[0m | [34m[1mDEBUG   [0m | [36msrc.data.cache[0m:[36mload_ohlcv[0m:[36m237[0m - [34m[1m[cache] Loaded OHLCV[1d] for SHEL from SHEL.json (1155 rows)[0m
[32m2026-09-10 10:21:39.671[0m | [34m[1mDEBUG   [0m | [36msrc.data.cache[0m:[36mload_ohlcv[0m:[36m237[0m - [34m[1m[cache] Loaded OHLCV[1d] for PWR from PWR.json (5049 rows)[0m
[32m2026-09-10 10:21:39.694[0m | [34m[1mDEBUG   [0m | [36msrc.data.cache[0m:[36mload_ohlcv[0m:[36m237[0m - [34m[1m[cache] Loaded OHLCV[1d] for SIRI from SIRI.json (5049 rows)[0m
[32m2026-09-10 10:21:39.726[0m | [34m[1mDEBUG   [0m | [36msrc.data.cache[0m:[36mload_ohlcv[0m:[36m237[0m - [34m[1m[cache] Loaded OHLCV[1d] for FC from FC.json (5049 rows)[0m
[32m2026-09-10 10:21:39.745[0m | [34m[1mDEBUG   [0m | [36msrc.data.cache[0m:[36mload_ohlcv[0m:[36m237[0m - [34m[1m[cache] Loaded OHLCV[1d] for BHC from BHC.json (2049 rows)[0m
[32m2026-09-10 10:21:39.765[0m | [34m[1mDEBUG   [0m | [36msrc.data.cache[0m:[36mload_ohlcv[0m:[36m237[0m - [34m[1m[cache] Loaded OHLCV[1d] for TKC from TKC.json (5049 rows)[0m
[32m2026-09-10 10:21:39.798[0m | [34m[1mDEBUG   [0m | [36msrc.data.cache[0m:[36mload_ohlcv[0m:[36m237[0m - [34m[1m[cache] Loaded OHLCV[1d] for XRX from XRX.json (5049 rows)[0m
[32m2026-09-10 10:21:39.829[0m | [34m[1mDEBUG   [0m | [36msrc.data.cache[0m:[36mload_ohlcv[0m:[36m237[0m - [34m[1m[cache] Loaded OHLCV[1d] for MKTX from MKTX.json (5049 rows)[0m
[32m2026-09-10 10:21:39.860[0m | [34m[1mDEBUG   [0m | [36msrc.data.cache[0m:[36mload_ohlcv[0m:[36m237[0m - [34m[1m[cache] Loaded OHLCV[1d] for SYK from SYK.json (5049 rows)[0m
[32m2026-09-10 10:21:39.881[0m | [34m[1mDEBUG   [0m | [36msrc.data.cache[0m:[36mload_ohlcv[0m:[36m237[0m - [34m[1m[cache] Loaded OHLCV[1d] for INMD from INMD.json (3303 rows)[0m
[32m2026-09-10 10:21:39.898[0m | [34m[1mDEBUG   [0m | [36msrc.data.cache[0m:[36mload_ohlcv[0m:[36m237[0m - [34m[1m[cache] Loaded OHLCV[1d] for MUFG from MUFG.json (2122 rows)[0m
[32m2026-09-10 10:21:39.913[0m | [34m[1mDEBUG   [0m | [36msrc.data.cache[0m:[36mload_ohlcv[0m:[36m237[0m - [34m[1m[cache] Loaded OHLCV[1d] for REPL from REPL.json (2044 rows)[0m
[32m2026-09-10 10:21:39.926[0m | [34m[1mDEBUG   [0m | [36msrc.data.cache[0m:[36mload_ohlcv[0m:[36m237[0m - [34m[1m[cache] Loaded OHLCV[1d] for BBAI from BBAI.json (1192 rows)[0m
[32m2026-09-10 10:21:39.932[0m | [34m[1mDEBUG   [0m | [36msrc.data.cache[0m:[36mload_ohlcv[0m:[36m237[0m - [34m[1m[cache] Loaded OHLCV[1d] for IREZ from IREZ.json (159 rows)[0m
[32m2026-09-10 10:21:39.937[0m | [34m[1mDEBUG   [0m | [36msrc.data.cache[0m:[36mload_ohlcv[0m:[36m237[0m - [34m[1m[cache] Loaded OHLCV[1d] for NBIZ from NBIZ.json (159 rows)[0m
[32m2026-09-10 10:21:39.946[0m | [34m[1mDEBUG   [0m | [36msrc.data.cache[0m:[36mload_ohlcv[0m:[36m237[0m - [34m[1m[cache] Loaded OHLCV[1d] for BEZ from BEZ.json (1268 rows)[0m
[32m2026-09-10 10:21:39.965[0m | [34m[1mDEBUG   [0m | [36msrc.data.cache[0m:[36mload_ohlcv[0m:[36m237[0m - [34m[1m[cache] Loaded OHLCV[1d] for LKQ from LKQ.json (3595 rows)[0m
[32m2026-09-10 10:21:39.994[0m | [34m[1mDEBUG   [0m | [36msrc.data.cache[0m:[36mload_ohlcv[0m:[36m237[0m - [34m[1m[cache] Loaded OHLCV[1d] for MMSI from MMSI.json (5049 rows)[0m
[32m2026-09-10 10:21:40.022[0m | [34m[1mDEBUG   [0m | [36msrc.data.cache[0m:[36mload_ohlcv[0m:[36m237[0m - [34m[1m[cache] Loaded OHLCV[1d] for NEOG from NEOG.json (5049 rows)[0m
[32m2026-09-10 10:21:40.041[0m | [34m[1mDEBUG   [0m | [36msrc.data.cache[0m:[36mload_ohlcv[0m:[36m237[0m - [34m[1m[cache] Loaded OHLCV[1d] for UNIT from UNIT.json (2397 rows)[0m
[32m2026-09-10 10:21:40.063[0m | [34m[1mDEBUG   [0m | [36msrc.data.cache[0m:[36mload_ohlcv[0m:[36m237[0m - [34m[1m[cache] Loaded OHLCV[1d] for AGCO from AGCO.json (4365 rows)[0m
[32m2026-09-10 10:21:40.088[0m | [34m[1mDEBUG   [0m | [36msrc.data.cache[0m:[36mload_ohlcv[0m:[36m237[0m - [34m[1m[cache] Loaded OHLCV[1d] for ABEV from ABEV.json (3225 rows)[0m
[32m2026-09-10 10:21:40.110[0m | [34m[1mDEBUG   [0m | [36msrc.data.cache[0m:[36mload_ohlcv[0m:[36m237[0m - [34m[1m[cache] Loaded OHLCV[1d] for ACCO from ACCO.json (3610 rows)[0m
[32m2026-09-10 10:21:40.137[0m | [34m[1mDEBUG   [0m | [36msrc.data.cache[0m:[36mload_ohlcv[0m:[36m237[0m - [34m[1m[cache] Loaded OHLCV[1d] for ADC from ADC.json (5049 rows)[0m
[32m2026-09-10 10:21:40.169[0m | [34m[1mDEBUG   [0m | [36msrc.data.cache[0m:[36mload_ohlcv[0m:[36m237[0m - [34m[1m[cache] Loaded OHLCV[1d] for AEE from AEE.json (5049 rows)[0m
[32m2026-09-10 10:21:40.200[0m | [34m[1mDEBUG   [0m | [36msrc.data.cache[0m:[36mload_ohlcv[0m:[36m237[0m - [34m[1m[cache] Loaded OHLCV[1d] for AEP from AEP.json (5049 rows)[0m
[32m2026-09-10 10:21:40.231[0m | [34m[1mDEBUG   [0m | [36msrc.data.cache[0m:[36mload_ohlcv[0m:[36m237[0m - [34m[1m[cache] Loaded OHLCV[1d] for AES from AES.json (5049 rows)[0m
[32m2026-09-10 10:21:40.257[0m | [34m[1mDEBUG   [0m | [36msrc.data.cache[0m:[36mload_ohlcv[0m:[36m237[0m - [34m[1m[cache] Loaded OHLCV[1d] for AG from AG.json (4640 rows)[0m
[32m2026-09-10 10:21:40.283[0m | [34m[1mDEBUG   [0m | [36msrc.data.cache[0m:[36mload_ohlcv[0m:[36m237[0m - [34m[1m[cache] Loaded OHLCV[1d] for AGM from AGM.json (5049 rows)[0m
[32m2026-09-10 10:21:40.296[0m | [34m[1mDEBUG   [0m | [36msrc.data.cache[0m:[36mload_ohlcv[0m:[36m237[0m - [34m[1m[cache] Loaded OHLCV[1d] for CURB from CURB.json (486 rows)[0m
[32m2026-09-10 10:21:40.310[0m | [34m[1mDEBUG   [0m | [36msrc.data.cache[0m:[36mload_ohlcv[0m:[36m237[0m - [34m[1m[cache] Loaded OHLCV[1d] for ITGR from ITGR.json (2561 rows)[0m
[32m2026-09-10 10:21:40.334[0m | [34m[1mDEBUG   [0m | [36msrc.data.cache[0m:[36mload_ohlcv[0m:[36m237[0m - [34m[1m[cache] Loaded OHLCV[1d] for STC from STC.json (5049 rows)[0m
[32m2026-09-10 10:21:40.366[0m | [34m[1mDEBUG   [0m | [36msrc.data.cache[0m:[36mload_ohlcv[0m:[36m237[0m - [34m[1m[cache] Loaded OHLCV[1d] for WLDN from WLDN.json (4830 rows)[0m
[32m2026-09-10 10:21:40.380[0m | [34m[1mDEBUG   [0m | [36msrc.data.cache[0m:[36mload_ohlcv[0m:[36m237[0m - [34m[1m[cache] Loaded OHLCV[1d] for VGNT from VGNT.json (111 rows)[0m
[32m2026-09-10 10:21:40.397[0m | [34m[1mDEBUG   [0m | [36msrc.data.cache[0m:[36mload_ohlcv[0m:[36m237[0m - [34m[1m[cache] Loaded OHLCV[1d] for NWBI from NWBI.json (4205 rows)[0m
[32m2026-09-10 10:21:40.414[0m | [34m[1mDEBUG   [0m | [36msrc.data.cache[0m:[36mload_ohlcv[0m:[36m237[0m - [34m[1m[cache] Loaded OHLCV[1d] for VSNT from VSNT.json (1737 rows)[0m
[32m2026-09-10 10:21:40.435[0m | [34m[1mDEBUG   [0m | [36msrc.data.cache[0m:[36mload_ohlcv[0m:[36m237[0m - [34m[1m[cache] Loaded OHLCV[1d] for USFD from USFD.json (2586 rows)[0m
[32m2026-09-10 10:21:40.449[0m | [34m[1mDEBUG   [0m | [36msrc.data.cache[0m:[36mload_ohlcv[0m:[36m237[0m - [34m[1m[cache] Loaded OHLCV[1d] for TCBX from TCBX.json (1212 rows)[0m
[32m2026-09-10 10:21:40.457[0m | [34m[1mDEBUG   [0m | [36msrc.data.cache[0m:[36mload_ohlcv[0m:[36m237[0m - [34m[1m[cache] Loaded OHLCV[1d] for VOYG from VOYG.json (313 rows)[0m
[32m2026-09-10 10:21:40.469[0m | [34m[1mDEBUG   [0m | [36msrc.data.cache[0m:[36mload_ohlcv[0m:[36m237[0m - [34m[1m[cache] Loaded OHLCV[1d] for SPXC from SPXC.json (2753 rows)[0m
[32m2026-09-10 10:21:40.486[0m | [34m[1mDEBUG   [0m | [36msrc.data.cache[0m:[36mload_ohlcv[0m:[36m237[0m - [34m[1m[cache] Loaded OHLCV[1d] for SITM from SITM.json (1707 rows)[0m
[32m2026-09-10 10:21:40.498[0m | [34m[1mDEBUG   [0m | [36msrc.data.cache[0m:[36mload_ohlcv[0m:[36m237[0m - [34m[1m[cache] Loaded OHLCV[1d] for TRDA from TRDA.json (1219 rows)[0m
[32m2026-09-10 10:21:40.516[0m | [34m[1mDEBUG   [0m | [36msrc.data.cache[0m:[36mload_ohlcv[0m:[36m237[0m - [34m[1m[cache] Loaded OHLCV[1d] for XYL from XYL.json (3734 rows)[0m
[32m2026-09-10 10:21:40.531[0m | [34m[1mDEBUG   [0m | [36msrc.data.cache[0m:[36mload_ohlcv[0m:[36m237[0m - [34m[1m[cache] Loaded OHLCV[1d] for SEVN from SEVN.json (1239 rows)[0m
[32m2026-09-10 10:21:40.543[0m | [34m[1mDEBUG   [0m | [36msrc.data.cache[0m:[36mload_ohlcv[0m:[36m237[0m - [34m[1m[cache] Loaded OHLCV[1d] for HTB from HTB.json (1605 rows)[0m
[32m2026-09-10 10:21:40.554[0m | [34m[1mDEBUG   [0m | [36msrc.data.cache[0m:[36mload_ohlcv[0m:[36m237[0m - [34m[1m[cache] Loaded OHLCV[1d] for SNWV from SNWV.json (1101 rows)[0m
[32m2026-09-10 10:21:40.566[0m | [34m[1mDEBUG   [0m | [36msrc.data.cache[0m:[36mload_ohlcv[0m:[36m237[0m - [34m[1m[cache] Loaded OHLCV[1d] for TMCI from TMCI.json (1351 rows)[0m
[32m2026-09-10 10:21:40.590[0m | [34m[1mDEBUG   [0m | [36msrc.data.cache[0m:[36mload_ohlcv[0m:[36m237[0m - [34m[1m[cache] Loaded OHLCV[1d] for TTMI from TTMI.json (5049 rows)[0m
[32m2026-09-10 10:21:40.616[0m | [34m[1mDEBUG   [0m | [36msrc.data.cache[0m:[36mload_ohlcv[0m:[36m237[0m - [34m[1m[cache] Loaded OHLCV[1d] for KB from KB.json (5049 rows)[0m
[32m2026-09-10 10:21:40.643[0m | [34m[1mDEBUG   [0m | [36msrc.data.cache[0m:[36mload_ohlcv[0m:[36m237[0m - [34m[1m[cache] Loaded OHLCV[1d] for RCKY from RCKY.json (5046 rows)[0m
[32m2026-09-10 10:21:40.662[0m | [34m[1mDEBUG   [0m | [36msrc.data.cache[0m:[36mload_ohlcv[0m:[36m237[0m - [34m[1m[cache] Loaded OHLCV[1d] for TALO from TALO.json (2094 rows)[0m
[32m2026-09-10 10:21:40.676[0m | [34m[1mDEBUG   [0m | [36msrc.data.cache[0m:[36mload_ohlcv[0m:[36m237[0m - [34m[1m[cache] Loaded OHLCV[1d] for SPIR from SPIR.json (2996 rows)[0m
[32m2026-09-10 10:21:40.697[0m | [34m[1mDEBUG   [0m | [36msrc.data.cache[0m:[36mload_ohlcv[0m:[36m237[0m - [34m[1m[cache] Loaded OHLCV[1d] for CHCO from CHCO.json (5049 rows)[0m
[32m2026-09-10 10:21:40.724[0m | [34m[1mDEBUG   [0m | [36msrc.data.cache[0m:[36mload_ohlcv[0m:[36m237[0m - [34m[1m[cache] Loaded OHLCV[1d] for SCSC from SCSC.json (5049 rows)[0m
[32m2026-09-10 10:21:40.757[0m | [34m[1mDEBUG   [0m | [36msrc.data.cache[0m:[36mload_ohlcv[0m:[36m237[0m - [34m[1m[cache] Loaded OHLCV[1d] for WCC from WCC.json (5049 rows)[0m
[32m2026-09-10 10:21:40.769[0m | [34m[1mDEBUG   [0m | [36msrc.data.cache[0m:[36mload_ohlcv[0m:[36m237[0m - [34m[1m[cache] Loaded OHLCV[1d] for ULS from ULS.json (604 rows)[0m
[32m2026-09-10 10:21:40.779[0m | [34m[1mDEBUG   [0m | [36msrc.data.cache[0m:[36mload_ohlcv[0m:[36m237[0m - [34m[1m[cache] Loaded OHLCV[1d] for TALK from TALK.json (1381 rows)[0m
[32m2026-09-10 10:21:40.793[0m | [34m[1mDEBUG   [0m | [36msrc.data.cache[0m:[36mload_ohlcv[0m:[36m237[0m - [34m[1m[cache] Loaded OHLCV[1d] for SEDG from SEDG.json (2881 rows)[0m
[32m2026-09-10 10:21:40.812[0m | [34m[1mDEBUG   [0m | [36msrc.data.cache[0m:[36mload_ohlcv[0m:[36m237[0m - [34m[1m[cache] Loaded OHLCV[1d] for ZTS from ZTS.json (3421 rows)[0m
[32m2026-09-10 10:21:40.833[0m | [34m[1mDEBUG   [0m | [36msrc.data.cache[0m:[36mload_ohlcv[0m:[36m237[0m - [34m[1m[cache] Loaded OHLCV[1d] for SRPT from SRPT.json (3558 rows)[0m
[32m2026-09-10 10:21:40.845[0m | [34m[1mDEBUG   [0m | [36msrc.data.cache[0m:[36mload_ohlcv[0m:[36m237[0m - [34m[1m[cache] Loaded OHLCV[1d] for SEI from SEI.json (499 rows)[0m
[32m2026-09-10 10:21:40.941[0m | [34m[1mDEBUG   [0m | [36msrc.data.cache[0m:[36mload_ohlcv[0m:[36m237[0m - [34m[1m[cache] Loaded OHLCV[1d] for HFWA from HFWA.json (5009 rows)[0m
[32m2026-09-10 10:21:40.974[0m | [34m[1mDEBUG   [0m | [36msrc.data.cache[0m:[36mload_ohlcv[0m:[36m237[0m - [34m[1m[cache] Loaded OHLCV[1d] for WTS from WTS.json (5049 rows)[0m
[32m2026-09-10 10:21:40.999[0m | [34m[1mDEBUG   [0m | [36msrc.data.cache[0m:[36mload_ohlcv[0m:[36m237[0m - [34m[1m[cache] Loaded OHLCV[1d] for NECB from NECB.json (3337 rows)[0m
[32m2026-09-10 10:21:41.027[0m | [34m[1mDEBUG   [0m | [36msrc.data.cache[0m:[36mload_ohlcv[0m:[36m237[0m - [34m[1m[cache] Loaded OHLCV[1d] for SCHL from SCHL.json (5049 rows)[0m
[32m2026-09-10 10:21:41.048[0m | [34m[1mDEBUG   [0m | [36msrc.data.cache[0m:[36mload_ohlcv[0m:[36m237[0m - [34m[1m[cache] Loaded OHLCV[1d] for JBGS from JBGS.json (2299 rows)[0m
[32m2026-09-10 10:21:41.075[0m | [34m[1mDEBUG   [0m | [36msrc.data.cache[0m:[36mload_ohlcv[0m:[36m237[0m - [34m[1m[cache] Loaded OHLCV[1d] for SMG from SMG.json (5049 rows)[0m
[32m2026-09-10 10:21:41.092[0m | [34m[1mDEBUG   [0m | [36msrc.data.cache[0m:[36mload_ohlcv[0m:[36m237[0m - [34m[1m[cache] Loaded OHLCV[1d] for TSSI from TSSI.json (1026 rows)[0m
[32m2026-09-10 10:21:41.104[0m | [34m[1mDEBUG   [0m | [36msrc.data.cache[0m:[36mload_ohlcv[0m:[36m237[0m - [34m[1m[cache] Loaded OHLCV[1d] for SIBN from SIBN.json (1983 rows)[0m
[32m2026-09-10 10:21:41.129[0m | [34m[1mDEBUG   [0m | [36msrc.data.cache[0m:[36mload_ohlcv[0m:[36m237[0m - [34m[1m[cache] Loaded OHLCV[1d] for TAL from TAL.json (4950 rows)[0m
[32m2026-09-10 10:21:41.151[0m | [34m[1mDEBUG   [0m | [36msrc.data.cache[0m:[36mload_ohlcv[0m:[36m237[0m - [34m[1m[cache] Loaded OHLCV[1d] for VEON from VEON.json (2373 rows)[0m
[32m2026-09-10 10:21:41.173[0m | [34m[1mDEBUG   [0m | [36msrc.data.cache[0m:[36mload_ohlcv[0m:[36m237[0m - [34m[1m[cache] Loaded OHLCV[1d] for D from D.json (5049 rows)[0m
[32m2026-09-10 10:21:41.197[0m | [34m[1mDEBUG   [0m | [36msrc.data.cache[0m:[36mload_ohlcv[0m:[36m237[0m - [34m[1m[cache] Loaded OHLCV[1d] for CAL from CAL.json (3878 rows)[0m
[32m2026-09-10 10:21:41.212[0m | [34m[1mDEBUG   [0m | [36msrc.data.cache[0m:[36mload_ohlcv[0m:[36m237[0m - [34m[1m[cache] Loaded OHLCV[1d] for CARE from CARE.json (1876 rows)[0m
[32m2026-09-10 10:21:41.231[0m | [34m[1mDEBUG   [0m | [36msrc.data.cache[0m:[36mload_ohlcv[0m:[36m237[0m - [34m[1m[cache] Loaded OHLCV[1d] for AXGN from AXGN.json (3290 rows)[0m
[32m2026-09-10 10:21:41.256[0m | [34m[1mDEBUG   [0m | [36msrc.data.cache[0m:[36mload_ohlcv[0m:[36m237[0m - [34m[1m[cache] Loaded OHLCV[1d] for CCC from CCC.json (3687 rows)[0m
[32m2026-09-10 10:21:41.268[0m | [34m[1mDEBUG   [0m | [36msrc.data.cache[0m:[36mload_ohlcv[0m:[36m237[0m - [34m[1m[cache] Loaded OHLCV[1d] for ZSQR from ZSQR.json (94 rows)[0m
[32m2026-09-10 10:21:41.276[0m | [34m[1mDEBUG   [0m | [36msrc.data.cache[0m:[36mload_ohlcv[0m:[36m237[0m - [34m[1m[cache] Loaded OHLCV[1d] for SMTI from SMTI.json (1467 rows)[0m
[32m2026-09-10 10:21:41.288[0m | [34m[1mDEBUG   [0m | [36msrc.data.cache[0m:[36mload_ohlcv[0m:[36m237[0m - [34m[1m[cache] Loaded OHLCV[1d] for SKYT from SKYT.json (1330 rows)[0m
[32m2026-09-10 10:21:41.313[0m | [34m[1mDEBUG   [0m | [36msrc.data.cache[0m:[36mload_ohlcv[0m:[36m237[0m - [34m[1m[cache] Loaded OHLCV[1d] for BXC from BXC.json (5047 rows)[0m
[32m2026-09-10 10:21:41.331[0m | [34m[1mDEBUG   [0m | [36msrc.data.cache[0m:[36mload_ohlcv[0m:[36m237[0m - [34m[1m[cache] Loaded OHLCV[1d] for BRSP from BRSP.json (1282 rows)[0m
[32m2026-09-10 10:21:41.354[0m | [34m[1mDEBUG   [0m | [36msrc.data.cache[0m:[36mload_ohlcv[0m:[36m237[0m - [34m[1m[cache] Loaded OHLCV[1d] for RICK from RICK.json (5049 rows)[0m
[32m2026-09-10 10:21:41.378[0m | [34m[1mDEBUG   [0m | [36msrc.data.cache[0m:[36mload_ohlcv[0m:[36m237[0m - [34m[1m[cache] Loaded OHLCV[1d] for DFIN from DFIN.json (2497 rows)[0m
[32m2026-09-10 10:21:41.390[0m | [34m[1mDEBUG   [0m | [36msrc.data.cache[0m:[36mload_ohlcv[0m:[36m237[0m - [34m[1m[cache] Loaded OHLCV[1d] for GCMG from GCMG.json (1457 rows)[0m
[32m2026-09-10 10:21:41.414[0m | [34m[1mDEBUG   [0m | [36msrc.data.cache[0m:[36mload_ohlcv[0m:[36m237[0m - [34m[1m[cache] Loaded OHLCV[1d] for EEFT from EEFT.json (5049 rows)[0m
[32m2026-09-10 10:21:41.442[0m | [34m[1mDEBUG   [0m | [36msrc.data.cache[0m:[36mload_ohlcv[0m:[36m237[0m - [34m[1m[cache] Loaded OHLCV[1d] for EYE from EYE.json (2867 rows)[0m
[32m2026-09-10 10:21:41.457[0m | [34m[1mDEBUG   [0m | [36msrc.data.cache[0m:[36mload_ohlcv[0m:[36m237[0m - [34m[1m[cache] Loaded OHLCV[1d] for SGHC from SGHC.json (1157 rows)[0m
[32m2026-09-10 10:21:41.470[0m | [34m[1mDEBUG   [0m | [36msrc.data.cache[0m:[36mload_ohlcv[0m:[36m237[0m - [34m[1m[cache] Loaded OHLCV[1d] for STGW from STGW.json (1281 rows)[0m
[32m2026-09-10 10:21:41.492[0m | [34m[1mDEBUG   [0m | [36msrc.data.cache[0m:[36mload_ohlcv[0m:[36m237[0m - [34m[1m[cache] Loaded OHLCV[1d] for QUAD from QUAD.json (4070 rows)[0m
[32m2026-09-10 10:21:41.507[0m | [34m[1mDEBUG   [0m | [36msrc.data.cache[0m:[36mload_ohlcv[0m:[36m237[0m - [34m[1m[cache] Loaded OHLCV[1d] for UPC from UPC.json (1372 rows)[0m
[32m2026-09-10 10:21:41.515[0m | [34m[1mDEBUG   [0m | [36msrc.data.cache[0m:[36mload_ohlcv[0m:[36m237[0m - [34m[1m[cache] Loaded OHLCV[1d] for FCUV from FCUV.json (1261 rows)[0m
[32m2026-09-10 10:21:41.536[0m | [34m[1mDEBUG   [0m | [36msrc.data.cache[0m:[36mload_ohlcv[0m:[36m237[0m - [34m[1m[cache] Loaded OHLCV[1d] for IESC from IESC.json (5005 rows)[0m
[32m2026-09-10 10:21:41.567[0m | [34m[1mDEBUG   [0m | [36msrc.data.cache[0m:[36mload_ohlcv[0m:[36m237[0m - [34m[1m[cache] Loaded OHLCV[1d] for AN from AN.json (5049 rows)[0m
[32m2026-09-10 10:21:41.588[0m | [34m[1mDEBUG   [0m | [36msrc.data.cache[0m:[36mload_ohlcv[0m:[36m237[0m - [34m[1m[cache] Loaded OHLCV[1d] for ARES from ARES.json (3107 rows)[0m
[32m2026-09-10 10:21:41.604[0m | [34m[1mDEBUG   [0m | [36msrc.data.cache[0m:[36mload_ohlcv[0m:[36m237[0m - [34m[1m[cache] Loaded OHLCV[1d] for BBUC from BBUC.json (1126 rows)[0m
[32m2026-09-10 10:21:41.625[0m | [34m[1mDEBUG   [0m | [36msrc.data.cache[0m:[36mload_ohlcv[0m:[36m237[0m - [34m[1m[cache] Loaded OHLCV[1d] for BCPC from BCPC.json (4957 rows)[0m
[32m2026-09-10 10:21:41.652[0m | [34m[1mDEBUG   [0m | [36msrc.data.cache[0m:[36mload_ohlcv[0m:[36m237[0m - [34m[1m[cache] Loaded OHLCV[1d] for BEP from BEP.json (4204 rows)[0m
[32m2026-09-10 10:21:41.675[0m | [34m[1mDEBUG   [0m | [36msrc.data.cache[0m:[36mload_ohlcv[0m:[36m237[0m - [34m[1m[cache] Loaded OHLCV[1d] for BSAC from BSAC.json (3623 rows)[0m
[32m2026-09-10 10:21:41.689[0m | [34m[1mDEBUG   [0m | [36msrc.data.cache[0m:[36mload_ohlcv[0m:[36m237[0m - [34m[1m[cache] Loaded OHLCV[1d] for BTSG from BTSG.json (657 rows)[0m
[32m2026-09-10 10:21:41.706[0m | [34m[1mDEBUG   [0m | [36msrc.data.cache[0m:[36mload_ohlcv[0m:[36m237[0m - [34m[1m[cache] Loaded OHLCV[1d] for CBOE from CBOE.json (4084 rows)[0m
[32m2026-09-10 10:21:41.732[0m | [34m[1mDEBUG   [0m | [36msrc.data.cache[0m:[36mload_ohlcv[0m:[36m237[0m - [34m[1m[cache] Loaded OHLCV[1d] for ENR from ENR.json (5049 rows)[0m
[32m2026-09-10 10:21:41.748[0m | [34m[1mDEBUG   [0m | [36msrc.data.cache[0m:[36mload_ohlcv[0m:[36m237[0m - [34m[1m[cache] Loaded OHLCV[1d] for DINO from DINO.json (1126 rows)[0m
[32m2026-09-10 10:21:41.773[0m | [34m[1mDEBUG   [0m | [36msrc.data.cache[0m:[36mload_ohlcv[0m:[36m237[0m - [34m[1m[cache] Loaded OHLCV[1d] for MATW from MATW.json (5049 rows)[0m
[32m2026-09-10 10:21:41.801[0m | [34m[1mDEBUG   [0m | [36msrc.data.cache[0m:[36mload_ohlcv[0m:[36m237[0m - [34m[1m[cache] Loaded OHLCV[1d] for PJT from PJT.json (4009 rows)[0m
[32m2026-09-10 10:21:41.820[0m | [34m[1mDEBUG   [0m | [36msrc.data.cache[0m:[36mload_ohlcv[0m:[36m237[0m - [34m[1m[cache] Loaded OHLCV[1d] for TPR from TPR.json (2225 rows)[0m
[32m2026-09-10 10:21:41.846[0m | [34m[1mDEBUG   [0m | [36msrc.data.cache[0m:[36mload_ohlcv[0m:[36m237[0m - [34m[1m[cache] Loaded OHLCV[1d] for AWR from AWR.json (5049 rows)[0m
[32m2026-09-10 10:21:41.878[0m | [34m[1mDEBUG   [0m | [36msrc.data.cache[0m:[36mload_ohlcv[0m:[36m237[0m - [34m[1m[cache] Loaded OHLCV[1d] for MIDD from MIDD.json (5049 rows)[0m
[32m2026-09-10 10:21:41.907[0m | [34m[1mDEBUG   [0m | [36msrc.data.cache[0m:[36mload_ohlcv[0m:[36m237[0m - [34m[1m[cache] Loaded OHLCV[1d] for APOG from APOG.json (5049 rows)[0m
[32m2026-09-10 10:21:41.936[0m | [34m[1mDEBUG   [0m | [36msrc.data.cache[0m:[36mload_ohlcv[0m:[36m237[0m - [34m[1m[cache] Loaded OHLCV[1d] for HRB from HRB.json (5049 rows)[0m
[32m2026-09-10 10:21:41.959[0m | [34m[1mDEBUG   [0m | [36msrc.data.cache[0m:[36mload_ohlcv[0m:[36m237[0m - [34m[1m[cache] Loaded OHLCV[1d] for VIR from VIR.json (1940 rows)[0m
[32m2026-09-10 10:21:41.987[0m | [34m[1mDEBUG   [0m | [36msrc.data.cache[0m:[36mload_ohlcv[0m:[36m237[0m - [34m[1m[cache] Loaded OHLCV[1d] for EGY from EGY.json (5049 rows)[0m
[32m2026-09-10 10:21:42.012[0m | [34m[1mDEBUG   [0m | [36msrc.data.cache[0m:[36mload_ohlcv[0m:[36m237[0m - [34m[1m[cache] Loaded OHLCV[1d] for PCAR from PCAR.json (5049 rows)[0m
[32m2026-09-10 10:21:42.037[0m | [34m[1mDEBUG   [0m | [36msrc.data.cache[0m:[36mload_ohlcv[0m:[36m237[0m - [34m[1m[cache] Loaded OHLCV[1d] for POST from POST.json (3669 rows)[0m
[32m2026-09-10 10:21:42.058[0m | [34m[1mDEBUG   [0m | [36msrc.data.cache[0m:[36mload_ohlcv[0m:[36m237[0m - [34m[1m[cache] Loaded OHLCV[1d] for ALSN from ALSN.json (3642 rows)[0m
[32m2026-09-10 10:21:42.070[0m | [34m[1mDEBUG   [0m | [36msrc.data.cache[0m:[36mload_ohlcv[0m:[36m237[0m - [34m[1m[cache] Loaded OHLCV[1d] for CSTL from CSTL.json (2014 rows)[0m
[32m2026-09-10 10:21:42.093[0m | [34m[1mDEBUG   [0m | [36msrc.data.cache[0m:[36mload_ohlcv[0m:[36m237[0m - [34m[1m[cache] Loaded OHLCV[1d] for LEG from LEG.json (5040 rows)[0m
[32m2026-09-10 10:21:42.124[0m | [34m[1mDEBUG   [0m | [36msrc.data.cache[0m:[36mload_ohlcv[0m:[36m237[0m - [34m[1m[cache] Loaded OHLCV[1d] for EIG from EIG.json (4933 rows)[0m
[32m2026-09-10 10:21:42.151[0m | [34m[1mDEBUG   [0m | [36msrc.data.cache[0m:[36mload_ohlcv[0m:[36m237[0m - [34m[1m[cache] Loaded OHLCV[1d] for INTT from INTT.json (4956 rows)[0m
[32m2026-09-10 10:21:42.173[0m | [34m[1mDEBUG   [0m | [36msrc.data.cache[0m:[36mload_ohlcv[0m:[36m237[0m - [34m[1m[cache] Loaded OHLCV[1d] for OMC from OMC.json (5049 rows)[0m
[32m2026-09-10 10:21:42.197[0m | [34m[1mDEBUG   [0m | [36msrc.data.cache[0m:[36mload_ohlcv[0m:[36m237[0m - [34m[1m[cache] Loaded OHLCV[1d] for CHE from CHE.json (5049 rows)[0m
[32m2026-09-10 10:21:42.224[0m | [34m[1mDEBUG   [0m | [36msrc.data.cache[0m:[36mload_ohlcv[0m:[36m237[0m - [34m[1m[cache] Loaded OHLCV[1d] for SFBS from SFBS.json (3099 rows)[0m
[32m2026-09-10 10:21:42.250[0m | [34m[1mDEBUG   [0m | [36msrc.data.cache[0m:[36mload_ohlcv[0m:[36m237[0m - [34m[1m[cache] Loaded OHLCV[1d] for AIV from AIV.json (5049 rows)[0m
[32m2026-09-10 10:21:42.267[0m | [34m[1mDEBUG   [0m | [36msrc.data.cache[0m:[36mload_ohlcv[0m:[36m237[0m - [34m[1m[cache] Loaded OHLCV[1d] for CNXN from CNXN.json (2513 rows)[0m
[32m2026-09-10 10:21:42.286[0m | [34m[1mDEBUG   [0m | [36msrc.data.cache[0m:[36mload_ohlcv[0m:[36m237[0m - [34m[1m[cache] Loaded OHLCV[1d] for NTRS from NTRS.json (5049 rows)[0m
[32m2026-09-10 10:21:42.308[0m | [34m[1mDEBUG   [0m | [36msrc.data.cache[0m:[36mload_ohlcv[0m:[36m237[0m - [34m[1m[cache] Loaded OHLCV[1d] for MATX from MATX.json (3567 rows)[0m
[32m2026-09-10 10:21:42.404[0m | [34m[1mDEBUG   [0m | [36msrc.data.cache[0m:[36mload_ohlcv[0m:[36m237[0m - [34m[1m[cache] Loaded OHLCV[1d] for OGN from OGN.json (1426 rows)[0m
[32m2026-09-10 10:21:42.417[0m | [34m[1mDEBUG   [0m | [36msrc.data.cache[0m:[36mload_ohlcv[0m:[36m237[0m - [34m[1m[cache] Loaded OHLCV[1d] for LBRT from LBRT.json (2175 rows)[0m
[32m2026-09-10 10:21:42.432[0m | [34m[1mDEBUG   [0m | [36msrc.data.cache[0m:[36mload_ohlcv[0m:[36m237[0m - [34m[1m[cache] Loaded OHLCV[1d] for EHC from EHC.json (2648 rows)[0m
[32m2026-09-10 10:21:42.460[0m | [34m[1mDEBUG   [0m | [36msrc.data.cache[0m:[36mload_ohlcv[0m:[36m237[0m - [34m[1m[cache] Loaded OHLCV[1d] for RS from RS.json (5049 rows)[0m
[32m2026-09-10 10:21:42.480[0m | [34m[1mDEBUG   [0m | [36msrc.data.cache[0m:[36mload_ohlcv[0m:[36m237[0m - [34m[1m[cache] Loaded OHLCV[1d] for AMR from AMR.json (3170 rows)[0m
[32m2026-09-10 10:21:42.506[0m | [34m[1mDEBUG   [0m | [36msrc.data.cache[0m:[36mload_ohlcv[0m:[36m237[0m - [34m[1m[cache] Loaded OHLCV[1d] for NTGR from NTGR.json (5049 rows)[0m
[32m2026-09-10 10:21:42.530[0m | [34m[1mDEBUG   [0m | [36msrc.data.cache[0m:[36mload_ohlcv[0m:[36m237[0m - [34m[1m[cache] Loaded OHLCV[1d] for NTNX from NTNX.json (2498 rows)[0m
[32m2026-09-10 10:21:42.556[0m | [34m[1mDEBUG   [0m | [36msrc.data.cache[0m:[36mload_ohlcv[0m:[36m237[0m - [34m[1m[cache] Loaded OHLCV[1d] for MLR from MLR.json (5049 rows)[0m
[32m2026-09-10 10:21:42.581[0m | [34m[1mDEBUG   [0m | [36msrc.data.cache[0m:[36mload_ohlcv[0m:[36m237[0m - [34m[1m[cache] Loaded OHLCV[1d] for RPD from RPD.json (2803 rows)[0m
[32m2026-09-10 10:21:42.609[0m | [34m[1mDEBUG   [0m | [36msrc.data.cache[0m:[36mload_ohlcv[0m:[36m237[0m - [34m[1m[cache] Loaded OHLCV[1d] for WNC from WNC.json (5049 rows)[0m
[32m2026-09-10 10:21:42.636[0m | [34m[1mDEBUG   [0m | [36msrc.data.cache[0m:[36mload_ohlcv[0m:[36m237[0m - [34m[1m[cache] Loaded OHLCV[1d] for LPTH from LPTH.json (4998 rows)[0m
[32m2026-09-10 10:21:42.669[0m | [34m[1mDEBUG   [0m | [36msrc.data.cache[0m:[36mload_ohlcv[0m:[36m237[0m - [34m[1m[cache] Loaded OHLCV[1d] for KOP from KOP.json (5049 rows)[0m
[32m2026-09-10 10:21:42.690[0m | [34m[1mDEBUG   [0m | [36msrc.data.cache[0m:[36mload_ohlcv[0m:[36m237[0m - [34m[1m[cache] Loaded OHLCV[1d] for MGY from MGY.json (2037 rows)[0m
[32m2026-09-10 10:21:42.711[0m | [34m[1mDEBUG   [0m | [36msrc.data.cache[0m:[36mload_ohlcv[0m:[36m237[0m - [34m[1m[cache] Loaded OHLCV[1d] for STRA from STRA.json (5049 rows)[0m
[32m2026-09-10 10:21:42.741[0m | [34m[1mDEBUG   [0m | [36msrc.data.cache[0m:[36mload_ohlcv[0m:[36m237[0m - [34m[1m[cache] Loaded OHLCV[1d] for TSBK from TSBK.json (4925 rows)[0m
[32m2026-09-10 10:21:42.756[0m | [34m[1mDEBUG   [0m | [36msrc.data.cache[0m:[36mload_ohlcv[0m:[36m237[0m - [34m[1m[cache] Loaded OHLCV[1d] for NLOP from NLOP.json (714 rows)[0m
[32m2026-09-10 10:21:42.768[0m | [34m[1mDEBUG   [0m | [36msrc.data.cache[0m:[36mload_ohlcv[0m:[36m237[0m - [34m[1m[cache] Loaded OHLCV[1d] for FRAF from FRAF.json (1809 rows)[0m
[32m2026-09-10 10:21:42.779[0m | [34m[1mDEBUG   [0m | [36msrc.data.cache[0m:[36mload_ohlcv[0m:[36m237[0m - [34m[1m[cache] Loaded OHLCV[1d] for ATLX from ATLX.json (971 rows)[0m
[32m2026-09-10 10:21:42.790[0m | [34m[1mDEBUG   [0m | [36msrc.data.cache[0m:[36mload_ohlcv[0m:[36m237[0m - [34m[1m[cache] Loaded OHLCV[1d] for HCWB from HCWB.json (1277 rows)[0m
[32m2026-09-10 10:21:42.797[0m | [34m[1mDEBUG   [0m | [36msrc.data.cache[0m:[36mload_ohlcv[0m:[36m237[0m - [34m[1m[cache] Loaded OHLCV[1d] for JDZG from JDZG.json (543 rows)[0m
[32m2026-09-10 10:21:42.813[0m | [34m[1mDEBUG   [0m | [36msrc.data.cache[0m:[36mload_ohlcv[0m:[36m237[0m - [34m[1m[cache] Loaded OHLCV[1d] for KPTI from KPTI.json (3228 rows)[0m
[32m2026-09-10 10:21:42.830[0m | [34m[1mDEBUG   [0m | [36msrc.data.cache[0m:[36mload_ohlcv[0m:[36m237[0m - [34m[1m[cache] Loaded OHLCV[1d] for BIOA from BIOA.json (1666 rows)[0m
[32m2026-09-10 10:21:42.840[0m | [34m[1mDEBUG   [0m | [36msrc.data.cache[0m:[36mload_ohlcv[0m:[36m237[0m - [34m[1m[cache] Loaded OHLCV[1d] for ADEA from ADEA.json (987 rows)[0m
[32m2026-09-10 10:21:42.863[0m | [34m[1mDEBUG   [0m | [36msrc.data.cache[0m:[36mload_ohlcv[0m:[36m237[0m - [34m[1m[cache] Loaded OHLCV[1d] for ADTN from ADTN.json (5049 rows)[0m
[32m2026-09-10 10:21:42.891[0m | [34m[1mDEBUG   [0m | [36msrc.data.cache[0m:[36mload_ohlcv[0m:[36m237[0m - [34m[1m[cache] Loaded OHLCV[1d] for ADUS from ADUS.json (4239 rows)[0m
[32m2026-09-10 10:21:42.904[0m | [34m[1mDEBUG   [0m | [36msrc.data.cache[0m:[36mload_ohlcv[0m:[36m237[0m - [34m[1m[cache] Loaded OHLCV[1d] for AESI from AESI.json (879 rows)[0m
[32m2026-09-10 10:21:42.910[0m | [34m[1mDEBUG   [0m | [36msrc.data.cache[0m:[36mload_ohlcv[0m:[36m237[0m - [34m[1m[cache] Loaded OHLCV[1d] for AHRT from AHRT.json (133 rows)[0m
[32m2026-09-10 10:21:42.928[0m | [34m[1mDEBUG   [0m | [36msrc.data.cache[0m:[36mload_ohlcv[0m:[36m237[0m - [34m[1m[cache] Loaded OHLCV[1d] for ALX from ALX.json (5047 rows)[0m
[32m2026-09-10 10:21:42.954[0m | [34m[1mDEBUG   [0m | [36msrc.data.cache[0m:[36mload_ohlcv[0m:[36m237[0m - [34m[1m[cache] Loaded OHLCV[1d] for AMRC from AMRC.json (4058 rows)[0m
[32m2026-09-10 10:21:42.984[0m | [34m[1mDEBUG   [0m | [36msrc.data.cache[0m:[36mload_ohlcv[0m:[36m237[0m - [34m[1m[cache] Loaded OHLCV[1d] for ARE from ARE.json (5049 rows)[0m
[32m2026-09-10 10:21:43.014[0m | [34m[1mDEBUG   [0m | [36msrc.data.cache[0m:[36mload_ohlcv[0m:[36m237[0m - [34m[1m[cache] Loaded OHLCV[1d] for ARTNA from ARTNA.json (5048 rows)[0m
[32m2026-09-10 10:21:43.032[0m | [34m[1mDEBUG   [0m | [36msrc.data.cache[0m:[36mload_ohlcv[0m:[36m237[0m - [34m[1m[cache] Loaded OHLCV[1d] for SGOV from SGOV.json (1579 rows)[0m
[32m2026-09-10 10:21:43.046[0m | [34m[1mDEBUG   [0m | [36msrc.data.cache[0m:[36mload_ohlcv[0m:[36m237[0m - [34m[1m[cache] Loaded OHLCV[1d] for J from J.json (1695 rows)[0m
[32m2026-09-10 10:21:43.060[0m | [34m[1mDEBUG   [0m | [36msrc.data.cache[0m:[36mload_ohlcv[0m:[36m237[0m - [34m[1m[cache] Loaded OHLCV[1d] for WRD from WRD.json (2243 rows)[0m
[32m2026-09-10 10:21:43.086[0m | [34m[1mDEBUG   [0m | [36msrc.data.cache[0m:[36mload_ohlcv[0m:[36m237[0m - [34m[1m[cache] Loaded OHLCV[1d] for MAA from MAA.json (5049 rows)[0m
[32m2026-09-10 10:21:43.104[0m | [34m[1mDEBUG   [0m | [36msrc.data.cache[0m:[36mload_ohlcv[0m:[36m237[0m - [34m[1m[cache] Loaded OHLCV[1d] for SGLY from SGLY.json (1168 rows)[0m
[32m2026-09-10 10:21:43.125[0m | [34m[1mDEBUG   [0m | [36msrc.data.cache[0m:[36mload_ohlcv[0m:[36m237[0m - [34m[1m[cache] Loaded OHLCV[1d] for TSN from TSN.json (5049 rows)[0m
[32m2026-09-10 10:21:43.145[0m | [34m[1mDEBUG   [0m | [36msrc.data.cache[0m:[36mload_ohlcv[0m:[36m237[0m - [34m[1m[cache] Loaded OHLCV[1d] for CNH from CNH.json (2372 rows)[0m
[32m2026-09-10 10:21:43.165[0m | [34m[1mDEBUG   [0m | [36msrc.data.cache[0m:[36mload_ohlcv[0m:[36m237[0m - [34m[1m[cache] Loaded OHLCV[1d] for TGTX from TGTX.json (3340 rows)[0m
[32m2026-09-10 10:21:43.178[0m | [34m[1mDEBUG   [0m | [36msrc.data.cache[0m:[36mload_ohlcv[0m:[36m237[0m - [34m[1m[cache] Loaded OHLCV[1d] for OPTU from OPTU.json (201 rows)[0m
[32m2026-09-10 10:21:43.196[0m | [34m[1mDEBUG   [0m | [36msrc.data.cache[0m:[36mload_ohlcv[0m:[36m237[0m - [34m[1m[cache] Loaded OHLCV[1d] for MAR from MAR.json (5049 rows)[0m
[32m2026-09-10 10:21:43.211[0m | [34m[1mDEBUG   [0m | [36msrc.data.cache[0m:[36mload_ohlcv[0m:[36m237[0m - [34m[1m[cache] Loaded OHLCV[1d] for CRML from CRML.json (635 rows)[0m
[32m2026-09-10 10:21:43.235[0m | [34m[1mDEBUG   [0m | [36msrc.data.cache[0m:[36mload_ohlcv[0m:[36m237[0m - [34m[1m[cache] Loaded OHLCV[1d] for INDB from INDB.json (5049 rows)[0m
[32m2026-09-10 10:21:43.253[0m | [34m[1mDEBUG   [0m | [36msrc.data.cache[0m:[36mload_ohlcv[0m:[36m237[0m - [34m[1m[cache] Loaded OHLCV[1d] for SRAD from SRAD.json (1252 rows)[0m
[32m2026-09-10 10:21:43.267[0m | [34m[1mDEBUG   [0m | [36msrc.data.cache[0m:[36mload_ohlcv[0m:[36m237[0m - [34m[1m[cache] Loaded OHLCV[1d] for BY from BY.json (2310 rows)[0m
[32m2026-09-10 10:21:43.279[0m | [34m[1mDEBUG   [0m | [36msrc.data.cache[0m:[36mload_ohlcv[0m:[36m237[0m - [34m[1m[cache] Loaded OHLCV[1d] for FOA from FOA.json (1551 rows)[0m
[32m2026-09-10 10:21:43.298[0m | [34m[1mDEBUG   [0m | [36msrc.data.cache[0m:[36mload_ohlcv[0m:[36m237[0m - [34m[1m[cache] Loaded OHLCV[1d] for RNST from RNST.json (5049 rows)[0m
[32m2026-09-10 10:21:43.326[0m | [34m[1mDEBUG   [0m | [36msrc.data.cache[0m:[36mload_ohlcv[0m:[36m237[0m - [34m[1m[cache] Loaded OHLCV[1d] for FSS from FSS.json (5049 rows)[0m
[32m2026-09-10 10:21:43.350[0m | [34m[1mDEBUG   [0m | [36msrc.data.cache[0m:[36mload_ohlcv[0m:[36m237[0m - [34m[1m[cache] Loaded OHLCV[1d] for HOPE from HOPE.json (2541 rows)[0m
[32m2026-09-10 10:21:43.375[0m | [34m[1mDEBUG   [0m | [36msrc.data.cache[0m:[36mload_ohlcv[0m:[36m237[0m - [34m[1m[cache] Loaded OHLCV[1d] for AVY from AVY.json (5049 rows)[0m
[32m2026-09-10 10:21:43.393[0m | [34m[1mDEBUG   [0m | [36msrc.data.cache[0m:[36mload_ohlcv[0m:[36m237[0m - [34m[1m[cache] Loaded OHLCV[1d] for FTRE from FTRE.json (800 rows)[0m
[32m2026-09-10 10:21:43.416[0m | [34m[1mDEBUG   [0m | [36msrc.data.cache[0m:[36mload_ohlcv[0m:[36m237[0m - [34m[1m[cache] Loaded OHLCV[1d] for HMN from HMN.json (5049 rows)[0m
[32m2026-09-10 10:21:43.435[0m | [34m[1mDEBUG   [0m | [36msrc.data.cache[0m:[36mload_ohlcv[0m:[36m237[0m - [34m[1m[cache] Loaded OHLCV[1d] for OBIO from OBIO.json (907 rows)[0m
[32m2026-09-10 10:21:43.442[0m | [34m[1mDEBUG   [0m | [36msrc.data.cache[0m:[36mload_ohlcv[0m:[36m237[0m - [34m[1m[cache] Loaded OHLCV[1d] for PTIR from PTIR.json (505 rows)[0m
[32m2026-09-10 10:21:43.449[0m | [34m[1mDEBUG   [0m | [36msrc.data.cache[0m:[36mload_ohlcv[0m:[36m237[0m - [34m[1m[cache] Loaded OHLCV[1d] for GRAB from GRAB.json (1196 rows)[0m
[32m2026-09-10 10:21:43.456[0m | [34m[1mDEBUG   [0m | [36msrc.data.cache[0m:[36mload_ohlcv[0m:[36m237[0m - [34m[1m[cache] Loaded OHLCV[1d] for PLTU from PLTU.json (436 rows)[0m
[32m2026-09-10 10:21:43.469[0m | [34m[1mDEBUG   [0m | [36msrc.data.cache[0m:[36mload_ohlcv[0m:[36m237[0m - [34m[1m[cache] Loaded OHLCV[1d] for ATKR from ATKR.json (2576 rows)[0m
[32m2026-09-10 10:21:43.493[0m | [34m[1mDEBUG   [0m | [36msrc.data.cache[0m:[36mload_ohlcv[0m:[36m237[0m - [34m[1m[cache] Loaded OHLCV[1d] for CLX from CLX.json (5049 rows)[0m
[32m2026-09-10 10:21:43.512[0m | [34m[1mDEBUG   [0m | [36msrc.data.cache[0m:[36mload_ohlcv[0m:[36m237[0m - [34m[1m[cache] Loaded OHLCV[1d] for CCB from CCB.json (2047 rows)[0m
[32m2026-09-10 10:21:43.531[0m | [34m[1mDEBUG   [0m | [36msrc.data.cache[0m:[36mload_ohlcv[0m:[36m237[0m - [34m[1m[cache] Loaded OHLCV[1d] for GGG from GGG.json (5049 rows)[0m
[32m2026-09-10 10:21:43.560[0m | [34m[1mDEBUG   [0m | [36msrc.data.cache[0m:[36mload_ohlcv[0m:[36m237[0m - [34m[1m[cache] Loaded OHLCV[1d] for MYE from MYE.json (5049 rows)[0m
[32m2026-09-10 10:21:43.591[0m | [34m[1mDEBUG   [0m | [36msrc.data.cache[0m:[36mload_ohlcv[0m:[36m237[0m - [34m[1m[cache] Loaded OHLCV[1d] for ASA from ASA.json (5049 rows)[0m
[32m2026-09-10 10:21:43.611[0m | [34m[1mDEBUG   [0m | [36msrc.data.cache[0m:[36mload_ohlcv[0m:[36m237[0m - [34m[1m[cache] Loaded OHLCV[1d] for GEF-B from GEF-B.json (1279 rows)[0m
[32m2026-09-10 10:21:43.616[0m | [34m[1mDEBUG   [0m | [36msrc.data.cache[0m:[36mload_ohlcv[0m:[36m237[0m - [34m[1m[cache] Loaded OHLCV[1d] for SOMN from SOMN.json (206 rows)[0m
[32m2026-09-10 10:21:43.624[0m | [34m[1mDEBUG   [0m | [36msrc.data.cache[0m:[36mload_ohlcv[0m:[36m237[0m - [34m[1m[cache] Loaded OHLCV[1d] for IGIC from IGIC.json (1619 rows)[0m
[32m2026-09-10 10:21:43.637[0m | [34m[1mDEBUG   [0m | [36msrc.data.cache[0m:[36mload_ohlcv[0m:[36m237[0m - [34m[1m[cache] Loaded OHLCV[1d] for PBF from PBF.json (4006 rows)[0m
[32m2026-09-10 10:21:43.663[0m | [34m[1mDEBUG   [0m | [36msrc.data.cache[0m:[36mload_ohlcv[0m:[36m237[0m - [34m[1m[cache] Loaded OHLCV[1d] for BAP from BAP.json (5049 rows)[0m
[32m2026-09-10 10:21:43.681[0m | [34m[1mDEBUG   [0m | [36msrc.data.cache[0m:[36mload_ohlcv[0m:[36m237[0m - [34m[1m[cache] Loaded OHLCV[1d] for AVAH from AVAH.json (1347 rows)[0m
[32m2026-09-10 10:21:43.693[0m | [34m[1mDEBUG   [0m | [36msrc.data.cache[0m:[36mload_ohlcv[0m:[36m237[0m - [34m[1m[cache] Loaded OHLCV[1d] for IBTA from IBTA.json (889 rows)[0m
[32m2026-09-10 10:21:43.704[0m | [34m[1mDEBUG   [0m | [36msrc.data.cache[0m:[36mload_ohlcv[0m:[36m237[0m - [34m[1m[cache] Loaded OHLCV[1d] for SSB from SSB.json (3067 rows)[0m
[32m2026-09-10 10:21:43.722[0m | [34m[1mDEBUG   [0m | [36msrc.data.cache[0m:[36mload_ohlcv[0m:[36m237[0m - [34m[1m[cache] Loaded OHLCV[1d] for WATT from WATT.json (3131 rows)[0m
[32m2026-09-10 10:21:43.737[0m | [34m[1mDEBUG   [0m | [36msrc.data.cache[0m:[36mload_ohlcv[0m:[36m237[0m - [34m[1m[cache] Loaded OHLCV[1d] for CLVT from CLVT.json (1408 rows)[0m
[32m2026-09-10 10:21:43.757[0m | [34m[1mDEBUG   [0m | [36msrc.data.cache[0m:[36mload_ohlcv[0m:[36m237[0m - [34m[1m[cache] Loaded OHLCV[1d] for GCO from GCO.json (5049 rows)[0m
[32m2026-09-10 10:21:43.775[0m | [34m[1mDEBUG   [0m | [36msrc.data.cache[0m:[36mload_ohlcv[0m:[36m237[0m - [34m[1m[cache] Loaded OHLCV[1d] for FTDR from FTDR.json (1995 rows)[0m
[32m2026-09-10 10:21:43.798[0m | [34m[1mDEBUG   [0m | [36msrc.data.cache[0m:[36mload_ohlcv[0m:[36m237[0m - [34m[1m[cache] Loaded OHLCV[1d] for KFRC from KFRC.json (5049 rows)[0m
[32m2026-09-10 10:21:43.825[0m | [34m[1mDEBUG   [0m | [36msrc.data.cache[0m:[36mload_ohlcv[0m:[36m237[0m - [34m[1m[cache] Loaded OHLCV[1d] for DUK from DUK.json (5049 rows)[0m
[32m2026-09-10 10:21:43.924[0m | [34m[1mDEBUG   [0m | [36msrc.data.cache[0m:[36mload_ohlcv[0m:[36m237[0m - [34m[1m[cache] Loaded OHLCV[1d] for LDOS from LDOS.json (3255 rows)[0m
[32m2026-09-10 10:21:43.950[0m | [34m[1mDEBUG   [0m | [36msrc.data.cache[0m:[36mload_ohlcv[0m:[36m237[0m - [34m[1m[cache] Loaded OHLCV[1d] for CMI from CMI.json (5049 rows)[0m
[32m2026-09-10 10:21:43.976[0m | [34m[1mDEBUG   [0m | [36msrc.data.cache[0m:[36mload_ohlcv[0m:[36m237[0m - [34m[1m[cache] Loaded OHLCV[1d] for BRKR from BRKR.json (5049 rows)[0m
[32m2026-09-10 10:21:43.999[0m | [34m[1mDEBUG   [0m | [36msrc.data.cache[0m:[36mload_ohlcv[0m:[36m237[0m - [34m[1m[cache] Loaded OHLCV[1d] for AWF from AWF.json (5049 rows)[0m
[32m2026-09-10 10:21:44.026[0m | [34m[1mDEBUG   [0m | [36msrc.data.cache[0m:[36mload_ohlcv[0m:[36m237[0m - [34m[1m[cache] Loaded OHLCV[1d] for CVBF from CVBF.json (5049 rows)[0m
[32m2026-09-10 10:21:44.057[0m | [34m[1mDEBUG   [0m | [36msrc.data.cache[0m:[36mload_ohlcv[0m:[36m237[0m - [34m[1m[cache] Loaded OHLCV[1d] for ATR from ATR.json (5049 rows)[0m
[32m2026-09-10 10:21:44.073[0m | [34m[1mDEBUG   [0m | [36msrc.data.cache[0m:[36mload_ohlcv[0m:[36m237[0m - [34m[1m[cache] Loaded OHLCV[1d] for OBAI from OBAI.json (122 rows)[0m
[32m2026-09-10 10:21:44.082[0m | [34m[1mDEBUG   [0m | [36msrc.data.cache[0m:[36mload_ohlcv[0m:[36m237[0m - [34m[1m[cache] Loaded OHLCV[1d] for AMPX from AMPX.json (1433 rows)[0m
[32m2026-09-10 10:21:44.103[0m | [34m[1mDEBUG   [0m | [36msrc.data.cache[0m:[36mload_ohlcv[0m:[36m237[0m - [34m[1m[cache] Loaded OHLCV[1d] for ZBRA from ZBRA.json (5049 rows)[0m
[32m2026-09-10 10:21:44.128[0m | [34m[1mDEBUG   [0m | [36msrc.data.cache[0m:[36mload_ohlcv[0m:[36m237[0m - [34m[1m[cache] Loaded OHLCV[1d] for APPS from APPS.json (2927 rows)[0m
[32m2026-09-10 10:21:44.140[0m | [34m[1mDEBUG   [0m | [36msrc.data.cache[0m:[36mload_ohlcv[0m:[36m237[0m - [34m[1m[cache] Loaded OHLCV[1d] for PLTZ from PLTZ.json (316 rows)[0m
[32m2026-09-10 10:21:44.152[0m | [34m[1mDEBUG   [0m | [36msrc.data.cache[0m:[36mload_ohlcv[0m:[36m237[0m - [34m[1m[cache] Loaded OHLCV[1d] for APTV from APTV.json (2201 rows)[0m
[32m2026-09-10 10:21:44.169[0m | [34m[1mDEBUG   [0m | [36msrc.data.cache[0m:[36mload_ohlcv[0m:[36m237[0m - [34m[1m[cache] Loaded OHLCV[1d] for ACEL from ACEL.json (2310 rows)[0m
[32m2026-09-10 10:21:44.189[0m | [34m[1mDEBUG   [0m | [36msrc.data.cache[0m:[36mload_ohlcv[0m:[36m237[0m - [34m[1m[cache] Loaded OHLCV[1d] for ACRE from ACRE.json (3613 rows)[0m
[32m2026-09-10 10:21:44.218[0m | [34m[1mDEBUG   [0m | [36msrc.data.cache[0m:[36mload_ohlcv[0m:[36m237[0m - [34m[1m[cache] Loaded OHLCV[1d] for AFG from AFG.json (5049 rows)[0m
[32m2026-09-10 10:21:44.231[0m | [34m[1mDEBUG   [0m | [36msrc.data.cache[0m:[36mload_ohlcv[0m:[36m237[0m - [34m[1m[cache] Loaded OHLCV[1d] for AGNT from AGNT.json (85 rows)[0m
[32m2026-09-10 10:21:44.242[0m | [34m[1mDEBUG   [0m | [36msrc.data.cache[0m:[36mload_ohlcv[0m:[36m237[0m - [34m[1m[cache] Loaded OHLCV[1d] for AHCO from AHCO.json (1715 rows)[0m
[32m2026-09-10 10:21:44.266[0m | [34m[1mDEBUG   [0m | [36msrc.data.cache[0m:[36mload_ohlcv[0m:[36m237[0m - [34m[1m[cache] Loaded OHLCV[1d] for AIN from AIN.json (5049 rows)[0m
[32m2026-09-10 10:21:44.297[0m | [34m[1mDEBUG   [0m | [36msrc.data.cache[0m:[36mload_ohlcv[0m:[36m237[0m - [34m[1m[cache] Loaded OHLCV[1d] for AIZ from AIZ.json (5049 rows)[0m
[32m2026-09-10 10:21:44.313[0m | [34m[1mDEBUG   [0m | [36msrc.data.cache[0m:[36mload_ohlcv[0m:[36m237[0m - [34m[1m[cache] Loaded OHLCV[1d] for SONY from SONY.json (1366 rows)[0m
[32m2026-09-10 10:21:44.326[0m | [34m[1mDEBUG   [0m | [36msrc.data.cache[0m:[36mload_ohlcv[0m:[36m237[0m - [34m[1m[cache] Loaded OHLCV[1d] for SPRB from SPRB.json (1465 rows)[0m
[32m2026-09-10 10:21:44.339[0m | [34m[1mDEBUG   [0m | [36msrc.data.cache[0m:[36mload_ohlcv[0m:[36m237[0m - [34m[1m[cache] Loaded OHLCV[1d] for RXST from RXST.json (1283 rows)[0m
[32m2026-09-10 10:21:44.355[0m | [34m[1mDEBUG   [0m | [36msrc.data.cache[0m:[36mload_ohlcv[0m:[36m237[0m - [34m[1m[cache] Loaded OHLCV[1d] for STIM from STIM.json (2060 rows)[0m
[32m2026-09-10 10:21:44.370[0m | [34m[1mDEBUG   [0m | [36msrc.data.cache[0m:[36mload_ohlcv[0m:[36m237[0m - [34m[1m[cache] Loaded OHLCV[1d] for GALT from GALT.json (3636 rows)[0m
[32m2026-09-10 10:21:44.382[0m | [34m[1mDEBUG   [0m | [36msrc.data.cache[0m:[36mload_ohlcv[0m:[36m237[0m - [34m[1m[cache] Loaded OHLCV[1d] for LKNCY from LKNCY.json (1169 rows)[0m
[32m2026-09-10 10:21:44.394[0m | [34m[1mDEBUG   [0m | [36msrc.data.cache[0m:[36mload_ohlcv[0m:[36m237[0m - [34m[1m[cache] Loaded OHLCV[1d] for BWFG from BWFG.json (3074 rows)[0m
[32m2026-09-10 10:21:44.421[0m | [34m[1mDEBUG   [0m | [36msrc.data.cache[0m:[36mload_ohlcv[0m:[36m237[0m - [34m[1m[cache] Loaded OHLCV[1d] for MLI from MLI.json (5049 rows)[0m
[32m2026-09-10 10:21:44.452[0m | [34m[1mDEBUG   [0m | [36msrc.data.cache[0m:[36mload_ohlcv[0m:[36m237[0m - [34m[1m[cache] Loaded OHLCV[1d] for SSD from SSD.json (5049 rows)[0m
[32m2026-09-10 10:21:44.486[0m | [34m[1mDEBUG   [0m | [36msrc.data.cache[0m:[36mload_ohlcv[0m:[36m237[0m - [34m[1m[cache] Loaded OHLCV[1d] for GOOD from GOOD.json (5049 rows)[0m
[32m2026-09-10 10:21:44.517[0m | [34m[1mDEBUG   [0m | [36msrc.data.cache[0m:[36mload_ohlcv[0m:[36m237[0m - [34m[1m[cache] Loaded OHLCV[1d] for TRMB from TRMB.json (5049 rows)[0m
[32m2026-09-10 10:21:44.548[0m | [34m[1mDEBUG   [0m | [36msrc.data.cache[0m:[36mload_ohlcv[0m:[36m237[0m - [34m[1m[cache] Loaded OHLCV[1d] for CMS from CMS.json (5049 rows)[0m
[32m2026-09-10 10:21:44.568[0m | [34m[1mDEBUG   [0m | [36msrc.data.cache[0m:[36mload_ohlcv[0m:[36m237[0m - [34m[1m[cache] Loaded OHLCV[1d] for COUR from COUR.json (1367 rows)[0m
[32m2026-09-10 10:21:44.581[0m | [34m[1mDEBUG   [0m | [36msrc.data.cache[0m:[36mload_ohlcv[0m:[36m237[0m - [34m[1m[cache] Loaded OHLCV[1d] for PAL from PAL.json (2768 rows)[0m
[32m2026-09-10 10:21:44.597[0m | [34m[1mDEBUG   [0m | [36msrc.data.cache[0m:[36mload_ohlcv[0m:[36m237[0m - [34m[1m[cache] Loaded OHLCV[1d] for ASMB from ASMB.json (3058 rows)[0m
[32m2026-09-10 10:21:44.612[0m | [34m[1mDEBUG   [0m | [36msrc.data.cache[0m:[36mload_ohlcv[0m:[36m237[0m - [34m[1m[cache] Loaded OHLCV[1d] for FBIN from FBIN.json (935 rows)[0m
[32m2026-09-10 10:21:44.636[0m | [34m[1mDEBUG   [0m | [36msrc.data.cache[0m:[36mload_ohlcv[0m:[36m237[0m - [34m[1m[cache] Loaded OHLCV[1d] for ATLO from ATLO.json (4960 rows)[0m
[32m2026-09-10 10:21:44.667[0m | [34m[1mDEBUG   [0m | [36msrc.data.cache[0m:[36mload_ohlcv[0m:[36m237[0m - [34m[1m[cache] Loaded OHLCV[1d] for USPH from USPH.json (5049 rows)[0m
[32m2026-09-10 10:21:44.681[0m | [34m[1mDEBUG   [0m | [36msrc.data.cache[0m:[36mload_ohlcv[0m:[36m237[0m - [34m[1m[cache] Loaded OHLCV[1d] for HLLY from HLLY.json (1282 rows)[0m
[32m2026-09-10 10:21:44.692[0m | [34m[1mDEBUG   [0m | [36msrc.data.cache[0m:[36mload_ohlcv[0m:[36m237[0m - [34m[1m[cache] Loaded OHLCV[1d] for INVX from INVX.json (998 rows)[0m
[32m2026-09-10 10:21:44.703[0m | [34m[1mDEBUG   [0m | [36msrc.data.cache[0m:[36mload_ohlcv[0m:[36m237[0m - [34m[1m[cache] Loaded OHLCV[1d] for LUMN from LUMN.json (1500 rows)[0m
[32m2026-09-10 10:21:44.729[0m | [34m[1mDEBUG   [0m | [36msrc.data.cache[0m:[36mload_ohlcv[0m:[36m237[0m - [34m[1m[cache] Loaded OHLCV[1d] for GTE from GTE.json (4676 rows)[0m
[32m2026-09-10 10:21:44.749[0m | [34m[1mDEBUG   [0m | [36msrc.data.cache[0m:[36mload_ohlcv[0m:[36m237[0m - [34m[1m[cache] Loaded OHLCV[1d] for BSP from BSP.json (2079 rows)[0m
[32m2026-09-10 10:21:44.770[0m | [34m[1mDEBUG   [0m | [36msrc.data.cache[0m:[36mload_ohlcv[0m:[36m237[0m - [34m[1m[cache] Loaded OHLCV[1d] for NLST from NLST.json (4138 rows)[0m
[32m2026-09-10 10:21:44.792[0m | [34m[1mDEBUG   [0m | [36msrc.data.cache[0m:[36mload_ohlcv[0m:[36m237[0m - [34m[1m[cache] Loaded OHLCV[1d] for SHAK from SHAK.json (2919 rows)[0m
[32m2026-09-10 10:21:44.815[0m | [34m[1mDEBUG   [0m | [36msrc.data.cache[0m:[36mload_ohlcv[0m:[36m237[0m - [34m[1m[cache] Loaded OHLCV[1d] for TFSL from TFSL.json (4877 rows)[0m
[32m2026-09-10 10:21:44.838[0m | [34m[1mDEBUG   [0m | [36msrc.data.cache[0m:[36mload_ohlcv[0m:[36m237[0m - [34m[1m[cache] Loaded OHLCV[1d] for PODD from PODD.json (4861 rows)[0m
[32m2026-09-10 10:21:44.853[0m | [34m[1mDEBUG   [0m | [36msrc.data.cache[0m:[36mload_ohlcv[0m:[36m237[0m - [34m[1m[cache] Loaded OHLCV[1d] for AAUC from AAUC.json (315 rows)[0m
[32m2026-09-10 10:21:44.866[0m | [34m[1mDEBUG   [0m | [36msrc.data.cache[0m:[36mload_ohlcv[0m:[36m237[0m - [34m[1m[cache] Loaded OHLCV[1d] for ABUS from ABUS.json (2792 rows)[0m
[32m2026-09-10 10:21:44.881[0m | [34m[1mDEBUG   [0m | [36msrc.data.cache[0m:[36mload_ohlcv[0m:[36m237[0m - [34m[1m[cache] Loaded OHLCV[1d] for ACB from ACB.json (2131 rows)[0m
[32m2026-09-10 10:21:44.896[0m | [34m[1mDEBUG   [0m | [36msrc.data.cache[0m:[36mload_ohlcv[0m:[36m237[0m - [34m[1m[cache] Loaded OHLCV[1d] for ACIC from ACIC.json (957 rows)[0m
[32m2026-09-10 10:21:44.910[0m | [34m[1mDEBUG   [0m | [36msrc.data.cache[0m:[36mload_ohlcv[0m:[36m237[0m - [34m[1m[cache] Loaded OHLCV[1d] for ACT from ACT.json (2576 rows)[0m
[32m2026-09-10 10:21:44.937[0m | [34m[1mDEBUG   [0m | [36msrc.data.cache[0m:[36mload_ohlcv[0m:[36m237[0m - [34m[1m[cache] Loaded OHLCV[1d] for ACTG from ACTG.json (5049 rows)[0m
[32m2026-09-10 10:21:44.961[0m | [34m[1mDEBUG   [0m | [36msrc.data.cache[0m:[36mload_ohlcv[0m:[36m237[0m - [34m[1m[cache] Loaded OHLCV[1d] for ADNT from ADNT.json (2477 rows)[0m
[32m2026-09-10 10:21:44.976[0m | [34m[1mDEBUG   [0m | [36msrc.data.cache[0m:[36mload_ohlcv[0m:[36m237[0m - [34m[1m[cache] Loaded OHLCV[1d] for ADV from ADV.json (1471 rows)[0m
[32m2026-09-10 10:21:44.992[0m | [34m[1mDEBUG   [0m | [36msrc.data.cache[0m:[36mload_ohlcv[0m:[36m237[0m - [34m[1m[cache] Loaded OHLCV[1d] for AGL from AGL.json (2575 rows)[0m
[32m2026-09-10 10:21:45.005[0m | [34m[1mDEBUG   [0m | [36msrc.data.cache[0m:[36mload_ohlcv[0m:[36m237[0m - [34m[1m[cache] Loaded OHLCV[1d] for BALL from BALL.json (1087 rows)[0m
[32m2026-09-10 10:21:45.026[0m | [34m[1mDEBUG   [0m | [36msrc.data.cache[0m:[36mload_ohlcv[0m:[36m237[0m - [34m[1m[cache] Loaded OHLCV[1d] for PALL from PALL.json (4192 rows)[0m
[32m2026-09-10 10:21:45.048[0m | [34m[1mDEBUG   [0m | [36msrc.data.cache[0m:[36mload_ohlcv[0m:[36m237[0m - [34m[1m[cache] Loaded OHLCV[1d] for WING from WING.json (2827 rows)[0m
[32m2026-09-10 10:21:45.073[0m | [34m[1mDEBUG   [0m | [36msrc.data.cache[0m:[36mload_ohlcv[0m:[36m237[0m - [34m[1m[cache] Loaded OHLCV[1d] for ARCO from ARCO.json (3873 rows)[0m
[32m2026-09-10 10:21:45.085[0m | [34m[1mDEBUG   [0m | [36msrc.data.cache[0m:[36mload_ohlcv[0m:[36m237[0m - [34m[1m[cache] Loaded OHLCV[1d] for DFH from DFH.json (1415 rows)[0m
[32m2026-09-10 10:21:45.105[0m | [34m[1mDEBUG   [0m | [36msrc.data.cache[0m:[36mload_ohlcv[0m:[36m237[0m - [34m[1m[cache] Loaded OHLCV[1d] for GFF from GFF.json (5049 rows)[0m
[32m2026-09-10 10:21:45.134[0m | [34m[1mDEBUG   [0m | [36msrc.data.cache[0m:[36mload_ohlcv[0m:[36m237[0m - [34m[1m[cache] Loaded OHLCV[1d] for ARW from ARW.json (5049 rows)[0m
[32m2026-09-10 10:21:45.158[0m | [34m[1mDEBUG   [0m | [36msrc.data.cache[0m:[36mload_ohlcv[0m:[36m237[0m - [34m[1m[cache] Loaded OHLCV[1d] for NVT from NVT.json (2580 rows)[0m
[32m2026-09-10 10:21:45.170[0m | [34m[1mDEBUG   [0m | [36msrc.data.cache[0m:[36mload_ohlcv[0m:[36m237[0m - [34m[1m[cache] Loaded OHLCV[1d] for MAGN from MAGN.json (461 rows)[0m
[32m2026-09-10 10:21:45.192[0m | [34m[1mDEBUG   [0m | [36msrc.data.cache[0m:[36mload_ohlcv[0m:[36m237[0m - [34m[1m[cache] Loaded OHLCV[1d] for DORM from DORM.json (5027 rows)[0m
[32m2026-09-10 10:21:45.219[0m | [34m[1mDEBUG   [0m | [36msrc.data.cache[0m:[36mload_ohlcv[0m:[36m237[0m - [34m[1m[cache] Loaded OHLCV[1d] for EA from EA.json (3675 rows)[0m
[32m2026-09-10 10:21:45.238[0m | [34m[1mDEBUG   [0m | [36msrc.data.cache[0m:[36mload_ohlcv[0m:[36m237[0m - [34m[1m[cache] Loaded OHLCV[1d] for AUDC from AUDC.json (5049 rows)[0m
[32m2026-09-10 10:21:45.254[0m | [34m[1mDEBUG   [0m | [36msrc.data.cache[0m:[36mload_ohlcv[0m:[36m237[0m - [34m[1m[cache] Loaded OHLCV[1d] for BORR from BORR.json (1787 rows)[0m
[32m2026-09-10 10:21:45.277[0m | [34m[1mDEBUG   [0m | [36msrc.data.cache[0m:[36mload_ohlcv[0m:[36m237[0m - [34m[1m[cache] Loaded OHLCV[1d] for TREE from TREE.json (4540 rows)[0m
[32m2026-09-10 10:21:45.302[0m | [34m[1mDEBUG   [0m | [36msrc.data.cache[0m:[36mload_ohlcv[0m:[36m237[0m - [34m[1m[cache] Loaded OHLCV[1d] for VNOM from VNOM.json (3075 rows)[0m
[32m2026-09-10 10:21:45.392[0m | [34m[1mDEBUG   [0m | [36msrc.data.cache[0m:[36mload_ohlcv[0m:[36m237[0m - [34m[1m[cache] Loaded OHLCV[1d] for FRNM from FRNM.json (36 rows)[0m
[32m2026-09-10 10:21:45.414[0m | [34m[1mDEBUG   [0m | [36msrc.data.cache[0m:[36mload_ohlcv[0m:[36m237[0m - [34m[1m[cache] Loaded OHLCV[1d] for UVE from UVE.json (4872 rows)[0m
[32m2026-09-10 10:21:45.445[0m | [34m[1mDEBUG   [0m | [36msrc.data.cache[0m:[36mload_ohlcv[0m:[36m237[0m - [34m[1m[cache] Loaded OHLCV[1d] for TYL from TYL.json (5049 rows)[0m
[32m2026-09-10 10:21:45.470[0m | [34m[1mDEBUG   [0m | [36msrc.data.cache[0m:[36mload_ohlcv[0m:[36m237[0m - [34m[1m[cache] Loaded OHLCV[1d] for JBI from JBI.json (2903 rows)[0m
[32m2026-09-10 10:21:45.492[0m | [34m[1mDEBUG   [0m | [36msrc.data.cache[0m:[36mload_ohlcv[0m:[36m237[0m - [34m[1m[cache] Loaded OHLCV[1d] for MBUU from MBUU.json (3170 rows)[0m
[32m2026-09-10 10:21:45.520[0m | [34m[1mDEBUG   [0m | [36msrc.data.cache[0m:[36mload_ohlcv[0m:[36m237[0m - [34m[1m[cache] Loaded OHLCV[1d] for GLRE from GLRE.json (4854 rows)[0m
[32m2026-09-10 10:21:45.542[0m | [34m[1mDEBUG   [0m | [36msrc.data.cache[0m:[36mload_ohlcv[0m:[36m237[0m - [34m[1m[cache] Loaded OHLCV[1d] for SILC from SILC.json (5049 rows)[0m
[32m2026-09-10 10:21:45.563[0m | [34m[1mDEBUG   [0m | [36msrc.data.cache[0m:[36mload_ohlcv[0m:[36m237[0m - [34m[1m[cache] Loaded OHLCV[1d] for LW from LW.json (2469 rows)[0m
[32m2026-09-10 10:21:45.589[0m | [34m[1mDEBUG   [0m | [36msrc.data.cache[0m:[36mload_ohlcv[0m:[36m237[0m - [34m[1m[cache] Loaded OHLCV[1d] for QDEL from QDEL.json (5049 rows)[0m
[32m2026-09-10 10:21:45.609[0m | [34m[1mDEBUG   [0m | [36msrc.data.cache[0m:[36mload_ohlcv[0m:[36m237[0m - [34m[1m[cache] Loaded OHLCV[1d] for CELZ from CELZ.json (1195 rows)[0m
[32m2026-09-10 10:21:45.616[0m | [34m[1mDEBUG   [0m | [36msrc.data.cache[0m:[36mload_ohlcv[0m:[36m237[0m - [34m[1m[cache] Loaded OHLCV[1d] for EIKN from EIKN.json (149 rows)[0m
[32m2026-09-10 10:21:45.637[0m | [34m[1mDEBUG   [0m | [36msrc.data.cache[0m:[36mload_ohlcv[0m:[36m237[0m - [34m[1m[cache] Loaded OHLCV[1d] for FCFS from FCFS.json (5049 rows)[0m
[32m2026-09-10 10:21:45.664[0m | [34m[1mDEBUG   [0m | [36msrc.data.cache[0m:[36mload_ohlcv[0m:[36m237[0m - [34m[1m[cache] Loaded OHLCV[1d] for CAC from CAC.json (5049 rows)[0m
[32m2026-09-10 10:21:45.678[0m | [34m[1mDEBUG   [0m | [36msrc.data.cache[0m:[36mload_ohlcv[0m:[36m237[0m - [34m[1m[cache] Loaded OHLCV[1d] for BIRD from BIRD.json (1216 rows)[0m
[32m2026-09-10 10:21:45.686[0m | [34m[1mDEBUG   [0m | [36msrc.data.cache[0m:[36mload_ohlcv[0m:[36m237[0m - [34m[1m[cache] Loaded OHLCV[1d] for GPGI from GPGI.json (158 rows)[0m
[32m2026-09-10 10:21:45.703[0m | [34m[1mDEBUG   [0m | [36msrc.data.cache[0m:[36mload_ohlcv[0m:[36m237[0m - [34m[1m[cache] Loaded OHLCV[1d] for BELFB from BELFB.json (5049 rows)[0m
[32m2026-09-10 10:21:45.718[0m | [34m[1mDEBUG   [0m | [36msrc.data.cache[0m:[36mload_ohlcv[0m:[36m237[0m - [34m[1m[cache] Loaded OHLCV[1d] for FLOC from FLOC.json (413 rows)[0m
[32m2026-09-10 10:21:45.734[0m | [34m[1mDEBUG   [0m | [36msrc.data.cache[0m:[36mload_ohlcv[0m:[36m237[0m - [34m[1m[cache] Loaded OHLCV[1d] for CNR from CNR.json (3264 rows)[0m
[32m2026-09-10 10:21:45.752[0m | [34m[1mDEBUG   [0m | [36msrc.data.cache[0m:[36mload_ohlcv[0m:[36m237[0m - [34m[1m[cache] Loaded OHLCV[1d] for BLBD from BLBD.json (2902 rows)[0m
[32m2026-09-10 10:21:45.767[0m | [34m[1mDEBUG   [0m | [36msrc.data.cache[0m:[36mload_ohlcv[0m:[36m237[0m - [34m[1m[cache] Loaded OHLCV[1d] for CPRI from CPRI.json (1932 rows)[0m
[32m2026-09-10 10:21:45.779[0m | [34m[1mDEBUG   [0m | [36msrc.data.cache[0m:[36mload_ohlcv[0m:[36m237[0m - [34m[1m[cache] Loaded OHLCV[1d] for HLMN from HLMN.json (1294 rows)[0m
[32m2026-09-10 10:21:45.803[0m | [34m[1mDEBUG   [0m | [36msrc.data.cache[0m:[36mload_ohlcv[0m:[36m237[0m - [34m[1m[cache] Loaded OHLCV[1d] for HLF from HLF.json (5049 rows)[0m
[32m2026-09-10 10:21:45.824[0m | [34m[1mDEBUG   [0m | [36msrc.data.cache[0m:[36mload_ohlcv[0m:[36m237[0m - [34m[1m[cache] Loaded OHLCV[1d] for GFL from GFL.json (1639 rows)[0m
[32m2026-09-10 10:21:45.837[0m | [34m[1mDEBUG   [0m | [36msrc.data.cache[0m:[36mload_ohlcv[0m:[36m237[0m - [34m[1m[cache] Loaded OHLCV[1d] for BWMN from BWMN.json (1339 rows)[0m
[32m2026-09-10 10:21:45.862[0m | [34m[1mDEBUG   [0m | [36msrc.data.cache[0m:[36mload_ohlcv[0m:[36m237[0m - [34m[1m[cache] Loaded OHLCV[1d] for HNI from HNI.json (5049 rows)[0m
[32m2026-09-10 10:21:45.881[0m | [34m[1mDEBUG   [0m | [36msrc.data.cache[0m:[36mload_ohlcv[0m:[36m237[0m - [34m[1m[cache] Loaded OHLCV[1d] for IMCR from IMCR.json (1404 rows)[0m
[32m2026-09-10 10:21:45.901[0m | [34m[1mDEBUG   [0m | [36msrc.data.cache[0m:[36mload_ohlcv[0m:[36m237[0m - [34m[1m[cache] Loaded OHLCV[1d] for BCO from BCO.json (5049 rows)[0m
[32m2026-09-10 10:21:45.930[0m | [34m[1mDEBUG   [0m | [36msrc.data.cache[0m:[36mload_ohlcv[0m:[36m237[0m - [34m[1m[cache] Loaded OHLCV[1d] for HII from HII.json (3883 rows)[0m
[32m2026-09-10 10:21:45.941[0m | [34m[1mDEBUG   [0m | [36msrc.data.cache[0m:[36mload_ohlcv[0m:[36m237[0m - [34m[1m[cache] Loaded OHLCV[1d] for CDNL from CDNL.json (187 rows)[0m
[32m2026-09-10 10:21:45.957[0m | [34m[1mDEBUG   [0m | [36msrc.data.cache[0m:[36mload_ohlcv[0m:[36m237[0m - [34m[1m[cache] Loaded OHLCV[1d] for CSTM from CSTM.json (3344 rows)[0m
[32m2026-09-10 10:21:45.987[0m | [34m[1mDEBUG   [0m | [36msrc.data.cache[0m:[36mload_ohlcv[0m:[36m237[0m - [34m[1m[cache] Loaded OHLCV[1d] for GVA from GVA.json (5049 rows)[0m
[32m2026-09-10 10:21:46.010[0m | [34m[1mDEBUG   [0m | [36msrc.data.cache[0m:[36mload_ohlcv[0m:[36m237[0m - [34m[1m[cache] Loaded OHLCV[1d] for FCPT from FCPT.json (2722 rows)[0m
[32m2026-09-10 10:21:46.035[0m | [34m[1mDEBUG   [0m | [36msrc.data.cache[0m:[36mload_ohlcv[0m:[36m237[0m - [34m[1m[cache] Loaded OHLCV[1d] for LOPE from LOPE.json (4476 rows)[0m
[32m2026-09-10 10:21:46.052[0m | [34m[1mDEBUG   [0m | [36msrc.data.cache[0m:[36mload_ohlcv[0m:[36m237[0m - [34m[1m[cache] Loaded OHLCV[1d] for XPRO from XPRO.json (1238 rows)[0m
[32m2026-09-10 10:21:46.075[0m | [34m[1mDEBUG   [0m | [36msrc.data.cache[0m:[36mload_ohlcv[0m:[36m237[0m - [34m[1m[cache] Loaded OHLCV[1d] for EZPW from EZPW.json (5049 rows)[0m
[32m2026-09-10 10:21:46.095[0m | [34m[1mDEBUG   [0m | [36msrc.data.cache[0m:[36mload_ohlcv[0m:[36m237[0m - [34m[1m[cache] Loaded OHLCV[1d] for OVV from OVV.json (1664 rows)[0m
[32m2026-09-10 10:21:46.117[0m | [34m[1mDEBUG   [0m | [36msrc.data.cache[0m:[36mload_ohlcv[0m:[36m237[0m - [34m[1m[cache] Loaded OHLCV[1d] for OSIS from OSIS.json (5049 rows)[0m
[32m2026-09-10 10:21:46.141[0m | [34m[1mDEBUG   [0m | [36msrc.data.cache[0m:[36mload_ohlcv[0m:[36m237[0m - [34m[1m[cache] Loaded OHLCV[1d] for PSTL from PSTL.json (2755 rows)[0m
[32m2026-09-10 10:21:46.153[0m | [34m[1mDEBUG   [0m | [36msrc.data.cache[0m:[36mload_ohlcv[0m:[36m237[0m - [34m[1m[cache] Loaded OHLCV[1d] for PRSU from PRSU.json (422 rows)[0m
[32m2026-09-10 10:21:46.172[0m | [34m[1mDEBUG   [0m | [36msrc.data.cache[0m:[36mload_ohlcv[0m:[36m237[0m - [34m[1m[cache] Loaded OHLCV[1d] for PLBC from PLBC.json (4535 rows)[0m
[32m2026-09-10 10:21:46.185[0m | [34m[1mDEBUG   [0m | [36msrc.data.cache[0m:[36mload_ohlcv[0m:[36m237[0m - [34m[1m[cache] Loaded OHLCV[1d] for SBET from SBET.json (1277 rows)[0m
[32m2026-09-10 10:21:46.193[0m | [34m[1mDEBUG   [0m | [36msrc.data.cache[0m:[36mload_ohlcv[0m:[36m237[0m - [34m[1m[cache] Loaded OHLCV[1d] for STOK from STOK.json (1816 rows)[0m
[32m2026-09-10 10:21:46.207[0m | [34m[1mDEBUG   [0m | [36msrc.data.cache[0m:[36mload_ohlcv[0m:[36m237[0m - [34m[1m[cache] Loaded OHLCV[1d] for SITC from SITC.json (1986 rows)[0m
[32m2026-09-10 10:21:46.230[0m | [34m[1mDEBUG   [0m | [36msrc.data.cache[0m:[36mload_ohlcv[0m:[36m237[0m - [34m[1m[cache] Loaded OHLCV[1d] for AOS from AOS.json (5049 rows)[0m
[32m2026-09-10 10:21:46.245[0m | [34m[1mDEBUG   [0m | [36msrc.data.cache[0m:[36mload_ohlcv[0m:[36m237[0m - [34m[1m[cache] Loaded OHLCV[1d] for SATA from SATA.json (208 rows)[0m
[32m2026-09-10 10:21:46.271[0m | [34m[1mDEBUG   [0m | [36msrc.data.cache[0m:[36mload_ohlcv[0m:[36m237[0m - [34m[1m[cache] Loaded OHLCV[1d] for SKT from SKT.json (5049 rows)[0m
[32m2026-09-10 10:21:46.302[0m | [34m[1mDEBUG   [0m | [36msrc.data.cache[0m:[36mload_ohlcv[0m:[36m237[0m - [34m[1m[cache] Loaded OHLCV[1d] for HCC from HCC.json (4682 rows)[0m
[32m2026-09-10 10:21:46.333[0m | [34m[1mDEBUG   [0m | [36msrc.data.cache[0m:[36mload_ohlcv[0m:[36m237[0m - [34m[1m[cache] Loaded OHLCV[1d] for UVSP from UVSP.json (5049 rows)[0m
[32m2026-09-10 10:21:46.352[0m | [34m[1mDEBUG   [0m | [36msrc.data.cache[0m:[36mload_ohlcv[0m:[36m237[0m - [34m[1m[cache] Loaded OHLCV[1d] for HNST from HNST.json (1343 rows)[0m
[32m2026-09-10 10:21:46.374[0m | [34m[1mDEBUG   [0m | [36msrc.data.cache[0m:[36mload_ohlcv[0m:[36m237[0m - [34m[1m[cache] Loaded OHLCV[1d] for TREX from TREX.json (4223 rows)[0m
[32m2026-09-10 10:21:46.396[0m | [34m[1mDEBUG   [0m | [36msrc.data.cache[0m:[36mload_ohlcv[0m:[36m237[0m - [34m[1m[cache] Loaded OHLCV[1d] for ERO from ERO.json (2895 rows)[0m
[32m2026-09-10 10:21:46.422[0m | [34m[1mDEBUG   [0m | [36msrc.data.cache[0m:[36mload_ohlcv[0m:[36m237[0m - [34m[1m[cache] Loaded OHLCV[1d] for IAG from IAG.json (5049 rows)[0m
[32m2026-09-10 10:21:46.436[0m | [34m[1mDEBUG   [0m | [36msrc.data.cache[0m:[36mload_ohlcv[0m:[36m237[0m - [34m[1m[cache] Loaded OHLCV[1d] for AVLN from AVLN.json (89 rows)[0m
[32m2026-09-10 10:21:46.452[0m | [34m[1mDEBUG   [0m | [36msrc.data.cache[0m:[36mload_ohlcv[0m:[36m237[0m - [34m[1m[cache] Loaded OHLCV[1d] for VIPS from VIPS.json (3636 rows)[0m
[32m2026-09-10 10:21:46.476[0m | [34m[1mDEBUG   [0m | [36msrc.data.cache[0m:[36mload_ohlcv[0m:[36m237[0m - [34m[1m[cache] Loaded OHLCV[1d] for HBM from HBM.json (3992 rows)[0m
[32m2026-09-10 10:21:46.504[0m | [34m[1mDEBUG   [0m | [36msrc.data.cache[0m:[36mload_ohlcv[0m:[36m237[0m - [34m[1m[cache] Loaded OHLCV[1d] for EMR from EMR.json (5049 rows)[0m
[32m2026-09-10 10:21:46.521[0m | [34m[1mDEBUG   [0m | [36msrc.data.cache[0m:[36mload_ohlcv[0m:[36m237[0m - [34m[1m[cache] Loaded OHLCV[1d] for SAGT from SAGT.json (379 rows)[0m
[32m2026-09-10 10:21:46.543[0m | [34m[1mDEBUG   [0m | [36msrc.data.cache[0m:[36mload_ohlcv[0m:[36m237[0m - [34m[1m[cache] Loaded OHLCV[1d] for DGII from DGII.json (5049 rows)[0m
[32m2026-09-10 10:21:46.567[0m | [34m[1mDEBUG   [0m | [36msrc.data.cache[0m:[36mload_ohlcv[0m:[36m237[0m - [34m[1m[cache] Loaded OHLCV[1d] for ABX from ABX.json (3291 rows)[0m
[32m2026-09-10 10:21:46.588[0m | [34m[1mDEBUG   [0m | [36msrc.data.cache[0m:[36mload_ohlcv[0m:[36m237[0m - [34m[1m[cache] Loaded OHLCV[1d] for ACIW from ACIW.json (4812 rows)[0m
[32m2026-09-10 10:21:46.607[0m | [34m[1mDEBUG   [0m | [36msrc.data.cache[0m:[36mload_ohlcv[0m:[36m237[0m - [34m[1m[cache] Loaded OHLCV[1d] for ACRS from ACRS.json (2746 rows)[0m
[32m2026-09-10 10:21:46.620[0m | [34m[1mDEBUG   [0m | [36msrc.data.cache[0m:[36mload_ohlcv[0m:[36m237[0m - [34m[1m[cache] Loaded OHLCV[1d] for GFR from GFR.json (1028 rows)[0m
[32m2026-09-10 10:21:46.626[0m | [34m[1mDEBUG   [0m | [36msrc.data.cache[0m:[36mload_ohlcv[0m:[36m237[0m - [34m[1m[cache] Loaded OHLCV[1d] for DMRA from DMRA.json (120 rows)[0m
[32m2026-09-10 10:21:46.642[0m | [34m[1mDEBUG   [0m | [36msrc.data.cache[0m:[36mload_ohlcv[0m:[36m237[0m - [34m[1m[cache] Loaded OHLCV[1d] for CRTO from CRTO.json (3233 rows)[0m
[32m2026-09-10 10:21:46.655[0m | [34m[1mDEBUG   [0m | [36msrc.data.cache[0m:[36mload_ohlcv[0m:[36m237[0m - [34m[1m[cache] Loaded OHLCV[1d] for VVX from VVX.json (1047 rows)[0m
[32m2026-09-10 10:21:46.665[0m | [34m[1mDEBUG   [0m | [36msrc.data.cache[0m:[36mload_ohlcv[0m:[36m237[0m - [34m[1m[cache] Loaded OHLCV[1d] for BLCO from BLCO.json (1089 rows)[0m
[32m2026-09-10 10:21:46.685[0m | [34m[1mDEBUG   [0m | [36msrc.data.cache[0m:[36mload_ohlcv[0m:[36m237[0m - [34m[1m[cache] Loaded OHLCV[1d] for IFF from IFF.json (5049 rows)[0m
[32m2026-09-10 10:21:46.702[0m | [34m[1mDEBUG   [0m | [36msrc.data.cache[0m:[36mload_ohlcv[0m:[36m237[0m - [34m[1m[cache] Loaded OHLCV[1d] for ARHS from ARHS.json (1215 rows)[0m
[32m2026-09-10 10:21:46.714[0m | [34m[1mDEBUG   [0m | [36msrc.data.cache[0m:[36mload_ohlcv[0m:[36m237[0m - [34m[1m[cache] Loaded OHLCV[1d] for GIC from GIC.json (1835 rows)[0m
[32m2026-09-10 10:21:46.732[0m | [34m[1mDEBUG   [0m | [36msrc.data.cache[0m:[36mload_ohlcv[0m:[36m237[0m - [34m[1m[cache] Loaded OHLCV[1d] for PCTY from PCTY.json (3138 rows)[0m
[32m2026-09-10 10:21:46.749[0m | [34m[1mDEBUG   [0m | [36msrc.data.cache[0m:[36mload_ohlcv[0m:[36m237[0m - [34m[1m[cache] Loaded OHLCV[1d] for APLE from APLE.json (2845 rows)[0m
[32m2026-09-10 10:21:46.766[0m | [34m[1mDEBUG   [0m | [36msrc.data.cache[0m:[36mload_ohlcv[0m:[36m237[0m - [34m[1m[cache] Loaded OHLCV[1d] for OSPN from OSPN.json (2078 rows)[0m
[32m2026-09-10 10:21:46.777[0m | [34m[1mDEBUG   [0m | [36msrc.data.cache[0m:[36mload_ohlcv[0m:[36m237[0m - [34m[1m[cache] Loaded OHLCV[1d] for ATROB from ATROB.json (572 rows)[0m
[32m2026-09-10 10:21:46.783[0m | [34m[1mDEBUG   [0m | [36msrc.data.cache[0m:[36mload_ohlcv[0m:[36m237[0m - [34m[1m[cache] Loaded OHLCV[1d] for RHLD from RHLD.json (384 rows)[0m
[32m2026-09-10 10:21:46.798[0m | [34m[1mDEBUG   [0m | [36msrc.data.cache[0m:[36mload_ohlcv[0m:[36m237[0m - [34m[1m[cache] Loaded OHLCV[1d] for SUPN from SUPN.json (3610 rows)[0m
[32m2026-09-10 10:21:46.819[0m | [34m[1mDEBUG   [0m | [36msrc.data.cache[0m:[36mload_ohlcv[0m:[36m237[0m - [34m[1m[cache] Loaded OHLCV[1d] for WAT from WAT.json (5049 rows)[0m
[32m2026-09-10 10:21:46.835[0m | [34m[1mDEBUG   [0m | [36msrc.data.cache[0m:[36mload_ohlcv[0m:[36m237[0m - [34m[1m[cache] Loaded OHLCV[1d] for CALY from CALY.json (454 rows)[0m
[32m2026-09-10 10:21:46.856[0m | [34m[1mDEBUG   [0m | [36msrc.data.cache[0m:[36mload_ohlcv[0m:[36m237[0m - [34m[1m[cache] Loaded OHLCV[1d] for UHS from UHS.json (5049 rows)[0m
[32m2026-09-10 10:21:46.952[0m | [34m[1mDEBUG   [0m | [36msrc.data.cache[0m:[36mload_ohlcv[0m:[36m237[0m - [34m[1m[cache] Loaded OHLCV[1d] for PURR from PURR.json (192 rows)[0m
[32m2026-09-10 10:21:46.963[0m | [34m[1mDEBUG   [0m | [36msrc.data.cache[0m:[36mload_ohlcv[0m:[36m237[0m - [34m[1m[cache] Loaded OHLCV[1d] for RBB from RBB.json (2293 rows)[0m
[32m2026-09-10 10:21:46.989[0m | [34m[1mDEBUG   [0m | [36msrc.data.cache[0m:[36mload_ohlcv[0m:[36m237[0m - [34m[1m[cache] Loaded OHLCV[1d] for CLNE from CLNE.json (4853 rows)[0m
[32m2026-09-10 10:21:47.018[0m | [34m[1mDEBUG   [0m | [36msrc.data.cache[0m:[36mload_ohlcv[0m:[36m237[0m - [34m[1m[cache] Loaded OHLCV[1d] for TBBK from TBBK.json (5049 rows)[0m
[32m2026-09-10 10:21:47.034[0m | [34m[1mDEBUG   [0m | [36msrc.data.cache[0m:[36mload_ohlcv[0m:[36m237[0m - [34m[1m[cache] Loaded OHLCV[1d] for IAUM from IAUM.json (1305 rows)[0m
[32m2026-09-10 10:21:47.057[0m | [34m[1mDEBUG   [0m | [36msrc.data.cache[0m:[36mload_ohlcv[0m:[36m237[0m - [34m[1m[cache] Loaded OHLCV[1d] for CLB from CLB.json (5049 rows)[0m
[32m2026-09-10 10:21:47.087[0m | [34m[1mDEBUG   [0m | [36msrc.data.cache[0m:[36mload_ohlcv[0m:[36m237[0m - [34m[1m[cache] Loaded OHLCV[1d] for TPC from TPC.json (4589 rows)[0m
[32m2026-09-10 10:21:47.102[0m | [34m[1mDEBUG   [0m | [36msrc.data.cache[0m:[36mload_ohlcv[0m:[36m237[0m - [34m[1m[cache] Loaded OHLCV[1d] for NAMI from NAMI.json (438 rows)[0m
[32m2026-09-10 10:21:47.114[0m | [34m[1mDEBUG   [0m | [36msrc.data.cache[0m:[36mload_ohlcv[0m:[36m237[0m - [34m[1m[cache] Loaded OHLCV[1d] for ROAD from ROAD.json (2098 rows)[0m
[32m2026-09-10 10:21:47.136[0m | [34m[1mDEBUG   [0m | [36msrc.data.cache[0m:[36mload_ohlcv[0m:[36m237[0m - [34m[1m[cache] Loaded OHLCV[1d] for ASYS from ASYS.json (5048 rows)[0m
[32m2026-09-10 10:21:47.164[0m | [34m[1mDEBUG   [0m | [36msrc.data.cache[0m:[36mload_ohlcv[0m:[36m237[0m - [34m[1m[cache] Loaded OHLCV[1d] for CMCO from CMCO.json (5049 rows)[0m
[32m2026-09-10 10:21:47.182[0m | [34m[1mDEBUG   [0m | [36msrc.data.cache[0m:[36mload_ohlcv[0m:[36m237[0m - [34m[1m[cache] Loaded OHLCV[1d] for GLNK from GLNK.json (966 rows)[0m
[32m2026-09-10 10:21:47.201[0m | [34m[1mDEBUG   [0m | [36msrc.data.cache[0m:[36mload_ohlcv[0m:[36m237[0m - [34m[1m[cache] Loaded OHLCV[1d] for ARRY from ARRY.json (4742 rows)[0m
[32m2026-09-10 10:21:47.218[0m | [34m[1mDEBUG   [0m | [36msrc.data.cache[0m:[36mload_ohlcv[0m:[36m237[0m - [34m[1m[cache] Loaded OHLCV[1d] for GTES from GTES.json (2167 rows)[0m
[32m2026-09-10 10:21:47.227[0m | [34m[1mDEBUG   [0m | [36msrc.data.cache[0m:[36mload_ohlcv[0m:[36m237[0m - [34m[1m[cache] Loaded OHLCV[1d] for XHLD from XHLD.json (394 rows)[0m
[32m2026-09-10 10:21:47.236[0m | [34m[1mDEBUG   [0m | [36msrc.data.cache[0m:[36mload_ohlcv[0m:[36m237[0m - [34m[1m[cache] Loaded OHLCV[1d] for TDUP from TDUP.json (1370 rows)[0m
[32m2026-09-10 10:21:47.251[0m | [34m[1mDEBUG   [0m | [36msrc.data.cache[0m:[36mload_ohlcv[0m:[36m237[0m - [34m[1m[cache] Loaded OHLCV[1d] for AMCR from AMCR.json (2031 rows)[0m
[32m2026-09-10 10:21:47.271[0m | [34m[1mDEBUG   [0m | [36msrc.data.cache[0m:[36mload_ohlcv[0m:[36m237[0m - [34m[1m[cache] Loaded OHLCV[1d] for BTG from BTG.json (3480 rows)[0m
[32m2026-09-10 10:21:47.285[0m | [34m[1mDEBUG   [0m | [36msrc.data.cache[0m:[36mload_ohlcv[0m:[36m237[0m - [34m[1m[cache] Loaded OHLCV[1d] for FIGS from FIGS.json (1327 rows)[0m
[32m2026-09-10 10:21:47.309[0m | [34m[1mDEBUG   [0m | [36msrc.data.cache[0m:[36mload_ohlcv[0m:[36m237[0m - [34m[1m[cache] Loaded OHLCV[1d] for HPQ from HPQ.json (5049 rows)[0m
[32m2026-09-10 10:21:47.326[0m | [34m[1mDEBUG   [0m | [36msrc.data.cache[0m:[36mload_ohlcv[0m:[36m237[0m - [34m[1m[cache] Loaded OHLCV[1d] for ALM from ALM.json (1497 rows)[0m
[32m2026-09-10 10:21:47.350[0m | [34m[1mDEBUG   [0m | [36msrc.data.cache[0m:[36mload_ohlcv[0m:[36m237[0m - [34m[1m[cache] Loaded OHLCV[1d] for PNW from PNW.json (5049 rows)[0m
[32m2026-09-10 10:21:47.376[0m | [34m[1mDEBUG   [0m | [36msrc.data.cache[0m:[36mload_ohlcv[0m:[36m237[0m - [34m[1m[cache] Loaded OHLCV[1d] for GILT from GILT.json (5044 rows)[0m
[32m2026-09-10 10:21:47.401[0m | [34m[1mDEBUG   [0m | [36msrc.data.cache[0m:[36mload_ohlcv[0m:[36m237[0m - [34m[1m[cache] Loaded OHLCV[1d] for BV from BV.json (3554 rows)[0m
[32m2026-09-10 10:21:47.409[0m | [34m[1mDEBUG   [0m | [36msrc.data.cache[0m:[36mload_ohlcv[0m:[36m237[0m - [34m[1m[cache] Loaded OHLCV[1d] for KARD from KARD.json (57 rows)[0m
[32m2026-09-10 10:21:47.428[0m | [34m[1mDEBUG   [0m | [36msrc.data.cache[0m:[36mload_ohlcv[0m:[36m237[0m - [34m[1m[cache] Loaded OHLCV[1d] for OSK from OSK.json (5049 rows)[0m
[32m2026-09-10 10:21:47.460[0m | [34m[1mDEBUG   [0m | [36msrc.data.cache[0m:[36mload_ohlcv[0m:[36m237[0m - [34m[1m[cache] Loaded OHLCV[1d] for SKY from SKY.json (5046 rows)[0m
[32m2026-09-10 10:21:47.494[0m | [34m[1mDEBUG   [0m | [36msrc.data.cache[0m:[36mload_ohlcv[0m:[36m237[0m - [34m[1m[cache] Loaded OHLCV[1d] for KTF from KTF.json (5049 rows)[0m
[32m2026-09-10 10:21:47.512[0m | [34m[1mDEBUG   [0m | [36msrc.data.cache[0m:[36mload_ohlcv[0m:[36m237[0m - [34m[1m[cache] Loaded OHLCV[1d] for BHRB from BHRB.json (1108 rows)[0m
[32m2026-09-10 10:21:47.523[0m | [34m[1mDEBUG   [0m | [36msrc.data.cache[0m:[36mload_ohlcv[0m:[36m237[0m - [34m[1m[cache] Loaded OHLCV[1d] for WTRG from WTRG.json (1659 rows)[0m
[32m2026-09-10 10:21:47.533[0m | [34m[1mDEBUG   [0m | [36msrc.data.cache[0m:[36mload_ohlcv[0m:[36m237[0m - [34m[1m[cache] Loaded OHLCV[1d] for WGS from WGS.json (919 rows)[0m
[32m2026-09-10 10:21:47.548[0m | [34m[1mDEBUG   [0m | [36msrc.data.cache[0m:[36mload_ohlcv[0m:[36m237[0m - [34m[1m[cache] Loaded OHLCV[1d] for CNDT from CNDT.json (2434 rows)[0m
[32m2026-09-10 10:21:47.562[0m | [34m[1mDEBUG   [0m | [36msrc.data.cache[0m:[36mload_ohlcv[0m:[36m237[0m - [34m[1m[cache] Loaded OHLCV[1d] for STVN from STVN.json (1293 rows)[0m
[32m2026-09-10 10:21:47.574[0m | [34m[1mDEBUG   [0m | [36msrc.data.cache[0m:[36mload_ohlcv[0m:[36m237[0m - [34m[1m[cache] Loaded OHLCV[1d] for CEPU from CEPU.json (2161 rows)[0m
[32m2026-09-10 10:21:47.588[0m | [34m[1mDEBUG   [0m | [36msrc.data.cache[0m:[36mload_ohlcv[0m:[36m237[0m - [34m[1m[cache] Loaded OHLCV[1d] for TASK from TASK.json (1317 rows)[0m
[32m2026-09-10 10:21:47.607[0m | [34m[1mDEBUG   [0m | [36msrc.data.cache[0m:[36mload_ohlcv[0m:[36m237[0m - [34m[1m[cache] Loaded OHLCV[1d] for CTRE from CTRE.json (3086 rows)[0m
[32m2026-09-10 10:21:47.618[0m | [34m[1mDEBUG   [0m | [36msrc.data.cache[0m:[36mload_ohlcv[0m:[36m237[0m - [34m[1m[cache] Loaded OHLCV[1d] for PACS from PACS.json (605 rows)[0m
[32m2026-09-10 10:21:47.629[0m | [34m[1mDEBUG   [0m | [36msrc.data.cache[0m:[36mload_ohlcv[0m:[36m237[0m - [34m[1m[cache] Loaded OHLCV[1d] for AVNT from AVNT.json (1548 rows)[0m
[32m2026-09-10 10:21:47.652[0m | [34m[1mDEBUG   [0m | [36msrc.data.cache[0m:[36mload_ohlcv[0m:[36m237[0m - [34m[1m[cache] Loaded OHLCV[1d] for EXPE from EXPE.json (5049 rows)[0m
[32m2026-09-10 10:21:47.673[0m | [34m[1mDEBUG   [0m | [36msrc.data.cache[0m:[36mload_ohlcv[0m:[36m237[0m - [34m[1m[cache] Loaded OHLCV[1d] for DMC from DMC.json (1286 rows)[0m
[32m2026-09-10 10:21:47.691[0m | [34m[1mDEBUG   [0m | [36msrc.data.cache[0m:[36mload_ohlcv[0m:[36m237[0m - [34m[1m[cache] Loaded OHLCV[1d] for WIX from WIX.json (3228 rows)[0m
[32m2026-09-10 10:21:47.702[0m | [34m[1mDEBUG   [0m | [36msrc.data.cache[0m:[36mload_ohlcv[0m:[36m237[0m - [34m[1m[cache] Loaded OHLCV[1d] for NASA from NASA.json (112 rows)[0m
[32m2026-09-10 10:21:47.712[0m | [34m[1mDEBUG   [0m | [36msrc.data.cache[0m:[36mload_ohlcv[0m:[36m237[0m - [34m[1m[cache] Loaded OHLCV[1d] for YJ from YJ.json (1827 rows)[0m
[32m2026-09-10 10:21:47.723[0m | [34m[1mDEBUG   [0m | [36msrc.data.cache[0m:[36mload_ohlcv[0m:[36m237[0m - [34m[1m[cache] Loaded OHLCV[1d] for MB from MB.json (1252 rows)[0m
[32m2026-09-10 10:21:47.730[0m | [34m[1mDEBUG   [0m | [36msrc.data.cache[0m:[36mload_ohlcv[0m:[36m237[0m - [34m[1m[cache] Loaded OHLCV[1d] for CVRX from CVRX.json (87 rows)[0m
[32m2026-09-10 10:21:47.739[0m | [34m[1mDEBUG   [0m | [36msrc.data.cache[0m:[36mload_ohlcv[0m:[36m237[0m - [34m[1m[cache] Loaded OHLCV[1d] for SPCX from SPCX.json (1391 rows)[0m
[32m2026-09-10 10:21:47.747[0m | [34m[1mDEBUG   [0m | [36msrc.data.cache[0m:[36mload_ohlcv[0m:[36m237[0m - [34m[1m[cache] Loaded OHLCV[1d] for MSTU from MSTU.json (87 rows)[0m
[32m2026-09-10 10:21:47.756[0m | [34m[1mDEBUG   [0m | [36msrc.data.cache[0m:[36mload_ohlcv[0m:[36m237[0m - [34m[1m[cache] Loaded OHLCV[1d] for CRSR from CRSR.json (1497 rows)[0m
[32m2026-09-10 10:21:47.774[0m | [34m[1mDEBUG   [0m | [36msrc.data.cache[0m:[36mload_ohlcv[0m:[36m237[0m - [34m[1m[cache] Loaded OHLCV[1d] for AMN from AMN.json (3776 rows)[0m
[32m2026-09-10 10:21:47.805[0m | [34m[1mDEBUG   [0m | [36msrc.data.cache[0m:[36mload_ohlcv[0m:[36m237[0m - [34m[1m[cache] Loaded OHLCV[1d] for ICUI from ICUI.json (5049 rows)[0m
[32m2026-09-10 10:21:47.823[0m | [34m[1mDEBUG   [0m | [36msrc.data.cache[0m:[36mload_ohlcv[0m:[36m237[0m - [34m[1m[cache] Loaded OHLCV[1d] for AAON from AAON.json (508 rows)[0m
[32m2026-09-10 10:21:47.828[0m | [34m[1mDEBUG   [0m | [36msrc.data.cache[0m:[36mload_ohlcv[0m:[36m237[0m - [34m[1m[cache] Loaded OHLCV[1d] for ACH from ACH.json (87 rows)[0m
[32m2026-09-10 10:21:47.832[0m | [34m[1mDEBUG   [0m | [36msrc.data.cache[0m:[36mload_ohlcv[0m:[36m237[0m - [34m[1m[cache] Loaded OHLCV[1d] for ACM from ACM.json (87 rows)[0m
[32m2026-09-10 10:21:47.836[0m | [34m[1mDEBUG   [0m | [36msrc.data.cache[0m:[36mload_ohlcv[0m:[36m237[0m - [34m[1m[cache] Loaded OHLCV[1d] for ACVA from ACVA.json (87 rows)[0m
[32m2026-09-10 10:21:47.840[0m | [34m[1mDEBUG   [0m | [36msrc.data.cache[0m:[36mload_ohlcv[0m:[36m237[0m - [34m[1m[cache] Loaded OHLCV[1d] for AIOT from AIOT.json (550 rows)[0m
[32m2026-09-10 10:21:47.845[0m | [34m[1mDEBUG   [0m | [36msrc.data.cache[0m:[36mload_ohlcv[0m:[36m237[0m - [34m[1m[cache] Loaded OHLCV[1d] for AIRS from AIRS.json (87 rows)[0m
[32m2026-09-10 10:21:47.849[0m | [34m[1mDEBUG   [0m | [36msrc.data.cache[0m:[36mload_ohlcv[0m:[36m237[0m - [34m[1m[cache] Loaded OHLCV[1d] for ALC from ALC.json (87 rows)[0m
[32m2026-09-10 10:21:47.855[0m | [34m[1mDEBUG   [0m | [36msrc.data.cache[0m:[36mload_ohlcv[0m:[36m237[0m - [34m[1m[cache] Loaded OHLCV[1d] for QUCY from QUCY.json (143 rows)[0m
[32m2026-09-10 10:21:47.860[0m | [34m[1mDEBUG   [0m | [36msrc.data.cache[0m:[36mload_ohlcv[0m:[36m237[0m - [34m[1m[cache] Loaded OHLCV[1d] for PESI from PESI.json (87 rows)[0m
[32m2026-09-10 10:21:47.865[0m | [34m[1mDEBUG   [0m | [36msrc.data.cache[0m:[36mload_ohlcv[0m:[36m237[0m - [34m[1m[cache] Loaded OHLCV[1d] for OTTR from OTTR.json (87 rows)[0m
[32m2026-09-10 10:21:47.882[0m | [34m[1mDEBUG   [0m | [36msrc.data.cache[0m:[36mload_ohlcv[0m:[36m237[0m - [34m[1m[cache] Loaded OHLCV[1d] for LIFE from LIFE.json (3746 rows)[0m
[32m2026-09-10 10:21:47.904[0m | [34m[1mDEBUG   [0m | [36msrc.data.cache[0m:[36mload_ohlcv[0m:[36m237[0m - [34m[1m[cache] Loaded OHLCV[1d] for ASC from ASC.json (3296 rows)[0m
[32m2026-09-10 10:21:47.920[0m | [34m[1mDEBUG   [0m | [36msrc.data.cache[0m:[36mload_ohlcv[0m:[36m237[0m - [34m[1m[cache] Loaded OHLCV[1d] for FND from FND.json (2355 rows)[0m
[32m2026-09-10 10:21:47.932[0m | [34m[1mDEBUG   [0m | [36msrc.data.cache[0m:[36mload_ohlcv[0m:[36m237[0m - [34m[1m[cache] Loaded OHLCV[1d] for VYNE from VYNE.json (1477 rows)[0m
[32m2026-09-10 10:21:47.939[0m | [34m[1mDEBUG   [0m | [36msrc.data.cache[0m:[36mload_ohlcv[0m:[36m237[0m - [34m[1m[cache] Loaded OHLCV[1d] for LGN from LGN.json (87 rows)[0m
[32m2026-09-10 10:21:47.944[0m | [34m[1mDEBUG   [0m | [36msrc.data.cache[0m:[36mload_ohlcv[0m:[36m237[0m - [34m[1m[cache] Loaded OHLCV[1d] for AII from AII.json (87 rows)[0m
[32m2026-09-10 10:21:47.961[0m | [34m[1mDEBUG   [0m | [36msrc.data.cache[0m:[36mload_ohlcv[0m:[36m237[0m - [34m[1m[cache] Loaded OHLCV[1d] for EVC from EVC.json (5049 rows)[0m
[32m2026-09-10 10:21:47.972[0m | [34m[1mDEBUG   [0m | [36msrc.data.cache[0m:[36mload_ohlcv[0m:[36m237[0m - [34m[1m[cache] Loaded OHLCV[1d] for ALLO from ALLO.json (87 rows)[0m
[32m2026-09-10 10:21:47.975[0m | [34m[1mDEBUG   [0m | [36msrc.data.cache[0m:[36mload_ohlcv[0m:[36m237[0m - [34m[1m[cache] Loaded OHLCV[1d] for RRR from RRR.json (87 rows)[0m
[32m2026-09-10 10:21:47.981[0m | [34m[1mDEBUG   [0m | [36msrc.data.cache[0m:[36mload_ohlcv[0m:[36m237[0m - [34m[1m[cache] Loaded OHLCV[1d] for RYAN from RYAN.json (1345 rows)[0m
[32m2026-09-10 10:21:47.990[0m | [34m[1mDEBUG   [0m | [36msrc.data.cache[0m:[36mload_ohlcv[0m:[36m237[0m - [34m[1m[cache] Loaded OHLCV[1d] for PMI from PMI.json (1561 rows)[0m
[32m2026-09-10 10:21:47.998[0m | [34m[1mDEBUG   [0m | [36msrc.data.cache[0m:[36mload_ohlcv[0m:[36m237[0m - [34m[1m[cache] Loaded OHLCV[1d] for MDLN from MDLN.json (87 rows)[0m
[32m2026-09-10 10:21:48.002[0m | [34m[1mDEBUG   [0m | [36msrc.data.cache[0m:[36mload_ohlcv[0m:[36m237[0m - [34m[1m[cache] Loaded OHLCV[1d] for AMPH from AMPH.json (87 rows)[0m
[32m2026-09-10 10:21:48.007[0m | [34m[1mDEBUG   [0m | [36msrc.data.cache[0m:[36mload_ohlcv[0m:[36m237[0m - [34m[1m[cache] Loaded OHLCV[1d] for PLGO from PLGO.json (83 rows)[0m
[32m2026-09-10 10:21:48.012[0m | [34m[1mDEBUG   [0m | [36msrc.data.cache[0m:[36mload_ohlcv[0m:[36m237[0m - [34m[1m[cache] Loaded OHLCV[1d] for CNNE from CNNE.json (87 rows)[0m
[32m2026-09-10 10:21:48.016[0m | [34m[1mDEBUG   [0m | [36msrc.data.cache[0m:[36mload_ohlcv[0m:[36m237[0m - [34m[1m[cache] Loaded OHLCV[1d] for CAH from CAH.json (86 rows)[0m
[32m2026-09-10 10:21:48.020[0m | [34m[1mDEBUG   [0m | [36msrc.data.cache[0m:[36mload_ohlcv[0m:[36m237[0m - [34m[1m[cache] Loaded OHLCV[1d] for DPRO from DPRO.json (86 rows)[0m
[32m2026-09-10 10:21:48.025[0m | [34m[1mDEBUG   [0m | [36msrc.data.cache[0m:[36mload_ohlcv[0m:[36m237[0m - [34m[1m[cache] Loaded OHLCV[1d] for ZENA from ZENA.json (486 rows)[0m
[32m2026-09-10 10:21:48.032[0m | [34m[1mDEBUG   [0m | [36msrc.data.cache[0m:[36mload_ohlcv[0m:[36m237[0m - [34m[1m[cache] Loaded OHLCV[1d] for INHD from INHD.json (649 rows)[0m
[32m2026-09-10 10:21:48.038[0m | [34m[1mDEBUG   [0m | [36msrc.data.cache[0m:[36mload_ohlcv[0m:[36m237[0m - [34m[1m[cache] Loaded OHLCV[1d] for ZJYL from ZJYL.json (85 rows)[0m
[32m2026-09-10 10:21:48.044[0m | [34m[1mDEBUG   [0m | [36msrc.data.cache[0m:[36mload_ohlcv[0m:[36m237[0m - [34m[1m[cache] Loaded OHLCV[1d] for EVTL from EVTL.json (86 rows)[0m
[32m2026-09-10 10:21:48.065[0m | [34m[1mDEBUG   [0m | [36msrc.data.cache[0m:[36mload_ohlcv[0m:[36m237[0m - [34m[1m[cache] Loaded OHLCV[1d] for B from B.json (4977 rows)[0m
[32m2026-09-10 10:21:48.096[0m | [34m[1mDEBUG   [0m | [36msrc.data.cache[0m:[36mload_ohlcv[0m:[36m237[0m - [34m[1m[cache] Loaded OHLCV[1d] for RIG from RIG.json (5049 rows)[0m
[32m2026-09-10 10:21:48.114[0m | [34m[1mDEBUG   [0m | [36msrc.data.cache[0m:[36mload_ohlcv[0m:[36m237[0m - [34m[1m[cache] Loaded OHLCV[1d] for STKH from STKH.json (1029 rows)[0m
[32m2026-09-10 10:21:48.137[0m | [34m[1mDEBUG   [0m | [36msrc.data.cache[0m:[36mload_ohlcv[0m:[36m237[0m - [34m[1m[cache] Loaded OHLCV[1d] for UVV from UVV.json (5049 rows)[0m
[32m2026-09-10 10:21:48.152[0m | [34m[1mDEBUG   [0m | [36msrc.data.cache[0m:[36mload_ohlcv[0m:[36m237[0m - [34m[1m[cache] Loaded OHLCV[1d] for STBA from STBA.json (86 rows)[0m
[32m2026-09-10 10:21:48.164[0m | [34m[1mDEBUG   [0m | [36msrc.data.cache[0m:[36mload_ohlcv[0m:[36m237[0m - [34m[1m[cache] Loaded OHLCV[1d] for HRTG from HRTG.json (3092 rows)[0m
[32m2026-09-10 10:21:48.190[0m | [34m[1mDEBUG   [0m | [36msrc.data.cache[0m:[36mload_ohlcv[0m:[36m237[0m - [34m[1m[cache] Loaded OHLCV[1d] for EXTR from EXTR.json (5049 rows)[0m
[32m2026-09-10 10:21:48.204[0m | [34m[1mDEBUG   [0m | [36msrc.data.cache[0m:[36mload_ohlcv[0m:[36m237[0m - [34m[1m[cache] Loaded OHLCV[1d] for HIPO from HIPO.json (86 rows)[0m
[32m2026-09-10 10:21:48.224[0m | [34m[1mDEBUG   [0m | [36msrc.data.cache[0m:[36mload_ohlcv[0m:[36m237[0m - [34m[1m[cache] Loaded OHLCV[1d] for SBGI from SBGI.json (5049 rows)[0m
[32m2026-09-10 10:21:48.256[0m | [34m[1mDEBUG   [0m | [36msrc.data.cache[0m:[36mload_ohlcv[0m:[36m237[0m - [34m[1m[cache] Loaded OHLCV[1d] for VECO from VECO.json (5049 rows)[0m
[32m2026-09-10 10:21:48.272[0m | [34m[1mDEBUG   [0m | [36msrc.data.cache[0m:[36mload_ohlcv[0m:[36m237[0m - [34m[1m[cache] Loaded OHLCV[1d] for REPX from REPX.json (1389 rows)[0m
[32m2026-09-10 10:21:48.292[0m | [34m[1mDEBUG   [0m | [36msrc.data.cache[0m:[36mload_ohlcv[0m:[36m237[0m - [34m[1m[cache] Loaded OHLCV[1d] for BW from BW.json (3963 rows)[0m
[32m2026-09-10 10:21:48.304[0m | [34m[1mDEBUG   [0m | [36msrc.data.cache[0m:[36mload_ohlcv[0m:[36m237[0m - [34m[1m[cache] Loaded OHLCV[1d] for MPT from MPT.json (86 rows)[0m
[32m2026-09-10 10:21:48.315[0m | [34m[1mDEBUG   [0m | [36msrc.data.cache[0m:[36mload_ohlcv[0m:[36m237[0m - [34m[1m[cache] Loaded OHLCV[1d] for NESR from NESR.json (2267 rows)[0m
[32m2026-09-10 10:21:48.326[0m | [34m[1mDEBUG   [0m | [36msrc.data.cache[0m:[36mload_ohlcv[0m:[36m237[0m - [34m[1m[cache] Loaded OHLCV[1d] for HLX from HLX.json (81 rows)[0m
[32m2026-09-10 10:21:48.331[0m | [34m[1mDEBUG   [0m | [36msrc.data.cache[0m:[36mload_ohlcv[0m:[36m237[0m - [34m[1m[cache] Loaded OHLCV[1d] for TDAY from TDAY.json (86 rows)[0m
[32m2026-09-10 10:21:48.336[0m | [34m[1mDEBUG   [0m | [36msrc.data.cache[0m:[36mload_ohlcv[0m:[36m237[0m - [34m[1m[cache] Loaded OHLCV[1d] for ALNT from ALNT.json (86 rows)[0m
[32m2026-09-10 10:21:48.341[0m | [34m[1mDEBUG   [0m | [36msrc.data.cache[0m:[36mload_ohlcv[0m:[36m237[0m - [34m[1m[cache] Loaded OHLCV[1d] for GRNT from GRNT.json (86 rows)[0m
[32m2026-09-10 10:21:48.348[0m | [34m[1mDEBUG   [0m | [36msrc.data.cache[0m:[36mload_ohlcv[0m:[36m237[0m - [34m[1m[cache] Loaded OHLCV[1d] for UMAC from UMAC.json (644 rows)[0m
[32m2026-09-10 10:21:48.358[0m | [34m[1mDEBUG   [0m | [36msrc.data.cache[0m:[36mload_ohlcv[0m:[36m237[0m - [34m[1m[cache] Loaded OHLCV[1d] for ZD from ZD.json (1234 rows)[0m
[32m2026-09-10 10:21:48.369[0m | [34m[1mDEBUG   [0m | [36msrc.data.cache[0m:[36mload_ohlcv[0m:[36m237[0m - [34m[1m[cache] Loaded OHLCV[1d] for RRX from RRX.json (1237 rows)[0m
[32m2026-09-10 10:21:48.378[0m | [34m[1mDEBUG   [0m | [36msrc.data.cache[0m:[36mload_ohlcv[0m:[36m237[0m - [34m[1m[cache] Loaded OHLCV[1d] for SNDA from SNDA.json (86 rows)[0m
[32m2026-09-10 10:21:48.382[0m | [34m[1mDEBUG   [0m | [36msrc.data.cache[0m:[36mload_ohlcv[0m:[36m237[0m - [34m[1m[cache] Loaded OHLCV[1d] for GRPN from GRPN.json (86 rows)[0m
[32m2026-09-10 10:21:48.405[0m | [34m[1mDEBUG   [0m | [36msrc.data.cache[0m:[36mload_ohlcv[0m:[36m237[0m - [34m[1m[cache] Loaded OHLCV[1d] for TKR from TKR.json (5049 rows)[0m
[32m2026-09-10 10:21:48.421[0m | [34m[1mDEBUG   [0m | [36msrc.data.cache[0m:[36mload_ohlcv[0m:[36m237[0m - [34m[1m[cache] Loaded OHLCV[1d] for NATR from NATR.json (86 rows)[0m
[32m2026-09-10 10:21:48.425[0m | [34m[1mDEBUG   [0m | [36msrc.data.cache[0m:[36mload_ohlcv[0m:[36m237[0m - [34m[1m[cache] Loaded OHLCV[1d] for TCMD from TCMD.json (86 rows)[0m
[32m2026-09-10 10:21:48.430[0m | [34m[1mDEBUG   [0m | [36msrc.data.cache[0m:[36mload_ohlcv[0m:[36m237[0m - [34m[1m[cache] Loaded OHLCV[1d] for GNK from GNK.json (86 rows)[0m
[32m2026-09-10 10:21:48.435[0m | [34m[1mDEBUG   [0m | [36msrc.data.cache[0m:[36mload_ohlcv[0m:[36m237[0m - [34m[1m[cache] Loaded OHLCV[1d] for PRMB from PRMB.json (86 rows)[0m
[32m2026-09-10 10:21:48.439[0m | [34m[1mDEBUG   [0m | [36msrc.data.cache[0m:[36mload_ohlcv[0m:[36m237[0m - [34m[1m[cache] Loaded OHLCV[1d] for EVTC from EVTC.json (86 rows)[0m
[32m2026-09-10 10:21:48.460[0m | [34m[1mDEBUG   [0m | [36msrc.data.cache[0m:[36mload_ohlcv[0m:[36m237[0m - [34m[1m[cache] Loaded OHLCV[1d] for RYN from RYN.json (5049 rows)[0m
[32m2026-09-10 10:21:48.485[0m | [34m[1mDEBUG   [0m | [36msrc.data.cache[0m:[36mload_ohlcv[0m:[36m237[0m - [34m[1m[cache] Loaded OHLCV[1d] for CACI from CACI.json (4365 rows)[0m
[32m2026-09-10 10:21:48.514[0m | [34m[1mDEBUG   [0m | [36msrc.data.cache[0m:[36mload_ohlcv[0m:[36m237[0m - [34m[1m[cache] Loaded OHLCV[1d] for ACU from ACU.json (4927 rows)[0m
[32m2026-09-10 10:21:48.524[0m | [34m[1mDEBUG   [0m | [36msrc.data.cache[0m:[36mload_ohlcv[0m:[36m237[0m - [34m[1m[cache] Loaded OHLCV[1d] for GPRK from GPRK.json (86 rows)[0m
[32m2026-09-10 10:21:48.528[0m | [34m[1mDEBUG   [0m | [36msrc.data.cache[0m:[36mload_ohlcv[0m:[36m237[0m - [34m[1m[cache] Loaded OHLCV[1d] for TME from TME.json (85 rows)[0m
[32m2026-09-10 10:21:48.536[0m | [34m[1mDEBUG   [0m | [36msrc.data.cache[0m:[36mload_ohlcv[0m:[36m237[0m - [34m[1m[cache] Loaded OHLCV[1d] for GXO from GXO.json (1282 rows)[0m
[32m2026-09-10 10:21:48.545[0m | [34m[1mDEBUG   [0m | [36msrc.data.cache[0m:[36mload_ohlcv[0m:[36m237[0m - [34m[1m[cache] Loaded OHLCV[1d] for KOPN from KOPN.json (85 rows)[0m
[32m2026-09-10 10:21:48.550[0m | [34m[1mDEBUG   [0m | [36msrc.data.cache[0m:[36mload_ohlcv[0m:[36m237[0m - [34m[1m[cache] Loaded OHLCV[1d] for NN from NN.json (85 rows)[0m
[32m2026-09-10 10:21:48.553[0m | [34m[1mDEBUG   [0m | [36msrc.data.cache[0m:[36mload_ohlcv[0m:[36m237[0m - [34m[1m[cache] Loaded OHLCV[1d] for ANTX from ANTX.json (85 rows)[0m
[32m2026-09-10 10:21:48.557[0m | [34m[1mDEBUG   [0m | [36msrc.data.cache[0m:[36mload_ohlcv[0m:[36m237[0m - [34m[1m[cache] Loaded OHLCV[1d] for OSBC from OSBC.json (85 rows)[0m
[32m2026-09-10 10:21:48.562[0m | [34m[1mDEBUG   [0m | [36msrc.data.cache[0m:[36mload_ohlcv[0m:[36m237[0m - [34m[1m[cache] Loaded OHLCV[1d] for AMRX from AMRX.json (85 rows)[0m
[32m2026-09-10 10:21:48.572[0m | [34m[1mDEBUG   [0m | [36msrc.data.cache[0m:[36mload_ohlcv[0m:[36m237[0m - [34m[1m[cache] Loaded OHLCV[1d] for MASS from MASS.json (1436 rows)[0m
[32m2026-09-10 10:21:48.580[0m | [34m[1mDEBUG   [0m | [36msrc.data.cache[0m:[36mload_ohlcv[0m:[36m237[0m - [34m[1m[cache] Loaded OHLCV[1d] for PZZA from PZZA.json (85 rows)[0m
[32m2026-09-10 10:21:48.586[0m | [34m[1mDEBUG   [0m | [36msrc.data.cache[0m:[36mload_ohlcv[0m:[36m237[0m - [34m[1m[cache] Loaded OHLCV[1d] for SVCO from SVCO.json (585 rows)[0m
[32m2026-09-10 10:21:48.599[0m | [34m[1mDEBUG   [0m | [36msrc.data.cache[0m:[36mload_ohlcv[0m:[36m237[0m - [34m[1m[cache] Loaded OHLCV[1d] for PRDO from PRDO.json (1680 rows)[0m
[32m2026-09-10 10:21:48.607[0m | [34m[1mDEBUG   [0m | [36msrc.data.cache[0m:[36mload_ohlcv[0m:[36m237[0m - [34m[1m[cache] Loaded OHLCV[1d] for SABR from SABR.json (85 rows)[0m
[32m2026-09-10 10:21:48.612[0m | [34m[1mDEBUG   [0m | [36msrc.data.cache[0m:[36mload_ohlcv[0m:[36m237[0m - [34m[1m[cache] Loaded OHLCV[1d] for LIF from LIF.json (85 rows)[0m
[32m2026-09-10 10:21:48.626[0m | [34m[1mDEBUG   [0m | [36msrc.data.cache[0m:[36mload_ohlcv[0m:[36m237[0m - [34m[1m[cache] Loaded OHLCV[1d] for CYRX from CYRX.json (2798 rows)[0m
[32m2026-09-10 10:21:48.637[0m | [34m[1mDEBUG   [0m | [36msrc.data.cache[0m:[36mload_ohlcv[0m:[36m237[0m - [34m[1m[cache] Loaded OHLCV[1d] for UAMY from UAMY.json (85 rows)[0m
[32m2026-09-10 10:21:48.655[0m | [34m[1mDEBUG   [0m | [36msrc.data.cache[0m:[36mload_ohlcv[0m:[36m237[0m - [34m[1m[cache] Loaded OHLCV[1d] for FLY from FLY.json (3760 rows)[0m
[32m2026-09-10 10:21:48.667[0m | [34m[1mDEBUG   [0m | [36msrc.data.cache[0m:[36mload_ohlcv[0m:[36m237[0m - [34m[1m[cache] Loaded OHLCV[1d] for VELO from VELO.json (688 rows)[0m
[32m2026-09-10 10:21:48.672[0m | [34m[1mDEBUG   [0m | [36msrc.data.cache[0m:[36mload_ohlcv[0m:[36m237[0m - [34m[1m[cache] Loaded OHLCV[1d] for NIQ from NIQ.json (85 rows)[0m
[32m2026-09-10 10:21:48.676[0m | [34m[1mDEBUG   [0m | [36msrc.data.cache[0m:[36mload_ohlcv[0m:[36m237[0m - [34m[1m[cache] Loaded OHLCV[1d] for AIB from AIB.json (85 rows)[0m
[32m2026-09-10 10:21:48.680[0m | [34m[1mDEBUG   [0m | [36msrc.data.cache[0m:[36mload_ohlcv[0m:[36m237[0m - [34m[1m[cache] Loaded OHLCV[1d] for AMBQ from AMBQ.json (280 rows)[0m
[32m2026-09-10 10:21:48.686[0m | [34m[1mDEBUG   [0m | [36msrc.data.cache[0m:[36mload_ohlcv[0m:[36m237[0m - [34m[1m[cache] Loaded OHLCV[1d] for AMTM from AMTM.json (487 rows)[0m
[32m2026-09-10 10:21:48.691[0m | [34m[1mDEBUG   [0m | [36msrc.data.cache[0m:[36mload_ohlcv[0m:[36m237[0m - [34m[1m[cache] Loaded OHLCV[1d] for ANVS from ANVS.json (85 rows)[0m
[32m2026-09-10 10:21:48.703[0m | [34m[1mDEBUG   [0m | [36msrc.data.cache[0m:[36mload_ohlcv[0m:[36m237[0m - [34m[1m[cache] Loaded OHLCV[1d] for ANY from ANY.json (3259 rows)[0m
[32m2026-09-10 10:21:48.715[0m | [34m[1mDEBUG   [0m | [36msrc.data.cache[0m:[36mload_ohlcv[0m:[36m237[0m - [34m[1m[cache] Loaded OHLCV[1d] for LINE from LINE.json (85 rows)[0m
[32m2026-09-10 10:21:48.720[0m | [34m[1mDEBUG   [0m | [36msrc.data.cache[0m:[36mload_ohlcv[0m:[36m237[0m - [34m[1m[cache] Loaded OHLCV[1d] for OBK from OBK.json (85 rows)[0m
[32m2026-09-10 10:21:48.726[0m | [34m[1mDEBUG   [0m | [36msrc.data.cache[0m:[36mload_ohlcv[0m:[36m237[0m - [34m[1m[cache] Loaded OHLCV[1d] for MWH from MWH.json (85 rows)[0m
[32m2026-09-10 10:21:48.739[0m | [34m[1mDEBUG   [0m | [36msrc.data.cache[0m:[36mload_ohlcv[0m:[36m237[0m - [34m[1m[cache] Loaded OHLCV[1d] for TILE from TILE.json (3430 rows)[0m
[32m2026-09-10 10:21:48.748[0m | [34m[1mDEBUG   [0m | [36msrc.data.cache[0m:[36mload_ohlcv[0m:[36m237[0m - [34m[1m[cache] Loaded OHLCV[1d] for FSUN from FSUN.json (85 rows)[0m
[32m2026-09-10 10:21:48.770[0m | [34m[1mDEBUG   [0m | [36msrc.data.cache[0m:[36mload_ohlcv[0m:[36m237[0m - [34m[1m[cache] Loaded OHLCV[1d] for CZNC from CZNC.json (5024 rows)[0m
[32m2026-09-10 10:21:48.878[0m | [34m[1mDEBUG   [0m | [36msrc.data.cache[0m:[36mload_ohlcv[0m:[36m237[0m - [34m[1m[cache] Loaded OHLCV[1d] for WVE from WVE.json (85 rows)[0m
[32m2026-09-10 10:21:48.891[0m | [34m[1mDEBUG   [0m | [36msrc.data.cache[0m:[36mload_ohlcv[0m:[36m237[0m - [34m[1m[cache] Loaded OHLCV[1d] for ZLAB from ZLAB.json (2254 rows)[0m
[32m2026-09-10 10:21:48.905[0m | [34m[1mDEBUG   [0m | [36msrc.data.cache[0m:[36mload_ohlcv[0m:[36m237[0m - [34m[1m[cache] Loaded OHLCV[1d] for FNRN from FNRN.json (874 rows)[0m
[32m2026-09-10 10:21:48.912[0m | [34m[1mDEBUG   [0m | [36msrc.data.cache[0m:[36mload_ohlcv[0m:[36m237[0m - [34m[1m[cache] Loaded OHLCV[1d] for KVHI from KVHI.json (85 rows)[0m
[32m2026-09-10 10:21:48.917[0m | [34m[1mDEBUG   [0m | [36msrc.data.cache[0m:[36mload_ohlcv[0m:[36m237[0m - [34m[1m[cache] Loaded OHLCV[1d] for HUBB from HUBB.json (85 rows)[0m
[32m2026-09-10 10:21:48.923[0m | [34m[1mDEBUG   [0m | [36msrc.data.cache[0m:[36mload_ohlcv[0m:[36m237[0m - [34m[1m[cache] Loaded OHLCV[1d] for FTH from FTH.json (59 rows)[0m
[32m2026-09-10 10:21:48.944[0m | [34m[1mDEBUG   [0m | [36msrc.data.cache[0m:[36mload_ohlcv[0m:[36m237[0m - [34m[1m[cache] Loaded OHLCV[1d] for CYD from CYD.json (5049 rows)[0m
[32m2026-09-10 10:21:48.961[0m | [34m[1mDEBUG   [0m | [36msrc.data.cache[0m:[36mload_ohlcv[0m:[36m237[0m - [34m[1m[cache] Loaded OHLCV[1d] for ELAN from ELAN.json (85 rows)[0m
[32m2026-09-10 10:21:48.965[0m | [34m[1mDEBUG   [0m | [36msrc.data.cache[0m:[36mload_ohlcv[0m:[36m237[0m - [34m[1m[cache] Loaded OHLCV[1d] for CMPR from CMPR.json (85 rows)[0m
[32m2026-09-10 10:21:48.969[0m | [34m[1mDEBUG   [0m | [36msrc.data.cache[0m:[36mload_ohlcv[0m:[36m237[0m - [34m[1m[cache] Loaded OHLCV[1d] for SWIM from SWIM.json (85 rows)[0m
[32m2026-09-10 10:21:48.973[0m | [34m[1mDEBUG   [0m | [36msrc.data.cache[0m:[36mload_ohlcv[0m:[36m237[0m - [34m[1m[cache] Loaded OHLCV[1d] for NVR from NVR.json (85 rows)[0m
[32m2026-09-10 10:21:48.977[0m | [34m[1mDEBUG   [0m | [36msrc.data.cache[0m:[36mload_ohlcv[0m:[36m237[0m - [34m[1m[cache] Loaded OHLCV[1d] for KNTK from KNTK.json (85 rows)[0m
[32m2026-09-10 10:21:48.981[0m | [34m[1mDEBUG   [0m | [36msrc.data.cache[0m:[36mload_ohlcv[0m:[36m237[0m - [34m[1m[cache] Loaded OHLCV[1d] for GPI from GPI.json (85 rows)[0m
[32m2026-09-10 10:21:48.986[0m | [34m[1mDEBUG   [0m | [36msrc.data.cache[0m:[36mload_ohlcv[0m:[36m237[0m - [34m[1m[cache] Loaded OHLCV[1d] for PDX from PDX.json (85 rows)[0m
[32m2026-09-10 10:21:48.996[0m | [34m[1mDEBUG   [0m | [36msrc.data.cache[0m:[36mload_ohlcv[0m:[36m237[0m - [34m[1m[cache] Loaded OHLCV[1d] for SGHT from SGHT.json (1294 rows)[0m
[32m2026-09-10 10:21:49.003[0m | [34m[1mDEBUG   [0m | [36msrc.data.cache[0m:[36mload_ohlcv[0m:[36m237[0m - [34m[1m[cache] Loaded OHLCV[1d] for LAUR from LAUR.json (85 rows)[0m
[32m2026-09-10 10:21:49.022[0m | [34m[1mDEBUG   [0m | [36msrc.data.cache[0m:[36mload_ohlcv[0m:[36m237[0m - [34m[1m[cache] Loaded OHLCV[1d] for NTCT from NTCT.json (5049 rows)[0m
[32m2026-09-10 10:21:49.035[0m | [34m[1mDEBUG   [0m | [36msrc.data.cache[0m:[36mload_ohlcv[0m:[36m237[0m - [34m[1m[cache] Loaded OHLCV[1d] for NICE from NICE.json (85 rows)[0m
[32m2026-09-10 10:21:49.040[0m | [34m[1mDEBUG   [0m | [36msrc.data.cache[0m:[36mload_ohlcv[0m:[36m237[0m - [34m[1m[cache] Loaded OHLCV[1d] for DRMA from DRMA.json (84 rows)[0m
[32m2026-09-10 10:21:49.049[0m | [34m[1mDEBUG   [0m | [36msrc.data.cache[0m:[36mload_ohlcv[0m:[36m237[0m - [34m[1m[cache] Loaded OHLCV[1d] for JMIA from JMIA.json (1862 rows)[0m
[32m2026-09-10 10:21:49.054[0m | [34m[1mDEBUG   [0m | [36msrc.data.cache[0m:[36mload_ohlcv[0m:[36m237[0m - [34m[1m[cache] Loaded OHLCV[1d] for ASTE from ASTE.json (84 rows)[0m
[32m2026-09-10 10:21:49.058[0m | [34m[1mDEBUG   [0m | [36msrc.data.cache[0m:[36mload_ohlcv[0m:[36m237[0m - [34m[1m[cache] Loaded OHLCV[1d] for RZLT from RZLT.json (84 rows)[0m
[32m2026-09-10 10:21:49.063[0m | [34m[1mDEBUG   [0m | [36msrc.data.cache[0m:[36mload_ohlcv[0m:[36m237[0m - [34m[1m[cache] Loaded OHLCV[1d] for BGS from BGS.json (84 rows)[0m
[32m2026-09-10 10:21:49.067[0m | [34m[1mDEBUG   [0m | [36msrc.data.cache[0m:[36mload_ohlcv[0m:[36m237[0m - [34m[1m[cache] Loaded OHLCV[1d] for MOMO from MOMO.json (84 rows)[0m
[32m2026-09-10 10:21:49.071[0m | [34m[1mDEBUG   [0m | [36msrc.data.cache[0m:[36mload_ohlcv[0m:[36m237[0m - [34m[1m[cache] Loaded OHLCV[1d] for IGR from IGR.json (84 rows)[0m
[32m2026-09-10 10:21:49.076[0m | [34m[1mDEBUG   [0m | [36msrc.data.cache[0m:[36mload_ohlcv[0m:[36m237[0m - [34m[1m[cache] Loaded OHLCV[1d] for CHH from CHH.json (84 rows)[0m
[32m2026-09-10 10:21:49.081[0m | [34m[1mDEBUG   [0m | [36msrc.data.cache[0m:[36mload_ohlcv[0m:[36m237[0m - [34m[1m[cache] Loaded OHLCV[1d] for AARD from AARD.json (84 rows)[0m
[32m2026-09-10 10:21:49.086[0m | [34m[1mDEBUG   [0m | [36msrc.data.cache[0m:[36mload_ohlcv[0m:[36m237[0m - [34m[1m[cache] Loaded OHLCV[1d] for CCSI from CCSI.json (84 rows)[0m
[32m2026-09-10 10:21:49.091[0m | [34m[1mDEBUG   [0m | [36msrc.data.cache[0m:[36mload_ohlcv[0m:[36m237[0m - [34m[1m[cache] Loaded OHLCV[1d] for CENTA from CENTA.json (84 rows)[0m
[32m2026-09-10 10:21:49.096[0m | [34m[1mDEBUG   [0m | [36msrc.data.cache[0m:[36mload_ohlcv[0m:[36m237[0m - [34m[1m[cache] Loaded OHLCV[1d] for STE from STE.json (84 rows)[0m
[32m2026-09-10 10:21:49.114[0m | [34m[1mDEBUG   [0m | [36msrc.data.cache[0m:[36mload_ohlcv[0m:[36m237[0m - [34m[1m[cache] Loaded OHLCV[1d] for CHA from CHA.json (3972 rows)[0m
[32m2026-09-10 10:21:49.126[0m | [34m[1mDEBUG   [0m | [36msrc.data.cache[0m:[36mload_ohlcv[0m:[36m237[0m - [34m[1m[cache] Loaded OHLCV[1d] for CAE from CAE.json (84 rows)[0m
[32m2026-09-10 10:21:49.144[0m | [34m[1mDEBUG   [0m | [36msrc.data.cache[0m:[36mload_ohlcv[0m:[36m237[0m - [34m[1m[cache] Loaded OHLCV[1d] for TTGT from TTGT.json (4859 rows)[0m
[32m2026-09-10 10:21:49.156[0m | [34m[1mDEBUG   [0m | [36msrc.data.cache[0m:[36mload_ohlcv[0m:[36m237[0m - [34m[1m[cache] Loaded OHLCV[1d] for PDFS from PDFS.json (84 rows)[0m
[32m2026-09-10 10:21:49.160[0m | [34m[1mDEBUG   [0m | [36msrc.data.cache[0m:[36mload_ohlcv[0m:[36m237[0m - [34m[1m[cache] Loaded OHLCV[1d] for OPLN from OPLN.json (176 rows)[0m
[32m2026-09-10 10:21:49.178[0m | [34m[1mDEBUG   [0m | [36msrc.data.cache[0m:[36mload_ohlcv[0m:[36m237[0m - [34m[1m[cache] Loaded OHLCV[1d] for DCO from DCO.json (5049 rows)[0m
[32m2026-09-10 10:21:49.200[0m | [34m[1mDEBUG   [0m | [36msrc.data.cache[0m:[36mload_ohlcv[0m:[36m237[0m - [34m[1m[cache] Loaded OHLCV[1d] for TLS from TLS.json (1628 rows)[0m
[32m2026-09-10 10:21:49.217[0m | [34m[1mDEBUG   [0m | [36msrc.data.cache[0m:[36mload_ohlcv[0m:[36m237[0m - [34m[1m[cache] Loaded OHLCV[1d] for EQ from EQ.json (2711 rows)[0m
[32m2026-09-10 10:21:49.230[0m | [34m[1mDEBUG   [0m | [36msrc.data.cache[0m:[36mload_ohlcv[0m:[36m237[0m - [34m[1m[cache] Loaded OHLCV[1d] for MAAS from MAAS.json (337 rows)[0m
[32m2026-09-10 10:21:49.238[0m | [34m[1mDEBUG   [0m | [36msrc.data.cache[0m:[36mload_ohlcv[0m:[36m237[0m - [34m[1m[cache] Loaded OHLCV[1d] for BBWI from BBWI.json (1281 rows)[0m
[32m2026-09-10 10:21:49.253[0m | [34m[1mDEBUG   [0m | [36msrc.data.cache[0m:[36mload_ohlcv[0m:[36m237[0m - [34m[1m[cache] Loaded OHLCV[1d] for SITE from SITE.json (2596 rows)[0m
[32m2026-09-10 10:21:49.264[0m | [34m[1mDEBUG   [0m | [36msrc.data.cache[0m:[36mload_ohlcv[0m:[36m237[0m - [34m[1m[cache] Loaded OHLCV[1d] for OFRM from OFRM.json (84 rows)[0m
[32m2026-09-10 10:21:49.269[0m | [34m[1mDEBUG   [0m | [36msrc.data.cache[0m:[36mload_ohlcv[0m:[36m237[0m - [34m[1m[cache] Loaded OHLCV[1d] for HAE from HAE.json (84 rows)[0m
[32m2026-09-10 10:21:49.273[0m | [34m[1mDEBUG   [0m | [36msrc.data.cache[0m:[36mload_ohlcv[0m:[36m237[0m - [34m[1m[cache] Loaded OHLCV[1d] for APA from APA.json (84 rows)[0m
[32m2026-09-10 10:21:49.295[0m | [34m[1mDEBUG   [0m | [36msrc.data.cache[0m:[36mload_ohlcv[0m:[36m237[0m - [34m[1m[cache] Loaded OHLCV[1d] for EXEL from EXEL.json (5049 rows)[0m
[32m2026-09-10 10:21:49.309[0m | [34m[1mDEBUG   [0m | [36msrc.data.cache[0m:[36mload_ohlcv[0m:[36m237[0m - [34m[1m[cache] Loaded OHLCV[1d] for AVEX from AVEX.json (100 rows)[0m
[32m2026-09-10 10:21:49.313[0m | [34m[1mDEBUG   [0m | [36msrc.data.cache[0m:[36mload_ohlcv[0m:[36m237[0m - [34m[1m[cache] Loaded OHLCV[1d] for ENS from ENS.json (84 rows)[0m
[32m2026-09-10 10:21:49.318[0m | [34m[1mDEBUG   [0m | [36msrc.data.cache[0m:[36mload_ohlcv[0m:[36m237[0m - [34m[1m[cache] Loaded OHLCV[1d] for PTRN from PTRN.json (244 rows)[0m
[32m2026-09-10 10:21:49.322[0m | [34m[1mDEBUG   [0m | [36msrc.data.cache[0m:[36mload_ohlcv[0m:[36m237[0m - [34m[1m[cache] Loaded OHLCV[1d] for BIVI from BIVI.json (84 rows)[0m
[32m2026-09-10 10:21:49.341[0m | [34m[1mDEBUG   [0m | [36msrc.data.cache[0m:[36mload_ohlcv[0m:[36m237[0m - [34m[1m[cache] Loaded OHLCV[1d] for HLIT from HLIT.json (5049 rows)[0m
[32m2026-09-10 10:21:49.357[0m | [34m[1mDEBUG   [0m | [36msrc.data.cache[0m:[36mload_ohlcv[0m:[36m237[0m - [34m[1m[cache] Loaded OHLCV[1d] for PAAS from PAAS.json (84 rows)[0m
[32m2026-09-10 10:21:49.367[0m | [34m[1mDEBUG   [0m | [36msrc.data.cache[0m:[36mload_ohlcv[0m:[36m237[0m - [34m[1m[cache] Loaded OHLCV[1d] for SPCE from SPCE.json (1725 rows)[0m
[32m2026-09-10 10:21:49.374[0m | [34m[1mDEBUG   [0m | [36msrc.data.cache[0m:[36mload_ohlcv[0m:[36m237[0m - [34m[1m[cache] Loaded OHLCV[1d] for ATRO from ATRO.json (84 rows)[0m
[32m2026-09-10 10:21:49.388[0m | [34m[1mDEBUG   [0m | [36msrc.data.cache[0m:[36mload_ohlcv[0m:[36m237[0m - [34m[1m[cache] Loaded OHLCV[1d] for EROC from EROC.json (2317 rows)[0m
[32m2026-09-10 10:21:49.397[0m | [34m[1mDEBUG   [0m | [36msrc.data.cache[0m:[36mload_ohlcv[0m:[36m237[0m - [34m[1m[cache] Loaded OHLCV[1d] for BXP from BXP.json (84 rows)[0m
[32m2026-09-10 10:21:49.403[0m | [34m[1mDEBUG   [0m | [36msrc.data.cache[0m:[36mload_ohlcv[0m:[36m237[0m - [34m[1m[cache] Loaded OHLCV[1d] for XPO from XPO.json (84 rows)[0m
[32m2026-09-10 10:21:49.408[0m | [34m[1mDEBUG   [0m | [36msrc.data.cache[0m:[36mload_ohlcv[0m:[36m237[0m - [34m[1m[cache] Loaded OHLCV[1d] for WST from WST.json (84 rows)[0m
[32m2026-09-10 10:21:49.428[0m | [34m[1mDEBUG   [0m | [36msrc.data.cache[0m:[36mload_ohlcv[0m:[36m237[0m - [34m[1m[cache] Loaded OHLCV[1d] for A from A.json (5049 rows)[0m
[32m2026-09-10 10:21:49.441[0m | [34m[1mDEBUG   [0m | [36msrc.data.cache[0m:[36mload_ohlcv[0m:[36m237[0m - [34m[1m[cache] Loaded OHLCV[1d] for BIO from BIO.json (84 rows)[0m
[32m2026-09-10 10:21:49.447[0m | [34m[1mDEBUG   [0m | [36msrc.data.cache[0m:[36mload_ohlcv[0m:[36m237[0m - [34m[1m[cache] Loaded OHLCV[1d] for QGEN from QGEN.json (84 rows)[0m
[32m2026-09-10 10:21:49.451[0m | [34m[1mDEBUG   [0m | [36msrc.data.cache[0m:[36mload_ohlcv[0m:[36m237[0m - [34m[1m[cache] Loaded OHLCV[1d] for SW from SW.json (84 rows)[0m
[32m2026-09-10 10:21:49.456[0m | [34m[1mDEBUG   [0m | [36msrc.data.cache[0m:[36mload_ohlcv[0m:[36m237[0m - [34m[1m[cache] Loaded OHLCV[1d] for MSI from MSI.json (84 rows)[0m
[32m2026-09-10 10:21:49.465[0m | [34m[1mDEBUG   [0m | [36msrc.data.cache[0m:[36mload_ohlcv[0m:[36m237[0m - [34m[1m[cache] Loaded OHLCV[1d] for FA from FA.json (1905 rows)[0m
[32m2026-09-10 10:21:49.474[0m | [34m[1mDEBUG   [0m | [36msrc.data.cache[0m:[36mload_ohlcv[0m:[36m237[0m - [34m[1m[cache] Loaded OHLCV[1d] for PII from PII.json (84 rows)[0m
[32m2026-09-10 10:21:49.479[0m | [34m[1mDEBUG   [0m | [36msrc.data.cache[0m:[36mload_ohlcv[0m:[36m237[0m - [34m[1m[cache] Loaded OHLCV[1d] for RHI from RHI.json (84 rows)[0m
[32m2026-09-10 10:21:49.484[0m | [34m[1mDEBUG   [0m | [36msrc.data.cache[0m:[36mload_ohlcv[0m:[36m237[0m - [34m[1m[cache] Loaded OHLCV[1d] for NGVT from NGVT.json (84 rows)[0m
[32m2026-09-10 10:21:49.490[0m | [34m[1mDEBUG   [0m | [36msrc.data.cache[0m:[36mload_ohlcv[0m:[36m237[0m - [34m[1m[cache] Loaded OHLCV[1d] for MTD from MTD.json (84 rows)[0m
[32m2026-09-10 10:21:49.498[0m | [34m[1mDEBUG   [0m | [36msrc.data.cache[0m:[36mload_ohlcv[0m:[36m237[0m - [34m[1m[cache] Loaded OHLCV[1d] for CPAY from CPAY.json (617 rows)[0m
[32m2026-09-10 10:21:49.505[0m | [34m[1mDEBUG   [0m | [36msrc.data.cache[0m:[36mload_ohlcv[0m:[36m237[0m - [34m[1m[cache] Loaded OHLCV[1d] for IR from IR.json (84 rows)[0m
[32m2026-09-10 10:21:49.511[0m | [34m[1mDEBUG   [0m | [36msrc.data.cache[0m:[36mload_ohlcv[0m:[36m237[0m - [34m[1m[cache] Loaded OHLCV[1d] for RAPP from RAPP.json (565 rows)[0m
[32m2026-09-10 10:21:49.522[0m | [34m[1mDEBUG   [0m | [36msrc.data.cache[0m:[36mload_ohlcv[0m:[36m237[0m - [34m[1m[cache] Loaded OHLCV[1d] for STRZ from STRZ.json (1262 rows)[0m
[32m2026-09-10 10:21:49.529[0m | [34m[1mDEBUG   [0m | [36msrc.data.cache[0m:[36mload_ohlcv[0m:[36m237[0m - [34m[1m[cache] Loaded OHLCV[1d] for CCCC from CCCC.json (84 rows)[0m
[32m2026-09-10 10:21:49.544[0m | [34m[1mDEBUG   [0m | [36msrc.data.cache[0m:[36mload_ohlcv[0m:[36m237[0m - [34m[1m[cache] Loaded OHLCV[1d] for KRNT from KRNT.json (2876 rows)[0m
[32m2026-09-10 10:21:49.569[0m | [34m[1mDEBUG   [0m | [36msrc.data.cache[0m:[36mload_ohlcv[0m:[36m237[0m - [34m[1m[cache] Loaded OHLCV[1d] for IEX from IEX.json (5049 rows)[0m
[32m2026-09-10 10:21:49.581[0m | [34m[1mDEBUG   [0m | [36msrc.data.cache[0m:[36mload_ohlcv[0m:[36m237[0m - [34m[1m[cache] Loaded OHLCV[1d] for PYPD from PYPD.json (84 rows)[0m
[32m2026-09-10 10:21:49.586[0m | [34m[1mDEBUG   [0m | [36msrc.data.cache[0m:[36mload_ohlcv[0m:[36m237[0m - [34m[1m[cache] Loaded OHLCV[1d] for ATAT from ATAT.json (84 rows)[0m
[32m2026-09-10 10:21:49.591[0m | [34m[1mDEBUG   [0m | [36msrc.data.cache[0m:[36mload_ohlcv[0m:[36m237[0m - [34m[1m[cache] Loaded OHLCV[1d] for UPB from UPB.json (84 rows)[0m
[32m2026-09-10 10:21:49.596[0m | [34m[1mDEBUG   [0m | [36msrc.data.cache[0m:[36mload_ohlcv[0m:[36m237[0m - [34m[1m[cache] Loaded OHLCV[1d] for CE from CE.json (84 rows)[0m
[32m2026-09-10 10:21:49.614[0m | [34m[1mDEBUG   [0m | [36msrc.data.cache[0m:[36mload_ohlcv[0m:[36m237[0m - [34m[1m[cache] Loaded OHLCV[1d] for GSAT from GSAT.json (4660 rows)[0m
[32m2026-09-10 10:21:49.631[0m | [34m[1mDEBUG   [0m | [36msrc.data.cache[0m:[36mload_ohlcv[0m:[36m237[0m - [34m[1m[cache] Loaded OHLCV[1d] for CZR from CZR.json (3667 rows)[0m
[32m2026-09-10 10:21:49.642[0m | [34m[1mDEBUG   [0m | [36msrc.data.cache[0m:[36mload_ohlcv[0m:[36m237[0m - [34m[1m[cache] Loaded OHLCV[1d] for CVE from CVE.json (84 rows)[0m
[32m2026-09-10 10:21:49.649[0m | [34m[1mDEBUG   [0m | [36msrc.data.cache[0m:[36mload_ohlcv[0m:[36m237[0m - [34m[1m[cache] Loaded OHLCV[1d] for TECX from TECX.json (556 rows)[0m
[32m2026-09-10 10:21:49.659[0m | [34m[1mDEBUG   [0m | [36msrc.data.cache[0m:[36mload_ohlcv[0m:[36m237[0m - [34m[1m[cache] Loaded OHLCV[1d] for SOC from SOC.json (982 rows)[0m
[32m2026-09-10 10:21:49.684[0m | [34m[1mDEBUG   [0m | [36msrc.data.cache[0m:[36mload_ohlcv[0m:[36m237[0m - [34m[1m[cache] Loaded OHLCV[1d] for ROG from ROG.json (5049 rows)[0m
[32m2026-09-10 10:21:49.700[0m | [34m[1mDEBUG   [0m | [36msrc.data.cache[0m:[36mload_ohlcv[0m:[36m237[0m - [34m[1m[cache] Loaded OHLCV[1d] for ZGN from ZGN.json (84 rows)[0m
[32m2026-09-10 10:21:49.705[0m | [34m[1mDEBUG   [0m | [36msrc.data.cache[0m:[36mload_ohlcv[0m:[36m237[0m - [34m[1m[cache] Loaded OHLCV[1d] for CSV from CSV.json (84 rows)[0m
[32m2026-09-10 10:21:49.711[0m | [34m[1mDEBUG   [0m | [36msrc.data.cache[0m:[36mload_ohlcv[0m:[36m237[0m - [34m[1m[cache] Loaded OHLCV[1d] for KMPR from KMPR.json (84 rows)[0m
[32m2026-09-10 10:21:49.728[0m | [34m[1mDEBUG   [0m | [36msrc.data.cache[0m:[36mload_ohlcv[0m:[36m237[0m - [34m[1m[cache] Loaded OHLCV[1d] for MRLN from MRLN.json (4013 rows)[0m
[32m2026-09-10 10:21:49.742[0m | [34m[1mDEBUG   [0m | [36msrc.data.cache[0m:[36mload_ohlcv[0m:[36m237[0m - [34m[1m[cache] Loaded OHLCV[1d] for VALE from VALE.json (84 rows)[0m
[32m2026-09-10 10:21:49.747[0m | [34m[1mDEBUG   [0m | [36msrc.data.cache[0m:[36mload_ohlcv[0m:[36m237[0m - [34m[1m[cache] Loaded OHLCV[1d] for CNQ from CNQ.json (84 rows)[0m
[32m2026-09-10 10:21:49.752[0m | [34m[1mDEBUG   [0m | [36msrc.data.cache[0m:[36mload_ohlcv[0m:[36m237[0m - [34m[1m[cache] Loaded OHLCV[1d] for PAX from PAX.json (84 rows)[0m
[32m2026-09-10 10:21:49.762[0m | [34m[1mDEBUG   [0m | [36msrc.data.cache[0m:[36mload_ohlcv[0m:[36m237[0m - [34m[1m[cache] Loaded OHLCV[1d] for SFD from SFD.json (2199 rows)[0m
[32m2026-09-10 10:21:49.768[0m | [34m[1mDEBUG   [0m | [36msrc.data.cache[0m:[36mload_ohlcv[0m:[36m237[0m - [34m[1m[cache] Loaded OHLCV[1d] for SSYS from SSYS.json (84 rows)[0m
[32m2026-09-10 10:21:49.777[0m | [34m[1mDEBUG   [0m | [36msrc.data.cache[0m:[36mload_ohlcv[0m:[36m237[0m - [34m[1m[cache] Loaded OHLCV[1d] for OTLK from OTLK.json (1950 rows)[0m
[32m2026-09-10 10:21:49.783[0m | [34m[1mDEBUG   [0m | [36msrc.data.cache[0m:[36mload_ohlcv[0m:[36m237[0m - [34m[1m[cache] Loaded OHLCV[1d] for BLSH from BLSH.json (84 rows)[0m
[32m2026-09-10 10:21:49.787[0m | [34m[1mDEBUG   [0m | [36msrc.data.cache[0m:[36mload_ohlcv[0m:[36m237[0m - [34m[1m[cache] Loaded OHLCV[1d] for BIRK from BIRK.json (84 rows)[0m
[32m2026-09-10 10:21:49.805[0m | [34m[1mDEBUG   [0m | [36msrc.data.cache[0m:[36mload_ohlcv[0m:[36m237[0m - [34m[1m[cache] Loaded OHLCV[1d] for GSIT from GSIT.json (4891 rows)[0m
[32m2026-09-10 10:21:49.820[0m | [34m[1mDEBUG   [0m | [36msrc.data.cache[0m:[36mload_ohlcv[0m:[36m237[0m - [34m[1m[cache] Loaded OHLCV[1d] for KSPI from KSPI.json (662 rows)[0m
[32m2026-09-10 10:21:49.843[0m | [34m[1mDEBUG   [0m | [36msrc.data.cache[0m:[36mload_ohlcv[0m:[36m237[0m - [34m[1m[cache] Loaded OHLCV[1d] for LQDT from LQDT.json (5049 rows)[0m
[32m2026-09-10 10:21:49.856[0m | [34m[1mDEBUG   [0m | [36msrc.data.cache[0m:[36mload_ohlcv[0m:[36m237[0m - [34m[1m[cache] Loaded OHLCV[1d] for HUN from HUN.json (84 rows)[0m
[32m2026-09-10 10:21:49.860[0m | [34m[1mDEBUG   [0m | [36msrc.data.cache[0m:[36mload_ohlcv[0m:[36m237[0m - [34m[1m[cache] Loaded OHLCV[1d] for BRBR from BRBR.json (84 rows)[0m
[32m2026-09-10 10:21:49.863[0m | [34m[1mDEBUG   [0m | [36msrc.data.cache[0m:[36mload_ohlcv[0m:[36m237[0m - [34m[1m[cache] Loaded OHLCV[1d] for FRO from FRO.json (84 rows)[0m
[32m2026-09-10 10:21:49.867[0m | [34m[1mDEBUG   [0m | [36msrc.data.cache[0m:[36mload_ohlcv[0m:[36m237[0m - [34m[1m[cache] Loaded OHLCV[1d] for RXO from RXO.json (84 rows)[0m
[32m2026-09-10 10:21:49.884[0m | [34m[1mDEBUG   [0m | [36msrc.data.cache[0m:[36mload_ohlcv[0m:[36m237[0m - [34m[1m[cache] Loaded OHLCV[1d] for RIGL from RIGL.json (5049 rows)[0m
[32m2026-09-10 10:21:49.899[0m | [34m[1mDEBUG   [0m | [36msrc.data.cache[0m:[36mload_ohlcv[0m:[36m237[0m - [34m[1m[cache] Loaded OHLCV[1d] for EWTX from EWTX.json (84 rows)[0m
[32m2026-09-10 10:21:49.912[0m | [34m[1mDEBUG   [0m | [36msrc.data.cache[0m:[36mload_ohlcv[0m:[36m237[0m - [34m[1m[cache] Loaded OHLCV[1d] for NMAX from NMAX.json (84 rows)[0m
[32m2026-09-10 10:21:49.928[0m | [34m[1mDEBUG   [0m | [36msrc.data.cache[0m:[36mload_ohlcv[0m:[36m237[0m - [34m[1m[cache] Loaded OHLCV[1d] for NSIT from NSIT.json (5049 rows)[0m
[32m2026-09-10 10:21:49.958[0m | [34m[1mDEBUG   [0m | [36msrc.data.cache[0m:[36mload_ohlcv[0m:[36m237[0m - [34m[1m[cache] Loaded OHLCV[1d] for EAT from EAT.json (5049 rows)[0m
[32m2026-09-10 10:21:49.972[0m | [34m[1mDEBUG   [0m | [36msrc.data.cache[0m:[36mload_ohlcv[0m:[36m237[0m - [34m[1m[cache] Loaded OHLCV[1d] for AEBI from AEBI.json (84 rows)[0m
[32m2026-09-10 10:21:49.977[0m | [34m[1mDEBUG   [0m | [36msrc.data.cache[0m:[36mload_ohlcv[0m:[36m237[0m - [34m[1m[cache] Loaded OHLCV[1d] for AIFA from AIFA.json (73 rows)[0m
[32m2026-09-10 10:21:49.998[0m | [34m[1mDEBUG   [0m | [36msrc.data.cache[0m:[36mload_ohlcv[0m:[36m237[0m - [34m[1m[cache] Loaded OHLCV[1d] for SM from SM.json (5049 rows)[0m
[32m2026-09-10 10:21:50.019[0m | [34m[1mDEBUG   [0m | [36msrc.data.cache[0m:[36mload_ohlcv[0m:[36m237[0m - [34m[1m[cache] Loaded OHLCV[1d] for KTB from KTB.json (1940 rows)[0m
[32m2026-09-10 10:21:50.039[0m | [34m[1mDEBUG   [0m | [36msrc.data.cache[0m:[36mload_ohlcv[0m:[36m237[0m - [34m[1m[cache] Loaded OHLCV[1d] for GOLF from GOLF.json (3950 rows)[0m
[32m2026-09-10 10:21:50.053[0m | [34m[1mDEBUG   [0m | [36msrc.data.cache[0m:[36mload_ohlcv[0m:[36m237[0m - [34m[1m[cache] Loaded OHLCV[1d] for PWCM from PWCM.json (35 rows)[0m
[32m2026-09-10 10:21:50.059[0m | [34m[1mDEBUG   [0m | [36msrc.data.cache[0m:[36mload_ohlcv[0m:[36m237[0m - [34m[1m[cache] Loaded OHLCV[1d] for KLTR from KLTR.json (1290 rows)[0m
[32m2026-09-10 10:21:50.064[0m | [34m[1mDEBUG   [0m | [36msrc.data.cache[0m:[36mload_ohlcv[0m:[36m237[0m - [34m[1m[cache] Loaded OHLCV[1d] for ARMK from ARMK.json (84 rows)[0m
[32m2026-09-10 10:21:50.077[0m | [34m[1mDEBUG   [0m | [36msrc.data.cache[0m:[36mload_ohlcv[0m:[36m237[0m - [34m[1m[cache] Loaded OHLCV[1d] for BBGI from BBGI.json (4911 rows)[0m
[32m2026-09-10 10:21:50.089[0m | [34m[1mDEBUG   [0m | [36msrc.data.cache[0m:[36mload_ohlcv[0m:[36m237[0m - [34m[1m[cache] Loaded OHLCV[1d] for SXT from SXT.json (84 rows)[0m
[32m2026-09-10 10:21:50.092[0m | [34m[1mDEBUG   [0m | [36msrc.data.cache[0m:[36mload_ohlcv[0m:[36m237[0m - [34m[1m[cache] Loaded OHLCV[1d] for IKT from IKT.json (84 rows)[0m
[32m2026-09-10 10:21:50.097[0m | [34m[1mDEBUG   [0m | [36msrc.data.cache[0m:[36mload_ohlcv[0m:[36m237[0m - [34m[1m[cache] Loaded OHLCV[1d] for LCII from LCII.json (84 rows)[0m
[32m2026-09-10 10:21:50.101[0m | [34m[1mDEBUG   [0m | [36msrc.data.cache[0m:[36mload_ohlcv[0m:[36m237[0m - [34m[1m[cache] Loaded OHLCV[1d] for THO from THO.json (84 rows)[0m
[32m2026-09-10 10:21:50.105[0m | [34m[1mDEBUG   [0m | [36msrc.data.cache[0m:[36mload_ohlcv[0m:[36m237[0m - [34m[1m[cache] Loaded OHLCV[1d] for IMMX from IMMX.json (84 rows)[0m
[32m2026-09-10 10:21:50.115[0m | [34m[1mDEBUG   [0m | [36msrc.data.cache[0m:[36mload_ohlcv[0m:[36m237[0m - [34m[1m[cache] Loaded OHLCV[1d] for EH from EH.json (1689 rows)[0m
[32m2026-09-10 10:21:50.132[0m | [34m[1mDEBUG   [0m | [36msrc.data.cache[0m:[36mload_ohlcv[0m:[36m237[0m - [34m[1m[cache] Loaded OHLCV[1d] for SND from SND.json (2570 rows)[0m
[32m2026-09-10 10:21:50.149[0m | [34m[1mDEBUG   [0m | [36msrc.data.cache[0m:[36mload_ohlcv[0m:[36m237[0m - [34m[1m[cache] Loaded OHLCV[1d] for FENC from FENC.json (2259 rows)[0m
[32m2026-09-10 10:21:50.158[0m | [34m[1mDEBUG   [0m | [36msrc.data.cache[0m:[36mload_ohlcv[0m:[36m237[0m - [34m[1m[cache] Loaded OHLCV[1d] for PMN from PMN.json (84 rows)[0m
[32m2026-09-10 10:21:50.168[0m | [34m[1mDEBUG   [0m | [36msrc.data.cache[0m:[36mload_ohlcv[0m:[36m237[0m - [34m[1m[cache] Loaded OHLCV[1d] for MRVI from MRVI.json (1455 rows)[0m
[32m2026-09-10 10:21:50.192[0m | [34m[1mDEBUG   [0m | [36msrc.data.cache[0m:[36mload_ohlcv[0m:[36m237[0m - [34m[1m[cache] Loaded OHLCV[1d] for CWST from CWST.json (5049 rows)[0m
[32m2026-09-10 10:21:50.208[0m | [34m[1mDEBUG   [0m | [36msrc.data.cache[0m:[36mload_ohlcv[0m:[36m237[0m - [34m[1m[cache] Loaded OHLCV[1d] for ZURA from ZURA.json (84 rows)[0m
[32m2026-09-10 10:21:50.211[0m | [34m[1mDEBUG   [0m | [36msrc.data.cache[0m:[36mload_ohlcv[0m:[36m237[0m - [34m[1m[cache] Loaded OHLCV[1d] for PS from PS.json (84 rows)[0m
[32m2026-09-10 10:21:50.215[0m | [34m[1mDEBUG   [0m | [36msrc.data.cache[0m:[36mload_ohlcv[0m:[36m237[0m - [34m[1m[cache] Loaded OHLCV[1d] for JRVR from JRVR.json (84 rows)[0m
[32m2026-09-10 10:21:50.219[0m | [34m[1mDEBUG   [0m | [36msrc.data.cache[0m:[36mload_ohlcv[0m:[36m237[0m - [34m[1m[cache] Loaded OHLCV[1d] for ZWS from ZWS.json (84 rows)[0m
[32m2026-09-10 10:21:50.224[0m | [34m[1mDEBUG   [0m | [36msrc.data.cache[0m:[36mload_ohlcv[0m:[36m237[0m - [34m[1m[cache] Loaded OHLCV[1d] for FMX from FMX.json (84 rows)[0m
[32m2026-09-10 10:21:50.230[0m | [34m[1mDEBUG   [0m | [36msrc.data.cache[0m:[36mload_ohlcv[0m:[36m237[0m - [34m[1m[cache] Loaded OHLCV[1d] for OLED from OLED.json (84 rows)[0m
[32m2026-09-10 10:21:50.234[0m | [34m[1mDEBUG   [0m | [36msrc.data.cache[0m:[36mload_ohlcv[0m:[36m237[0m - [34m[1m[cache] Loaded OHLCV[1d] for XFOR from XFOR.json (84 rows)[0m
[32m2026-09-10 10:21:50.239[0m | [34m[1mDEBUG   [0m | [36msrc.data.cache[0m:[36mload_ohlcv[0m:[36m237[0m - [34m[1m[cache] Loaded OHLCV[1d] for OCGN from OCGN.json (84 rows)[0m
[32m2026-09-10 10:21:50.242[0m | [34m[1mDEBUG   [0m | [36msrc.data.cache[0m:[36mload_ohlcv[0m:[36m237[0m - [34m[1m[cache] Loaded OHLCV[1d] for DUOT from DUOT.json (84 rows)[0m
[32m2026-09-10 10:21:50.246[0m | [34m[1mDEBUG   [0m | [36msrc.data.cache[0m:[36mload_ohlcv[0m:[36m237[0m - [34m[1m[cache] Loaded OHLCV[1d] for BFAM from BFAM.json (84 rows)[0m
[32m2026-09-10 10:21:50.250[0m | [34m[1mDEBUG   [0m | [36msrc.data.cache[0m:[36mload_ohlcv[0m:[36m237[0m - [34m[1m[cache] Loaded OHLCV[1d] for OFLX from OFLX.json (84 rows)[0m
[32m2026-09-10 10:21:50.253[0m | [34m[1mDEBUG   [0m | [36msrc.data.cache[0m:[36mload_ohlcv[0m:[36m237[0m - [34m[1m[cache] Loaded OHLCV[1d] for USAC from USAC.json (84 rows)[0m
[32m2026-09-10 10:21:50.279[0m | [34m[1mDEBUG   [0m | [36msrc.data.cache[0m:[36mload_ohlcv[0m:[36m237[0m - [34m[1m[cache] Loaded OHLCV[1d] for MTN from MTN.json (5049 rows)[0m
[32m2026-09-10 10:21:50.295[0m | [34m[1mDEBUG   [0m | [36msrc.data.cache[0m:[36mload_ohlcv[0m:[36m237[0m - [34m[1m[cache] Loaded OHLCV[1d] for ANRO from ANRO.json (84 rows)[0m
[32m2026-09-10 10:21:50.301[0m | [34m[1mDEBUG   [0m | [36msrc.data.cache[0m:[36mload_ohlcv[0m:[36m237[0m - [34m[1m[cache] Loaded OHLCV[1d] for IFRX from IFRX.json (84 rows)[0m
[32m2026-09-10 10:21:50.312[0m | [34m[1mDEBUG   [0m | [36msrc.data.cache[0m:[36mload_ohlcv[0m:[36m237[0m - [34m[1m[cache] Loaded OHLCV[1d] for SVRA from SVRA.json (2354 rows)[0m
[32m2026-09-10 10:21:50.325[0m | [34m[1mDEBUG   [0m | [36msrc.data.cache[0m:[36mload_ohlcv[0m:[36m237[0m - [34m[1m[cache] Loaded OHLCV[1d] for ZCMD from ZCMD.json (1633 rows)[0m
[32m2026-09-10 10:21:50.330[0m | [34m[1mDEBUG   [0m | [36msrc.data.cache[0m:[36mload_ohlcv[0m:[36m237[0m - [34m[1m[cache] Loaded OHLCV[1d] for TNXP from TNXP.json (84 rows)[0m
[32m2026-09-10 10:21:50.334[0m | [34m[1mDEBUG   [0m | [36msrc.data.cache[0m:[36mload_ohlcv[0m:[36m237[0m - [34m[1m[cache] Loaded OHLCV[1d] for YORW from YORW.json (84 rows)[0m
[32m2026-09-10 10:21:50.349[0m | [34m[1mDEBUG   [0m | [36msrc.data.cache[0m:[36mload_ohlcv[0m:[36m237[0m - [34m[1m[cache] Loaded OHLCV[1d] for ARKK from ARKK.json (2972 rows)[0m
[32m2026-09-10 10:21:50.362[0m | [34m[1mDEBUG   [0m | [36msrc.data.cache[0m:[36mload_ohlcv[0m:[36m237[0m - [34m[1m[cache] Loaded OHLCV[1d] for LXEO from LXEO.json (713 rows)[0m
[32m2026-09-10 10:21:50.367[0m | [34m[1mDEBUG   [0m | [36msrc.data.cache[0m:[36mload_ohlcv[0m:[36m237[0m - [34m[1m[cache] Loaded OHLCV[1d] for ENTA from ENTA.json (84 rows)[0m
[32m2026-09-10 10:21:50.371[0m | [34m[1mDEBUG   [0m | [36msrc.data.cache[0m:[36mload_ohlcv[0m:[36m237[0m - [34m[1m[cache] Loaded OHLCV[1d] for BXBL from BXBL.json (37 rows)[0m
[32m2026-09-10 10:21:50.375[0m | [34m[1mDEBUG   [0m | [36msrc.data.cache[0m:[36mload_ohlcv[0m:[36m237[0m - [34m[1m[cache] Loaded OHLCV[1d] for TXNM from TXNM.json (84 rows)[0m
[32m2026-09-10 10:21:50.379[0m | [34m[1mDEBUG   [0m | [36msrc.data.cache[0m:[36mload_ohlcv[0m:[36m237[0m - [34m[1m[cache] Loaded OHLCV[1d] for MAT from MAT.json (84 rows)[0m
[32m2026-09-10 10:21:50.396[0m | [34m[1mDEBUG   [0m | [36msrc.data.cache[0m:[36mload_ohlcv[0m:[36m237[0m - [34m[1m[cache] Loaded OHLCV[1d] for SCYX from SCYX.json (3096 rows)[0m
[32m2026-09-10 10:21:50.406[0m | [34m[1mDEBUG   [0m | [36msrc.data.cache[0m:[36mload_ohlcv[0m:[36m237[0m - [34m[1m[cache] Loaded OHLCV[1d] for KYTX from KYTX.json (84 rows)[0m
[32m2026-09-10 10:21:50.411[0m | [34m[1mDEBUG   [0m | [36msrc.data.cache[0m:[36mload_ohlcv[0m:[36m237[0m - [34m[1m[cache] Loaded OHLCV[1d] for OFIX from OFIX.json (84 rows)[0m
[32m2026-09-10 10:21:50.425[0m | [34m[1mDEBUG   [0m | [36msrc.data.cache[0m:[36mload_ohlcv[0m:[36m237[0m - [34m[1m[cache] Loaded OHLCV[1d] for VYGR from VYGR.json (2721 rows)[0m
[32m2026-09-10 10:21:50.435[0m | [34m[1mDEBUG   [0m | [36msrc.data.cache[0m:[36mload_ohlcv[0m:[36m237[0m - [34m[1m[cache] Loaded OHLCV[1d] for TRIP from TRIP.json (84 rows)[0m
[32m2026-09-10 10:21:50.440[0m | [34m[1mDEBUG   [0m | [36msrc.data.cache[0m:[36mload_ohlcv[0m:[36m237[0m - [34m[1m[cache] Loaded OHLCV[1d] for PDM from PDM.json (84 rows)[0m
[32m2026-09-10 10:21:50.445[0m | [34m[1mDEBUG   [0m | [36msrc.data.cache[0m:[36mload_ohlcv[0m:[36m237[0m - [34m[1m[cache] Loaded OHLCV[1d] for HBB from HBB.json (84 rows)[0m
[32m2026-09-10 10:21:50.453[0m | [34m[1mDEBUG   [0m | [36msrc.data.cache[0m:[36mload_ohlcv[0m:[36m237[0m - [34m[1m[cache] Loaded OHLCV[1d] for NUWE from NUWE.json (1349 rows)[0m
[32m2026-09-10 10:21:50.461[0m | [34m[1mDEBUG   [0m | [36msrc.data.cache[0m:[36mload_ohlcv[0m:[36m237[0m - [34m[1m[cache] Loaded OHLCV[1d] for ELS from ELS.json (84 rows)[0m
[32m2026-09-10 10:21:50.465[0m | [34m[1mDEBUG   [0m | [36msrc.data.cache[0m:[36mload_ohlcv[0m:[36m237[0m - [34m[1m[cache] Loaded OHLCV[1d] for AUTL from AUTL.json (84 rows)[0m
[32m2026-09-10 10:21:50.470[0m | [34m[1mDEBUG   [0m | [36msrc.data.cache[0m:[36mload_ohlcv[0m:[36m237[0m - [34m[1m[cache] Loaded OHLCV[1d] for YALA from YALA.json (84 rows)[0m
[32m2026-09-10 10:21:50.474[0m | [34m[1mDEBUG   [0m | [36msrc.data.cache[0m:[36mload_ohlcv[0m:[36m237[0m - [34m[1m[cache] Loaded OHLCV[1d] for BUR from BUR.json (84 rows)[0m
[32m2026-09-10 10:21:50.483[0m | [34m[1mDEBUG   [0m | [36msrc.data.cache[0m:[36mload_ohlcv[0m:[36m237[0m - [34m[1m[cache] Loaded OHLCV[1d] for BCYC from BCYC.json (1834 rows)[0m
[32m2026-09-10 10:21:50.492[0m | [34m[1mDEBUG   [0m | [36msrc.data.cache[0m:[36mload_ohlcv[0m:[36m237[0m - [34m[1m[cache] Loaded OHLCV[1d] for RMIX from RMIX.json (84 rows)[0m
[32m2026-09-10 10:21:50.512[0m | [34m[1mDEBUG   [0m | [36msrc.data.cache[0m:[36mload_ohlcv[0m:[36m237[0m - [34m[1m[cache] Loaded OHLCV[1d] for KEX from KEX.json (5049 rows)[0m
[32m2026-09-10 10:21:50.540[0m | [34m[1mDEBUG   [0m | [36msrc.data.cache[0m:[36mload_ohlcv[0m:[36m237[0m - [34m[1m[cache] Loaded OHLCV[1d] for HST from HST.json (5049 rows)[0m
[32m2026-09-10 10:21:50.555[0m | [34m[1mDEBUG   [0m | [36msrc.data.cache[0m:[36mload_ohlcv[0m:[36m237[0m - [34m[1m[cache] Loaded OHLCV[1d] for BMM from BMM.json (84 rows)[0m
[32m2026-09-10 10:21:50.576[0m | [34m[1mDEBUG   [0m | [36msrc.data.cache[0m:[36mload_ohlcv[0m:[36m237[0m - [34m[1m[cache] Loaded OHLCV[1d] for RFIL from RFIL.json (4983 rows)[0m
[32m2026-09-10 10:21:50.592[0m | [34m[1mDEBUG   [0m | [36msrc.data.cache[0m:[36mload_ohlcv[0m:[36m237[0m - [34m[1m[cache] Loaded OHLCV[1d] for NOMD from NOMD.json (84 rows)[0m
[32m2026-09-10 10:21:50.598[0m | [34m[1mDEBUG   [0m | [36msrc.data.cache[0m:[36mload_ohlcv[0m:[36m237[0m - [34m[1m[cache] Loaded OHLCV[1d] for IRTC from IRTC.json (84 rows)[0m
[32m2026-09-10 10:21:50.603[0m | [34m[1mDEBUG   [0m | [36msrc.data.cache[0m:[36mload_ohlcv[0m:[36m237[0m - [34m[1m[cache] Loaded OHLCV[1d] for UNF from UNF.json (84 rows)[0m
[32m2026-09-10 10:21:50.609[0m | [34m[1mDEBUG   [0m | [36msrc.data.cache[0m:[36mload_ohlcv[0m:[36m237[0m - [34m[1m[cache] Loaded OHLCV[1d] for LGCL from LGCL.json (630 rows)[0m
[32m2026-09-10 10:21:50.617[0m | [34m[1mDEBUG   [0m | [36msrc.data.cache[0m:[36mload_ohlcv[0m:[36m237[0m - [34m[1m[cache] Loaded OHLCV[1d] for GSM from GSM.json (84 rows)[0m
[32m2026-09-10 10:21:50.624[0m | [34m[1mDEBUG   [0m | [36msrc.data.cache[0m:[36mload_ohlcv[0m:[36m237[0m - [34m[1m[cache] Loaded OHLCV[1d] for KUST from KUST.json (168 rows)[0m
[32m2026-09-10 10:21:50.630[0m | [34m[1mDEBUG   [0m | [36msrc.data.cache[0m:[36mload_ohlcv[0m:[36m237[0m - [34m[1m[cache] Loaded OHLCV[1d] for TW from TW.json (84 rows)[0m
[32m2026-09-10 10:21:50.636[0m | [34m[1mDEBUG   [0m | [36msrc.data.cache[0m:[36mload_ohlcv[0m:[36m237[0m - [34m[1m[cache] Loaded OHLCV[1d] for SAFE from SAFE.json (84 rows)[0m
[32m2026-09-10 10:21:50.641[0m | [34m[1mDEBUG   [0m | [36msrc.data.cache[0m:[36mload_ohlcv[0m:[36m237[0m - [34m[1m[cache] Loaded OHLCV[1d] for SVC from SVC.json (84 rows)[0m
[32m2026-09-10 10:21:50.645[0m | [34m[1mDEBUG   [0m | [36msrc.data.cache[0m:[36mload_ohlcv[0m:[36m237[0m - [34m[1m[cache] Loaded OHLCV[1d] for PTC from PTC.json (84 rows)[0m
[32m2026-09-10 10:21:50.652[0m | [34m[1mDEBUG   [0m | [36msrc.data.cache[0m:[36mload_ohlcv[0m:[36m237[0m - [34m[1m[cache] Loaded OHLCV[1d] for PARR from PARR.json (84 rows)[0m
[32m2026-09-10 10:21:50.659[0m | [34m[1mDEBUG   [0m | [36msrc.data.cache[0m:[36mload_ohlcv[0m:[36m237[0m - [34m[1m[cache] Loaded OHLCV[1d] for WETO from WETO.json (383 rows)[0m
[32m2026-09-10 10:21:50.671[0m | [34m[1mDEBUG   [0m | [36msrc.data.cache[0m:[36mload_ohlcv[0m:[36m237[0m - [34m[1m[cache] Loaded OHLCV[1d] for HIVE from HIVE.json (2602 rows)[0m
[32m2026-09-10 10:21:50.679[0m | [34m[1mDEBUG   [0m | [36msrc.data.cache[0m:[36mload_ohlcv[0m:[36m237[0m - [34m[1m[cache] Loaded OHLCV[1d] for RACE from RACE.json (84 rows)[0m
[32m2026-09-10 10:21:50.684[0m | [34m[1mDEBUG   [0m | [36msrc.data.cache[0m:[36mload_ohlcv[0m:[36m237[0m - [34m[1m[cache] Loaded OHLCV[1d] for SPAI from SPAI.json (84 rows)[0m
[32m2026-09-10 10:21:50.694[0m | [34m[1mDEBUG   [0m | [36msrc.data.cache[0m:[36mload_ohlcv[0m:[36m237[0m - [34m[1m[cache] Loaded OHLCV[1d] for FIEE from FIEE.json (1810 rows)[0m
[32m2026-09-10 10:21:50.703[0m | [34m[1mDEBUG   [0m | [36msrc.data.cache[0m:[36mload_ohlcv[0m:[36m237[0m - [34m[1m[cache] Loaded OHLCV[1d] for XPON from XPON.json (84 rows)[0m
[32m2026-09-10 10:21:50.723[0m | [34m[1mDEBUG   [0m | [36msrc.data.cache[0m:[36mload_ohlcv[0m:[36m237[0m - [34m[1m[cache] Loaded OHLCV[1d] for JLL from JLL.json (5049 rows)[0m
[32m2026-09-10 10:21:50.739[0m | [34m[1mDEBUG   [0m | [36msrc.data.cache[0m:[36mload_ohlcv[0m:[36m237[0m - [34m[1m[cache] Loaded OHLCV[1d] for BH from BH.json (84 rows)[0m
[32m2026-09-10 10:21:50.746[0m | [34m[1mDEBUG   [0m | [36msrc.data.cache[0m:[36mload_ohlcv[0m:[36m237[0m - [34m[1m[cache] Loaded OHLCV[1d] for DGXX from DGXX.json (372 rows)[0m
[32m2026-09-10 10:21:50.757[0m | [34m[1mDEBUG   [0m | [36msrc.data.cache[0m:[36mload_ohlcv[0m:[36m237[0m - [34m[1m[cache] Loaded OHLCV[1d] for ENTX from ENTX.json (2009 rows)[0m
[32m2026-09-10 10:21:50.765[0m | [34m[1mDEBUG   [0m | [36msrc.data.cache[0m:[36mload_ohlcv[0m:[36m237[0m - [34m[1m[cache] Loaded OHLCV[1d] for AMRZ from AMRZ.json (84 rows)[0m
[32m2026-09-10 10:21:50.769[0m | [34m[1mDEBUG   [0m | [36msrc.data.cache[0m:[36mload_ohlcv[0m:[36m237[0m - [34m[1m[cache] Loaded OHLCV[1d] for VNO from VNO.json (84 rows)[0m
[32m2026-09-10 10:21:50.790[0m | [34m[1mDEBUG   [0m | [36msrc.data.cache[0m:[36mload_ohlcv[0m:[36m237[0m - [34m[1m[cache] Loaded OHLCV[1d] for EXR from EXR.json (5049 rows)[0m
[32m2026-09-10 10:21:50.893[0m | [34m[1mDEBUG   [0m | [36msrc.data.cache[0m:[36mload_ohlcv[0m:[36m237[0m - [34m[1m[cache] Loaded OHLCV[1d] for DEI from DEI.json (84 rows)[0m
[32m2026-09-10 10:21:50.898[0m | [34m[1mDEBUG   [0m | [36msrc.data.cache[0m:[36mload_ohlcv[0m:[36m237[0m - [34m[1m[cache] Loaded OHLCV[1d] for CUZ from CUZ.json (84 rows)[0m
[32m2026-09-10 10:21:50.918[0m | [34m[1mDEBUG   [0m | [36msrc.data.cache[0m:[36mload_ohlcv[0m:[36m237[0m - [34m[1m[cache] Loaded OHLCV[1d] for NI from NI.json (5049 rows)[0m
[32m2026-09-10 10:21:50.944[0m | [34m[1mDEBUG   [0m | [36msrc.data.cache[0m:[36mload_ohlcv[0m:[36m237[0m - [34m[1m[cache] Loaded OHLCV[1d] for WSBF from WSBF.json (4546 rows)[0m
[32m2026-09-10 10:21:50.961[0m | [34m[1mDEBUG   [0m | [36msrc.data.cache[0m:[36mload_ohlcv[0m:[36m237[0m - [34m[1m[cache] Loaded OHLCV[1d] for CHEF from CHEF.json (84 rows)[0m
[32m2026-09-10 10:21:50.965[0m | [34m[1mDEBUG   [0m | [36msrc.data.cache[0m:[36mload_ohlcv[0m:[36m237[0m - [34m[1m[cache] Loaded OHLCV[1d] for PLNT from PLNT.json (84 rows)[0m
[32m2026-09-10 10:21:50.970[0m | [34m[1mDEBUG   [0m | [36msrc.data.cache[0m:[36mload_ohlcv[0m:[36m237[0m - [34m[1m[cache] Loaded OHLCV[1d] for BKTI from BKTI.json (84 rows)[0m
[32m2026-09-10 10:21:50.979[0m | [34m[1mDEBUG   [0m | [36msrc.data.cache[0m:[36mload_ohlcv[0m:[36m237[0m - [34m[1m[cache] Loaded OHLCV[1d] for NXTC from NXTC.json (1844 rows)[0m
[32m2026-09-10 10:21:50.990[0m | [34m[1mDEBUG   [0m | [36msrc.data.cache[0m:[36mload_ohlcv[0m:[36m237[0m - [34m[1m[cache] Loaded OHLCV[1d] for SMWB from SMWB.json (1338 rows)[0m
[32m2026-09-10 10:21:50.998[0m | [34m[1mDEBUG   [0m | [36msrc.data.cache[0m:[36mload_ohlcv[0m:[36m237[0m - [34m[1m[cache] Loaded OHLCV[1d] for RAL from RAL.json (301 rows)[0m
[32m2026-09-10 10:21:51.003[0m | [34m[1mDEBUG   [0m | [36msrc.data.cache[0m:[36mload_ohlcv[0m:[36m237[0m - [34m[1m[cache] Loaded OHLCV[1d] for CLDX from CLDX.json (84 rows)[0m
[32m2026-09-10 10:21:51.024[0m | [34m[1mDEBUG   [0m | [36msrc.data.cache[0m:[36mload_ohlcv[0m:[36m237[0m - [34m[1m[cache] Loaded OHLCV[1d] for SLAB from SLAB.json (5049 rows)[0m
[32m2026-09-10 10:21:51.039[0m | [34m[1mDEBUG   [0m | [36msrc.data.cache[0m:[36mload_ohlcv[0m:[36m237[0m - [34m[1m[cache] Loaded OHLCV[1d] for CTMX from CTMX.json (84 rows)[0m
[32m2026-09-10 10:21:51.062[0m | [34m[1mDEBUG   [0m | [36msrc.data.cache[0m:[36mload_ohlcv[0m:[36m237[0m - [34m[1m[cache] Loaded OHLCV[1d] for SMP from SMP.json (5049 rows)[0m
[32m2026-09-10 10:21:51.083[0m | [34m[1mDEBUG   [0m | [36msrc.data.cache[0m:[36mload_ohlcv[0m:[36m237[0m - [34m[1m[cache] Loaded OHLCV[1d] for PSFE from PSFE.json (1367 rows)[0m
[32m2026-09-10 10:21:51.092[0m | [34m[1mDEBUG   [0m | [36msrc.data.cache[0m:[36mload_ohlcv[0m:[36m237[0m - [34m[1m[cache] Loaded OHLCV[1d] for LAR from LAR.json (407 rows)[0m
[32m2026-09-10 10:21:51.102[0m | [34m[1mDEBUG   [0m | [36msrc.data.cache[0m:[36mload_ohlcv[0m:[36m237[0m - [34m[1m[cache] Loaded OHLCV[1d] for AORT from AORT.json (1161 rows)[0m
[32m2026-09-10 10:21:51.111[0m | [34m[1mDEBUG   [0m | [36msrc.data.cache[0m:[36mload_ohlcv[0m:[36m237[0m - [34m[1m[cache] Loaded OHLCV[1d] for OPCH from OPCH.json (508 rows)[0m
[32m2026-09-10 10:21:51.134[0m | [34m[1mDEBUG   [0m | [36msrc.data.cache[0m:[36mload_ohlcv[0m:[36m237[0m - [34m[1m[cache] Loaded OHLCV[1d] for FLR from FLR.json (5049 rows)[0m
[32m2026-09-10 10:21:51.160[0m | [34m[1mDEBUG   [0m | [36msrc.data.cache[0m:[36mload_ohlcv[0m:[36m237[0m - [34m[1m[cache] Loaded OHLCV[1d] for SAIC from SAIC.json (3255 rows)[0m
[32m2026-09-10 10:21:51.172[0m | [34m[1mDEBUG   [0m | [36msrc.data.cache[0m:[36mload_ohlcv[0m:[36m237[0m - [34m[1m[cache] Loaded OHLCV[1d] for RLMD from RLMD.json (84 rows)[0m
[32m2026-09-10 10:21:51.177[0m | [34m[1mDEBUG   [0m | [36msrc.data.cache[0m:[36mload_ohlcv[0m:[36m237[0m - [34m[1m[cache] Loaded OHLCV[1d] for BBT from BBT.json (84 rows)[0m
[32m2026-09-10 10:21:51.182[0m | [34m[1mDEBUG   [0m | [36msrc.data.cache[0m:[36mload_ohlcv[0m:[36m237[0m - [34m[1m[cache] Loaded OHLCV[1d] for PH from PH.json (84 rows)[0m
[32m2026-09-10 10:21:51.188[0m | [34m[1mDEBUG   [0m | [36msrc.data.cache[0m:[36mload_ohlcv[0m:[36m237[0m - [34m[1m[cache] Loaded OHLCV[1d] for GGAL from GGAL.json (508 rows)[0m
[32m2026-09-10 10:21:51.195[0m | [34m[1mDEBUG   [0m | [36msrc.data.cache[0m:[36mload_ohlcv[0m:[36m237[0m - [34m[1m[cache] Loaded OHLCV[1d] for CDW from CDW.json (508 rows)[0m
[32m2026-09-10 10:21:51.216[0m | [34m[1mDEBUG   [0m | [36msrc.data.cache[0m:[36mload_ohlcv[0m:[36m237[0m - [34m[1m[cache] Loaded OHLCV[1d] for RL from RL.json (5049 rows)[0m
[32m2026-09-10 10:21:51.240[0m | [34m[1mDEBUG   [0m | [36msrc.data.cache[0m:[36mload_ohlcv[0m:[36m237[0m - [34m[1m[cache] Loaded OHLCV[1d] for VIVO from VIVO.json (4267 rows)[0m
[32m2026-09-10 10:21:51.254[0m | [34m[1mDEBUG   [0m | [36msrc.data.cache[0m:[36mload_ohlcv[0m:[36m237[0m - [34m[1m[cache] Loaded OHLCV[1d] for QQQI from QQQI.json (82 rows)[0m
[32m2026-09-10 10:21:51.276[0m | [34m[1mDEBUG   [0m | [36msrc.data.cache[0m:[36mload_ohlcv[0m:[36m237[0m - [34m[1m[cache] Loaded OHLCV[1d] for CCXI from CCXI.json (2823 rows)[0m
[32m2026-09-10 10:21:51.286[0m | [34m[1mDEBUG   [0m | [36msrc.data.cache[0m:[36mload_ohlcv[0m:[36m237[0m - [34m[1m[cache] Loaded OHLCV[1d] for PMT from PMT.json (82 rows)[0m
[32m2026-09-10 10:21:51.294[0m | [34m[1mDEBUG   [0m | [36msrc.data.cache[0m:[36mload_ohlcv[0m:[36m237[0m - [34m[1m[cache] Loaded OHLCV[1d] for BRK.A from BRK.A.json (82 rows)[0m
[32m2026-09-10 10:21:51.298[0m | [34m[1mDEBUG   [0m | [36msrc.data.cache[0m:[36mload_ohlcv[0m:[36m237[0m - [34m[1m[cache] Loaded OHLCV[1d] for ANGX from ANGX.json (82 rows)[0m
[32m2026-09-10 10:21:51.303[0m | [34m[1mDEBUG   [0m | [36msrc.data.cache[0m:[36mload_ohlcv[0m:[36m237[0m - [34m[1m[cache] Loaded OHLCV[1d] for EMPD from EMPD.json (82 rows)[0m
[32m2026-09-10 10:21:51.307[0m | [34m[1mDEBUG   [0m | [36msrc.data.cache[0m:[36mload_ohlcv[0m:[36m237[0m - [34m[1m[cache] Loaded OHLCV[1d] for MAIN from MAIN.json (82 rows)[0m
[32m2026-09-10 10:21:51.312[0m | [34m[1mDEBUG   [0m | [36msrc.data.cache[0m:[36mload_ohlcv[0m:[36m237[0m - [34m[1m[cache] Loaded OHLCV[1d] for OABI from OABI.json (81 rows)[0m
[32m2026-09-10 10:21:51.317[0m | [34m[1mDEBUG   [0m | [36msrc.data.cache[0m:[36mload_ohlcv[0m:[36m237[0m - [34m[1m[cache] Loaded OHLCV[1d] for CLM from CLM.json (81 rows)[0m
[32m2026-09-10 10:21:51.321[0m | [34m[1mDEBUG   [0m | [36msrc.data.cache[0m:[36mload_ohlcv[0m:[36m237[0m - [34m[1m[cache] Loaded OHLCV[1d] for NXE from NXE.json (81 rows)[0m
[32m2026-09-10 10:21:51.325[0m | [34m[1mDEBUG   [0m | [36msrc.data.cache[0m:[36mload_ohlcv[0m:[36m237[0m - [34m[1m[cache] Loaded OHLCV[1d] for NBTX from NBTX.json (81 rows)[0m
[32m2026-09-10 10:21:51.334[0m | [34m[1mDEBUG   [0m | [36msrc.data.cache[0m:[36mload_ohlcv[0m:[36m237[0m - [34m[1m[cache] Loaded OHLCV[1d] for LAW from LAW.json (1290 rows)[0m
[32m2026-09-10 10:21:51.357[0m | [34m[1mDEBUG   [0m | [36msrc.data.cache[0m:[36mload_ohlcv[0m:[36m237[0m - [34m[1m[cache] Loaded OHLCV[1d] for NJR from NJR.json (5049 rows)[0m
[32m2026-09-10 10:21:51.390[0m | [34m[1mDEBUG   [0m | [36msrc.data.cache[0m:[36mload_ohlcv[0m:[36m237[0m - [34m[1m[cache] Loaded OHLCV[1d] for OLP from OLP.json (5049 rows)[0m
[32m2026-09-10 10:21:51.420[0m | [34m[1mDEBUG   [0m | [36msrc.data.cache[0m:[36mload_ohlcv[0m:[36m237[0m - [34m[1m[cache] Loaded OHLCV[1d] for PCRX from PCRX.json (3921 rows)[0m
[32m2026-09-10 10:21:51.432[0m | [34m[1mDEBUG   [0m | [36msrc.data.cache[0m:[36mload_ohlcv[0m:[36m237[0m - [34m[1m[cache] Loaded OHLCV[1d] for SOJD from SOJD.json (81 rows)[0m
[32m2026-09-10 10:21:51.437[0m | [34m[1mDEBUG   [0m | [36msrc.data.cache[0m:[36mload_ohlcv[0m:[36m237[0m - [34m[1m[cache] Loaded OHLCV[1d] for WFF from WFF.json (81 rows)[0m
[32m2026-09-10 10:21:51.445[0m | [34m[1mDEBUG   [0m | [36msrc.data.cache[0m:[36mload_ohlcv[0m:[36m237[0m - [34m[1m[cache] Loaded OHLCV[1d] for STLA from STLA.json (1417 rows)[0m
[32m2026-09-10 10:21:51.451[0m | [34m[1mDEBUG   [0m | [36msrc.data.cache[0m:[36mload_ohlcv[0m:[36m237[0m - [34m[1m[cache] Loaded OHLCV[1d] for AGPU from AGPU.json (81 rows)[0m
[32m2026-09-10 10:21:51.456[0m | [34m[1mDEBUG   [0m | [36msrc.data.cache[0m:[36mload_ohlcv[0m:[36m237[0m - [34m[1m[cache] Loaded OHLCV[1d] for CHRN from CHRN.json (130 rows)[0m
[32m2026-09-10 10:21:51.471[0m | [34m[1mDEBUG   [0m | [36msrc.data.cache[0m:[36mload_ohlcv[0m:[36m237[0m - [34m[1m[cache] Loaded OHLCV[1d] for QRVO from QRVO.json (2938 rows)[0m
[32m2026-09-10 10:21:51.493[0m | [34m[1mDEBUG   [0m | [36msrc.data.cache[0m:[36mload_ohlcv[0m:[36m237[0m - [34m[1m[cache] Loaded OHLCV[1d] for VIRT from VIRT.json (2867 rows)[0m
[32m2026-09-10 10:21:51.506[0m | [34m[1mDEBUG   [0m | [36msrc.data.cache[0m:[36mload_ohlcv[0m:[36m237[0m - [34m[1m[cache] Loaded OHLCV[1d] for ATMU from ATMU.json (824 rows)[0m
[32m2026-09-10 10:21:51.512[0m | [34m[1mDEBUG   [0m | [36msrc.data.cache[0m:[36mload_ohlcv[0m:[36m237[0m - [34m[1m[cache] Loaded OHLCV[1d] for ZBIO from ZBIO.json (498 rows)[0m
[32m2026-09-10 10:21:51.518[0m | [34m[1mDEBUG   [0m | [36msrc.data.cache[0m:[36mload_ohlcv[0m:[36m237[0m - [34m[1m[cache] Loaded OHLCV[1d] for NMRA from NMRA.json (81 rows)[0m
[32m2026-09-10 10:21:51.522[0m | [34m[1mDEBUG   [0m | [36msrc.data.cache[0m:[36mload_ohlcv[0m:[36m237[0m - [34m[1m[cache] Loaded OHLCV[1d] for MANE from MANE.json (81 rows)[0m
[32m2026-09-10 10:21:51.539[0m | [34m[1mDEBUG   [0m | [36msrc.data.cache[0m:[36mload_ohlcv[0m:[36m237[0m - [34m[1m[cache] Loaded OHLCV[1d] for BWA from BWA.json (5049 rows)[0m
[32m2026-09-10 10:21:51.563[0m | [34m[1mDEBUG   [0m | [36msrc.data.cache[0m:[36mload_ohlcv[0m:[36m237[0m - [34m[1m[cache] Loaded OHLCV[1d] for LZ from LZ.json (2588 rows)[0m
[32m2026-09-10 10:21:51.573[0m | [34m[1mDEBUG   [0m | [36msrc.data.cache[0m:[36mload_ohlcv[0m:[36m237[0m - [34m[1m[cache] Loaded OHLCV[1d] for JCAP from JCAP.json (81 rows)[0m
[32m2026-09-10 10:21:51.577[0m | [34m[1mDEBUG   [0m | [36msrc.data.cache[0m:[36mload_ohlcv[0m:[36m237[0m - [34m[1m[cache] Loaded OHLCV[1d] for HSAI from HSAI.json (80 rows)[0m
[32m2026-09-10 10:21:51.582[0m | [34m[1mDEBUG   [0m | [36msrc.data.cache[0m:[36mload_ohlcv[0m:[36m237[0m - [34m[1m[cache] Loaded OHLCV[1d] for ZTG from ZTG.json (79 rows)[0m
[32m2026-09-10 10:21:51.586[0m | [34m[1mDEBUG   [0m | [36msrc.data.cache[0m:[36mload_ohlcv[0m:[36m237[0m - [34m[1m[cache] Loaded OHLCV[1d] for PONY from PONY.json (80 rows)[0m
[32m2026-09-10 10:21:51.591[0m | [34m[1mDEBUG   [0m | [36msrc.data.cache[0m:[36mload_ohlcv[0m:[36m237[0m - [34m[1m[cache] Loaded OHLCV[1d] for CDTG from CDTG.json (80 rows)[0m
[32m2026-09-10 10:21:51.596[0m | [34m[1mDEBUG   [0m | [36msrc.data.cache[0m:[36mload_ohlcv[0m:[36m237[0m - [34m[1m[cache] Loaded OHLCV[1d] for FCBC from FCBC.json (80 rows)[0m
[32m2026-09-10 10:21:51.603[0m | [34m[1mDEBUG   [0m | [36msrc.data.cache[0m:[36mload_ohlcv[0m:[36m237[0m - [34m[1m[cache] Loaded OHLCV[1d] for TLN from TLN.json (1036 rows)[0m
[32m2026-09-10 10:21:51.610[0m | [34m[1mDEBUG   [0m | [36msrc.data.cache[0m:[36mload_ohlcv[0m:[36m237[0m - [34m[1m[cache] Loaded OHLCV[1d] for AREC from AREC.json (80 rows)[0m
[32m2026-09-10 10:21:51.618[0m | [34m[1mDEBUG   [0m | [36msrc.data.cache[0m:[36mload_ohlcv[0m:[36m237[0m - [34m[1m[cache] Loaded OHLCV[1d] for AS from AS.json (653 rows)[0m
[32m2026-09-10 10:21:51.630[0m | [34m[1mDEBUG   [0m | [36msrc.data.cache[0m:[36mload_ohlcv[0m:[36m237[0m - [34m[1m[cache] Loaded OHLCV[1d] for AVXL from AVXL.json (2731 rows)[0m
[32m2026-09-10 10:21:51.639[0m | [34m[1mDEBUG   [0m | [36msrc.data.cache[0m:[36mload_ohlcv[0m:[36m237[0m - [34m[1m[cache] Loaded OHLCV[1d] for KRG from KRG.json (80 rows)[0m
[32m2026-09-10 10:21:51.643[0m | [34m[1mDEBUG   [0m | [36msrc.data.cache[0m:[36mload_ohlcv[0m:[36m237[0m - [34m[1m[cache] Loaded OHLCV[1d] for TNK from TNK.json (80 rows)[0m
[32m2026-09-10 10:21:51.660[0m | [34m[1mDEBUG   [0m | [36msrc.data.cache[0m:[36mload_ohlcv[0m:[36m237[0m - [34m[1m[cache] Loaded OHLCV[1d] for GMED from GMED.json (3544 rows)[0m
[32m2026-09-10 10:21:51.669[0m | [34m[1mDEBUG   [0m | [36msrc.data.cache[0m:[36mload_ohlcv[0m:[36m237[0m - [34m[1m[cache] Loaded OHLCV[1d] for ARDT from ARDT.json (80 rows)[0m
[32m2026-09-10 10:21:51.673[0m | [34m[1mDEBUG   [0m | [36msrc.data.cache[0m:[36mload_ohlcv[0m:[36m237[0m - [34m[1m[cache] Loaded OHLCV[1d] for COSO from COSO.json (80 rows)[0m
[32m2026-09-10 10:21:51.678[0m | [34m[1mDEBUG   [0m | [36msrc.data.cache[0m:[36mload_ohlcv[0m:[36m237[0m - [34m[1m[cache] Loaded OHLCV[1d] for PPC from PPC.json (80 rows)[0m
[32m2026-09-10 10:21:51.687[0m | [34m[1mDEBUG   [0m | [36msrc.data.cache[0m:[36mload_ohlcv[0m:[36m237[0m - [34m[1m[cache] Loaded OHLCV[1d] for MEGI from MEGI.json (1221 rows)[0m
[32m2026-09-10 10:21:51.693[0m | [34m[1mDEBUG   [0m | [36msrc.data.cache[0m:[36mload_ohlcv[0m:[36m237[0m - [34m[1m[cache] Loaded OHLCV[1d] for BEKE from BEKE.json (80 rows)[0m
[32m2026-09-10 10:21:51.704[0m | [34m[1mDEBUG   [0m | [36msrc.data.cache[0m:[36mload_ohlcv[0m:[36m237[0m - [34m[1m[cache] Loaded OHLCV[1d] for CMCL from CMCL.json (2290 rows)[0m
[32m2026-09-10 10:21:51.713[0m | [34m[1mDEBUG   [0m | [36msrc.data.cache[0m:[36mload_ohlcv[0m:[36m237[0m - [34m[1m[cache] Loaded OHLCV[1d] for WB from WB.json (79 rows)[0m
[32m2026-09-10 10:21:51.722[0m | [34m[1mDEBUG   [0m | [36msrc.data.cache[0m:[36mload_ohlcv[0m:[36m237[0m - [34m[1m[cache] Loaded OHLCV[1d] for PLTK from PLTK.json (1418 rows)[0m
[32m2026-09-10 10:21:51.732[0m | [34m[1mDEBUG   [0m | [36msrc.data.cache[0m:[36mload_ohlcv[0m:[36m237[0m - [34m[1m[cache] Loaded OHLCV[1d] for EHGO from EHGO.json (549 rows)[0m
[32m2026-09-10 10:21:51.738[0m | [34m[1mDEBUG   [0m | [36msrc.data.cache[0m:[36mload_ohlcv[0m:[36m237[0m - [34m[1m[cache] Loaded OHLCV[1d] for GDRX from GDRX.json (79 rows)[0m
[32m2026-09-10 10:21:51.758[0m | [34m[1mDEBUG   [0m | [36msrc.data.cache[0m:[36mload_ohlcv[0m:[36m237[0m - [34m[1m[cache] Loaded OHLCV[1d] for CFFI from CFFI.json (4767 rows)[0m
[32m2026-09-10 10:21:51.786[0m | [34m[1mDEBUG   [0m | [36msrc.data.cache[0m:[36mload_ohlcv[0m:[36m237[0m - [34m[1m[cache] Loaded OHLCV[1d] for JOUT from JOUT.json (4948 rows)[0m
[32m2026-09-10 10:21:51.806[0m | [34m[1mDEBUG   [0m | [36msrc.data.cache[0m:[36mload_ohlcv[0m:[36m237[0m - [34m[1m[cache] Loaded OHLCV[1d] for JILL from JILL.json (2389 rows)[0m
[32m2026-09-10 10:21:51.816[0m | [34m[1mDEBUG   [0m | [36msrc.data.cache[0m:[36mload_ohlcv[0m:[36m237[0m - [34m[1m[cache] Loaded OHLCV[1d] for ADIG from ADIG.json (26 rows)[0m
[32m2026-09-10 10:21:51.821[0m | [34m[1mDEBUG   [0m | [36msrc.data.cache[0m:[36mload_ohlcv[0m:[36m237[0m - [34m[1m[cache] Loaded OHLCV[1d] for BULL from BULL.json (354 rows)[0m
[32m2026-09-10 10:21:51.831[0m | [34m[1mDEBUG   [0m | [36msrc.data.cache[0m:[36mload_ohlcv[0m:[36m237[0m - [34m[1m[cache] Loaded OHLCV[1d] for BNTX from BNTX.json (1737 rows)[0m
[32m2026-09-10 10:21:51.850[0m | [34m[1mDEBUG   [0m | [36msrc.data.cache[0m:[36mload_ohlcv[0m:[36m237[0m - [34m[1m[cache] Loaded OHLCV[1d] for NVAX from NVAX.json (5048 rows)[0m
[32m2026-09-10 10:21:51.866[0m | [34m[1mDEBUG   [0m | [36msrc.data.cache[0m:[36mload_ohlcv[0m:[36m237[0m - [34m[1m[cache] Loaded OHLCV[1d] for BILL from BILL.json (79 rows)[0m
[32m2026-09-10 10:21:51.871[0m | [34m[1mDEBUG   [0m | [36msrc.data.cache[0m:[36mload_ohlcv[0m:[36m237[0m - [34m[1m[cache] Loaded OHLCV[1d] for CAAP from CAAP.json (79 rows)[0m
[32m2026-09-10 10:21:51.876[0m | [34m[1mDEBUG   [0m | [36msrc.data.cache[0m:[36mload_ohlcv[0m:[36m237[0m - [34m[1m[cache] Loaded OHLCV[1d] for COTY from COTY.json (79 rows)[0m
[32m2026-09-10 10:21:51.881[0m | [34m[1mDEBUG   [0m | [36msrc.data.cache[0m:[36mload_ohlcv[0m:[36m237[0m - [34m[1m[cache] Loaded OHLCV[1d] for DRD from DRD.json (79 rows)[0m
[32m2026-09-10 10:21:51.886[0m | [34m[1mDEBUG   [0m | [36msrc.data.cache[0m:[36mload_ohlcv[0m:[36m237[0m - [34m[1m[cache] Loaded OHLCV[1d] for WEAV from WEAV.json (79 rows)[0m
[32m2026-09-10 10:21:51.892[0m | [34m[1mDEBUG   [0m | [36msrc.data.cache[0m:[36mload_ohlcv[0m:[36m237[0m - [34m[1m[cache] Loaded OHLCV[1d] for CYPH from CYPH.json (79 rows)[0m
[32m2026-09-10 10:21:51.913[0m | [34m[1mDEBUG   [0m | [36msrc.data.cache[0m:[36mload_ohlcv[0m:[36m237[0m - [34m[1m[cache] Loaded OHLCV[1d] for MOS from MOS.json (5049 rows)[0m
[32m2026-09-10 10:21:51.928[0m | [34m[1mDEBUG   [0m | [36msrc.data.cache[0m:[36mload_ohlcv[0m:[36m237[0m - [34m[1m[cache] Loaded OHLCV[1d] for ZNTL from ZNTL.json (79 rows)[0m
[32m2026-09-10 10:21:51.933[0m | [34m[1mDEBUG   [0m | [36msrc.data.cache[0m:[36mload_ohlcv[0m:[36m237[0m - [34m[1m[cache] Loaded OHLCV[1d] for EVLV from EVLV.json (79 rows)[0m
[32m2026-09-10 10:21:51.937[0m | [34m[1mDEBUG   [0m | [36msrc.data.cache[0m:[36mload_ohlcv[0m:[36m237[0m - [34m[1m[cache] Loaded OHLCV[1d] for KZIA from KZIA.json (79 rows)[0m
[32m2026-09-10 10:21:51.944[0m | [34m[1mDEBUG   [0m | [36msrc.data.cache[0m:[36mload_ohlcv[0m:[36m237[0m - [34m[1m[cache] Loaded OHLCV[1d] for ADAG from ADAG.json (79 rows)[0m
[32m2026-09-10 10:21:51.950[0m | [34m[1mDEBUG   [0m | [36msrc.data.cache[0m:[36mload_ohlcv[0m:[36m237[0m - [34m[1m[cache] Loaded OHLCV[1d] for EXYN from EXYN.json (79 rows)[0m
[32m2026-09-10 10:21:51.971[0m | [34m[1mDEBUG   [0m | [36msrc.data.cache[0m:[36mload_ohlcv[0m:[36m237[0m - [34m[1m[cache] Loaded OHLCV[1d] for ULTA from ULTA.json (4747 rows)[0m
[32m2026-09-10 10:21:51.985[0m | [34m[1mDEBUG   [0m | [36msrc.data.cache[0m:[36mload_ohlcv[0m:[36m237[0m - [34m[1m[cache] Loaded OHLCV[1d] for MRNY from MRNY.json (79 rows)[0m
[32m2026-09-10 10:21:51.994[0m | [34m[1mDEBUG   [0m | [36msrc.data.cache[0m:[36mload_ohlcv[0m:[36m237[0m - [34m[1m[cache] Loaded OHLCV[1d] for HUIZ from HUIZ.json (1641 rows)[0m
[32m2026-09-10 10:21:52.003[0m | [34m[1mDEBUG   [0m | [36msrc.data.cache[0m:[36mload_ohlcv[0m:[36m237[0m - [34m[1m[cache] Loaded OHLCV[1d] for TKO from TKO.json (79 rows)[0m
[32m2026-09-10 10:21:52.007[0m | [34m[1mDEBUG   [0m | [36msrc.data.cache[0m:[36mload_ohlcv[0m:[36m237[0m - [34m[1m[cache] Loaded OHLCV[1d] for FORR from FORR.json (79 rows)[0m
[32m2026-09-10 10:21:52.012[0m | [34m[1mDEBUG   [0m | [36msrc.data.cache[0m:[36mload_ohlcv[0m:[36m237[0m - [34m[1m[cache] Loaded OHLCV[1d] for ACMR from ACMR.json (79 rows)[0m
[32m2026-09-10 10:21:52.018[0m | [34m[1mDEBUG   [0m | [36msrc.data.cache[0m:[36mload_ohlcv[0m:[36m237[0m - [34m[1m[cache] Loaded OHLCV[1d] for TNET from TNET.json (79 rows)[0m
[32m2026-09-10 10:21:52.023[0m | [34m[1mDEBUG   [0m | [36msrc.data.cache[0m:[36mload_ohlcv[0m:[36m237[0m - [34m[1m[cache] Loaded OHLCV[1d] for VTOL from VTOL.json (79 rows)[0m
[32m2026-09-10 10:21:52.029[0m | [34m[1mDEBUG   [0m | [36msrc.data.cache[0m:[36mload_ohlcv[0m:[36m237[0m - [34m[1m[cache] Loaded OHLCV[1d] for GOF from GOF.json (79 rows)[0m
[32m2026-09-10 10:21:52.034[0m | [34m[1mDEBUG   [0m | [36msrc.data.cache[0m:[36mload_ohlcv[0m:[36m237[0m - [34m[1m[cache] Loaded OHLCV[1d] for USDE from USDE.json (52 rows)[0m
[32m2026-09-10 10:21:52.040[0m | [34m[1mDEBUG   [0m | [36msrc.data.cache[0m:[36mload_ohlcv[0m:[36m237[0m - [34m[1m[cache] Loaded OHLCV[1d] for ASST from ASST.json (79 rows)[0m
[32m2026-09-10 10:21:52.060[0m | [34m[1mDEBUG   [0m | [36msrc.data.cache[0m:[36mload_ohlcv[0m:[36m237[0m - [34m[1m[cache] Loaded OHLCV[1d] for DKS from DKS.json (5049 rows)[0m
[32m2026-09-10 10:21:52.077[0m | [34m[1mDEBUG   [0m | [36msrc.data.cache[0m:[36mload_ohlcv[0m:[36m237[0m - [34m[1m[cache] Loaded OHLCV[1d] for MRNX from MRNX.json (79 rows)[0m
[32m2026-09-10 10:21:52.083[0m | [34m[1mDEBUG   [0m | [36msrc.data.cache[0m:[36mload_ohlcv[0m:[36m237[0m - [34m[1m[cache] Loaded OHLCV[1d] for AEG from AEG.json (79 rows)[0m
[32m2026-09-10 10:21:52.097[0m | [34m[1mDEBUG   [0m | [36msrc.data.cache[0m:[36mload_ohlcv[0m:[36m237[0m - [34m[1m[cache] Loaded OHLCV[1d] for ATHM from ATHM.json (3204 rows)[0m
[32m2026-09-10 10:21:52.109[0m | [34m[1mDEBUG   [0m | [36msrc.data.cache[0m:[36mload_ohlcv[0m:[36m237[0m - [34m[1m[cache] Loaded OHLCV[1d] for BAK from BAK.json (79 rows)[0m
[32m2026-09-10 10:21:52.115[0m | [34m[1mDEBUG   [0m | [36msrc.data.cache[0m:[36mload_ohlcv[0m:[36m237[0m - [34m[1m[cache] Loaded OHLCV[1d] for EVAX from EVAX.json (79 rows)[0m
[32m2026-09-10 10:21:52.130[0m | [34m[1mDEBUG   [0m | [36msrc.data.cache[0m:[36mload_ohlcv[0m:[36m237[0m - [34m[1m[cache] Loaded OHLCV[1d] for LILA from LILA.json (2813 rows)[0m
[32m2026-09-10 10:21:52.142[0m | [34m[1mDEBUG   [0m | [36msrc.data.cache[0m:[36mload_ohlcv[0m:[36m237[0m - [34m[1m[cache] Loaded OHLCV[1d] for EPR from EPR.json (79 rows)[0m
[32m2026-09-10 10:21:52.148[0m | [34m[1mDEBUG   [0m | [36msrc.data.cache[0m:[36mload_ohlcv[0m:[36m237[0m - [34m[1m[cache] Loaded OHLCV[1d] for BH.A from BH.A.json (79 rows)[0m
[32m2026-09-10 10:21:52.153[0m | [34m[1mDEBUG   [0m | [36msrc.data.cache[0m:[36mload_ohlcv[0m:[36m237[0m - [34m[1m[cache] Loaded OHLCV[1d] for CNK from CNK.json (79 rows)[0m
[32m2026-09-10 10:21:52.157[0m | [34m[1mDEBUG   [0m | [36msrc.data.cache[0m:[36mload_ohlcv[0m:[36m237[0m - [34m[1m[cache] Loaded OHLCV[1d] for GAIN from GAIN.json (79 rows)[0m
[32m2026-09-10 10:21:52.179[0m | [34m[1mDEBUG   [0m | [36msrc.data.cache[0m:[36mload_ohlcv[0m:[36m237[0m - [34m[1m[cache] Loaded OHLCV[1d] for CRVL from CRVL.json (5049 rows)[0m
[32m2026-09-10 10:21:52.193[0m | [34m[1mDEBUG   [0m | [36msrc.data.cache[0m:[36mload_ohlcv[0m:[36m237[0m - [34m[1m[cache] Loaded OHLCV[1d] for SRTA from SRTA.json (79 rows)[0m
[32m2026-09-10 10:21:52.209[0m | [34m[1mDEBUG   [0m | [36msrc.data.cache[0m:[36mload_ohlcv[0m:[36m237[0m - [34m[1m[cache] Loaded OHLCV[1d] for TRGP from TRGP.json (3962 rows)[0m
[32m2026-09-10 10:21:52.223[0m | [34m[1mDEBUG   [0m | [36msrc.data.cache[0m:[36mload_ohlcv[0m:[36m237[0m - [34m[1m[cache] Loaded OHLCV[1d] for ADVB from ADVB.json (380 rows)[0m
[32m2026-09-10 10:21:52.227[0m | [34m[1mDEBUG   [0m | [36msrc.data.cache[0m:[36mload_ohlcv[0m:[36m237[0m - [34m[1m[cache] Loaded OHLCV[1d] for BSIN from BSIN.json (65 rows)[0m
[32m2026-09-10 10:21:52.232[0m | [34m[1mDEBUG   [0m | [36msrc.data.cache[0m:[36mload_ohlcv[0m:[36m237[0m - [34m[1m[cache] Loaded OHLCV[1d] for LAZ from LAZ.json (79 rows)[0m
[32m2026-09-10 10:21:52.236[0m | [34m[1mDEBUG   [0m | [36msrc.data.cache[0m:[36mload_ohlcv[0m:[36m237[0m - [34m[1m[cache] Loaded OHLCV[1d] for NVST from NVST.json (79 rows)[0m
[32m2026-09-10 10:21:52.241[0m | [34m[1mDEBUG   [0m | [36msrc.data.cache[0m:[36mload_ohlcv[0m:[36m237[0m - [34m[1m[cache] Loaded OHLCV[1d] for NTHI from NTHI.json (79 rows)[0m
[32m2026-09-10 10:21:52.247[0m | [34m[1mDEBUG   [0m | [36msrc.data.cache[0m:[36mload_ohlcv[0m:[36m237[0m - [34m[1m[cache] Loaded OHLCV[1d] for RCKT from RCKT.json (79 rows)[0m
[32m2026-09-10 10:21:52.253[0m | [34m[1mDEBUG   [0m | [36msrc.data.cache[0m:[36mload_ohlcv[0m:[36m237[0m - [34m[1m[cache] Loaded OHLCV[1d] for AME from AME.json (79 rows)[0m
[32m2026-09-10 10:21:52.263[0m | [34m[1mDEBUG   [0m | [36msrc.data.cache[0m:[36mload_ohlcv[0m:[36m237[0m - [34m[1m[cache] Loaded OHLCV[1d] for UI from UI.json (1773 rows)[0m
[32m2026-09-10 10:21:52.275[0m | [34m[1mDEBUG   [0m | [36msrc.data.cache[0m:[36mload_ohlcv[0m:[36m237[0m - [34m[1m[cache] Loaded OHLCV[1d] for LAC from LAC.json (2167 rows)[0m
[32m2026-09-10 10:21:52.296[0m | [34m[1mDEBUG   [0m | [36msrc.data.cache[0m:[36mload_ohlcv[0m:[36m237[0m - [34m[1m[cache] Loaded OHLCV[1d] for UEC from UEC.json (4766 rows)[0m
[32m2026-09-10 10:21:52.309[0m | [34m[1mDEBUG   [0m | [36msrc.data.cache[0m:[36mload_ohlcv[0m:[36m237[0m - [34m[1m[cache] Loaded OHLCV[1d] for IQMX from IQMX.json (48 rows)[0m
[32m2026-09-10 10:21:52.315[0m | [34m[1mDEBUG   [0m | [36msrc.data.cache[0m:[36mload_ohlcv[0m:[36m237[0m - [34m[1m[cache] Loaded OHLCV[1d] for JUNS from JUNS.json (442 rows)[0m
[32m2026-09-10 10:21:52.322[0m | [34m[1mDEBUG   [0m | [36msrc.data.cache[0m:[36mload_ohlcv[0m:[36m237[0m - [34m[1m[cache] Loaded OHLCV[1d] for SDOT from SDOT.json (783 rows)[0m
[32m2026-09-10 10:21:52.328[0m | [34m[1mDEBUG   [0m | [36msrc.data.cache[0m:[36mload_ohlcv[0m:[36m237[0m - [34m[1m[cache] Loaded OHLCV[1d] for COPX from COPX.json (79 rows)[0m
[32m2026-09-10 10:21:52.333[0m | [34m[1mDEBUG   [0m | [36msrc.data.cache[0m:[36mload_ohlcv[0m:[36m237[0m - [34m[1m[cache] Loaded OHLCV[1d] for LNAI from LNAI.json (236 rows)[0m
[32m2026-09-10 10:21:52.338[0m | [34m[1mDEBUG   [0m | [36msrc.data.cache[0m:[36mload_ohlcv[0m:[36m237[0m - [34m[1m[cache] Loaded OHLCV[1d] for MAKO from MAKO.json (79 rows)[0m
[32m2026-09-10 10:21:52.342[0m | [34m[1mDEBUG   [0m | [36msrc.data.cache[0m:[36mload_ohlcv[0m:[36m237[0m - [34m[1m[cache] Loaded OHLCV[1d] for QNC from QNC.json (79 rows)[0m
[32m2026-09-10 10:21:52.346[0m | [34m[1mDEBUG   [0m | [36msrc.data.cache[0m:[36mload_ohlcv[0m:[36m237[0m - [34m[1m[cache] Loaded OHLCV[1d] for TX from TX.json (79 rows)[0m
[32m2026-09-10 10:21:52.366[0m | [34m[1mDEBUG   [0m | [36msrc.data.cache[0m:[36mload_ohlcv[0m:[36m237[0m - [34m[1m[cache] Loaded OHLCV[1d] for GGB from GGB.json (5049 rows)[0m
[32m2026-09-10 10:21:52.382[0m | [34m[1mDEBUG   [0m | [36msrc.data.cache[0m:[36mload_ohlcv[0m:[36m237[0m - [34m[1m[cache] Loaded OHLCV[1d] for BAER from BAER.json (79 rows)[0m
[32m2026-09-10 10:21:52.387[0m | [34m[1mDEBUG   [0m | [36msrc.data.cache[0m:[36mload_ohlcv[0m:[36m237[0m - [34m[1m[cache] Loaded OHLCV[1d] for SGRY from SGRY.json (79 rows)[0m
[32m2026-09-10 10:21:52.404[0m | [34m[1mDEBUG   [0m | [36msrc.data.cache[0m:[36mload_ohlcv[0m:[36m237[0m - [34m[1m[cache] Loaded OHLCV[1d] for PAM from PAM.json (4508 rows)[0m
[32m2026-09-10 10:21:52.424[0m | [34m[1mDEBUG   [0m | [36msrc.data.cache[0m:[36mload_ohlcv[0m:[36m237[0m - [34m[1m[cache] Loaded OHLCV[1d] for PDD from PDD.json (2386 rows)[0m
[32m2026-09-10 10:21:52.433[0m | [34m[1mDEBUG   [0m | [36msrc.data.cache[0m:[36mload_ohlcv[0m:[36m237[0m - [34m[1m[cache] Loaded OHLCV[1d] for FRGT from FRGT.json (77 rows)[0m
[32m2026-09-10 10:21:52.438[0m | [34m[1mDEBUG   [0m | [36msrc.data.cache[0m:[36mload_ohlcv[0m:[36m237[0m - [34m[1m[cache] Loaded OHLCV[1d] for GRFS from GRFS.json (77 rows)[0m
[32m2026-09-10 10:21:52.443[0m | [34m[1mDEBUG   [0m | [36msrc.data.cache[0m:[36mload_ohlcv[0m:[36m237[0m - [34m[1m[cache] Loaded OHLCV[1d] for NCTY from NCTY.json (77 rows)[0m
[32m2026-09-10 10:21:52.447[0m | [34m[1mDEBUG   [0m | [36msrc.data.cache[0m:[36mload_ohlcv[0m:[36m237[0m - [34m[1m[cache] Loaded OHLCV[1d] for NSSC from NSSC.json (77 rows)[0m
[32m2026-09-10 10:21:52.467[0m | [34m[1mDEBUG   [0m | [36msrc.data.cache[0m:[36mload_ohlcv[0m:[36m237[0m - [34m[1m[cache] Loaded OHLCV[1d] for COLM from COLM.json (5049 rows)[0m
[32m2026-09-10 10:21:52.481[0m | [34m[1mDEBUG   [0m | [36msrc.data.cache[0m:[36mload_ohlcv[0m:[36m237[0m - [34m[1m[cache] Loaded OHLCV[1d] for BC from BC.json (77 rows)[0m
[32m2026-09-10 10:21:52.485[0m | [34m[1mDEBUG   [0m | [36msrc.data.cache[0m:[36mload_ohlcv[0m:[36m237[0m - [34m[1m[cache] Loaded OHLCV[1d] for DGNX from DGNX.json (410 rows)[0m
[32m2026-09-10 10:21:52.489[0m | [34m[1mDEBUG   [0m | [36msrc.data.cache[0m:[36mload_ohlcv[0m:[36m237[0m - [34m[1m[cache] Loaded OHLCV[1d] for INV from INV.json (77 rows)[0m
[32m2026-09-10 10:21:52.495[0m | [34m[1mDEBUG   [0m | [36msrc.data.cache[0m:[36mload_ohlcv[0m:[36m237[0m - [34m[1m[cache] Loaded OHLCV[1d] for PNRG from PNRG.json (76 rows)[0m
[32m2026-09-10 10:21:52.500[0m | [34m[1mDEBUG   [0m | [36msrc.data.cache[0m:[36mload_ohlcv[0m:[36m237[0m - [34m[1m[cache] Loaded OHLCV[1d] for CMRC from CMRC.json (76 rows)[0m
[32m2026-09-10 10:21:52.504[0m | [34m[1mDEBUG   [0m | [36msrc.data.cache[0m:[36mload_ohlcv[0m:[36m237[0m - [34m[1m[cache] Loaded OHLCV[1d] for GENB from GENB.json (76 rows)[0m
[32m2026-09-10 10:21:52.510[0m | [34m[1mDEBUG   [0m | [36msrc.data.cache[0m:[36mload_ohlcv[0m:[36m237[0m - [34m[1m[cache] Loaded OHLCV[1d] for CHYM from CHYM.json (76 rows)[0m
[32m2026-09-10 10:21:52.515[0m | [34m[1mDEBUG   [0m | [36msrc.data.cache[0m:[36mload_ohlcv[0m:[36m237[0m - [34m[1m[cache] Loaded OHLCV[1d] for PICS from PICS.json (154 rows)[0m
[32m2026-09-10 10:21:52.518[0m | [34m[1mDEBUG   [0m | [36msrc.data.cache[0m:[36mload_ohlcv[0m:[36m237[0m - [34m[1m[cache] Loaded OHLCV[1d] for TOP from TOP.json (76 rows)[0m
[32m2026-09-10 10:21:52.524[0m | [34m[1mDEBUG   [0m | [36msrc.data.cache[0m:[36mload_ohlcv[0m:[36m237[0m - [34m[1m[cache] Loaded OHLCV[1d] for DFNS from DFNS.json (464 rows)[0m
[32m2026-09-10 10:21:52.530[0m | [34m[1mDEBUG   [0m | [36msrc.data.cache[0m:[36mload_ohlcv[0m:[36m237[0m - [34m[1m[cache] Loaded OHLCV[1d] for BSBR from BSBR.json (76 rows)[0m
[32m2026-09-10 10:21:52.550[0m | [34m[1mDEBUG   [0m | [36msrc.data.cache[0m:[36mload_ohlcv[0m:[36m237[0m - [34m[1m[cache] Loaded OHLCV[1d] for ES from ES.json (4296 rows)[0m
[32m2026-09-10 10:21:52.570[0m | [34m[1mDEBUG   [0m | [36msrc.data.cache[0m:[36mload_ohlcv[0m:[36m237[0m - [34m[1m[cache] Loaded OHLCV[1d] for BL from BL.json (2656 rows)[0m
[32m2026-09-10 10:21:52.582[0m | [34m[1mDEBUG   [0m | [36msrc.data.cache[0m:[36mload_ohlcv[0m:[36m237[0m - [34m[1m[cache] Loaded OHLCV[1d] for BTBT from BTBT.json (76 rows)[0m
[32m2026-09-10 10:21:52.587[0m | [34m[1mDEBUG   [0m | [36msrc.data.cache[0m:[36mload_ohlcv[0m:[36m237[0m - [34m[1m[cache] Loaded OHLCV[1d] for KWR from KWR.json (76 rows)[0m
[32m2026-09-10 10:21:52.591[0m | [34m[1mDEBUG   [0m | [36msrc.data.cache[0m:[36mload_ohlcv[0m:[36m237[0m - [34m[1m[cache] Loaded OHLCV[1d] for GWRS from GWRS.json (76 rows)[0m
[32m2026-09-10 10:21:52.600[0m | [34m[1mDEBUG   [0m | [36msrc.data.cache[0m:[36mload_ohlcv[0m:[36m237[0m - [34m[1m[cache] Loaded OHLCV[1d] for LSPD from LSPD.json (1505 rows)[0m
[32m2026-09-10 10:21:52.608[0m | [34m[1mDEBUG   [0m | [36msrc.data.cache[0m:[36mload_ohlcv[0m:[36m237[0m - [34m[1m[cache] Loaded OHLCV[1d] for DTIL from DTIL.json (76 rows)[0m
[32m2026-09-10 10:21:52.613[0m | [34m[1mDEBUG   [0m | [36msrc.data.cache[0m:[36mload_ohlcv[0m:[36m237[0m - [34m[1m[cache] Loaded OHLCV[1d] for WYNN from WYNN.json (76 rows)[0m
[32m2026-09-10 10:21:52.617[0m | [34m[1mDEBUG   [0m | [36msrc.data.cache[0m:[36mload_ohlcv[0m:[36m237[0m - [34m[1m[cache] Loaded OHLCV[1d] for FSOL from FSOL.json (75 rows)[0m
[32m2026-09-10 10:21:52.621[0m | [34m[1mDEBUG   [0m | [36msrc.data.cache[0m:[36mload_ohlcv[0m:[36m237[0m - [34m[1m[cache] Loaded OHLCV[1d] for PPG from PPG.json (75 rows)[0m
[32m2026-09-10 10:21:52.626[0m | [34m[1mDEBUG   [0m | [36msrc.data.cache[0m:[36mload_ohlcv[0m:[36m237[0m - [34m[1m[cache] Loaded OHLCV[1d] for APO from APO.json (75 rows)[0m
[32m2026-09-10 10:21:52.631[0m | [34m[1mDEBUG   [0m | [36msrc.data.cache[0m:[36mload_ohlcv[0m:[36m237[0m - [34m[1m[cache] Loaded OHLCV[1d] for XSW from XSW.json (75 rows)[0m
[32m2026-09-10 10:21:52.642[0m | [34m[1mDEBUG   [0m | [36msrc.data.cache[0m:[36mload_ohlcv[0m:[36m237[0m - [34m[1m[cache] Loaded OHLCV[1d] for ALB from ALB.json (75 rows)[0m
[32m2026-09-10 10:21:52.647[0m | [34m[1mDEBUG   [0m | [36msrc.data.cache[0m:[36mload_ohlcv[0m:[36m237[0m - [34m[1m[cache] Loaded OHLCV[1d] for NWFL from NWFL.json (75 rows)[0m
[32m2026-09-10 10:21:52.651[0m | [34m[1mDEBUG   [0m | [36msrc.data.cache[0m:[36mload_ohlcv[0m:[36m237[0m - [34m[1m[cache] Loaded OHLCV[1d] for HEI from HEI.json (75 rows)[0m
[32m2026-09-10 10:21:52.654[0m | [34m[1mDEBUG   [0m | [36msrc.data.cache[0m:[36mload_ohlcv[0m:[36m237[0m - [34m[1m[cache] Loaded OHLCV[1d] for STDN from STDN.json (39 rows)[0m
[32m2026-09-10 10:21:52.658[0m | [34m[1mDEBUG   [0m | [36msrc.data.cache[0m:[36mload_ohlcv[0m:[36m237[0m - [34m[1m[cache] Loaded OHLCV[1d] for RZLV from RZLV.json (517 rows)[0m
[32m2026-09-10 10:21:52.665[0m | [34m[1mDEBUG   [0m | [36msrc.data.cache[0m:[36mload_ohlcv[0m:[36m237[0m - [34m[1m[cache] Loaded OHLCV[1d] for RR from RR.json (703 rows)[0m
[32m2026-09-10 10:21:52.685[0m | [34m[1mDEBUG   [0m | [36msrc.data.cache[0m:[36mload_ohlcv[0m:[36m237[0m - [34m[1m[cache] Loaded OHLCV[1d] for BOX from BOX.json (3564 rows)[0m
[32m2026-09-10 10:21:52.705[0m | [34m[1mDEBUG   [0m | [36msrc.data.cache[0m:[36mload_ohlcv[0m:[36m237[0m - [34m[1m[cache] Loaded OHLCV[1d] for BZ from BZ.json (2921 rows)[0m
[32m2026-09-10 10:21:52.717[0m | [34m[1mDEBUG   [0m | [36msrc.data.cache[0m:[36mload_ohlcv[0m:[36m237[0m - [34m[1m[cache] Loaded OHLCV[1d] for CDLR from CDLR.json (75 rows)[0m
[32m2026-09-10 10:21:52.738[0m | [34m[1mDEBUG   [0m | [36msrc.data.cache[0m:[36mload_ohlcv[0m:[36m237[0m - [34m[1m[cache] Loaded OHLCV[1d] for CTRN from CTRN.json (5049 rows)[0m
[32m2026-09-10 10:21:52.754[0m | [34m[1mDEBUG   [0m | [36msrc.data.cache[0m:[36mload_ohlcv[0m:[36m237[0m - [34m[1m[cache] Loaded OHLCV[1d] for DQ from DQ.json (75 rows)[0m
[32m2026-09-10 10:21:52.759[0m | [34m[1mDEBUG   [0m | [36msrc.data.cache[0m:[36mload_ohlcv[0m:[36m237[0m - [34m[1m[cache] Loaded OHLCV[1d] for PCQ from PCQ.json (75 rows)[0m
[32m2026-09-10 10:21:52.764[0m | [34m[1mDEBUG   [0m | [36msrc.data.cache[0m:[36mload_ohlcv[0m:[36m237[0m - [34m[1m[cache] Loaded OHLCV[1d] for VNT from VNT.json (75 rows)[0m
[32m2026-09-10 10:21:52.769[0m | [34m[1mDEBUG   [0m | [36msrc.data.cache[0m:[36mload_ohlcv[0m:[36m237[0m - [34m[1m[cache] Loaded OHLCV[1d] for SUJA from SUJA.json (75 rows)[0m
[32m2026-09-10 10:21:52.773[0m | [34m[1mDEBUG   [0m | [36msrc.data.cache[0m:[36mload_ohlcv[0m:[36m237[0m - [34m[1m[cache] Loaded OHLCV[1d] for CCD from CCD.json (75 rows)[0m
[32m2026-09-10 10:21:52.778[0m | [34m[1mDEBUG   [0m | [36msrc.data.cache[0m:[36mload_ohlcv[0m:[36m237[0m - [34m[1m[cache] Loaded OHLCV[1d] for DFDV from DFDV.json (75 rows)[0m
[32m2026-09-10 10:21:52.782[0m | [34m[1mDEBUG   [0m | [36msrc.data.cache[0m:[36mload_ohlcv[0m:[36m237[0m - [34m[1m[cache] Loaded OHLCV[1d] for CHI from CHI.json (75 rows)[0m
[32m2026-09-10 10:21:52.787[0m | [34m[1mDEBUG   [0m | [36msrc.data.cache[0m:[36mload_ohlcv[0m:[36m237[0m - [34m[1m[cache] Loaded OHLCV[1d] for CHY from CHY.json (75 rows)[0m
[32m2026-09-10 10:21:52.792[0m | [34m[1mDEBUG   [0m | [36msrc.data.cache[0m:[36mload_ohlcv[0m:[36m237[0m - [34m[1m[cache] Loaded OHLCV[1d] for TRN from TRN.json (75 rows)[0m
[32m2026-09-10 10:21:52.804[0m | [34m[1mDEBUG   [0m | [36msrc.data.cache[0m:[36mload_ohlcv[0m:[36m237[0m - [34m[1m[cache] Loaded OHLCV[1d] for SMMT from SMMT.json (2867 rows)[0m
[32m2026-09-10 10:21:52.826[0m | [34m[1mDEBUG   [0m | [36msrc.data.cache[0m:[36mload_ohlcv[0m:[36m237[0m - [34m[1m[cache] Loaded OHLCV[1d] for AEO from AEO.json (4986 rows)[0m
[32m2026-09-10 10:21:52.951[0m | [34m[1mDEBUG   [0m | [36msrc.data.cache[0m:[36mload_ohlcv[0m:[36m237[0m - [34m[1m[cache] Loaded OHLCV[1d] for URBN from URBN.json (5049 rows)[0m
[32m2026-09-10 10:21:52.964[0m | [34m[1mDEBUG   [0m | [36msrc.data.cache[0m:[36mload_ohlcv[0m:[36m237[0m - [34m[1m[cache] Loaded OHLCV[1d] for TWIN from TWIN.json (74 rows)[0m
[32m2026-09-10 10:21:52.971[0m | [34m[1mDEBUG   [0m | [36msrc.data.cache[0m:[36mload_ohlcv[0m:[36m237[0m - [34m[1m[cache] Loaded OHLCV[1d] for ALMU from ALMU.json (795 rows)[0m
[32m2026-09-10 10:21:52.982[0m | [34m[1mDEBUG   [0m | [36msrc.data.cache[0m:[36mload_ohlcv[0m:[36m237[0m - [34m[1m[cache] Loaded OHLCV[1d] for RVMD from RVMD.json (1651 rows)[0m
[32m2026-09-10 10:21:52.990[0m | [34m[1mDEBUG   [0m | [36msrc.data.cache[0m:[36mload_ohlcv[0m:[36m237[0m - [34m[1m[cache] Loaded OHLCV[1d] for GOVT from GOVT.json (74 rows)[0m
[32m2026-09-10 10:21:52.994[0m | [34m[1mDEBUG   [0m | [36msrc.data.cache[0m:[36mload_ohlcv[0m:[36m237[0m - [34m[1m[cache] Loaded OHLCV[1d] for BHVN from BHVN.json (74 rows)[0m
[32m2026-09-10 10:21:53.004[0m | [34m[1mDEBUG   [0m | [36msrc.data.cache[0m:[36mload_ohlcv[0m:[36m237[0m - [34m[1m[cache] Loaded OHLCV[1d] for QFIN from QFIN.json (1943 rows)[0m
[32m2026-09-10 10:21:53.011[0m | [34m[1mDEBUG   [0m | [36msrc.data.cache[0m:[36mload_ohlcv[0m:[36m237[0m - [34m[1m[cache] Loaded OHLCV[1d] for DCI from DCI.json (74 rows)[0m
[32m2026-09-10 10:21:53.015[0m | [34m[1mDEBUG   [0m | [36msrc.data.cache[0m:[36mload_ohlcv[0m:[36m237[0m - [34m[1m[cache] Loaded OHLCV[1d] for URG from URG.json (74 rows)[0m
[32m2026-09-10 10:21:53.019[0m | [34m[1mDEBUG   [0m | [36msrc.data.cache[0m:[36mload_ohlcv[0m:[36m237[0m - [34m[1m[cache] Loaded OHLCV[1d] for EVH from EVH.json (74 rows)[0m
[32m2026-09-10 10:21:53.024[0m | [34m[1mDEBUG   [0m | [36msrc.data.cache[0m:[36mload_ohlcv[0m:[36m237[0m - [34m[1m[cache] Loaded OHLCV[1d] for MWA from MWA.json (74 rows)[0m
[32m2026-09-10 10:21:53.043[0m | [34m[1mDEBUG   [0m | [36msrc.data.cache[0m:[36mload_ohlcv[0m:[36m237[0m - [34m[1m[cache] Loaded OHLCV[1d] for NDSN from NDSN.json (5049 rows)[0m
[32m2026-09-10 10:21:53.056[0m | [34m[1mDEBUG   [0m | [36msrc.data.cache[0m:[36mload_ohlcv[0m:[36m237[0m - [34m[1m[cache] Loaded OHLCV[1d] for AIT from AIT.json (74 rows)[0m
[32m2026-09-10 10:21:53.071[0m | [34m[1mDEBUG   [0m | [36msrc.data.cache[0m:[36mload_ohlcv[0m:[36m237[0m - [34m[1m[cache] Loaded OHLCV[1d] for AUPH from AUPH.json (3008 rows)[0m
[32m2026-09-10 10:21:53.082[0m | [34m[1mDEBUG   [0m | [36msrc.data.cache[0m:[36mload_ohlcv[0m:[36m237[0m - [34m[1m[cache] Loaded OHLCV[1d] for HAPN from HAPN.json (56 rows)[0m
[32m2026-09-10 10:21:53.088[0m | [34m[1mDEBUG   [0m | [36msrc.data.cache[0m:[36mload_ohlcv[0m:[36m237[0m - [34m[1m[cache] Loaded OHLCV[1d] for MIMI from MIMI.json (417 rows)[0m
[32m2026-09-10 10:21:53.094[0m | [34m[1mDEBUG   [0m | [36msrc.data.cache[0m:[36mload_ohlcv[0m:[36m237[0m - [34m[1m[cache] Loaded OHLCV[1d] for SPH from SPH.json (74 rows)[0m
[32m2026-09-10 10:21:53.109[0m | [34m[1mDEBUG   [0m | [36msrc.data.cache[0m:[36mload_ohlcv[0m:[36m237[0m - [34m[1m[cache] Loaded OHLCV[1d] for BCC from BCC.json (3418 rows)[0m
[32m2026-09-10 10:21:53.118[0m | [34m[1mDEBUG   [0m | [36msrc.data.cache[0m:[36mload_ohlcv[0m:[36m237[0m - [34m[1m[cache] Loaded OHLCV[1d] for GAP from GAP.json (74 rows)[0m
[32m2026-09-10 10:21:53.123[0m | [34m[1mDEBUG   [0m | [36msrc.data.cache[0m:[36mload_ohlcv[0m:[36m237[0m - [34m[1m[cache] Loaded OHLCV[1d] for SMJF from SMJF.json (74 rows)[0m
[32m2026-09-10 10:21:53.128[0m | [34m[1mDEBUG   [0m | [36msrc.data.cache[0m:[36mload_ohlcv[0m:[36m237[0m - [34m[1m[cache] Loaded OHLCV[1d] for NVD from NVD.json (74 rows)[0m
[32m2026-09-10 10:21:53.138[0m | [34m[1mDEBUG   [0m | [36msrc.data.cache[0m:[36mload_ohlcv[0m:[36m237[0m - [34m[1m[cache] Loaded OHLCV[1d] for BBAR from BBAR.json (1818 rows)[0m
[32m2026-09-10 10:21:53.146[0m | [34m[1mDEBUG   [0m | [36msrc.data.cache[0m:[36mload_ohlcv[0m:[36m237[0m - [34m[1m[cache] Loaded OHLCV[1d] for BILI from BILI.json (74 rows)[0m
[32m2026-09-10 10:21:53.149[0m | [34m[1mDEBUG   [0m | [36msrc.data.cache[0m:[36mload_ohlcv[0m:[36m237[0m - [34m[1m[cache] Loaded OHLCV[1d] for OMAB from OMAB.json (74 rows)[0m
[32m2026-09-10 10:21:53.152[0m | [34m[1mDEBUG   [0m | [36msrc.data.cache[0m:[36mload_ohlcv[0m:[36m237[0m - [34m[1m[cache] Loaded OHLCV[1d] for SQM from SQM.json (74 rows)[0m
[32m2026-09-10 10:21:53.156[0m | [34m[1mDEBUG   [0m | [36msrc.data.cache[0m:[36mload_ohlcv[0m:[36m237[0m - [34m[1m[cache] Loaded OHLCV[1d] for IMTX from IMTX.json (74 rows)[0m
[32m2026-09-10 10:21:53.160[0m | [34m[1mDEBUG   [0m | [36msrc.data.cache[0m:[36mload_ohlcv[0m:[36m237[0m - [34m[1m[cache] Loaded OHLCV[1d] for BPRE from BPRE.json (74 rows)[0m
[32m2026-09-10 10:21:53.163[0m | [34m[1mDEBUG   [0m | [36msrc.data.cache[0m:[36mload_ohlcv[0m:[36m237[0m - [34m[1m[cache] Loaded OHLCV[1d] for OGE from OGE.json (74 rows)[0m
[32m2026-09-10 10:21:53.168[0m | [34m[1mDEBUG   [0m | [36msrc.data.cache[0m:[36mload_ohlcv[0m:[36m237[0m - [34m[1m[cache] Loaded OHLCV[1d] for COOK from COOK.json (74 rows)[0m
[32m2026-09-10 10:21:53.173[0m | [34m[1mDEBUG   [0m | [36msrc.data.cache[0m:[36mload_ohlcv[0m:[36m237[0m - [34m[1m[cache] Loaded OHLCV[1d] for IPAR from IPAR.json (74 rows)[0m
[32m2026-09-10 10:21:53.176[0m | [34m[1mDEBUG   [0m | [36msrc.data.cache[0m:[36mload_ohlcv[0m:[36m237[0m - [34m[1m[cache] Loaded OHLCV[1d] for HZO from HZO.json (74 rows)[0m
[32m2026-09-10 10:21:53.181[0m | [34m[1mDEBUG   [0m | [36msrc.data.cache[0m:[36mload_ohlcv[0m:[36m237[0m - [34m[1m[cache] Loaded OHLCV[1d] for KRP from KRP.json (74 rows)[0m
[32m2026-09-10 10:21:53.188[0m | [34m[1mDEBUG   [0m | [36msrc.data.cache[0m:[36mload_ohlcv[0m:[36m237[0m - [34m[1m[cache] Loaded OHLCV[1d] for YSS from YSS.json (154 rows)[0m
[32m2026-09-10 10:21:53.193[0m | [34m[1mDEBUG   [0m | [36msrc.data.cache[0m:[36mload_ohlcv[0m:[36m237[0m - [34m[1m[cache] Loaded OHLCV[1d] for GLAS from GLAS.json (50 rows)[0m
[32m2026-09-10 10:21:53.197[0m | [34m[1mDEBUG   [0m | [36msrc.data.cache[0m:[36mload_ohlcv[0m:[36m237[0m - [34m[1m[cache] Loaded OHLCV[1d] for TRLV from TRLV.json (63 rows)[0m
[32m2026-09-10 10:21:53.202[0m | [34m[1mDEBUG   [0m | [36msrc.data.cache[0m:[36mload_ohlcv[0m:[36m237[0m - [34m[1m[cache] Loaded OHLCV[1d] for VISN from VISN.json (74 rows)[0m
[32m2026-09-10 10:21:53.206[0m | [34m[1mDEBUG   [0m | [36msrc.data.cache[0m:[36mload_ohlcv[0m:[36m237[0m - [34m[1m[cache] Loaded OHLCV[1d] for BWLP from BWLP.json (74 rows)[0m
[32m2026-09-10 10:21:53.210[0m | [34m[1mDEBUG   [0m | [36msrc.data.cache[0m:[36mload_ohlcv[0m:[36m237[0m - [34m[1m[cache] Loaded OHLCV[1d] for HAFN from HAFN.json (74 rows)[0m
[32m2026-09-10 10:21:53.215[0m | [34m[1mDEBUG   [0m | [36msrc.data.cache[0m:[36mload_ohlcv[0m:[36m237[0m - [34m[1m[cache] Loaded OHLCV[1d] for MNSO from MNSO.json (74 rows)[0m
[32m2026-09-10 10:21:53.219[0m | [34m[1mDEBUG   [0m | [36msrc.data.cache[0m:[36mload_ohlcv[0m:[36m237[0m - [34m[1m[cache] Loaded OHLCV[1d] for BP from BP.json (74 rows)[0m
[32m2026-09-10 10:21:53.224[0m | [34m[1mDEBUG   [0m | [36msrc.data.cache[0m:[36mload_ohlcv[0m:[36m237[0m - [34m[1m[cache] Loaded OHLCV[1d] for PBR from PBR.json (74 rows)[0m
[32m2026-09-10 10:21:53.229[0m | [34m[1mDEBUG   [0m | [36msrc.data.cache[0m:[36mload_ohlcv[0m:[36m237[0m - [34m[1m[cache] Loaded OHLCV[1d] for MSIF from MSIF.json (405 rows)[0m
[32m2026-09-10 10:21:53.234[0m | [34m[1mDEBUG   [0m | [36msrc.data.cache[0m:[36mload_ohlcv[0m:[36m237[0m - [34m[1m[cache] Loaded OHLCV[1d] for RGLD from RGLD.json (74 rows)[0m
[32m2026-09-10 10:21:53.256[0m | [34m[1mDEBUG   [0m | [36msrc.data.cache[0m:[36mload_ohlcv[0m:[36m237[0m - [34m[1m[cache] Loaded OHLCV[1d] for OC from OC.json (4993 rows)[0m
[32m2026-09-10 10:21:53.273[0m | [34m[1mDEBUG   [0m | [36msrc.data.cache[0m:[36mload_ohlcv[0m:[36m237[0m - [34m[1m[cache] Loaded OHLCV[1d] for HWKN from HWKN.json (74 rows)[0m
[32m2026-09-10 10:21:53.278[0m | [34m[1mDEBUG   [0m | [36msrc.data.cache[0m:[36mload_ohlcv[0m:[36m237[0m - [34m[1m[cache] Loaded OHLCV[1d] for RMD from RMD.json (73 rows)[0m
[32m2026-09-10 10:21:53.282[0m | [34m[1mDEBUG   [0m | [36msrc.data.cache[0m:[36mload_ohlcv[0m:[36m237[0m - [34m[1m[cache] Loaded OHLCV[1d] for SSL from SSL.json (73 rows)[0m
[32m2026-09-10 10:21:53.286[0m | [34m[1mDEBUG   [0m | [36msrc.data.cache[0m:[36mload_ohlcv[0m:[36m237[0m - [34m[1m[cache] Loaded OHLCV[1d] for ATTO from ATTO.json (25 rows)[0m
[32m2026-09-10 10:21:53.291[0m | [34m[1mDEBUG   [0m | [36msrc.data.cache[0m:[36mload_ohlcv[0m:[36m237[0m - [34m[1m[cache] Loaded OHLCV[1d] for LU from LU.json (73 rows)[0m
[32m2026-09-10 10:21:53.311[0m | [34m[1mDEBUG   [0m | [36msrc.data.cache[0m:[36mload_ohlcv[0m:[36m237[0m - [34m[1m[cache] Loaded OHLCV[1d] for ESEA from ESEA.json (4912 rows)[0m
[32m2026-09-10 10:21:53.331[0m | [34m[1mDEBUG   [0m | [36msrc.data.cache[0m:[36mload_ohlcv[0m:[36m237[0m - [34m[1m[cache] Loaded OHLCV[1d] for MOVE from MOVE.json (3430 rows)[0m
[32m2026-09-10 10:21:53.345[0m | [34m[1mDEBUG   [0m | [36msrc.data.cache[0m:[36mload_ohlcv[0m:[36m237[0m - [34m[1m[cache] Loaded OHLCV[1d] for MOBX from MOBX.json (679 rows)[0m
[32m2026-09-10 10:21:53.351[0m | [34m[1mDEBUG   [0m | [36msrc.data.cache[0m:[36mload_ohlcv[0m:[36m237[0m - [34m[1m[cache] Loaded OHLCV[1d] for NTR from NTR.json (72 rows)[0m
[32m2026-09-10 10:21:53.370[0m | [34m[1mDEBUG   [0m | [36msrc.data.cache[0m:[36mload_ohlcv[0m:[36m237[0m - [34m[1m[cache] Loaded OHLCV[1d] for JOF from JOF.json (5049 rows)[0m
[32m2026-09-10 10:21:53.385[0m | [34m[1mDEBUG   [0m | [36msrc.data.cache[0m:[36mload_ohlcv[0m:[36m237[0m - [34m[1m[cache] Loaded OHLCV[1d] for STRT from STRT.json (72 rows)[0m
[32m2026-09-10 10:21:53.389[0m | [34m[1mDEBUG   [0m | [36msrc.data.cache[0m:[36mload_ohlcv[0m:[36m237[0m - [34m[1m[cache] Loaded OHLCV[1d] for NATH from NATH.json (72 rows)[0m
[32m2026-09-10 10:21:53.394[0m | [34m[1mDEBUG   [0m | [36msrc.data.cache[0m:[36mload_ohlcv[0m:[36m237[0m - [34m[1m[cache] Loaded OHLCV[1d] for IDXX from IDXX.json (71 rows)[0m
[32m2026-09-10 10:21:53.398[0m | [34m[1mDEBUG   [0m | [36msrc.data.cache[0m:[36mload_ohlcv[0m:[36m237[0m - [34m[1m[cache] Loaded OHLCV[1d] for GYGY from GYGY.json (29 rows)[0m
[32m2026-09-10 10:21:53.403[0m | [34m[1mDEBUG   [0m | [36msrc.data.cache[0m:[36mload_ohlcv[0m:[36m237[0m - [34m[1m[cache] Loaded OHLCV[1d] for DLLL from DLLL.json (71 rows)[0m
[32m2026-09-10 10:21:53.408[0m | [34m[1mDEBUG   [0m | [36msrc.data.cache[0m:[36mload_ohlcv[0m:[36m237[0m - [34m[1m[cache] Loaded OHLCV[1d] for NVS from NVS.json (71 rows)[0m
[32m2026-09-10 10:21:53.414[0m | [34m[1mDEBUG   [0m | [36msrc.data.cache[0m:[36mload_ohlcv[0m:[36m237[0m - [34m[1m[cache] Loaded OHLCV[1d] for BWXT from BWXT.json (71 rows)[0m
[32m2026-09-10 10:21:53.419[0m | [34m[1mDEBUG   [0m | [36msrc.data.cache[0m:[36mload_ohlcv[0m:[36m237[0m - [34m[1m[cache] Loaded OHLCV[1d] for SHMD from SHMD.json (71 rows)[0m
[32m2026-09-10 10:21:53.424[0m | [34m[1mDEBUG   [0m | [36msrc.data.cache[0m:[36mload_ohlcv[0m:[36m237[0m - [34m[1m[cache] Loaded OHLCV[1d] for VMRK from VMRK.json (16 rows)[0m
[32m2026-09-10 10:21:53.433[0m | [34m[1mDEBUG   [0m | [36msrc.data.cache[0m:[36mload_ohlcv[0m:[36m237[0m - [34m[1m[cache] Loaded OHLCV[1d] for ASLE from ASLE.json (1433 rows)[0m
[32m2026-09-10 10:21:53.448[0m | [34m[1mDEBUG   [0m | [36msrc.data.cache[0m:[36mload_ohlcv[0m:[36m237[0m - [34m[1m[cache] Loaded OHLCV[1d] for GTX from GTX.json (1841 rows)[0m
[32m2026-09-10 10:21:53.461[0m | [34m[1mDEBUG   [0m | [36msrc.data.cache[0m:[36mload_ohlcv[0m:[36m237[0m - [34m[1m[cache] Loaded OHLCV[1d] for LWLG from LWLG.json (1260 rows)[0m
[32m2026-09-10 10:21:53.473[0m | [34m[1mDEBUG   [0m | [36msrc.data.cache[0m:[36mload_ohlcv[0m:[36m237[0m - [34m[1m[cache] Loaded OHLCV[1d] for VIVK from VIVK.json (1151 rows)[0m
[32m2026-09-10 10:21:53.480[0m | [34m[1mDEBUG   [0m | [36msrc.data.cache[0m:[36mload_ohlcv[0m:[36m237[0m - [34m[1m[cache] Loaded OHLCV[1d] for GERN from GERN.json (70 rows)[0m
[32m2026-09-10 10:21:53.485[0m | [34m[1mDEBUG   [0m | [36msrc.data.cache[0m:[36mload_ohlcv[0m:[36m237[0m - [34m[1m[cache] Loaded OHLCV[1d] for KRT from KRT.json (70 rows)[0m
[32m2026-09-10 10:21:53.489[0m | [34m[1mDEBUG   [0m | [36msrc.data.cache[0m:[36mload_ohlcv[0m:[36m237[0m - [34m[1m[cache] Loaded OHLCV[1d] for RMNI from RMNI.json (70 rows)[0m
[32m2026-09-10 10:21:53.493[0m | [34m[1mDEBUG   [0m | [36msrc.data.cache[0m:[36mload_ohlcv[0m:[36m237[0m - [34m[1m[cache] Loaded OHLCV[1d] for TLYS from TLYS.json (70 rows)[0m
[32m2026-09-10 10:21:53.498[0m | [34m[1mDEBUG   [0m | [36msrc.data.cache[0m:[36mload_ohlcv[0m:[36m237[0m - [34m[1m[cache] Loaded OHLCV[1d] for VRNS from VRNS.json (70 rows)[0m
[32m2026-09-10 10:21:53.502[0m | [34m[1mDEBUG   [0m | [36msrc.data.cache[0m:[36mload_ohlcv[0m:[36m237[0m - [34m[1m[cache] Loaded OHLCV[1d] for AVL from AVL.json (70 rows)[0m
[32m2026-09-10 10:21:53.506[0m | [34m[1mDEBUG   [0m | [36msrc.data.cache[0m:[36mload_ohlcv[0m:[36m237[0m - [34m[1m[cache] Loaded OHLCV[1d] for EOLS from EOLS.json (70 rows)[0m
[32m2026-09-10 10:21:53.511[0m | [34m[1mDEBUG   [0m | [36msrc.data.cache[0m:[36mload_ohlcv[0m:[36m237[0m - [34m[1m[cache] Loaded OHLCV[1d] for ALEC from ALEC.json (70 rows)[0m
[32m2026-09-10 10:21:53.528[0m | [34m[1mDEBUG   [0m | [36msrc.data.cache[0m:[36mload_ohlcv[0m:[36m237[0m - [34m[1m[cache] Loaded OHLCV[1d] for FIVE from FIVE.json (3555 rows)[0m
[32m2026-09-10 10:21:53.544[0m | [34m[1mDEBUG   [0m | [36msrc.data.cache[0m:[36mload_ohlcv[0m:[36m237[0m - [34m[1m[cache] Loaded OHLCV[1d] for CHPT from CHPT.json (1389 rows)[0m
[32m2026-09-10 10:21:53.551[0m | [34m[1mDEBUG   [0m | [36msrc.data.cache[0m:[36mload_ohlcv[0m:[36m237[0m - [34m[1m[cache] Loaded OHLCV[1d] for TRAX from TRAX.json (70 rows)[0m
[32m2026-09-10 10:21:53.570[0m | [34m[1mDEBUG   [0m | [36msrc.data.cache[0m:[36mload_ohlcv[0m:[36m237[0m - [34m[1m[cache] Loaded OHLCV[1d] for AI from AI.json (4308 rows)[0m
[32m2026-09-10 10:21:53.584[0m | [34m[1mDEBUG   [0m | [36msrc.data.cache[0m:[36mload_ohlcv[0m:[36m237[0m - [34m[1m[cache] Loaded OHLCV[1d] for DB from DB.json (70 rows)[0m
[32m2026-09-10 10:21:53.588[0m | [34m[1mDEBUG   [0m | [36msrc.data.cache[0m:[36mload_ohlcv[0m:[36m237[0m - [34m[1m[cache] Loaded OHLCV[1d] for BMRN from BMRN.json (70 rows)[0m
[32m2026-09-10 10:21:53.598[0m | [34m[1mDEBUG   [0m | [36msrc.data.cache[0m:[36mload_ohlcv[0m:[36m237[0m - [34m[1m[cache] Loaded OHLCV[1d] for STNE from STNE.json (1977 rows)[0m
[32m2026-09-10 10:21:53.606[0m | [34m[1mDEBUG   [0m | [36msrc.data.cache[0m:[36mload_ohlcv[0m:[36m237[0m - [34m[1m[cache] Loaded OHLCV[1d] for ASND from ASND.json (70 rows)[0m
[32m2026-09-10 10:21:53.610[0m | [34m[1mDEBUG   [0m | [36msrc.data.cache[0m:[36mload_ohlcv[0m:[36m237[0m - [34m[1m[cache] Loaded OHLCV[1d] for IIPR from IIPR.json (70 rows)[0m
[32m2026-09-10 10:21:53.616[0m | [34m[1mDEBUG   [0m | [36msrc.data.cache[0m:[36mload_ohlcv[0m:[36m237[0m - [34m[1m[cache] Loaded OHLCV[1d] for ELA from ELA.json (70 rows)[0m
[32m2026-09-10 10:21:53.621[0m | [34m[1mDEBUG   [0m | [36msrc.data.cache[0m:[36mload_ohlcv[0m:[36m237[0m - [34m[1m[cache] Loaded OHLCV[1d] for AVA from AVA.json (70 rows)[0m
[32m2026-09-10 10:21:53.626[0m | [34m[1mDEBUG   [0m | [36msrc.data.cache[0m:[36mload_ohlcv[0m:[36m237[0m - [34m[1m[cache] Loaded OHLCV[1d] for BWMX from BWMX.json (70 rows)[0m
[32m2026-09-10 10:21:53.649[0m | [34m[1mDEBUG   [0m | [36msrc.data.cache[0m:[36mload_ohlcv[0m:[36m237[0m - [34m[1m[cache] Loaded OHLCV[1d] for PGC from PGC.json (5027 rows)[0m
[32m2026-09-10 10:21:53.665[0m | [34m[1mDEBUG   [0m | [36msrc.data.cache[0m:[36mload_ohlcv[0m:[36m237[0m - [34m[1m[cache] Loaded OHLCV[1d] for SGML from SGML.json (70 rows)[0m
[32m2026-09-10 10:21:53.671[0m | [34m[1mDEBUG   [0m | [36msrc.data.cache[0m:[36mload_ohlcv[0m:[36m237[0m - [34m[1m[cache] Loaded OHLCV[1d] for VSXY from VSXY.json (69 rows)[0m
[32m2026-09-10 10:21:53.678[0m | [34m[1mDEBUG   [0m | [36msrc.data.cache[0m:[36mload_ohlcv[0m:[36m237[0m - [34m[1m[cache] Loaded OHLCV[1d] for OBE from OBE.json (70 rows)[0m
[32m2026-09-10 10:21:53.687[0m | [34m[1mDEBUG   [0m | [36msrc.data.cache[0m:[36mload_ohlcv[0m:[36m237[0m - [34m[1m[cache] Loaded OHLCV[1d] for HG from HG.json (708 rows)[0m
[32m2026-09-10 10:21:53.705[0m | [34m[1mDEBUG   [0m | [36msrc.data.cache[0m:[36mload_ohlcv[0m:[36m237[0m - [34m[1m[cache] Loaded OHLCV[1d] for PAYC from PAYC.json (3119 rows)[0m
[32m2026-09-10 10:21:53.731[0m | [34m[1mDEBUG   [0m | [36msrc.data.cache[0m:[36mload_ohlcv[0m:[36m237[0m - [34m[1m[cache] Loaded OHLCV[1d] for CRESY from CRESY.json (5049 rows)[0m
[32m2026-09-10 10:21:53.759[0m | [34m[1mDEBUG   [0m | [36msrc.data.cache[0m:[36mload_ohlcv[0m:[36m237[0m - [34m[1m[cache] Loaded OHLCV[1d] for MD from MD.json (4448 rows)[0m
[32m2026-09-10 10:21:53.772[0m | [34m[1mDEBUG   [0m | [36msrc.data.cache[0m:[36mload_ohlcv[0m:[36m237[0m - [34m[1m[cache] Loaded OHLCV[1d] for PR from PR.json (70 rows)[0m
[32m2026-09-10 10:21:53.777[0m | [34m[1mDEBUG   [0m | [36msrc.data.cache[0m:[36mload_ohlcv[0m:[36m237[0m - [34m[1m[cache] Loaded OHLCV[1d] for BBNX from BBNX.json (404 rows)[0m
[32m2026-09-10 10:21:53.782[0m | [34m[1mDEBUG   [0m | [36msrc.data.cache[0m:[36mload_ohlcv[0m:[36m237[0m - [34m[1m[cache] Loaded OHLCV[1d] for FVCB from FVCB.json (70 rows)[0m
[32m2026-09-10 10:21:53.787[0m | [34m[1mDEBUG   [0m | [36msrc.data.cache[0m:[36mload_ohlcv[0m:[36m237[0m - [34m[1m[cache] Loaded OHLCV[1d] for XPEL from XPEL.json (70 rows)[0m
[32m2026-09-10 10:21:53.804[0m | [34m[1mDEBUG   [0m | [36msrc.data.cache[0m:[36mload_ohlcv[0m:[36m237[0m - [34m[1m[cache] Loaded OHLCV[1d] for UNTY from UNTY.json (4755 rows)[0m
[32m2026-09-10 10:21:53.828[0m | [34m[1mDEBUG   [0m | [36msrc.data.cache[0m:[36mload_ohlcv[0m:[36m237[0m - [34m[1m[cache] Loaded OHLCV[1d] for SVM from SVM.json (4234 rows)[0m
[32m2026-09-10 10:21:53.841[0m | [34m[1mDEBUG   [0m | [36msrc.data.cache[0m:[36mload_ohlcv[0m:[36m237[0m - [34m[1m[cache] Loaded OHLCV[1d] for AVBH from AVBH.json (70 rows)[0m
[32m2026-09-10 10:21:53.847[0m | [34m[1mDEBUG   [0m | [36msrc.data.cache[0m:[36mload_ohlcv[0m:[36m237[0m - [34m[1m[cache] Loaded OHLCV[1d] for TONX from TONX.json (70 rows)[0m
[32m2026-09-10 10:21:53.855[0m | [34m[1mDEBUG   [0m | [36msrc.data.cache[0m:[36mload_ohlcv[0m:[36m237[0m - [34m[1m[cache] Loaded OHLCV[1d] for DXYZ from DXYZ.json (616 rows)[0m
[32m2026-09-10 10:21:53.871[0m | [34m[1mDEBUG   [0m | [36msrc.data.cache[0m:[36mload_ohlcv[0m:[36m237[0m - [34m[1m[cache] Loaded OHLCV[1d] for KALV from KALV.json (2397 rows)[0m
[32m2026-09-10 10:21:53.880[0m | [34m[1mDEBUG   [0m | [36msrc.data.cache[0m:[36mload_ohlcv[0m:[36m237[0m - [34m[1m[cache] Loaded OHLCV[1d] for LNG from LNG.json (70 rows)[0m
[32m2026-09-10 10:21:53.884[0m | [34m[1mDEBUG   [0m | [36msrc.data.cache[0m:[36mload_ohlcv[0m:[36m237[0m - [34m[1m[cache] Loaded OHLCV[1d] for IBIO from IBIO.json (70 rows)[0m
[32m2026-09-10 10:21:53.890[0m | [34m[1mDEBUG   [0m | [36msrc.data.cache[0m:[36mload_ohlcv[0m:[36m237[0m - [34m[1m[cache] Loaded OHLCV[1d] for IMPP from IMPP.json (70 rows)[0m
[32m2026-09-10 10:21:53.896[0m | [34m[1mDEBUG   [0m | [36msrc.data.cache[0m:[36mload_ohlcv[0m:[36m237[0m - [34m[1m[cache] Loaded OHLCV[1d] for KT from KT.json (70 rows)[0m
[32m2026-09-10 10:21:53.902[0m | [34m[1mDEBUG   [0m | [36msrc.data.cache[0m:[36mload_ohlcv[0m:[36m237[0m - [34m[1m[cache] Loaded OHLCV[1d] for SFNC from SFNC.json (70 rows)[0m
[32m2026-09-10 10:21:53.908[0m | [34m[1mDEBUG   [0m | [36msrc.data.cache[0m:[36mload_ohlcv[0m:[36m237[0m - [34m[1m[cache] Loaded OHLCV[1d] for CCAP from CCAP.json (70 rows)[0m
[32m2026-09-10 10:21:53.913[0m | [34m[1mDEBUG   [0m | [36msrc.data.cache[0m:[36mload_ohlcv[0m:[36m237[0m - [34m[1m[cache] Loaded OHLCV[1d] for MAC from MAC.json (70 rows)[0m
[32m2026-09-10 10:21:53.931[0m | [34m[1mDEBUG   [0m | [36msrc.data.cache[0m:[36mload_ohlcv[0m:[36m237[0m - [34m[1m[cache] Loaded OHLCV[1d] for UIS from UIS.json (5049 rows)[0m
[32m2026-09-10 10:21:53.946[0m | [34m[1mDEBUG   [0m | [36msrc.data.cache[0m:[36mload_ohlcv[0m:[36m237[0m - [34m[1m[cache] Loaded OHLCV[1d] for CORN from CORN.json (70 rows)[0m
[32m2026-09-10 10:21:53.951[0m | [34m[1mDEBUG   [0m | [36msrc.data.cache[0m:[36mload_ohlcv[0m:[36m237[0m - [34m[1m[cache] Loaded OHLCV[1d] for CNXU from CNXU.json (76 rows)[0m
[32m2026-09-10 10:21:53.955[0m | [34m[1mDEBUG   [0m | [36msrc.data.cache[0m:[36mload_ohlcv[0m:[36m237[0m - [34m[1m[cache] Loaded OHLCV[1d] for NPCE from NPCE.json (70 rows)[0m
[32m2026-09-10 10:21:53.959[0m | [34m[1mDEBUG   [0m | [36msrc.data.cache[0m:[36mload_ohlcv[0m:[36m237[0m - [34m[1m[cache] Loaded OHLCV[1d] for GAU from GAU.json (70 rows)[0m
[32m2026-09-10 10:21:53.975[0m | [34m[1mDEBUG   [0m | [36msrc.data.cache[0m:[36mload_ohlcv[0m:[36m237[0m - [34m[1m[cache] Loaded OHLCV[1d] for KMT from KMT.json (5049 rows)[0m
[32m2026-09-10 10:21:53.989[0m | [34m[1mDEBUG   [0m | [36msrc.data.cache[0m:[36mload_ohlcv[0m:[36m237[0m - [34m[1m[cache] Loaded OHLCV[1d] for CATX from CATX.json (70 rows)[0m
[32m2026-09-10 10:21:53.998[0m | [34m[1mDEBUG   [0m | [36msrc.data.cache[0m:[36mload_ohlcv[0m:[36m237[0m - [34m[1m[cache] Loaded OHLCV[1d] for STRK from STRK.json (70 rows)[0m
[32m2026-09-10 10:21:54.004[0m | [34m[1mDEBUG   [0m | [36msrc.data.cache[0m:[36mload_ohlcv[0m:[36m237[0m - [34m[1m[cache] Loaded OHLCV[1d] for IPSC from IPSC.json (1312 rows)[0m
[32m2026-09-10 10:21:54.013[0m | [34m[1mDEBUG   [0m | [36msrc.data.cache[0m:[36mload_ohlcv[0m:[36m237[0m - [34m[1m[cache] Loaded OHLCV[1d] for PAYS from PAYS.json (508 rows)[0m
[32m2026-09-10 10:21:54.019[0m | [34m[1mDEBUG   [0m | [36msrc.data.cache[0m:[36mload_ohlcv[0m:[36m237[0m - [34m[1m[cache] Loaded OHLCV[1d] for SBRA from SBRA.json (508 rows)[0m
[32m2026-09-10 10:21:54.024[0m | [34m[1mDEBUG   [0m | [36msrc.data.cache[0m:[36mload_ohlcv[0m:[36m237[0m - [34m[1m[cache] Loaded OHLCV[1d] for LPG from LPG.json (66 rows)[0m
[32m2026-09-10 10:21:54.031[0m | [34m[1mDEBUG   [0m | [36msrc.data.cache[0m:[36mload_ohlcv[0m:[36m237[0m - [34m[1m[cache] Loaded OHLCV[1d] for SUNE from SUNE.json (1179 rows)[0m
[32m2026-09-10 10:21:54.037[0m | [34m[1mDEBUG   [0m | [36msrc.data.cache[0m:[36mload_ohlcv[0m:[36m237[0m - [34m[1m[cache] Loaded OHLCV[1d] for EGAN from EGAN.json (508 rows)[0m
[32m2026-09-10 10:21:54.043[0m | [34m[1mDEBUG   [0m | [36msrc.data.cache[0m:[36mload_ohlcv[0m:[36m237[0m - [34m[1m[cache] Loaded OHLCV[1d] for LENZ from LENZ.json (508 rows)[0m
[32m2026-09-10 10:21:54.048[0m | [34m[1mDEBUG   [0m | [36msrc.data.cache[0m:[36mload_ohlcv[0m:[36m237[0m - [34m[1m[cache] Loaded OHLCV[1d] for GOLD from GOLD.json (66 rows)[0m
[32m2026-09-10 10:21:54.052[0m | [34m[1mDEBUG   [0m | [36msrc.data.cache[0m:[36mload_ohlcv[0m:[36m237[0m - [34m[1m[cache] Loaded OHLCV[1d] for MFP from MFP.json (46 rows)[0m
[32m2026-09-10 10:21:54.056[0m | [34m[1mDEBUG   [0m | [36msrc.data.cache[0m:[36mload_ohlcv[0m:[36m237[0m - [34m[1m[cache] Loaded OHLCV[1d] for HR from HR.json (66 rows)[0m
[32m2026-09-10 10:21:54.060[0m | [34m[1mDEBUG   [0m | [36msrc.data.cache[0m:[36mload_ohlcv[0m:[36m237[0m - [34m[1m[cache] Loaded OHLCV[1d] for QVCG from QVCG.json (22 rows)[0m
[32m2026-09-10 10:21:54.064[0m | [34m[1mDEBUG   [0m | [36msrc.data.cache[0m:[36mload_ohlcv[0m:[36m237[0m - [34m[1m[cache] Loaded OHLCV[1d] for INBX from INBX.json (66 rows)[0m
[32m2026-09-10 10:21:54.070[0m | [34m[1mDEBUG   [0m | [36msrc.data.cache[0m:[36mload_ohlcv[0m:[36m237[0m - [34m[1m[cache] Loaded OHLCV[1d] for BLFS from BLFS.json (508 rows)[0m
[32m2026-09-10 10:21:54.075[0m | [34m[1mDEBUG   [0m | [36msrc.data.cache[0m:[36mload_ohlcv[0m:[36m237[0m - [34m[1m[cache] Loaded OHLCV[1d] for SUNC from SUNC.json (217 rows)[0m
[32m2026-09-10 10:21:54.082[0m | [34m[1mDEBUG   [0m | [36msrc.data.cache[0m:[36mload_ohlcv[0m:[36m237[0m - [34m[1m[cache] Loaded OHLCV[1d] for BGSI from BGSI.json (214 rows)[0m
[32m2026-09-10 10:21:54.086[0m | [34m[1mDEBUG   [0m | [36msrc.data.cache[0m:[36mload_ohlcv[0m:[36m237[0m - [34m[1m[cache] Loaded OHLCV[1d] for METU from METU.json (65 rows)[0m
[32m2026-09-10 10:21:54.089[0m | [34m[1mDEBUG   [0m | [36msrc.data.cache[0m:[36mload_ohlcv[0m:[36m237[0m - [34m[1m[cache] Loaded OHLCV[1d] for JMKE from JMKE.json (29 rows)[0m
[32m2026-09-10 10:21:54.108[0m | [34m[1mDEBUG   [0m | [36msrc.data.cache[0m:[36mload_ohlcv[0m:[36m237[0m - [34m[1m[cache] Loaded OHLCV[1d] for ENB from ENB.json (5049 rows)[0m
[32m2026-09-10 10:21:54.137[0m | [34m[1mDEBUG   [0m | [36msrc.data.cache[0m:[36mload_ohlcv[0m:[36m237[0m - [34m[1m[cache] Loaded OHLCV[1d] for PDEX from PDEX.json (4874 rows)[0m
[32m2026-09-10 10:21:54.152[0m | [34m[1mDEBUG   [0m | [36msrc.data.cache[0m:[36mload_ohlcv[0m:[36m237[0m - [34m[1m[cache] Loaded OHLCV[1d] for PCT from PCT.json (65 rows)[0m
[32m2026-09-10 10:21:54.165[0m | [34m[1mDEBUG   [0m | [36msrc.data.cache[0m:[36mload_ohlcv[0m:[36m237[0m - [34m[1m[cache] Loaded OHLCV[1d] for DT from DT.json (2755 rows)[0m
[32m2026-09-10 10:21:54.176[0m | [34m[1mDEBUG   [0m | [36msrc.data.cache[0m:[36mload_ohlcv[0m:[36m237[0m - [34m[1m[cache] Loaded OHLCV[1d] for BWET from BWET.json (65 rows)[0m
29847 settled pivot labels
115938 scored rows with a label, 345 runs over 12 days (strictly after 2026-08-21)
104308 rows clear Gate 4

345 runs over 12 days usable (median cross-section 273, median overlap 15/40)

| arm | mean oriented return / run |
|---|---|
| confidence (LIVE) | +0.367% |
| camp_max | +0.256% |

camp_max MINUS confidence: +0.009%/run  day-clustered t +0.02  days 12
halves -0.138/+0.155 OPPOSITE
HOUSE BAR (t >= 2 and same-sign halves): NOT MET

for reference, the original study measured +0.532%/run (t +2.10, 21 days) and CLAUDE.md carries +0.43%/run (t +1.70) — both on data BEFORE 2026-08-21
