date,tk,label,whole,idx,k,s,mass,n,age_h,z,n_arts,hit,nz
2026-06-17,ADBE,-3.1383737517831634,-0.85,0,3,-0.35,4.279532385598251,6,17.07416089361111,-0.18175668426933636,12,True,True
2026-06-17,ADBE,-3.1383737517831634,-0.85,1,3,-0.65,1.0138846960424992,3,29.313327560277777,1.373152226776036,12,True,True
2026-06-17,ADBE,-3.1383737517831634,-0.85,2,3,-0.05,0.05185605808854648,3,123.8330497825,0.4921798884852181,12,True,True
2026-06-17,ADPT,6.615017878426688,0.65,0,3,-0.15,1.4110379049661042,2,13.840827560277777,-0.6561147671010207,8,False,True
2026-06-17,ADPT,6.615017878426688,0.65,1,3,0.45,0.7942308673675323,5,73.40666089361112,-0.8772608904594174,8,True,True
2026-06-17,ADPT,6.615017878426688,0.65,2,3,0.05,0.00590558746694283,1,134.10749422694445,-0.8772608904594174,8,True,True
2026-06-17,AMAT,8.139377993658492,0.25,0,2,0.45,10.783747644406514,15,23.486383115833334,0.5305498595280655,20,True,True
2026-06-17,AMAT,8.139377993658492,0.25,1,2,0.25,1.737685041278141,5,31.107494226944443,1.5212166712559645,20,True,True
2026-06-17,AMKR,11.408075899571912,0.75,0,3,0.75,2.756177521781785,5,25.840272004722223,0.6247421299887214,13,True,True
2026-06-17,AMKR,11.408075899571912,0.75,1,3,0.45,0.5929623827297746,3,59.02416089361111,0.5908077389156674,13,True,True
2026-06-17,AMKR,11.408075899571912,0.75,2,3,-0.15,0.04135073938219686,5,144.34721644916667,1.6256578135814337,13,False,True
2026-06-17,ARM,8.073911382734899,0.75,0,3,0.05,2.4246266910117598,3,11.077494226944445,0.3527689738894251,10,True,True
2026-06-17,ARM,8.073911382734899,0.75,1,3,0.25,0.5640319139000942,2,34.97416089361111,1.0548803041122596,10,True,True
2026-06-17,ARM,8.073911382734899,0.75,2,3,0.65,0.04510194014956408,5,128.08638311583334,0.8963861557559,10,True,True
2026-06-17,BBY,-0.8069767441860498,0.15,0,2,0.0,0.8247554742943137,4,76.34082756027779,-0.978085323016293,7,False,False
2026-06-17,BBY,-0.8069767441860498,0.15,1,2,0.15,0.017465116242539266,3,157.22888311583333,-0.6267192332356429,7,False,True
2026-06-17,BMO,2.508243052284498,-0.05,0,3,0.0,4.100955184480932,5,10.404160893611111,-0.0,18,False,False
2026-06-17,BMO,2.508243052284498,-0.05,1,3,-0.15,2.0307099169651606,9,61.59082756027777,-0.6165875500862968,18,False,True
2026-06-17,BMO,2.508243052284498,-0.05,2,3,0.15,0.04476523625256835,4,156.90693867138887,-0.942569384639774,18,True,True
2026-06-17,BRK-B,-1.1215600065136,0.0,0,2,0.0,0.9327648607160361,2,32.17416089361111,,5,False,False
2026-06-17,BRK-B,-1.1215600065136,0.0,1,2,0.25,0.34604091347874283,3,92.4419386713889,,5,False,True
2026-06-17,BROS,9.129640900791225,0.55,0,2,0.45,4.391309643153953,6,11.640827560277778,0.20651259713893053,10,True,True
2026-06-17,BROS,9.129640900791225,0.55,1,2,-0.15,0.24302049398607617,4,135.7908275602778,0.06587810110543105,10,False,True
2026-06-17,COCO,2.6183644189383015,0.05,0,1,-0.05,0.10080873297859251,3,123.19416089361111,0.5068676721538709,3,False,True
2026-06-17,CRS,3.8316506507724,0.15,0,2,0.0,0.667448484500936,1,11.339716449166668,-0.023155128066713902,3,False,False
2026-06-17,CRS,3.8316506507724,0.15,1,2,0.15,0.12671661134504056,2,126.75638311583334,0.49503627171788267,3,True,True
2026-06-17,CRWV,-14.718340421838382,0.15,0,3,0.15,3.0763628276254957,4,21.892216449166668,0.0,18,False,True
2026-06-17,CRWV,-14.718340421838382,0.15,1,3,0.85,3.625906056124107,12,54.103327560277776,1.103724615891499,18,False,True
2026-06-17,CRWV,-14.718340421838382,0.15,2,3,0.15,0.021053991923547007,2,119.59499422694445,1.6596553053185699,18,False,True
2026-06-17,CVNA,10.022271714922049,0.25,0,3,-0.05,3.701374789551456,5,15.257494226944445,0.20873257059136013,12,False,True
2026-06-17,CVNA,10.022271714922049,0.25,1,3,0.15,1.2476292676790122,5,63.762216449166665,-1.4197249390090183,12,True,True
2026-06-17,CVNA,10.022271714922049,0.25,2,3,-0.25,0.015212323213914357,2,127.78332756027778,-0.16178942537600616,12,False,True
2026-06-17,CW,2.921689459532484,0.15,0,2,0.0,0.7972743432205096,1,6.724160893611111,0.1759279405332037,4,False,False
2026-06-17,CW,2.921689459532484,0.15,1,2,0.25,0.012022554469947317,3,151.83999422694444,0.6458722081729371,4,True,True
2026-06-18,AAOI,-21.526104417670677,0.25,0,1,-0.15,0.29810223806608216,3,87.35251644194445,-0.9717444415963097,3,True,True
2026-06-18,ADBE,3.714900594384085,-0.75,0,2,-0.45,4.028851398099324,6,23.916127553055553,0.14748052215712448,15,False,True
2026-06-18,ADBE,3.714900594384085,-0.75,1,2,-0.15,2.1006939609757405,9,53.306405330833336,1.1995942747250088,15,False,True
2026-06-18,ADMA,-0.4211793020457266,-0.65,0,3,-0.65,1.5274351309146432,2,7.833905330833334,-0.0,8,True,True
2026-06-18,ADMA,-0.4211793020457266,-0.65,1,3,-0.75,0.9271728038765268,4,73.48390533083334,0.5750736835889857,8,True,True
2026-06-18,ADMA,-0.4211793020457266,-0.65,2,3,-0.35,0.09856332770071588,2,79.83390533083333,0.5750736835889857,8,True,True
2026-06-18,ADPT,2.053622361665708,-0.65,0,2,-0.45,0.8263108800305748,5,74.93834977527779,0.013745944370613362,8,False,True
2026-06-18,ADPT,2.053622361665708,-0.65,1,2,-0.05,0.051194246177562595,3,158.1005719975,0.08764030716202302,8,False,True
2026-06-18,AMAT,3.900439143750689,0.35,0,2,0.45,4.602679677930472,7,23.217238664166665,0.042226305284473124,20,True,True
2026-06-18,AMAT,3.900439143750689,0.35,1,2,0.45,3.894290448389847,13,35.533071997499995,0.9630468080545191,20,True,True
2026-06-18,AMKR,6.4448374972363665,0.35,0,3,0.0,0.6674413450324044,1,11.3330719975,0.19610066011202512,13,False,False
2026-06-18,AMKR,6.4448374972363665,0.35,1,3,0.45,1.3291070519025812,8,83.01723866416667,0.7224130680047569,13,True,True
2026-06-18,AMKR,6.4448374972363665,0.35,2,3,-0.05,0.014830107397008366,4,154.59751644194444,0.9287649629099379,13,False,True
2026-06-18,AMZN,-5.069765538688154,0.65,0,2,0.45,8.45590617147073,12,23.817238664166666,0.0,20,False,True
2026-06-18,AMZN,-5.069765538688154,0.65,1,2,0.15,2.6092483795325467,8,33.688627553055554,1.4367477215139708,20,False,True
2026-06-18,APP,-4.760384066764589,0.35,0,2,0.45,0.28314560775681075,2,80.13779421972222,-1.2706459735402273,3,False,True
2026-06-18,APP,-4.760384066764589,0.35,1,2,-0.15,0.006960146235471401,1,129.83390533083335,-0.6203599728797918,3,True,True
2026-06-18,AR,-1.2040939193256994,0.0,0,1,0.0,0.675957814822659,3,65.89862755305556,,3,False,False
2026-06-18,ARM,-30.899285486733707,-0.15,0,2,0.25,1.9588994833756397,6,56.5005719975,-0.899262108127848,12,False,True
2026-06-18,ARM,-30.899285486733707,-0.15,1,2,0.55,0.12450544297242415,6,152.0794608863889,-0.8867365245072943,12,False,True
2026-06-18,ASMLF,2.813107530356529,0.15,0,2,0.25,2.386442069390459,7,38.63084977527778,0.40567690044157334,13,True,True
2026-06-18,ASMLF,2.813107530356529,0.15,1,2,-0.15,0.7322869800457757,6,76.96390533083334,0.5489156484000607,13,False,True
2026-06-18,AVGO,0.7998055184149644,0.25,0,2,0.15,3.6862556513458653,5,14.333905330833334,0.0,20,True,True
2026-06-18,AVGO,0.7998055184149644,0.25,1,2,0.55,2.7280806887093063,15,75.3105719975,0.5976627287048597,20,True,True
2026-06-18,BBY,4.228556135420836,0.05,0,2,0.0,0.6075224273660713,3,52.9505719975,-0.3652589318151955,6,False,False
2026-06-18,BBY,4.228556135420836,0.05,1,2,0.15,0.027924679345847376,3,156.78334977527777,-0.733717367670746,6,True,True
2026-06-18,BE,6.409048067860512,0.25,0,2,0.15,0.46447073022969715,4,78.11723866416666,1.944584304372498,8,True,True
2026-06-18,BE,6.409048067860512,0.25,1,2,0.15,0.023419838726397902,4,147.21168310861108,2.1693924645193805,8,True,True
2026-06-22,AAPL,-7.831386148614516,0.15,0,2,-0.35,10.167745365714998,14,21.5622378,0.0,20,True,True
2026-06-22,AAPL,-7.831386148614516,0.15,1,2,0.15,1.1510246934883965,6,81.00362668888889,-0.21477416058401586,20,False,True
2026-06-22,ADBE,3.8532580810672012,-0.15,0,3,-0.05,4.940492259130784,7,14.520293355555555,0.028529455296727454,20,False,True
2026-06-22,ADBE,3.8532580810672012,-0.15,1,3,0.45,1.2870973075894843,5,77.78696002222223,0.06559520625588705,20,True,True
2026-06-22,ADBE,3.8532580810672012,-0.15,2,3,-0.25,0.1775554220700338,8,119.91918224444444,0.15946771406644653,20,False,True
2026-06-22,ADMA,5.484247374562412,-0.25,0,2,-0.65,0.980930087668915,1,1.3369600222222222,-0.0,8,False,True
2026-06-22,ADMA,5.484247374562412,-0.25,1,2,-0.75,0.1555034697036811,7,140.37029335555556,-0.5797640839601039,8,False,True
2026-06-22,ADPT,-1.3661485319516498,-0.45,0,1,-0.45,0.016226609093861036,3,158.1708489111111,-0.31021394643929967,3,True,True
2026-06-22,AMD,-8.725051211863022,-0.15,0,2,-0.25,5.739691795157134,7,10.431404466666667,0.1530710849127557,20,True,True
2026-06-22,AMD,-8.725051211863022,-0.15,1,2,-0.25,0.6167834782225144,13,101.69390446666667,-0.35820614815525,20,True,True
2026-06-22,AMZN,-0.33936165642853844,0.15,0,1,-0.15,16.33113874786453,20,10.835571133333334,0.0917130041589398,20,True,True
2026-06-22,AR,2.615339406406103,0.0,0,1,0.0,0.016765877286493976,3,161.90168224444446,,3,False,False
2026-06-22,ARM,-25.519964681644268,0.25,0,2,0.05,1.4323481849854032,2,13.836960022222224,-0.09167078935692992,10,False,True
2026-06-22,ARM,-25.519964681644268,0.25,1,2,0.15,0.16152761607144997,8,154.97029335555555,0.14904795552512182,10,False,True
2026-06-22,AVGO,-3.9441766761023067,0.75,0,2,0.75,11.556570783876381,16,20.503626688888886,0.03799942176905833,20,False,True
2026-06-22,AVGO,-3.9441766761023067,0.75,1,2,0.15,0.21978537951439125,4,78.50362668888889,-0.982940327104513,20,False,True
2026-06-22,BAC,3.1811051071988894,0.0,0,3,0.0,1.5931359096683573,2,8.417793355555554,,19,False,False
2026-06-22,BAC,3.1811051071988894,0.0,1,3,0.0,0.5349018341295038,5,94.63418224444445,,19,False,False
2026-06-22,BAC,3.1811051071988894,0.0,2,3,0.0,0.08820462691424519,12,157.3347378,,19,False,False
2026-06-22,BE,-13.167558189966755,0.65,0,3,0.25,0.9442479517593282,1,2.3266822444444446,0.0,7,False,True
2026-06-22,BE,-13.167558189966755,0.65,1,3,0.05,0.4020723156734265,2,80.15307113333334,0.8034942844617698,7,False,True
2026-06-22,BE,-13.167558189966755,0.65,2,3,0.75,0.03659085344088371,4,150.92168224444444,2.3408968923859645,7,False,True
2026-06-22,BEN,-4.833480695549664,0.45,0,2,0.15,0.6835335830604704,5,79.82029335555556,1.4689623091464925,8,False,True
2026-06-22,BEN,-4.833480695549664,0.45,1,2,0.15,0.015981639658475384,3,154.0036266888889,0.6433000656950179,8,False,True
2026-06-22,BMO,0.5312391731146615,-0.05,0,2,-0.05,1.3984559372598038,2,21.416404466666666,-0.0,17,False,True
2026-06-22,BMO,0.5312391731146615,-0.05,1,2,-0.05,0.1807772663752756,15,157.50779335555555,-1.2676204114038387,17,False,True
2026-06-22,BRK-B,2.007407558984231,0.65,0,3,0.65,4.6679255348415225,6,14.736960022222222,0.0,17,True,True
2026-06-22,BRK-B,2.007407558984231,0.65,1,3,0.35,0.655902025501858,5,87.58696002222223,-0.19052235080667496,17,True,True
2026-06-22,BRK-B,2.007407558984231,0.65,2,3,-0.05,0.0653034973124457,6,159.6369600222222,-0.8225700343060006,17,False,True
2026-06-23,AAPL,-6.982670744138641,-0.25,0,2,-0.15,9.549649499151595,15,23.890477171666667,0.21552067136403347,20,True,True
2026-06-23,AAPL,-6.982670744138641,-0.25,1,2,0.35,1.5930171237941886,5,39.18214383833333,0.4274005795621999,20,False,True
2026-06-23,ADBE,2.522413007141777,-0.35,0,2,0.15,4.0433379440064465,11,49.15714383833333,-0.1885250552768974,20,True,True
2026-06-23,ADBE,2.522413007141777,-0.35,1,2,-0.45,0.15006108103420387,9,130.48936606055557,-0.019227608625857852,20,False,True
2026-06-23,ADMA,4.027617951668572,-0.65,0,2,-0.35,1.3986078631450363,2,11.907143838333333,-0.0,9,False,True
2026-06-23,ADMA,4.027617951668572,-0.65,1,2,-0.75,0.10180692230809438,7,150.94047717166666,-0.5797640839601039,9,False,True
2026-06-23,AEIS,-3.178430512932917,-0.05,0,2,0.05,0.5000213938891842,1,18.406032727222225,0.7347586005978404,3,False,True
2026-06-23,AEIS,-3.178430512932917,-0.05,1,2,-0.05,0.030151505395814134,2,167.823810505,-0.8839668874182879,3,True,True
2026-06-23,AMD,-3.1451380205828605,0.45,0,2,-0.25,6.385764732796385,10,21.001588282777778,-1.1119977987575569,20,True,True
2026-06-23,AMD,-3.1451380205828605,0.45,1,2,0.45,0.36092960979332406,10,109.07658828277778,-0.6281082973406711,20,False,True
2026-06-23,AMZN,3.5495707146213418,-0.35,0,1,-0.15,14.35287369770433,20,16.890477171666667,0.3993337056087004,20,False,True
2026-06-23,ANET,4.907521578298413,0.35,0,1,0.45,0.027344963308609988,4,153.87575494944446,0.3476547759779373,4,True,True
2026-06-23,ARM,-17.118371134583366,0.45,0,2,0.15,0.9377473098498783,2,24.407143838333333,-0.7656447618120968,10,False,True
2026-06-23,ARM,-17.118371134583366,0.45,1,2,0.15,0.10575088447437087,8,165.54047717166668,-0.2153690598571425,10,False,True
2026-06-23,ASTS,-12.556607657472219,0.15,0,2,0.0,0.797481498026246,2,30.610754949444445,0.0,20,False,False
2026-06-23,ASTS,-12.556607657472219,0.15,1,2,0.15,0.16116972309223696,18,147.84992161611112,-1.1258244301292528,20,False,True
2026-06-23,AVGO,2.2751545442588395,0.65,0,3,0.35,8.84261237830687,16,24.390477171666667,-0.7670454708525631,20,True,True
2026-06-23,AVGO,2.2751545442588395,0.65,1,3,0.25,0.6903290507700028,2,31.073810505,-0.7670454708525631,20,True,True
2026-06-23,AVGO,2.2751545442588395,0.65,2,3,0.05,0.07774234996142551,2,84.90714383833334,-1.7700356322319353,20,True,True
2026-06-23,BAC,2.218960455879815,0.0,0,2,0.0,1.2378737098326429,3,42.877977171666664,,19,False,False
2026-06-23,BAC,2.218960455879815,0.0,1,2,0.05,0.2130830776971809,16,167.90492161611112,,19,True,True
2026-06-23,BE,9.099944095906555,-0.15,0,3,0.05,1.5422855916234206,2,12.896866060555555,1.0510207290487112,8,True,True
2026-06-23,BE,9.099944095906555,-0.15,1,3,0.05,0.27579542818871455,3,114.073810505,0.266566580795463,8,True,True
2026-06-23,BE,9.099944095906555,-0.15,2,3,0.45,0.011393965479109836,3,161.49186606055557,-1.5280504418360583,8,True,True
2026-06-23,BEN,-4.439183190292983,0.65,0,2,-0.15,0.44750416513673075,5,90.39047717166667,1.4689623091464925,8,True,True
2026-06-23,BEN,-4.439183190292983,0.65,1,2,0.15,0.010463056227406146,3,164.573810505,0.6433000656950179,8,False,True
2026-06-23,BMO,-0.9139660938761285,0.0,0,2,0.0,0.9155583166549237,2,31.986588282777777,,16,False,False
2026-06-23,BMO,-0.9139660938761285,0.0,1,2,-0.05,0.11678351098215808,14,167.50964383833335,,16,True,True
2026-06-24,AAPL,-6.595468813975702,0.15,0,2,0.15,12.984060169210943,19,24.793392802222222,-0.47702677811632505,20,False,True
2026-06-24,AAPL,-6.595468813975702,0.15,1,2,0.65,0.3683781148308157,1,26.773670579999997,-0.47702677811632505,20,False,True
2026-06-24,ADMA,3.9080459770114873,-0.85,0,3,-0.65,1.3179769635959575,2,20.65700391333333,-0.0,10,False,True
2026-06-24,ADMA,3.9080459770114873,-0.85,1,3,-0.15,1.0682532744488036,4,49.34033724666667,-0.4693942430106467,10,False,True
2026-06-24,ADMA,3.9080459770114873,-0.85,2,3,-0.85,0.021106598639523914,4,151.84033724666668,-1.2406068992290693,10,False,True
2026-06-24,ALAB,7.498999799960004,0.25,0,1,0.25,0.021608230891664186,3,129.26867058,-0.3740197475220467,3,True,True
2026-06-24,AMD,5.9914572670950905,0.75,0,2,0.25,11.728797411988204,15,13.39005946888889,0.6631912385843471,20,True,True
2026-06-24,AMD,5.9914572670950905,0.75,1,2,-0.15,1.56045393713094,5,38.10700391333334,0.6256154432280021,20,False,True
2026-06-24,AMZN,-3.7222008793272754,0.45,0,2,0.45,9.622253921511588,14,22.64950391333333,0.0,20,False,True
2026-06-24,AMZN,-3.7222008793272754,0.45,1,2,-0.35,1.9731704726732358,6,32.840337246666664,0.030169382986048494,20,True,True
2026-06-24,ANET,5.2058859898602705,-0.15,0,2,-0.25,2.2915749871146893,6,35.623670579999995,0.07537500697137087,7,False,True
2026-06-24,ANET,5.2058859898602705,-0.15,1,2,0.35,0.003668048410842029,1,146.47422613555557,0.760837119597045,7,True,True
2026-06-24,ARM,-15.431101704355566,-0.25,0,3,-0.25,3.667804751893215,5,13.840337246666667,-0.8638231875931827,14,True,True
2026-06-24,ARM,-15.431101704355566,-0.25,1,3,-0.25,1.7264933011345087,7,61.84033724666667,0.5413926030572926,14,True,True
2026-06-24,ARM,-15.431101704355566,-0.25,2,3,0.35,0.01923357296672131,2,164.06783724666667,0.9197396172038811,14,False,True
2026-06-24,ASTS,-6.307895897662119,-0.15,0,2,-0.15,1.6739083582769256,6,68.04394835777778,0.5487365253046292,11,True,True
2026-06-24,ASTS,-6.307895897662119,-0.15,1,2,0.45,0.024737231832721272,5,152.59033724666668,0.9967976610879133,11,False,True
2026-06-24,AVAV,-4.9092699395133055,-0.25,0,2,-0.25,0.9566818354009814,1,1.9903372466666667,-0.0,11,True,True
2026-06-24,AVAV,-4.9092699395133055,-0.25,1,2,-0.65,0.39834313389757237,10,150.14033724666666,1.5315280697820401,11,True,True
2026-06-24,AVGO,1.7611955924307088,0.65,0,1,0.65,16.2357498593298,20,10.198392802222223,0.40666603176834976,20,True,True
2026-06-24,BAC,2.5376753854148726,-0.25,0,3,-0.15,3.416898599120345,5,22.290337246666663,-0.0,20,False,True
2026-06-24,BAC,2.5376753854148726,-0.25,1,3,0.0,1.4325146550110248,7,80.31117058,-1.261193512067197,20,False,False
2026-06-24,BAC,2.5376753854148726,-0.25,2,3,0.15,0.05268778405028046,8,156.46033724666668,-1.261193512067197,20,True,True
2026-06-24,BB,57.65661252900234,0.45,0,2,0.45,1.4432989508812224,2,10.31117058,0.0,5,True,True
2026-06-24,BB,57.65661252900234,0.45,1,2,-0.15,0.22451352940505173,3,152.99422613555555,0.27323105123512975,5,False,True
2026-06-24,BE,7.691836046475964,-0.15,0,3,-0.15,4.774945214026213,6,10.416448357777778,-0.0,17,False,True
2026-06-24,BE,7.691836046475964,-0.15,1,3,-0.15,2.095637085760136,8,56.507003913333335,0.6476504952468508,17,False,True
2026-06-24,BE,7.691836046475964,-0.15,2,3,0.15,0.06634423377740213,3,151.50700391333334,0.07448651621485378,17,True,True
2026-06-24,BEN,3.541730828457035,0.65,0,2,0.25,0.7730875467933461,1,7.52367058,0.0,6,True,True
2026-06-24,BEN,3.541730828457035,0.65,1,2,0.25,0.10764979370099409,5,127.82367058,-0.5589788125872501,6,True,True
2026-06-25,AAPL,14.657459567508656,-0.65,0,1,-0.45,18.216975197462244,20,5.044078366944445,-0.06404030734077094,20,False,True
2026-06-25,ADMA,-5.619266055045868,-0.35,0,3,-0.25,0.7348672461377994,1,8.833800589166668,-0.0,9,True,True
2026-06-25,ADMA,-5.619266055045868,-0.35,1,3,-0.65,0.9469760975276453,6,73.33380058916667,-0.4422216859907968,9,True,True
2026-06-25,ADMA,-5.619266055045868,-0.35,2,3,-0.35,0.006008334871717501,2,153.90046725583335,-1.1294943775524973,9,True,True
2026-06-25,ALAB,-6.407035175879394,0.25,0,1,0.35,0.008575232112149864,3,153.2621339225,-0.36017348086020595,3,False,True
2026-06-25,AMD,-6.98875265223351,0.25,0,2,0.35,10.130286305018654,15,21.10741170027778,-0.15164314798021614,20,False,True
2026-06-25,AMD,-6.98875265223351,0.25,1,2,-0.15,1.7914765295403274,5,28.571578366944447,0.33211621335659064,20,True,True
2026-06-25,AMZN,9.999559490771336,0.25,0,1,0.65,13.63145385465582,20,20.09352281138889,0.0,20,True,True
2026-06-25,ANET,-6.473254759746139,0.35,0,2,0.25,1.311859976774514,2,15.514078366944444,0.0,8,False,True
2026-06-25,ANET,-6.473254759746139,0.35,1,2,-0.15,0.9094121363024676,6,59.617133922499995,0.37656321809714133,8,True,True
2026-06-25,APP,29.27138788599106,0.15,0,1,0.35,0.34542495583752314,7,148.16518947805557,-0.5389079850757742,7,True,True
2026-06-25,ARM,-12.665727186448471,0.45,0,3,-0.05,1.3944344592613804,2,16.333800589166668,-0.08292767743416606,15,True,True
2026-06-25,ARM,-12.665727186448471,0.45,1,3,-0.25,2.1028434114136316,11,77.7921339225,-1.1610209334579615,15,True,True
2026-06-25,ARM,-12.665727186448471,0.45,2,3,0.25,0.0447787254265023,2,130.0835228113889,-1.3506047748159935,15,False,True
2026-06-25,ASTS,39.919231941481236,-0.35,0,3,-0.25,2.466838263625963,3,9.583800589166666,-0.0,11,False,True
2026-06-25,ASTS,39.919231941481236,-0.35,1,3,-0.15,0.6642909722067885,6,92.03741170027779,0.6547633456240008,11,False,True
2026-06-25,ASTS,39.919231941481236,-0.35,2,3,0.25,0.006001942020783245,2,152.83157836694446,1.0263487381741556,11,True,True
2026-06-25,AVAV,46.60520924787826,-0.35,0,3,-0.45,2.3862520959335694,3,10.000467255833334,-0.0,11,False,True
2026-06-25,AVAV,46.60520924787826,-0.35,1,3,-0.25,0.43748948009225197,2,74.85046725583334,0.8487902241905072,11,False,True
2026-06-25,AVAV,46.60520924787826,-0.35,2,3,-0.15,0.09610490207056291,6,151.83380058916669,1.5922876099625796,11,False,True
2026-06-25,AVGO,-4.86923016019637,0.15,0,2,0.25,6.137085316917991,9,20.550467255833336,-0.038184456495993856,20,False,True
2026-06-25,AVGO,-4.86923016019637,0.15,1,2,-0.35,3.7945758342872367,11,31.450467255833335,-0.21318620650382863,20,True,True
2026-06-25,AYI,-4.368374189599045,0.75,0,3,0.75,3.6702317446123986,5,13.662133922499999,0.0,9,False,True
2026-06-25,AYI,-4.368374189599045,0.75,1,3,0.25,0.7783527410761414,3,44.41630058916667,6.168865262291757,9,False,True
2026-06-25,AYI,-4.368374189599045,0.75,2,3,0.0,0.002683589333086697,1,154.58296725583335,2.774087467824789,9,False,False
2026-06-25,BAC,-1.28888125107407,0.05,0,2,0.15,5.609544451369797,8,21.283800589166667,0.0,20,False,True
2026-06-25,BAC,-1.28888125107407,0.05,1,2,-0.15,2.474459612244351,12,77.1671339225,0.6360802257987144,20,True,True
2026-06-25,BB,31.431334622823993,0.75,0,3,0.75,8.7334835836572,12,17.25602281138889,0.0,19,True,True
2026-06-25,BB,31.431334622823993,0.75,1,3,0.25,1.5489011175947955,5,37.41352281138889,4.80464521861708,19,True,True
2026-06-25,BB,31.431334622823993,0.75,2,3,0.0,0.08796579552028466,2,82.88102281138889,1.7083531353677976,19,False,False
2026-06-26,AAPL,11.17062513214464,-0.75,0,1,-0.75,16.627464759331037,20,8.327227313055555,0.21209043926118543,20,False,True
2026-06-26,ABBV,1.0420367081113158,0.25,0,2,0.15,1.5846866862510125,2,7.780005090833334,0.0,20,True,True
2026-06-26,ABBV,1.0420367081113158,0.25,1,2,0.45,1.2850098289032554,18,98.94444953527778,2.4579317761399198,20,True,True
2026-06-26,ACAD,-1.4612954186413951,0.85,0,1,0.65,3.8314654674662325,5,14.425838424166667,0.0,5,False,True
2026-06-26,ADMA,-5.942857142857139,-0.25,0,3,-0.65,1.4388108560507042,2,23.404449535277777,-0.0,9,True,True
2026-06-26,ADMA,-5.942857142857139,-0.25,1,3,-0.65,0.6431098255407963,6,93.08778286861111,-0.18027937264087388,9,True,True
2026-06-26,ADMA,-5.942857142857139,-0.25,2,3,-0.65,0.02433014770426397,1,97.33778286861111,-0.4595702570068961,9,True,True
2026-06-26,AFRM,8.881620329601203,-0.65,0,2,-0.35,0.6789024857887254,2,30.69528286861111,-0.7525710663467015,6,False,True
2026-06-26,AFRM,8.881620329601203,-0.65,1,2,0.15,0.09819359010085467,4,106.31194953527779,-1.1286382033763407,6,True,True
2026-06-26,AMD,-5.028950496568118,-0.35,0,2,-0.15,5.91113439505639,8,20.5516717575,-0.0,20,True,True
2026-06-26,AMD,-5.028950496568118,-0.35,1,2,0.35,3.4551992830777087,12,43.25444953527778,0.4074714416387663,20,False,True
2026-06-26,AMZN,7.314452705316099,0.15,0,1,0.15,13.763847361305892,20,19.610005090833333,0.0,20,True,True
2026-06-26,ANET,9.485406091370564,-0.25,0,2,0.15,0.9405171101835148,2,32.52833842416667,1.2805230070451965,9,True,True
2026-06-26,ANET,9.485406091370564,-0.25,1,2,0.25,0.5863842435632829,7,83.62111620194445,0.43517780565092423,9,True,True
2026-06-26,APP,20.830866940555026,0.35,0,2,0.15,0.8544974834247946,1,4.921116201944445,0.0,7,True,True
2026-06-26,APP,20.830866940555026,0.35,1,2,0.25,0.13571842872012047,6,148.99750509083333,0.14938784064557614,7,True,True
2026-06-26,ARM,-9.154276483082525,-0.25,0,2,0.15,1.3098628978039968,5,51.59833842416666,0.6570994393828475,16,False,True
2026-06-26,ARM,-9.154276483082525,-0.25,1,2,-0.25,0.5641196230085004,11,154.08750509083333,1.3769178716913255,16,True,True
2026-06-26,ASTS,28.50244926522043,-0.45,0,3,0.15,2.8610510998069874,4,23.013338424166665,-0.0,16,True,True
2026-06-26,ASTS,28.50244926522043,-0.45,1,3,0.45,1.5906928070604607,10,78.3980606463889,0.12856980975385796,16,True,True
2026-06-26,ASTS,28.50244926522043,-0.45,2,3,0.0,0.03021273774558538,2,116.04139397972223,0.13033719180349473,16,False,False
2026-06-26,AVAV,45.25552736498732,-0.35,0,3,-0.15,1.38847065015073,2,13.053338424166666,-0.16230345771116267,19,False,True
2026-06-26,AVAV,45.25552736498732,-0.35,1,3,-0.65,2.085044615307209,9,59.66944953527778,0.25470364727875705,19,False,True
2026-06-26,AVAV,45.25552736498732,-0.35,2,3,-0.25,0.16672672644608316,8,152.93306064638887,1.3262266405877758,19,False,True
2026-06-26,AVGO,-1.2492466166237448,0.45,0,2,-0.35,5.913592351949966,9,24.33778286861111,-0.7221818537404835,20,True,True
2026-06-26,AVGO,-1.2492466166237448,0.45,1,2,-0.25,2.7403693530122837,11,50.31278286861111,-0.6304269961088577,20,True,True
2026-06-26,BB,19.21052631578948,0.75,0,2,0.65,6.290654958647958,10,22.678338424166665,-0.027444270159391243,20,True,True
2026-06-26,BB,19.21052631578948,0.75,1,2,0.25,3.047771285326475,10,36.23778286861111,1.6620360510558567,20,True,True
2026-06-29,AAPL,11.975580322282964,-0.35,0,1,-0.35,14.454853540018194,20,18.85654223027778,0.08947036499302104,20,False,True
2026-06-29,ABBV,-2.654240887106285,0.15,0,2,0.05,3.0823116056771367,4,8.669042230277777,0.0,18,False,True
2026-06-29,ABBV,-2.654240887106285,0.15,1,2,0.25,0.16942496476394764,14,165.9384866747222,1.9840310657072717,18,False,True
2026-06-29,ABCL,-10.529556650246297,0.45,0,2,0.25,0.4801607911212585,1,19.887097785833333,0.16950778508547684,4,False,True
2026-06-29,ABCL,-10.529556650246297,0.45,1,2,0.15,0.02570618113673106,3,148.1701533413889,4.154269187675609,4,False,True
2026-06-29,ACAD,3.1746031746031855,0.75,0,2,0.45,1.4387215180480326,2,10.219042230277777,0.0,7,True,True
2026-06-29,ACAD,3.1746031746031855,0.75,1,2,0.85,0.23946659171663953,5,86.42376445250001,-0.20917920301826565,7,True,True
2026-06-29,ADMA,11.230585424133821,-0.15,0,3,-0.15,1.3936780904047583,2,12.835708896944444,-0.0,11,False,True
2026-06-29,ADMA,11.230585424133821,-0.15,1,3,-0.25,0.471673607841888,4,95.40237556361112,2.1122838632236274,11,False,True
2026-06-29,ADMA,11.230585424133821,-0.15,2,3,-0.45,0.03840334057441564,5,147.0023755636111,0.8326747545883496,11,False,True
2026-06-29,ALAB,9.543863496797966,0.45,0,2,0.35,1.5263417879324526,2,15.945431119166667,-0.06428006328118854,4,True,True
2026-06-29,ALAB,9.543863496797966,0.45,1,2,0.25,0.4039802402616222,2,49.611542230277784,2.3388445844280104,4,True,True
2026-06-29,AMAT,6.482494529540483,-0.15,0,3,-0.15,2.9393806081631926,4,16.694320008055556,-0.0,20,False,True
2026-06-29,AMAT,6.482494529540483,-0.15,1,3,0.75,0.8332178017619276,5,80.71904223027778,-1.8465645305724512,20,True,True
2026-06-29,AMAT,6.482494529540483,-0.15,2,3,0.45,0.10982395257374615,11,147.6373755636111,-1.853874587849109,20,True,True
2026-06-29,AMD,8.385697603291998,-0.15,0,3,-0.15,2.4305054802147135,3,9.675431119166666,-0.0,20,False,True
2026-06-29,AMD,8.385697603291998,-0.15,1,3,-0.25,1.0076500809867692,10,81.56182000805556,-0.6867007938259496,20,False,True
2026-06-29,AMD,8.385697603291998,-0.15,2,3,0.45,0.15646908135235654,7,103.75237556361111,-0.18142226306611353,20,True,True
2026-06-29,AMZN,-2.1820604647288966,0.05,0,2,0.05,4.450194031215517,6,14.669042230277777,0.0,20,False,True
2026-06-29,AMZN,-2.1820604647288966,0.05,1,2,-0.05,1.9367524208025126,14,79.02682000805557,1.3839071322896859,20,True,True
2026-06-29,ANET,5.148689823278496,-0.25,0,3,0.0,0.6804386694400089,1,10.834042230277777,0.2319150551027369,11,False,False
2026-06-29,ANET,5.148689823278496,-0.25,1,3,0.25,0.2307026754455266,9,154.33320889694446,-0.03277174216146868,11,True,True
2026-06-29,ANET,5.148689823278496,-0.25,2,3,0.15,0.0025788184504961,1,155.61904223027778,-0.03277174216146868,11,True,True
2026-06-29,APP,15.57861496511348,0.05,0,3,0.05,0.6637320473592437,1,11.479597785833333,0.0,5,True,True
2026-06-29,APP,15.57861496511348,0.05,1,3,0.05,0.2178812227006887,2,76.91904223027778,1.1947803645095232,5,True,True
2026-06-29,APP,15.57861496511348,0.05,2,3,0.15,0.0065932467898377044,2,149.98570889694446,0.7243825442574994,5,True,True
2026-06-29,ARM,5.346615053262704,0.35,0,3,0.25,1.3555583874921004,2,13.560153341388888,0.09918961363166992,17,True,True
2026-06-29,ARM,5.346615053262704,0.35,1,3,0.15,0.4145363901103474,5,112.33570889694445,-0.03948255331393566,17,True,True
2026-06-29,ARM,5.346615053262704,0.35,2,3,-0.25,0.05087637335517765,10,157.83570889694445,-0.3427882537363662,17,False,True
2026-06-29,ASTS,5.814221505128492,0.35,0,3,0.05,4.73106085161122,6,22.33015334138889,0.05247058298809033,20,True,True
2026-06-29,ASTS,5.814221505128492,0.35,1,3,-0.25,0.9433020601708358,4,74.41904223027778,2.730163972496105,20,False,True
2026-06-29,ASTS,5.814221505128492,0.35,2,3,-0.15,0.30024457633653423,10,133.74237556361112,2.0069612137439754,20,False,True
2026-06-29,AVAV,44.15827338129497,0.55,0,2,0.15,6.1988040559999265,7,12.835708896944444,4.643419248437942,20,True,True
2026-06-29,AVAV,44.15827338129497,0.55,1,2,-0.25,0.5596674559859711,13,131.6673755636111,1.6534315245666946,20,False,True
2026-07-01,AA,7.476832350463369,-0.85,0,2,-0.85,5.86644824967326,8,18.519497931666663,-0.0,9,False,True
2026-07-01,AA,7.476832350463369,-0.85,1,2,-0.15,0.003388822996687767,1,148.5261645983333,1.1906982040049525,9,False,True
2026-07-01,AAPL,7.167606495006451,-0.25,0,1,-0.25,15.922894096529262,20,10.757553487222223,0.0598361897068066,20,False,True
2026-07-01,ABBV,4.212140524177488,-0.35,0,2,-0.25,1.148189086557917,6,56.66949793166667,0.39424509473036873,10,False,True
2026-07-01,ABBV,4.212140524177488,-0.35,1,2,0.25,0.020233009754166583,4,164.2525534872222,-0.7505074452630802,10,True,True
2026-07-01,ACAD,4.074603174603175,0.25,0,1,0.15,0.2642980656469748,7,134.42422015388888,-0.20128278195244131,7,True,True
2026-07-01,ADMA,8.13008130081303,-0.45,0,2,-0.25,1.0867003340205537,2,21.18616459833333,-0.0,8,False,True
2026-07-01,ADMA,8.13008130081303,-0.45,1,2,-0.65,0.2937744837597624,6,143.402831265,0.44929966311891817,8,False,True
2026-07-01,ALAB,-9.481037924151703,0.35,0,2,0.15,0.9267225743302405,5,84.71949793166667,0.8520162801955753,6,False,True
2026-07-01,ALAB,-9.481037924151703,0.35,1,2,0.35,0.02407308445791662,1,97.61199793166666,0.8520162801955753,6,False,True
2026-07-01,AMBA,-12.995245641838359,0.15,0,3,0.35,1.315929252207252,3,28.67866459833333,0.47516404286880426,6,False,True
2026-07-01,AMBA,-12.995245641838359,0.15,1,3,0.05,0.21984698869166114,2,63.93699793166667,4.25638861254106,6,False,True
2026-07-01,AMBA,-12.995245641838359,0.15,2,3,0.05,0.0020327147004745964,1,161.79894237611109,2.8089013425259513,6,False,True
2026-07-01,AMD,-6.448750184883889,-0.25,0,2,-0.35,14.129766886285658,19,19.59755348722222,-0.19390149781119048,20,True,True
2026-07-01,AMD,-6.448750184883889,-0.25,1,2,0.65,0.3736963225233094,1,26.397275709444443,1.1124736727846718,20,False,True
2026-07-01,AMZN,2.0769549027720435,-0.15,0,1,-0.05,14.294699429633496,20,19.830331264999998,-0.0,20,False,True
2026-07-01,ANET,-5.98367542912015,-0.15,0,3,-0.05,0.9530456891719253,1,2.0850534872222224,-0.0,9,True,True
2026-07-01,ANET,-5.98367542912015,-0.15,1,3,0.25,1.1211066356363781,4,58.83449793166667,-0.27550102964562917,9,False,True
2026-07-01,ANET,-5.98367542912015,-0.15,2,3,0.15,0.03318714193138366,4,159.5164423761111,-0.09542751071610749,9,False,True
2026-07-01,APP,2.09877614636651,-0.15,0,2,0.05,0.41449795718545446,2,59.48005348722222,-2.3676296609878684,4,True,True
2026-07-01,APP,2.09877614636651,-0.15,1,2,0.25,0.03337728664586541,2,127.98616459833333,-2.7849993610127637,4,True,True
2026-07-01,ARM,-8.217026698669516,0.15,0,2,0.05,0.812773869659921,1,6.219497931666667,-0.029318154247794062,7,False,True
2026-07-01,ARM,-8.217026698669516,0.15,1,2,0.45,0.27662195727266914,6,149.24338682055554,-0.197541694499293,7,False,True
2026-07-01,AVGO,-3.4954242703200245,0.45,0,2,-0.25,6.192360828558662,8,13.903109042777778,0.022185167246860437,20,True,True
2026-07-01,AVGO,-3.4954242703200245,0.45,1,2,-0.15,3.168692610850389,12,61.42422015388889,-0.11271410499564254,20,True,True
2026-07-01,BA,8.6467197364809,0.2,0,2,0.05,2.171464095523274,3,16.836164598333333,0.0,4,True,True
2026-07-01,BA,8.6467197364809,0.2,1,2,0.25,0.0030746323589057353,1,151.05283126499998,0.04191579751088284,4,True,True
2026-07-02,AA,4.827444535743641,-0.75,0,2,0.85,1.5679361254700659,2,12.0696665225,-0.07118426274016122,11,True,True
2026-07-02,AA,4.827444535743641,-0.75,1,2,-0.85,2.48680792702553,9,42.9146665225,-0.7329293741230816,11,False,True
2026-07-02,AAPL,2.219486116061309,0.45,0,1,0.45,15.879668970624303,20,11.006333189166668,-0.02408276064415468,20,True,True
2026-07-02,ABBV,-2.8612632627264656,0.35,0,3,-0.25,2.2727937210957947,3,11.297999855833334,-0.034237425820879866,14,True,True
2026-07-02,ABBV,-2.8612632627264656,0.35,1,3,0.15,1.2621699242646238,6,77.6685554113889,0.6487518479727463,14,False,True
2026-07-02,ABBV,-2.8612632627264656,0.35,2,3,0.15,0.1406303859911054,5,152.1735554113889,0.6425246911611251,14,False,True
2026-07-02,ACAD,-2.8109356950327347,0.15,0,1,0.15,0.09802063903067287,6,158.81938874472223,0.470653206791094,6,False,True
2026-07-02,ADMA,4.022346368715102,-0.75,0,2,-0.65,1.2314038394349784,4,45.58133318916666,-2.2544453767442154,9,False,True
2026-07-02,ADMA,4.022346368715102,-0.75,1,2,-0.85,0.11060408545741102,5,144.73133318916666,-0.774874659298352,9,False,True
2026-07-02,AMBA,12.863705972434914,0.15,0,2,-0.15,2.1250834022544485,3,13.057444300277778,0.13579000161946644,8,False,True
2026-07-02,AMBA,12.863705972434914,0.15,1,2,0.15,0.5864496458932577,5,88.3321665225,1.9216881123554963,8,True,True
2026-07-02,AMD,10.559653933799385,-0.35,0,2,-0.25,6.098076890075074,9,22.022444300277776,-0.058263571897558576,20,False,True
2026-07-02,AMD,10.559653933799385,-0.35,1,2,-0.25,3.633945112378763,11,31.949944300277775,0.7123048149833695,20,False,True
2026-07-02,AMZN,-0.7376272303951881,0.65,0,2,0.45,11.111127473311386,17,22.94799985583333,0.05825056600496187,20,False,True
2026-07-02,AMZN,-0.7376272303951881,0.65,1,2,0.15,1.0203039439466806,3,29.431333189166665,0.22491367340542304,20,False,True
2026-07-02,ANET,10.756922307644224,0.15,0,3,0.15,1.9814127401385013,3,17.963833189166667,-0.051763755878221164,10,True,True
2026-07-02,ANET,10.756922307644224,0.15,1,3,0.15,0.7511123877401386,4,55.101055411388884,-1.149913385375168,10,True,True
2026-07-02,ANET,10.756922307644224,0.15,2,3,-0.15,0.051636878427324874,3,156.60299985583336,0.16999287225903256,10,False,True
2026-07-02,APP,-2.5910522521155,-0.25,0,1,-0.25,0.28238743519127235,5,152.38133318916667,-1.400345412371929,5,True,True
2026-07-02,AVGO,6.300457761131928,0.45,0,2,0.35,6.942124441320313,10,19.1146665225,0.09778536939647754,20,True,True
2026-07-02,AVGO,6.300457761131928,0.45,1,2,0.45,2.5767087374833593,10,51.407722078055556,-0.6438514388281853,20,True,True
2026-07-02,BA,4.852311360324957,0.45,0,2,0.35,0.9284930156186891,1,2.1579998558333333,-0.09134570187994331,4,True,True
2026-07-02,BA,4.852311360324957,0.45,1,2,0.05,0.8291926362555098,3,41.23133318916666,1.4742121533863455,4,True,True
2026-07-02,BB,-7.384882710686358,0.25,0,3,0.15,1.4414662777038147,2,10.981333189166667,-0.17736917624224363,20,False,True
2026-07-02,BB,-7.384882710686358,0.25,1,3,0.65,1.4027537252833215,13,80.5646665225,-0.7738680597833548,20,False,True
2026-07-02,BB,-7.384882710686358,0.25,2,3,0.35,0.02905927211479524,5,153.16661096694446,-0.020583202619544303,20,False,True
2026-07-02,BE,12.743179888515655,-0.35,0,3,-0.15,1.5468879630863124,2,12.981333189166667,-0.028407651548867464,15,False,True
2026-07-02,BE,12.743179888515655,-0.35,1,3,-0.15,2.1950410939519274,9,65.0446665225,0.8807556048258218,15,False,True
2026-07-02,BE,12.743179888515655,-0.35,2,3,-0.08,0.10203593872615747,4,151.26438874472223,-0.49795067567199786,15,False,True
2026-07-03,AA,-5.47423300581511,-0.85,0,2,-0.35,1.5901962171973516,5,41.45035619277778,-0.6567467510063449,11,True,True
2026-07-03,AA,-5.47423300581511,-0.85,1,2,-0.65,0.8676397373514476,6,56.20674508166667,-0.6567467510063449,11,True,True
2026-07-03,AAPL,0.901938207637687,0.75,0,1,0.75,12.065371226459948,20,23.629245081666667,0.0,20,True,True
2026-07-03,ABBV,2.194222012874869,0.45,0,3,0.65,1.9422237103986242,3,21.473411748333334,0.0,15,True,True
2026-07-03,ABBV,2.194222012874869,0.45,1,3,0.45,1.1301852611142242,6,69.20674508166667,1.1902565377214314,15,True,True
2026-07-03,ABBV,2.194222012874869,0.45,2,3,0.15,0.11597320115402217,6,165.46563397055556,0.66049142686603,15,True,True
2026-07-03,ACAD,2.2506790842064417,0.15,0,1,0.25,0.058066342726138004,5,165.01730063722223,0.5665270081744631,5,True,True
2026-07-03,ADMA,1.637554585152845,-0.65,0,2,-0.65,0.7972366730443444,6,98.52341174833333,-1.7212610296905142,8,False,True
2026-07-03,ADMA,1.637554585152845,-0.65,1,2,-0.65,0.013916251417864598,2,143.35674508166667,-0.5558641745325287,8,False,True
2026-07-03,AEIS,-10.12096255308197,-0.15,0,2,-0.05,1.3487157127138698,2,23.380633970555557,-0.0,3,True,True
2026-07-03,AEIS,-10.12096255308197,-0.15,1,2,-0.15,0.2101903759071023,1,41.027578415,2.4964118200548895,3,True,True
2026-07-03,AMBA,-11.263012667753669,0.15,0,2,0.15,1.430366213223542,4,51.172022859444446,-1.35614313202132,8,False,True
2026-07-03,AMBA,-11.263012667753669,0.15,1,2,0.25,0.2132648844243833,4,101.62424508166666,1.7776006581283508,8,False,True
2026-07-03,AMD,-9.763608368807175,-0.25,0,2,-0.35,3.8178916398248695,8,24.606745081666666,-0.0,20,True,True
2026-07-03,AMD,-9.763608368807175,-0.25,1,2,-0.35,2.5831674096179773,12,45.044245081666666,0.768276381361856,20,True,True
2026-07-03,AMZN,1.953636959370919,-0.15,0,2,-0.15,6.061903902802917,10,22.011189526111114,-0.0,20,False,True
2026-07-03,AMZN,1.953636959370919,-0.15,1,2,-0.25,3.2904948510773155,10,36.240078415,-0.0,20,False,True
2026-07-03,ANET,-6.169205909510622,0.25,0,2,0.25,1.4216593828078532,4,39.77230063722222,-1.086920892933968,9,False,True
2026-07-03,ANET,-6.169205909510622,0.25,1,2,0.25,0.2645262651132479,5,137.9823006372222,0.19544110289546354,9,False,True
2026-07-03,APP,0.8551095091855476,-0.15,0,1,-0.35,0.1711728243115,5,165.67341174833334,-1.3771937873197853,5,False,True
2026-07-03,AVGO,-3.1799946509761923,0.35,0,2,0.15,4.958632892650385,10,24.30674508166667,0.0,20,False,True
2026-07-03,AVGO,-3.1799946509761923,0.35,1,2,-0.65,1.9905182429190464,10,51.590356192777776,-0.5478503800682568,20,True,True
2026-07-03,AZZ,-7.295968534906605,-0.15,0,2,-0.15,0.5831081220809159,5,72.59007841500001,0.8501879218327514,6,True,True
2026-07-03,AZZ,-7.295968534906605,-0.15,1,2,0.0,0.0021783533443042874,1,159.68924508166668,0.7652886473451734,6,False,False
2026-07-03,BA,1.253517523663339,0.45,0,2,0.45,0.9404440665156244,3,43.980078415,1.5685850517595883,4,True,True
2026-07-03,BA,1.253517523663339,0.45,1,2,0.0,0.12499999999999997,1,54.52341174833334,1.5685850517595883,4,False,False
2026-07-05,ABBV,2.194222012874869,0.15,0,1,0.75,0.2900530728990813,12,156.33494639944445,0.669551525541336,12,True,True
2026-07-05,ABNB,1.605147307822552,0.25,0,1,0.35,0.5568293470103269,4,86.40161306611112,0.0,4,True,True
2026-07-05,ADMA,1.637554585152845,-0.65,0,2,-0.65,1.7741262734993326,3,15.784946399444443,-0.0,7,False,True
2026-07-05,ADMA,1.637554585152845,-0.65,1,2,-0.65,0.06856600637910717,4,120.85161306611111,-1.8302565140712261,7,False,True
2026-07-05,AEIS,-10.12096255308197,-0.15,0,1,0.15,0.25141731933777683,4,103.00577973277778,2.4964118200548895,4,False,True
2026-07-05,AEVA,-16.942148760330568,0.15,0,1,0.15,0.1139878070656823,3,130.59272417722224,-1.3854702221229542,3,False,True
2026-07-05,AFRM,-7.519235252972722,0.15,0,2,-0.05,1.292082955006939,3,37.12216862166667,0.0,7,True,True
2026-07-05,AFRM,-7.519235252972722,0.15,1,2,0.25,0.06756832524245526,4,142.2618908438889,0.5739381840591481,7,False,True
2026-07-05,AMD,-9.763608368807175,0.35,0,2,0.75,8.266127490302242,12,22.001613066111112,0.0,20,False,True
2026-07-05,AMD,-9.763608368807175,0.35,1,2,-0.25,0.6211681972303145,8,86.28494639944445,0.0,20,True,True
2026-07-05,AMZN,1.953636959370919,-0.25,0,2,-0.15,4.843426571023788,7,17.084946399444444,-0.0,20,False,True
2026-07-05,AMZN,1.953636959370919,-0.25,1,2,-0.25,1.2257006427811787,13,82.35161306611111,-0.0,20,False,True
2026-07-05,ANET,-6.169205909510622,0.45,0,1,0.35,0.15442871911910766,8,158.49994639944444,-0.3668756414099758,8,False,True
2026-07-05,APP,0.8551095091855476,-0.15,0,1,-0.15,0.015013983409730059,3,159.145501955,-0.8308044207094979,3,False,True
2026-07-05,AVGO,-3.1799946509761923,0.25,0,2,0.25,2.620059794238991,4,16.251613066111112,0.0,20,False,True
2026-07-05,AVGO,-3.1799946509761923,0.25,1,2,0.75,1.1888047961556918,16,94.38494639944446,0.0,20,False,True
2026-07-05,AZZ,-7.295968534906605,-0.35,0,1,-0.25,0.20815929433089714,6,134.5682797327778,0.8501879218327514,6,True,True
2026-07-05,BA,1.253517523663339,0.45,0,1,0.45,0.0978699933842744,4,116.50161306611112,1.5685850517595883,4,True,True
2026-07-05,BAC,1.5442404006677846,-0.05,0,2,0.0,1.3074274802299344,10,90.45161306611112,-0.0,20,False,False
2026-07-05,BAC,1.5442404006677846,-0.05,1,2,-0.15,0.11755673623369328,10,158.56494639944444,-0.7441065826111314,20,False,True
2026-07-06,ABBV,2.194222012874869,0.75,0,1,0.75,0.11461550714999849,10,155.18668943583336,0.4215087178492653,10,True,True
2026-07-06,ABNB,1.605147307822552,0.15,0,2,0.05,0.6467572813375753,1,11.820022769166666,0.0,5,True,True
2026-07-06,ABNB,1.605147307822552,0.15,1,2,0.25,0.22097787280273967,4,110.4033561025,-0.40626219024611265,5,True,True
2026-07-06,ABTC,-34.62897526501767,-0.85,0,1,-0.6,0.05118378247019506,3,131.83280054694444,1.6280211958308997,3,True,True
2026-07-06,ADMA,1.637554585152845,-0.65,0,3,-0.35,1.3608920046258814,2,11.5033561025,-0.022918983929023244,9,False,True
2026-07-06,ADMA,1.637554585152845,-0.65,1,3,-0.65,0.7040624782193156,3,39.78668943583333,-1.0614255200247746,9,False,True
2026-07-06,ADMA,1.637554585152845,-0.65,2,3,-0.65,0.027210437663863253,4,144.8533561025,-2.1114276875005062,9,False,True
2026-07-06,AEIS,-10.12096255308197,-0.15,0,1,0.15,0.09977502929995291,4,127.00752276916667,1.8059537486815491,4,False,True
2026-07-06,AFRM,-7.519235252972722,0.15,0,3,-0.05,1.4785087607806036,2,11.5458561025,-0.22014778543634134,9,True,True
2026-07-06,AFRM,-7.519235252972722,0.15,1,3,-0.05,0.5281891788136956,4,108.83668943583334,0.11916180396939505,9,True,True
2026-07-06,AFRM,-7.519235252972722,0.15,2,3,0.25,0.01138878933075375,3,166.26363388027778,0.5335755937528571,9,False,True
2026-07-06,AMC,-8.045977011494243,0.0,0,2,-0.05,2.352302494545458,3,9.478633880277778,,5,True,True
2026-07-06,AMC,-8.045977011494243,0.0,1,2,0.15,0.09738634744184461,2,153.58641165805557,,5,False,True
2026-07-06,AMZN,1.953636959370919,0.15,0,2,0.25,11.377753651380951,18,21.16613388027778,0.07091824548554877,20,True,True
2026-07-06,AMZN,1.953636959370919,0.15,1,2,-0.05,0.6861703337263698,2,28.670022769166668,0.33361687802840156,20,False,True
2026-07-06,APP,0.8551095091855476,-0.15,0,2,0.15,0.723952049388884,1,8.89196721361111,-0.04515082742478442,3,True,True
2026-07-06,APP,0.8551095091855476,-0.15,1,2,-0.15,0.004921566601151852,2,156.50335610250002,-0.8222582983200548,3,False,True
2026-07-06,AVAV,-20.182085501017866,-0.35,0,3,-0.15,1.4141832811802304,2,20.636689435833336,0.04520957949862544,20,True,True
2026-07-06,AVAV,-20.182085501017866,-0.35,1,3,0.05,0.4045419027860777,5,99.2244672136111,1.1144344931475525,20,False,True
2026-07-06,AVAV,-20.182085501017866,-0.35,2,3,0.75,0.05423276898835651,13,160.1708561025,-0.6101178477430035,20,False,True
2026-07-06,AVGO,-3.1799946509761923,0.75,0,1,0.75,14.380676782123297,20,12.870022769166667,-0.019457860087493267,20,False,True
2026-07-06,AXON,6.86350124527999,0.05,0,2,0.15,0.6661361071965194,1,11.0533561025,-0.047930419292470716,6,True,True
2026-07-06,AXON,6.86350124527999,0.05,1,2,0.15,0.37830392726885365,5,131.77002276916667,0.6869006344688107,6,True,True
2026-07-06,AZZ,-7.295968534906605,-0.25,0,2,-0.05,1.0057606655421394,1,0.35418943583333334,-0.0,7,True,True
2026-07-06,AZZ,-7.295968534906605,-0.25,1,2,-0.25,0.08260807069945605,6,158.57002276916668,0.3443331008544087,7,True,True
2026-07-06,BA,1.253517523663339,0.45,0,1,0.45,0.03883973261357948,4,140.5033561025,2.225325360931382,4,True,True
2026-07-07,AAPL,-1.1620421039078122,0.55,0,2,0.15,10.578710872507196,17,22.84685416972222,0.09689166372932853,20,False,True
2026-07-07,AAPL,-1.1620421039078122,0.55,1,2,0.15,1.1040892774818227,3,28.60435416972222,-0.1665692911118675,20,False,True
2026-07-07,ABTC,-14.877300613496924,-0.15,0,2,-0.85,0.6850249286497747,1,10.331298614166666,-0.1348764912812376,4,True,True
2026-07-07,ABTC,-14.877300613496924,-0.15,1,2,-0.6,0.02031229753422478,3,155.83685416972222,4.9320212500968355,4,True,True
2026-07-07,ADMA,-2.3344191096634215,-0.75,0,3,-0.65,0.7886228444186554,1,6.674076391944444,-0.1874123668901733,8,True,True
2026-07-07,ADMA,-2.3344191096634215,-0.75,1,3,-0.65,0.8194777295837289,5,63.79074305861111,-1.0434864606697298,8,True,True
2026-07-07,ADMA,-2.3344191096634215,-0.75,2,3,-0.45,0.0071595344895034425,2,146.8574097252778,-1.0434864606697298,8,True,True
2026-07-07,AEIS,-2.902026205122865,0.35,0,2,-0.15,0.2539960818613038,3,112.28018750305556,-0.8725198061799465,5,True,True
2026-07-07,AEIS,-2.902026205122865,0.35,1,2,-0.05,0.009040219079756481,2,151.01157639194446,-2.159299169705582,5,True,True
2026-07-07,AGIO,-10.406725744149059,0.75,0,1,0.75,3.40876971196085,5,12.436576391944444,-0.005156894162262129,5,False,True
2026-07-07,AMAT,13.612263300270522,-0.45,0,3,-0.15,5.442683288191758,8,17.515465280833332,0.2742261299305137,20,False,True
2026-07-07,AMAT,13.612263300270522,-0.45,1,3,0.25,1.3122833903704894,6,85.32574305861111,0.9897468351574303,20,True,True
2026-07-07,AMAT,13.612263300270522,-0.45,2,3,-0.15,0.10003769914888874,6,110.00629861416667,0.9897468351574303,20,False,True
2026-07-07,AMD,-3.4798783205130746,-0.75,0,1,-0.75,15.025459966009384,20,14.006576391944444,0.14439301163040816,20,True,True
2026-07-07,AMKR,12.765957446808507,-0.45,0,3,-0.35,2.5554308022199503,3,7.742965280833333,0.20788628052614527,9,False,True
2026-07-07,AMKR,12.765957446808507,-0.45,1,3,0.25,0.3848761599712453,3,110.5060208363889,0.7982278774074947,9,True,True
2026-07-07,AMKR,12.765957446808507,-0.45,2,3,-0.25,0.023541703881950087,3,133.90740972527777,0.7982278774074947,9,False,True
2026-07-07,AMZN,-3.142531913163671,0.25,0,1,0.25,14.505290402940421,20,11.776298614166667,-0.10281787941052556,20,False,True
2026-07-07,ATAI,5.154142581888221,-0.25,0,3,0.45,2.154639164904357,4,25.36796528083333,-0.18136350297480447,10,True,True
2026-07-07,ATAI,5.154142581888221,-0.25,1,3,0.35,0.7401531534293952,3,41.50740972527778,-0.9275367033020643,10,True,True
2026-07-07,ATAI,5.154142581888221,-0.25,2,3,-0.15,0.018711045839170423,3,132.67407639194445,-0.11433384217386716,10,False,True
2026-07-07,AVGO,9.908840822050813,0.25,0,2,0.45,7.548671866670204,12,22.84685416972222,-0.2507273791048334,20,True,True
2026-07-07,AVGO,9.908840822050813,0.25,1,2,0.45,2.521833950930011,8,31.7071319475,-0.44739143058318576,20,True,True
2026-07-07,AXON,-17.79221184773444,-0.15,0,2,-0.05,0.4006843424211933,3,72.22407639194445,-1.138868012923509,6,True,True
2026-07-07,AXON,-17.79221184773444,-0.15,1,2,0.15,0.013801959935815726,3,155.77407639194445,-0.9896217290484948,6,False,True
2026-07-07,AZZ,4.130510239500174,-0.15,0,2,0.0,0.3991363846274571,1,24.358243058611112,0.011000433223678828,4,False,False
2026-07-07,AZZ,4.130510239500174,-0.15,1,2,-0.15,0.030054404163611683,3,158.14074305861112,0.7998477447544616,4,False,True
2026-07-07,BA,-7.152106353591159,-0.25,0,2,-0.05,1.2921936259060063,2,15.467687503055556,0.0999675261692804,5,True,True
2026-07-07,BA,-7.152106353591159,-0.25,1,2,-0.15,0.012699570906541622,3,164.50740972527777,-1.4380056768161324,5,True,True
2026-07-08,ABBV,-3.8260663132072548,0.45,0,2,0.15,0.2022826437789904,1,42.007725899722224,-0.2721425642849031,5,False,True
2026-07-08,ABBV,-3.8260663132072548,0.45,1,2,-0.25,0.013423133810591462,4,158.5743925663889,-0.759617072396922,5,True,True
2026-07-08,ABT,-7.921832317713806,0.05,0,2,0.05,0.7956215845826843,1,6.444948121944444,0.0,3,False,True
2026-07-08,ABT,-7.921832317713806,0.05,1,2,0.15,0.41121035555204866,2,63.007725899722224,-0.18722317834371174,3,False,True
2026-07-08,ABTC,-5.290102389078511,-0.35,0,2,-0.35,2.365369873742626,5,34.33161478861111,1.5556431400407364,6,True,True
2026-07-08,ABTC,-5.290102389078511,-0.35,1,2,-0.25,0.0059245690238417465,1,133.69105923305554,4.542157136848906,6,True,True
2026-07-08,ADMA,1.8558951965065518,-0.65,0,1,-0.65,0.6381751357105125,6,87.79105923305555,-0.6564848217677696,6,False,True
2026-07-08,AEM,3.095451721996012,0.15,0,2,-0.15,0.8992361099931293,2,29.67411478861111,-1.293159413829115,6,False,True
2026-07-08,AEM,3.095451721996012,0.15,1,2,-0.25,0.20148095942284253,4,155.04105923305556,-1.0343300278699161,6,False,True
2026-07-08,AGIO,-7.787652011225443,0.25,0,1,0.25,2.5890628594930885,7,36.43689256638889,-0.6446117702829576,7,False,True
2026-07-08,ALL,-1.3094716725723599,0.45,0,2,0.45,1.881739276437064,2,2.2577258997222223,0.0,4,False,True
2026-07-08,ALL,-1.3094716725723599,0.45,1,2,-0.25,0.5450635011470683,2,38.266614788611115,-0.06461596011898282,4,True,True
2026-07-08,AMAT,10.425942156003497,-0.35,0,3,0.45,2.102102887159622,3,12.091059233055557,-0.1767753209642541,20,True,True
2026-07-08,AMAT,10.425942156003497,-0.35,1,3,-0.15,2.6655700088226513,13,65.44605923305556,0.26733836057415683,20,False,True
2026-07-08,AMAT,10.425942156003497,-0.35,2,3,0.25,0.03693609121749382,4,133.20244812194443,0.35619035926669657,20,True,True
2026-07-08,AMC,3.4031413612565453,-0.25,0,2,-0.25,2.293207476497865,9,57.4830036775,-0.5078452072960848,10,False,True
2026-07-08,AMC,3.4031413612565453,-0.25,1,2,0.15,0.014903768574607231,1,109.73494812194444,0.13918448648883472,10,True,True
2026-07-08,AMKR,10.103123598864162,-0.35,0,3,0.0,0.8248694176818033,1,5.507448121944444,-0.12650007445354536,10,False,False
2026-07-08,AMKR,10.103123598864162,-0.35,1,3,-0.35,1.1611201337970007,5,75.2430036775,0.38067560403188555,10,False,True
2026-07-08,AMKR,10.103123598864162,-0.35,2,3,-0.15,0.015083988802763224,4,157.90772589972224,0.28221422173414507,10,False,True
2026-07-08,AMZN,-2.204252524423289,-0.35,0,2,-0.15,6.005130973553816,10,21.091059233055553,0.12351481456163745,20,True,True
2026-07-08,AMZN,-2.204252524423289,-0.35,1,2,-0.45,3.0587164094006756,10,34.106892566388886,0.5561712862685164,20,True,True
2026-07-08,ANET,4.842308754487701,-0.15,0,2,-0.15,0.9776346534317985,6,83.17439256638889,-2.0253596075090963,12,False,True
2026-07-08,ANET,4.842308754487701,-0.15,1,2,0.05,0.07470229664866293,6,165.24022589972222,-2.0253596075090963,12,True,True
2026-07-08,APLD,6.72709923664121,-0.15,0,2,-0.15,0.8858907107678572,2,34.605503677499996,-0.484364447161008,3,False,True
2026-07-08,APLD,6.72709923664121,-0.15,1,2,0.25,0.0065652882703765665,1,131.02439256638888,0.5954196671043092,3,True,True
2026-07-08,APP,-4.151825041173529,-0.15,0,2,-0.15,1.557161523122054,2,7.174392566388889,-0.0,4,True,True
2026-07-08,APP,-4.151825041173529,-0.15,1,2,-0.15,0.31813679566621567,2,56.896337010833335,0.5896843756620423,4,True,True
2026-07-09,AAPL,2.2863828979823975,0.75,0,1,0.25,12.92288603872348,20,18.44928522111111,-0.13462024815312734,20,True,True
2026-07-09,ABT,-7.161016949152543,0.15,0,1,0.15,0.47893157282967447,3,87.25761855444443,-0.4518071622980601,3,False,True
2026-07-09,ABTC,11.204013377926426,-0.15,0,3,-0.95,1.2146312132956252,2,18.007618554444445,-0.30158721435730923,8,False,True
2026-07-09,ABTC,11.204013377926426,-0.15,1,3,-0.25,0.938697656468233,5,58.58150744333334,0.7708645693848262,8,False,True
2026-07-09,ABTC,11.204013377926426,-0.15,2,3,-0.25,0.0023511667752261476,1,157.94095188777777,3.6469285104453695,8,False,True
2026-07-09,ADMA,0.6472491909385258,-0.65,0,2,-0.65,0.6546922875874867,1,11.757618554444445,0.6424700469951814,7,False,True
2026-07-09,ADMA,0.6472491909385258,-0.65,1,2,-0.65,0.25325997044170406,6,112.04095188777778,-0.45976978743504504,7,False,True
2026-07-09,AGIO,-7.852301939705542,0.15,0,2,0.55,1.5809492895578399,4,37.274285221111114,0.21812381104454828,9,False,True
2026-07-09,AGIO,-7.852301939705542,0.15,1,2,0.45,0.5368475892929448,5,60.686785221111116,-0.30630388588782625,9,False,True
2026-07-09,ALL,3.217503217503226,0.25,0,2,-0.15,3.3137856477510637,5,18.572340776666667,0.0,9,False,True
2026-07-09,ALL,3.217503217503226,0.25,1,2,0.55,0.9630773205141,4,62.51650744333334,-0.44429959198582414,9,True,True
2026-07-09,AMAT,-3.483470933985666,0.65,0,2,0.45,3.9537132709951406,6,14.643729665555556,0.24524474825970768,20,False,True
2026-07-09,AMAT,-3.483470933985666,0.65,1,2,-0.45,1.9802356630659073,14,83.13456299888888,0.07460110245564422,20,True,True
2026-07-09,AMBA,-24.27915284511354,0.45,0,1,0.65,0.07034151829959435,4,133.87345188777778,0.032471522126394266,4,False,True
2026-07-09,AMD,2.4747585601404776,-0.45,0,2,-0.15,7.58599015832447,10,16.49095188777778,-0.01641203017205654,20,False,True
2026-07-09,AMD,2.4747585601404776,-0.45,1,2,-0.75,2.0888082708475113,10,52.93039633222222,-0.8014125237035271,20,False,True
2026-07-09,AMZN,1.6151230569948272,0.15,0,2,0.35,7.887884234986563,13,22.43817411,-0.15155952211731524,20,True,True
2026-07-09,AMZN,1.6151230569948272,0.15,1,2,0.15,1.9363344709713912,7,36.67428522111111,0.476192799714606,20,True,True
2026-07-09,ANET,-14.92230223617954,0.15,0,2,0.25,1.547602985600385,3,24.096785221111112,0.04017141925016773,12,False,True
2026-07-09,ANET,-14.92230223617954,0.15,1,2,-0.15,0.4148837298002114,9,158.10761855444443,2.080031385787717,12,True,True
2026-07-09,APP,2.6132236804181197,-0.15,0,1,-0.15,0.7442126309996738,4,81.14622966555555,0.5544986554952116,4,False,True
2026-07-09,ATAI,-9.756097560975597,0.35,0,1,0.25,0.45590122211783446,7,89.75761855444443,0.7442147835165405,7,False,True
2026-07-09,AVGO,-4.410261524270154,0.25,0,1,0.75,12.784460617274474,20,18.44928522111111,-0.0014671276132953066,20,False,True
2026-07-10,AAPL,2.578333121907894,0.45,0,2,0.45,4.714303932046781,7,20.657785168333334,-0.047271028794428405,20,True,True
2026-07-10,AAPL,2.578333121907894,0.45,1,2,0.15,4.193833479202181,13,34.043618501666664,-0.1761707684097762,20,True,True
2026-07-10,ABNB,0.9016283138204795,0.25,0,3,0.25,1.5395721635752078,2,14.695840723888889,0.023714998470323892,13,True,True
2026-07-10,ABNB,0.9016283138204795,0.25,1,3,0.15,0.9081088058327241,9,104.15778516833335,0.16635636032934278,13,True,True
2026-07-10,ABNB,0.9016283138204795,0.25,2,3,0.15,0.005298555484737099,2,154.924451835,-0.032646698599690174,13,True,True
2026-07-10,ABT,-6.696476099222837,0.05,0,2,0.25,0.8348735621901712,1,5.527785168333333,0.0,4,False,True
2026-07-10,ABT,-6.696476099222837,0.05,1,2,0.15,0.22171531609948716,3,107.34111850166667,-0.500127831785857,4,False,True
2026-07-10,ABTC,-17.618270799347467,-0.95,0,2,-0.65,1.5778671639210287,2,11.322507390555556,-0.08645109014054346,9,True,True
2026-07-10,ABTC,-17.618270799347467,-0.95,1,2,-0.25,0.9968563738762642,7,78.66500739055556,0.522408876766658,9,True,True
2026-07-10,ADMA,-5.176211453744505,-0.85,0,3,-0.65,2.287406808485669,3,13.507785168333333,-0.5643505019724483,7,True,True
2026-07-10,ADMA,-5.176211453744505,-0.85,1,3,-0.45,0.3605784822838536,2,75.00778516833334,0.05620913271351362,7,True,True
2026-07-10,ADMA,-5.176211453744505,-0.85,2,3,-0.45,0.0393754841636582,2,103.84111850166667,-0.07314569339050414,7,True,True
2026-07-10,AGIO,-4.365753092408431,0.15,0,2,0.45,0.6525947377305922,1,11.924451835,0.0,10,False,True
2026-07-10,AGIO,-4.365753092408431,0.15,1,2,0.55,0.9804072879444461,9,80.77028516833334,-0.8276989167087615,10,False,True
2026-07-10,ALGN,2.8810253552521647,0.0,0,2,0.0,0.8292530421788588,2,35.965007390555556,,3,False,False
2026-07-10,ALGN,2.8810253552521647,0.0,1,2,0.0,0.06047184503352576,1,73.69778516833334,,3,False,False
2026-07-10,ALL,1.99912563093676,-0.35,0,2,-0.35,1.9369982779108608,8,75.13500739055556,-0.019296228604467922,9,False,True
2026-07-10,ALL,1.99912563093676,-0.35,1,2,-0.25,0.042921357206477086,1,82.60000739055556,-0.019296228604467922,9,False,True
2026-07-10,AMAT,-5.70054771784233,0.65,0,3,0.25,1.3972910937318384,3,28.379451835,0.4119762340481759,20,False,True
2026-07-10,AMAT,-5.70054771784233,0.65,1,3,-0.25,2.007692886044943,16,85.84917405722223,0.7708512098837715,20,True,True
2026-07-10,AMAT,-5.70054771784233,0.65,2,3,0.15,0.020778266906508636,1,101.43917405722223,0.142380371540119,20,False,True
2026-07-10,AMD,-5.551273548549007,-0.25,0,2,0.45,5.034151028120796,9,24.444451835,-0.4012755262034413,20,False,True
2026-07-10,AMD,-5.551273548549007,-0.25,1,2,-0.25,2.436204934835467,11,62.37084072388889,-1.0726857837494335,20,True,True
2026-07-10,AMZN,-0.6277003342300413,-0.05,0,2,0.75,8.87632954749861,12,22.559174057222222,-0.052670241345535544,20,False,True
2026-07-10,AMZN,-0.6277003342300413,-0.05,1,2,0.25,2.692579627603675,8,35.69806294611111,0.25620776357926855,20,False,True
2026-07-10,ANET,-15.955284552845539,0.15,0,2,0.45,0.8702678192838378,6,84.41000739055556,1.9166122513477213,11,False,True
2026-07-10,ANET,-15.955284552845539,0.15,1,2,0.15,0.037159112569547674,5,135.46861850166667,2.054588552940765,11,False,True
2026-07-10,APP,-14.967059844569807,0.15,0,2,0.25,1.4401418062724691,2,11.201674057222222,-0.021780305403456095,6,False,True
2026-07-10,APP,-14.967059844569807,0.15,1,2,-0.15,0.3445238278036952,4,101.22972961277779,-0.7195189549872031,6,True,True
2026-07-10,AVGO,-4.137810335775183,0.15,0,2,0.35,3.9507153623186553,6,24.444451835,-0.06916039569065392,20,False,True
2026-07-10,AVGO,-4.137810335775183,0.15,1,2,0.75,4.2696417535501014,14,34.724451834999996,-0.06916039569065392,20,False,True
2026-07-12,AAPL,-1.701805805048684,0.85,0,2,-0.15,2.8331237477687905,4,17.424259857222225,-0.0515683950484751,20,True,True
2026-07-12,AAPL,-1.701805805048684,0.85,1,2,0.85,1.8342681197045607,16,80.71092652388889,-0.1804676164197743,20,False,True
2026-07-12,ABNB,-1.4761156290576283,0.35,0,2,0.25,0.8784160817846608,6,90.00759319055555,0.5286047798862642,13,False,True
2026-07-12,ABNB,-1.4761156290576283,0.35,1,2,-0.05,0.08821755421827009,7,150.61675985722223,0.16635636032934278,13,True,True
2026-07-12,ABTC,-4.446546830652798,-0.25,0,2,-0.65,0.5643910069110346,5,89.75759319055555,-0.5708223457199293,10,True,True
2026-07-12,ABTC,-4.446546830652798,-0.25,1,2,-0.25,0.058668603529264556,5,130.33148207944444,0.48566899778979317,10,True,True
2026-07-12,ACHR,11.208791208791213,-0.65,0,2,-0.35,0.6340634044972622,5,81.6481487461111,0.44416980499393666,10,False,True
2026-07-12,ACHR,11.208791208791213,-0.65,1,2,0.2,0.0520521739321233,5,136.1742598572222,0.42686107765312575,10,True,True
2026-07-12,ADMA,-4.013377926421413,-0.35,0,2,-0.35,0.5316841650139436,6,126.67425985722222,0.05620913271351362,7,True,True
2026-07-12,ADMA,-4.013377926421413,-0.35,1,2,-0.25,0.00275859264468123,1,153.5409265238889,-0.07314569339050414,7,True,True
2026-07-12,AGIO,-0.024660912453755568,-0.15,0,1,-0.15,0.2204674676826486,10,132.43675985722223,0.8276989167087615,10,True,True
2026-07-12,ALGN,-3.017885818705368,0.0,0,1,0.0,0.12011950367107434,3,125.36425985722222,,3,False,False
2026-07-12,ALL,-7.888477286020668,-0.35,0,1,-0.25,0.2673039355165728,9,134.26648207944444,-0.019296228604467922,9,True,True
2026-07-12,AMD,7.449615449390912,-0.05,0,2,0.15,3.836758635353618,5,15.48342652388889,-0.07064139895870851,20,True,True
2026-07-12,AMD,7.449615449390912,-0.05,1,2,-0.15,1.9657622005533844,15,76.11092652388889,-0.457509639737143,20,False,True
2026-07-12,AMZN,-1.4192713598317863,0.65,0,2,0.45,3.45610023214548,5,17.424259857222225,0.06771888172996403,20,False,True
2026-07-12,AMZN,-1.4192713598317863,0.65,1,2,0.45,1.7277713847363492,15,74.2256487461111,0.06771888172996403,20,False,True
2026-07-12,ANET,-13.259729505934315,0.15,0,1,0.15,0.25955374108612733,7,136.07648207944445,1.9175184509937506,7,False,True
2026-07-12,AP,10.403120936280885,0.0,0,1,0.0,0.04890572301012657,3,130.97425985722222,,3,False,False
2026-07-12,APP,-2.6532686011064732,-0.15,0,2,0.25,0.524098753864414,3,62.86814874611111,0.0022687818128599036,7,False,True
2026-07-12,APP,-2.6532686011064732,-0.15,1,2,0.05,0.04651328943747962,4,152.89620430166667,0.7112220080672642,7,False,True
2026-07-12,AVGO,3.8927223017836132,0.75,0,2,0.35,2.800659887243918,4,16.274259857222223,0.033155465353271824,20,True,True
2026-07-12,AVGO,3.8927223017836132,0.75,1,2,0.25,1.4590508010385683,16,83.42925985722222,-0.052816594078565704,20,True,True
2026-07-13,AAPL,-1.701805805048684,0.25,0,1,0.75,13.550110693735505,20,14.884513156666667,0.07224684967091091,20,False,True
2026-07-13,ABNB,-1.4761156290576283,0.15,0,1,0.15,0.38238358248975574,12,156.0764576011111,-0.3892068531972383,12,False,True
2026-07-13,ACHR,11.208791208791213,-0.35,0,1,-0.45,0.27228514774264406,10,160.16867982333332,0.8067839366671474,10,False,True
2026-07-13,ADMA,-4.013377926421413,-0.35,0,2,-0.65,0.8688760101673558,1,4.1520131566666665,0.10544941029458567,7,True,True
2026-07-13,ADMA,-4.013377926421413,-0.35,1,2,-0.65,0.2109990007144919,6,150.66867982333332,0.6328209791096886,7,True,True
2026-07-13,AEHR,62.01117318435756,0.45,0,2,0.15,0.6682771813050562,1,10.968679823333334,-0.27348444746181616,3,True,True
2026-07-13,AEHR,62.01117318435756,0.45,1,2,0.25,0.031332836214971835,2,109.58117982333333,-1.1193508019994383,3,True,True
2026-07-13,AGEN,-23.937908496732017,0.85,0,1,0.85,3.669719922481363,6,16.51145760111111,-0.007480799170999919,6,False,True
2026-07-13,ALL,-7.888477286020668,-0.35,0,1,-0.35,0.10607963710856186,9,158.26090204555555,-0.5559200706788009,9,True,True
2026-07-13,AMD,7.449615449390912,-0.25,0,2,-0.15,9.081992417717144,15,24.252013156666667,0.07112973777224252,20,False,True
2026-07-13,AMD,7.449615449390912,-0.25,1,2,-0.15,1.2313786677049905,5,57.952013156666666,0.8923309052545298,20,False,True
2026-07-13,AMZN,-1.4192713598317863,-0.35,0,2,0.15,6.400111711834139,10,18.252013156666667,0.17108366845829018,20,False,True
2026-07-13,AMZN,-1.4192713598317863,-0.35,1,2,-0.45,1.683700014996005,10,79.22590204555556,-0.19939448509379776,20,True,True
2026-07-13,ANET,-13.259729505934315,0.35,0,2,-0.15,0.6053854581237066,1,13.53534649,-0.14958034794248062,8,True,True
2026-07-13,ANET,-13.259729505934315,0.35,1,2,-0.15,0.10300397041060008,7,160.07090204555556,1.0626082520435747,8,True,True
2026-07-13,AP,10.403120936280885,0.0,0,1,0.0,0.019408249038385082,3,154.96867982333333,,3,False,False
2026-07-13,APP,-2.6532686011064732,-0.15,0,3,-0.25,6.6366921859507215,9,18.14423537888889,-0.08453682467174177,20,True,True
2026-07-13,APP,-2.6532686011064732,-0.15,1,3,0.35,0.6891719031933421,7,86.86256871222223,2.8219108188352076,20,False,True
2026-07-13,APP,-2.6532686011064732,-0.15,2,3,-0.15,0.03249677053104075,4,161.76701315666665,1.6383570895127708,20,True,True
2026-07-13,AVGO,3.8927223017836132,0.65,0,3,-0.25,4.887602863016343,8,22.53006871222222,-0.016186924554463918,20,False,True
2026-07-13,AVGO,3.8927223017836132,0.65,1,3,0.75,1.669613280612653,11,85.32451315666667,-1.2725383368922574,20,True,True
2026-07-13,AVGO,3.8927223017836132,0.65,2,3,0.15,0.03145120841038673,1,90.33534649,-1.2725383368922574,20,True,True
2026-07-13,AXP,2.4567615608159565,0.45,0,1,-0.25,0.26792858858645874,12,150.25201315666666,0.3551671632881341,12,False,True
2026-07-14,AAOI,-27.061618174571546,0.35,0,2,0.45,2.8904756750051614,4,12.997754346944445,0.1690471528782351,6,False,True
2026-07-14,AAOI,-27.061618174571546,0.35,1,2,0.15,0.06600326822304069,2,105.2158099025,0.5984398304862261,6,False,True
2026-07-14,AAPL,6.393317664993958,-0.35,0,2,-0.75,9.037413532184017,16,23.307754346944446,-0.09783448443986438,20,False,True
2026-07-14,AAPL,6.393317664993958,-0.35,1,2,0.15,1.3842715371329775,4,30.976643235833333,0.2546522622063984,20,True,True
2026-07-14,ABBV,-0.6985864858240043,0.45,0,2,0.05,0.5064593973624733,1,18.16942101361111,0.017007595467564512,4,False,True
2026-07-14,ABBV,-0.6985864858240043,0.45,1,2,0.75,0.1290949999953086,3,108.00219879138888,-0.38371408164047716,4,False,True
2026-07-14,ABT,-1.483812949640284,0.0,0,2,-0.05,0.7328414574357462,2,30.716921013611113,,4,True,True
2026-07-14,ABT,-1.483812949640284,0.0,1,2,-0.05,0.02085926548412527,2,150.43997656916665,,4,True,True
2026-07-14,ACHR,4.329896907216502,-0.15,0,1,-0.15,0.10630793916139308,8,161.50275434694444,-0.00428393617005624,8,False,True
2026-07-14,ACN,9.55707491082045,-0.35,0,2,-0.35,4.468260104446057,7,14.854143235833334,-0.09169622088572756,8,False,True
2026-07-14,ACN,9.55707491082045,-0.35,1,2,0.15,0.006631847479656124,1,130.75747656916667,0.3240576548468686,8,True,True
2026-07-14,ADMA,-2.931228861330326,-0.15,0,2,-0.35,0.3448136731423982,1,28.152754346944445,0.474522346325604,6,True,True
2026-07-14,ADMA,-2.931228861330326,-0.15,1,2,-0.65,0.08251248867769535,5,131.50275434694444,1.0795731289984007,6,True,True
2026-07-14,AEHR,53.03430079155673,0.25,0,3,-0.15,4.2500579886344685,5,6.386087680277777,3.967253014244563,8,False,True
2026-07-14,AEHR,53.03430079155673,0.25,1,3,0.15,0.2652059751524974,1,34.96942101361111,4.984677763290488,8,True,True
2026-07-14,AEHR,53.03430079155673,0.25,2,3,0.25,0.012434444292198393,2,133.5819210136111,1.6825452929222462,8,True,True
2026-07-14,AGEN,-8.366141732283461,0.15,0,2,0.45,2.64286807832567,5,33.08608768027778,-0.8598619736781277,10,False,True
2026-07-14,AGEN,-8.366141732283461,0.15,1,2,0.75,1.1711749923030401,5,40.51219879138889,-0.8598619736781277,10,False,True
2026-07-14,ALL,-5.644098262432595,0.15,0,1,0.15,0.03996857758327824,7,146.25275434694444,0.23907917202250498,7,False,True
2026-07-14,AMAT,-6.469699513177785,0.45,0,3,0.05,0.8458672007873466,1,4.849698791388889,0.2616911443595704,15,False,True
2026-07-14,AMAT,-6.469699513177785,0.45,1,3,-0.05,0.6737072747253032,4,109.83497656916666,0.05280749343465486,15,True,True
2026-07-14,AMAT,-6.469699513177785,0.45,2,3,0.55,0.04911708317900687,10,162.03247656916665,0.4674249712274145,15,False,True
2026-07-14,AMD,-16.03999051319943,0.55,0,2,0.35,5.347308983342725,13,37.131365458055555,0.5874789453040846,20,False,True
2026-07-14,AMD,-16.03999051319943,0.55,1,2,-0.25,1.4806706273297365,7,46.5308099025,0.5874789453040846,20,True,True
2026-07-14,AMKR,3.1339031339031376,-0.05,0,3,0.05,0.8545980328237708,1,4.583032124722222,-0.1956419888172906,5,True,True
2026-07-14,AMKR,3.1339031339031376,-0.05,1,3,-0.05,0.5913586618343829,2,39.4358099025,-1.246256023058563,5,False,True
2026-07-14,AMKR,3.1339031339031376,-0.05,2,3,0.05,0.010661287647641534,2,149.50247656916665,-0.5072404946225506,5,True,True
2026-07-14,AMZN,4.2799709079154535,-0.55,0,2,-0.35,6.366544420567891,10,20.892476569166668,-0.11588984328511952,20,False,True
2026-07-14,AMZN,4.2799709079154535,-0.55,1,2,-0.05,2.6343099235926086,10,41.5833099025,-0.1485231847055519,20,False,True
2026-07-15,AAL,-4.414587332053754,0.45,0,3,0.25,1.6814957813964957,2,6.0954351849999995,-0.11120869491055849,9,False,True
2026-07-15,AAL,-4.414587332053754,0.45,1,3,0.15,1.3617487320925956,5,38.58404629611111,-0.19405799794389259,9,False,True
2026-07-15,AAL,-4.414587332053754,0.45,2,3,0.15,0.007944793631785562,2,164.7346018516667,-1.249074829746076,9,False,True
2026-07-15,AAPL,2.287022900763369,0.75,0,1,0.75,16.65863210936136,20,9.24154629611111,0.03980318086780067,20,True,True
2026-07-15,ACN,7.590132827324458,-0.35,0,2,-0.35,2.2760513629706387,8,38.852657407222225,-0.36382694093369417,9,False,True
2026-07-15,ACN,7.590132827324458,-0.35,1,2,0.15,0.002631850416424694,1,154.75599074055557,0.14755412609070176,9,True,True
2026-07-15,ADMA,2.995391705069128,-0.15,0,2,-0.65,0.16702710795329878,5,137.167935185,1.1255873400710596,6,False,True
2026-07-15,ADMA,2.995391705069128,-0.15,1,2,-0.65,0.002557391748388622,1,155.50126851833335,1.3664474880121393,6,False,True
2026-07-15,AGEN,5.389221556886237,0.65,0,1,0.65,1.513603995642009,10,64.51071296277777,-0.6748349966209528,10,True,True
2026-07-15,ALGN,-8.60090477766744,0.0,0,2,-0.15,0.37874116423447945,2,46.42821296277778,,4,True,True
2026-07-15,ALGN,-8.60090477766744,0.0,1,2,0.0,0.006997209564151161,2,159.62515740722225,,4,False,False
2026-07-15,ALL,6.196759645899452,-0.15,0,2,-0.15,2.0251622981337043,3,15.517379629444443,-0.0,8,False,True
2026-07-15,ALL,6.196759645899452,-0.15,1,2,-0.15,0.012944475186527598,5,162.31599074055558,1.1091026375573654,8,False,True
2026-07-15,AMAT,2.011977288024447,0.05,0,2,-0.15,0.5971528321869018,4,67.417935185,0.11918255058371884,11,False,True
2026-07-15,AMAT,2.011977288024447,0.05,1,2,0.65,0.021334890521124177,7,158.38737962944447,-0.09330202038355673,11,True,True
2026-07-15,AMD,-13.026798200854216,0.25,0,2,0.55,6.014410225977107,9,21.001268518333333,-0.030008348822480095,20,False,True
2026-07-15,AMD,-13.026798200854216,0.25,1,2,0.15,2.2136644396674425,11,56.20626851833333,-0.15966553453579843,20,False,True
2026-07-15,AMZN,1.2247019140257276,-0.35,0,2,0.25,10.953507343682862,16,19.301268518333334,-0.05553544314199208,20,True,True
2026-07-15,AMZN,1.2247019140257276,-0.35,1,2,-0.45,1.225948833888216,4,34.134601851666666,-1.4761706267630132,20,False,True
2026-07-15,APOS,1.053864168618257,0.65,0,2,0.45,0.7665636539075016,2,36.33460185166667,1.6294753886804192,3,True,True
2026-07-15,APOS,1.053864168618257,0.65,1,2,0.2,0.009562918307067618,1,121.25126851833333,0.8987164389723729,3,True,True
2026-07-15,APP,-8.63649415766572,-0.35,0,2,-0.45,1.6527328996916673,14,101.31765740722223,1.4209597662120563,19,True,True
2026-07-15,APP,-8.63649415766572,-0.35,1,2,-0.25,0.02622604767622724,5,157.285435185,1.4506623193913923,19,True,True
2026-07-15,ASML,2.1032683843174915,0.25,0,1,0.65,13.724265688220001,20,14.496546296111111,-0.09722971507390596,20,True,True
2026-07-15,ASTS,-19.57472477755995,-0.65,0,3,-0.15,3.7839641982293735,5,20.884601851666666,1.7875302358735827,20,True,True
2026-07-15,ASTS,-19.57472477755995,-0.65,1,3,0.25,2.0934154781547045,11,71.20682407388888,1.272976919192074,20,False,True
2026-07-15,ASTS,-19.57472477755995,-0.65,2,3,-0.15,0.06103726494489079,4,129.02960185166665,1.4623924269719049,20,True,True
2026-07-16,AA,-8.772678762006404,-0.45,0,2,-0.65,3.3525801763908607,4,6.574479671388889,0.9589110243247284,11,True,True
2026-07-16,AA,-8.772678762006404,-0.45,1,2,0.65,1.0455031077373684,7,86.25614633805554,1.2227120284168076,11,False,True
2026-07-16,AAPL,0.5191142051251374,0.75,0,1,0.75,15.239460861134221,20,14.42420189361111,0.20597676722432365,20,True,True
2026-07-16,ABT,3.6729737933825612,0.15,0,1,0.65,13.550361364106067,20,15.335035226944443,-0.01042634254168347,20,True,True
2026-07-16,ACGL,3.3086765293882436,-0.15,0,2,-0.05,0.7034855000211032,1,9.641146338055554,-0.0,3,False,True
2026-07-16,ACGL,3.3086765293882436,-0.15,1,2,0.15,0.1445180844323975,2,77.50642411583333,1.210633795433739,3,True,True
2026-07-16,ACN,1.9431574579904298,0.35,0,1,0.35,0.9032515819783116,8,62.859201893611115,0.9882721535421963,8,True,True
2026-07-16,ADMA,1.4755959137343844,-0.15,0,2,-0.65,0.6546922875874867,1,11.507813004722221,-0.0,6,False,True
2026-07-16,ADMA,1.4755959137343844,-0.15,1,2,-0.25,0.06628475171806811,5,161.1744796713889,0.6926119796934622,6,False,True
2026-07-16,AEHR,-10.688836104513067,0.75,0,1,0.75,2.5000385610013467,14,82.97447967138888,1.5556123294816684,14,False,True
2026-07-16,AGEN,-4.399999999999993,0.15,0,1,0.15,0.6006741437363489,10,88.51725744916666,-0.5709077732643388,10,False,True
2026-07-16,ALL,5.151740676424366,-0.15,0,1,-0.15,0.8036861906159447,3,39.52392411583334,-0.49502047442252445,3,False,True
2026-07-16,AMAT,-8.505517622519731,-0.25,0,2,-0.35,0.23698025849981944,4,91.42447967138888,0.29563590515095706,5,True,True
2026-07-16,AMAT,-8.505517622519731,-0.25,1,2,-0.15,0.0023377250728491756,1,157.84003522694445,0.5746349846804513,5,True,True
2026-07-16,AMD,-8.13071425719647,-0.35,0,2,-0.15,4.348391482540368,7,19.3555907825,0.29555107421367227,20,True,True
2026-07-16,AMD,-8.13071425719647,-0.35,1,2,0.45,2.779913763342684,13,62.59114633805556,1.420981836139727,20,False,True
2026-07-16,AMKR,-8.172008886067928,-0.05,0,1,-0.05,0.2277239096045277,3,87.44086856027778,0.5570647970140591,3,True,True
2026-07-16,AMZN,-2.5211092880867536,0.35,0,2,-0.35,10.885897158702138,17,22.147535226944445,0.190487733956515,20,True,True
2026-07-16,AMZN,-2.5211092880867536,0.35,1,2,0.15,1.0142552499284232,3,30.783646338055554,-0.7469331984454426,20,False,True
2026-07-16,APOS,0.8963367108339781,-0.15,0,2,-0.25,0.7259940946232815,2,41.74253522694445,-0.4819554088921562,4,False,True
2026-07-16,APOS,0.8963367108339781,-0.15,1,2,0.65,0.10364640927776925,2,145.2578130047222,-1.017791656779145,4,True,True
2026-07-17,ABBV,-0.8801917560611439,0.25,0,1,0.65,0.15972764339466122,4,143.58952733666666,0.4861225688481433,4,False,True
2026-07-17,ABNB,-7.028360049321824,0.25,0,1,0.25,0.007333800850086508,3,162.56480511444443,-0.3473356837620956,3,False,True
2026-07-17,ABT,1.7679777512912054,0.65,0,1,0.65,6.011077782271488,20,35.756194003333334,0.6182286442986794,20,True,True
2026-07-17,ACGL,-3.719782930439064,-0.15,0,2,-0.05,1.0062539716580383,2,29.97286067,-0.7828823881072668,4,True,True
2026-07-17,ACGL,-3.719782930439064,-0.15,1,2,0.15,0.06690281992207817,2,97.83813844777778,0.5936528982810476,4,False,True
2026-07-17,ACN,-2.4865919063871256,-0.25,0,2,0.25,0.6800311977874437,1,10.853416225555554,-0.0,10,False,True
2026-07-17,ACN,-2.4865919063871256,-0.25,1,2,-0.15,0.45906672957908196,9,83.83980511444445,-0.7693499172363506,10,True,True
2026-07-17,ADMA,-1.9517795637198798,-0.85,0,3,-0.35,0.7901427285403094,1,6.956194003333334,0.16697405561596776,3,True,True
2026-07-17,ADMA,-1.9517795637198798,-0.85,1,3,-0.45,0.3030815167033861,1,31.839527336666666,0.7136241373251264,3,True,True
2026-07-17,ADMA,-1.9517795637198798,-0.85,2,3,-0.65,0.02513969768521968,1,96.48952733666667,0.7631901070070155,3,True,True
2026-07-17,AEHR,-7.217766810610726,0.25,0,2,0.85,1.2723800995159618,2,12.751194003333332,0.005626150290109248,16,False,True
2026-07-17,AEHR,-7.217766810610726,0.25,1,2,0.45,1.1573612416871266,14,103.30619400333333,1.2586062423682893,16,False,True
2026-07-17,AGEN,17.764471057884236,0.15,0,2,0.65,0.8974121318282287,1,3.65036067,-0.010314440495515461,11,True,True
2026-07-17,AGEN,17.764471057884236,0.15,1,2,0.0,0.27807450000515327,10,108.84897178111112,-0.4815227052597516,11,False,False
2026-07-17,AGYS,-11.192350956130493,-0.15,0,1,0.15,0.1935271811735954,4,106.37258289222223,0.4470095055544951,4,False,True
2026-07-17,ALL,1.7687074829931815,0.0,0,2,0.0,1.286703608903458,2,13.839527336666666,,5,False,False
2026-07-17,ALL,1.7687074829931815,0.0,1,2,-0.15,0.3720563602529032,3,59.85563844777778,,5,False,True
2026-07-17,ALV,-3.242973557292539,-0.15,0,2,-0.35,7.001188863454776,10,13.521749558888889,-0.0,12,True,True
2026-07-17,ALV,-3.242973557292539,-0.15,1,2,0.25,0.298673820302566,2,57.045638447777776,0.7096566931225735,12,False,True
2026-07-17,AMZN,2.289366177243868,-0.25,0,2,-0.25,10.591337909419472,14,22.82286067,-0.003985773933827738,20,False,True
2026-07-17,AMZN,2.289366177243868,-0.25,1,2,0.15,2.1460990626727963,6,29.617582892222224,0.4858348156170276,20,True,True
2026-07-17,APOS,0.975039001560063,-0.35,0,1,-0.35,0.38231471256529515,3,80.67286067,-1.0855131395682778,3,False,True
2026-07-17,APP,3.154001978612131,-0.05,0,2,-0.05,0.9732585790250138,1,1.5434162255555557,-0.015112904731800016,15,False,True
2026-07-17,APP,3.154001978612131,-0.05,1,2,-0.35,0.30363481864943886,14,145.65591622555553,1.666631356158807,15,False,True
2026-07-19,AAL,1.7173051519154603,0.25,0,1,0.25,0.1511334529273855,9,134.58969355416667,-0.8580156689500718,9,True,True
2026-07-19,ABBV,-0.4459704791222596,0.25,0,2,0.15,0.9288506302007785,1,2.423582443055556,0.0,3,False,True
2026-07-19,ABBV,-0.4459704791222596,0.25,1,2,0.15,0.020450517582920467,2,138.17358244305555,0.9534578966646068,3,False,True
2026-07-19,ABT,-2.2821168601219632,0.55,0,1,0.45,0.8115403874976859,20,87.42358244305555,0.6182286442986794,20,False,True
2026-07-19,ACGL,-4.173622704507518,0.05,0,2,-0.05,0.5055068557702651,4,81.64024910972222,0.7828823881072668,6,True,True
2026-07-19,ACGL,-4.173622704507518,0.05,1,2,0.15,0.009032380277024844,2,149.5055268875,-0.5936528982810476,6,False,True
2026-07-19,ACN,-0.2141919436191575,-0.45,0,1,-0.45,0.3088413835721574,11,135.50719355416666,-0.7389772462528902,11,True,True
2026-07-19,ADMA,0.05714285714286671,-0.65,0,2,-0.25,0.5765651553848948,1,14.80691577638889,0.16697405561596776,4,False,True
2026-07-19,ADMA,0.05714285714286671,-0.65,1,2,-0.35,0.1509874835232968,3,148.15691577638887,0.7631901070070155,4,False,True
2026-07-19,AEHR,30.842812823164433,0.75,0,1,0.85,0.30870687537198505,15,154.97358244305553,1.2085316252273928,15,True,True
2026-07-19,AGEN,18.71227364185113,0.25,0,1,0.75,0.15869947308116988,11,160.51636022083332,-0.4729240855229706,11,True,True
2026-07-19,AGNC,-4.212454212454208,-0.15,0,2,-0.25,0.8020159050805533,4,61.39024910972223,-0.3179445288790618,5,True,True
2026-07-19,AGNC,-4.212454212454208,-0.15,1,2,0.0,0.00806744280806708,1,125.6730268875,-0.33012705876392323,5,False,False
2026-07-19,ALL,-1.720332637055133,0.0,0,2,-0.05,0.8514515218485222,4,65.5069157763889,,7,True,True
2026-07-19,ALL,-1.720332637055133,0.0,1,2,-0.15,0.050230386913496565,3,111.52302688750001,,7,True,True
2026-07-19,AMC,5.691056910569103,0.15,0,2,0.15,0.5794750238296199,3,64.31163799861112,0.06256235285544247,6,True,True
2026-07-19,AMC,5.691056910569103,0.15,1,2,0.15,0.06922637462329849,3,111.52302688750001,-0.48514814281021174,6,True,True
2026-07-19,AMZN,-9.532381295251813,0.55,0,2,0.45,8.059804583174005,12,20.256915776388887,-0.09838882955644963,20,False,True
2026-07-19,AMZN,-9.532381295251813,0.55,1,2,0.45,1.18434789947903,8,57.62358244305556,-0.09838882955644963,20,False,True
2026-07-19,APOS,0.7785130400934204,-0.35,0,1,-0.35,0.05161534107849496,3,132.34024910972224,-1.0855131395682778,3,False,True
2026-07-19,APP,-8.86245878473858,-0.05,0,2,-0.05,0.16830911454928843,11,154.39024910972222,0.3921811453843619,12,True,True
2026-07-19,APP,-8.86245878473858,-0.05,1,2,0.15,0.0019802201468979946,1,162.1491379986111,0.3921811453843619,12,False,True
2026-07-20,AA,8.164673413063483,-0.25,0,2,0.25,1.5734453694592827,2,15.248094415,-0.19551778059629474,18,True,True
2026-07-20,AA,8.164673413063483,-0.25,1,2,-0.35,0.43177456772421097,16,156.28142774833333,1.7414275215530268,18,False,True
2026-07-20,ABBV,-0.4459704791222596,0.25,0,2,0.25,0.7657154135889801,2,26.348094415000002,0.0,4,False,True
2026-07-20,ABBV,-0.4459704791222596,0.25,1,2,0.15,0.008115793281105524,2,162.09809441500002,0.7313266051054219,4,False,True
2026-07-20,ABT,-2.2821168601219632,0.45,0,1,0.45,0.32206001620712665,20,111.348094415,0.5836592198741523,20,False,True
2026-07-20,ACGL,-4.173622704507518,-0.05,0,1,-0.15,0.20291626687984077,5,158.12142774833333,-0.1001519629666831,5,True,True
2026-07-20,ACHR,5.461393596986808,0.25,0,2,0.85,10.937104495474347,15,15.029483303888888,0.21489574477630455,20,True,True
2026-07-20,ACHR,5.461393596986808,0.25,1,2,-0.05,0.26016974461063413,5,88.26476108166668,5.065433234094123,20,False,True
2026-07-20,ADMA,0.05714285714286671,-0.85,0,2,-0.65,1.5253301883164423,2,9.481427748333333,0.8007637507402723,5,False,True
2026-07-20,ADMA,0.05714285714286671,-0.85,1,2,-0.35,0.28738252768056327,3,107.43142774833333,0.7793180953220077,5,False,True
2026-07-20,AFRM,-7.249070631970255,-0.25,0,1,-0.25,0.026802688154356505,3,133.47476108166668,1.425614017280871,3,True,True
2026-07-20,AGEN,18.71227364185113,0.25,0,1,0.15,0.05729114123699368,5,161.17392774833334,-0.02629804590673534,5,True,True
2026-07-20,AGNC,-4.212454212454208,0.25,0,2,0.35,0.7988279905501966,1,6.264205526111111,0.8975069907584974,6,False,True
2026-07-20,AGNC,-4.212454212454208,0.25,1,2,-0.15,0.32148178965507923,5,149.59753885944446,-0.4062055556479492,6,True,True
2026-07-20,ALL,-1.720332637055133,-0.05,0,2,0.0,0.5721539567354174,1,14.930872192777779,-0.0,8,False,False
2026-07-20,ALL,-1.720332637055133,-0.05,1,2,-0.05,0.3578327026273807,7,135.44753885944445,-1.7111987013914165,8,True,True
2026-07-20,AMC,5.691056910569103,0.45,0,1,0.45,13.792575794308364,20,15.541427748333334,-0.00040167811738080705,20,True,True
2026-07-20,AMZN,-9.532381295251813,0.35,0,1,0.65,13.490388468905143,20,17.21670552611111,-0.11117502109182446,20,False,True
2026-07-20,APOS,0.7785130400934204,0.65,0,1,0.65,0.022711329837994253,4,159.01476108166668,1.2534426066772182,4,True,True
2026-07-20,APP,-8.86245878473858,-0.15,0,1,-0.15,0.058572802243032775,4,165.5033721927778,0.5568181134004448,4,True,True
2026-07-21,AAOI,-36.26530269998322,0.45,0,2,0.15,1.525900137443102,2,10.173046721666667,0.4304492812431603,7,False,True
2026-07-21,AAOI,-36.26530269998322,0.45,1,2,-0.25,0.016805528329258357,5,163.27193561055554,0.8842494549407081,7,True,True
2026-07-21,AAPL,0.3842985293220247,0.15,0,1,0.25,12.901013361548863,20,16.64415783277778,-0.4188315307873894,20,True,True
2026-07-21,ABBV,-1.5033190160093746,0.45,0,3,0.15,0.8408964152537145,1,5.006380054999999,0.001975022516328187,4,False,True
2026-07-21,ABBV,-1.5033190160093746,0.45,1,3,0.15,0.30387436325985295,2,50.423046721666665,0.4582868529082378,4,False,True
2026-07-21,ABBV,-1.5033190160093746,0.45,2,3,0.15,0.0024356431939407887,1,156.77304672166667,1.0700072740600772,4,False,True
2026-07-21,ABT,10.404334303200557,0.15,0,1,0.15,0.15200172469649884,20,135.3336022772222,0.15820879397264567,20,True,True
2026-07-21,ACGL,-2.9537543510691155,-0.15,0,2,-0.15,1.4311868064718394,2,13.501657832777779,-0.0,6,True,True
2026-07-21,ACGL,-2.9537543510691155,-0.15,1,2,0.0,0.07961234105639109,4,129.63971338833332,-0.17596843689614164,6,False,False
2026-07-21,ADMA,-4.947613504074511,-0.45,0,3,-0.65,0.7030341458111747,1,9.656380055000001,-0.24100648912745376,6,True,True
2026-07-21,ADMA,-4.947613504074511,-0.45,1,3,-0.65,0.6961310083712604,3,62.806380055,0.32018572748004925,6,True,True
2026-07-21,ADMA,-4.947613504074511,-0.45,2,3,-0.75,0.0232445097011844,2,131.506380055,0.57267950425697,6,True,True
2026-07-21,AFRM,-6.504282655246252,-0.25,0,2,0.0,0.5832894763810611,1,14.50526894388889,-0.2825310794190584,4,False,False
2026-07-21,AFRM,-6.504282655246252,-0.25,1,2,-0.25,0.01063665384295028,3,157.54971338833332,1.1846737422166442,4,True,True
2026-07-21,AIR,-12.503536067892506,0.65,0,2,0.75,1.6157414054180803,2,6.676380054999999,-2.1938877814981907,4,False,True
2026-07-21,AIR,-12.503536067892506,0.65,1,2,-0.05,0.3959470238670104,2,47.68693561055555,-0.6555013394498383,4,True,True
2026-07-21,ALK,-8.82094148702155,-0.65,0,2,-0.65,3.283426200305864,4,6.176935610555555,0.5451654781620543,7,True,True
2026-07-21,ALK,-8.82094148702155,-0.65,1,2,0.0,0.028604009715552044,3,157.73332449944445,1.1882279667926565,7,False,False
2026-07-21,ALL,-0.9434337014379901,-0.05,0,2,0.0,1.4239618825075757,3,39.005824499444444,0.3744676279686027,10,False,False
2026-07-21,ALL,-0.9434337014379901,-0.05,1,2,-0.05,0.142006002144832,7,159.5224911661111,-1.2749897093319447,10,True,True
2026-07-21,ALLY,-4.996623902768393,-0.15,0,3,-0.15,5.2595588602747005,8,15.947213388333333,-0.0,11,True,True
2026-07-21,ALLY,-4.996623902768393,-0.15,1,3,0.0,0.18892422760559655,1,43.78054672166666,1.5482111775712697,11,False,False
2026-07-21,ALLY,-4.996623902768393,-0.15,2,3,0.25,0.008371027691649196,2,155.3386022772222,1.4499636678974244,11,False,True
2026-07-21,AMZN,-8.640678650777623,0.15,0,2,0.05,10.10822316292386,16,20.344713388333332,-0.1897299835105358,20,False,True
2026-07-21,AMZN,-8.640678650777623,0.15,1,2,0.05,1.2656481178404908,4,33.356380055,-0.6567561431164941,20,False,True
2026-07-21,ATAI,4.414856341976181,0.15,0,1,0.0,0.3375824562759065,20,135.758880055,-0.012074010438660647,20,False,False
2026-07-21,AUB,0.0,0.2,0,1,0.15,3.267154427275395,5,16.002491166111113,0.0,5,False,True
2026-07-22,AA,-5.782975958414561,-0.15,0,2,-0.45,0.2961925553771228,8,135.90021775833333,-0.8553108361815851,12,True,True
2026-07-22,AA,-5.782975958414561,-0.15,1,2,-0.45,0.012806961489478321,4,151.1521622027778,0.3110970880442817,12,True,True
2026-07-22,AAOI,-31.225117625769084,0.05,0,2,0.15,0.6055538708439001,2,34.60216220277778,-0.599989446261107,3,False,True
2026-07-22,AAOI,-31.225117625769084,0.05,1,2,-0.05,0.002438771607285646,1,157.16882886944447,0.8917089235775557,3,True,True
2026-07-22,ABBV,5.594157125937627,0.35,0,1,0.25,0.4543025845187229,3,74.85216220277778,0.07359553101847188,3,True,True
2026-07-22,ABT,9.416326936462172,0.25,0,1,0.25,0.06032192442105073,20,159.76271775833334,0.32535535572388546,20,True,True
2026-07-22,ACGL,-1.0645848119233525,-0.15,0,2,-0.15,0.5679668605391014,2,37.93077331388889,1.141864061429566,6,True,True
2026-07-22,ACGL,-1.0645848119233525,-0.15,1,2,0.0,0.03159417848564156,4,154.06882886944445,0.4213222012333079,6,False,False
2026-07-22,ADMA,-2.565632458233913,-0.85,0,3,-0.65,1.6334518946610843,2,8.135495536111112,0.4220349654786205,8,True,True
2026-07-22,ADMA,-2.565632458233913,-0.85,1,3,-0.85,0.5552590594066114,4,87.2354955361111,1.307152758746578,8,True,True
2026-07-22,ADMA,-2.565632458233913,-0.85,2,3,-0.85,0.009224589788036287,2,155.93549553611112,1.3776527747589318,8,True,True
2026-07-22,AER,-1.9255029546510927,0.45,0,2,0.25,0.5522417995248167,2,36.05216220277778,-0.4295490661097242,3,False,True
2026-07-22,AER,-1.9255029546510927,0.45,1,2,-0.05,0.0025248557239750434,1,156.26799553611113,0.6730084971544192,3,True,True
2026-07-22,AMP,1.8526251850726982,-0.25,0,3,-0.1,1.2369982272296183,2,22.361328869444446,-0.0,6,False,True
2026-07-22,AMP,1.8526251850726982,-0.25,1,3,0.25,0.5767433642855477,3,62.68382886944445,-0.04096574541326222,6,True,True
2026-07-22,AMP,1.8526251850726982,-0.25,2,3,-0.05,0.002367950992351881,1,157.93410664722222,0.30605378531866784,6,False,True
2026-07-22,AMZN,-7.633244843781906,-0.15,0,2,-0.15,11.952246076663338,17,22.90716220277778,0.8112520258262198,20,True,True
2026-07-22,AMZN,-7.633244843781906,-0.15,1,2,-0.05,0.884406171388737,3,32.93549553611111,1.500131736289947,20,True,True
2026-07-22,APP,-6.1845422808378565,-0.35,0,2,-0.25,1.1504478134436598,3,34.468828869444444,0.7358457852727824,4,True,True
2026-07-22,APP,-6.1845422808378565,-0.35,1,2,-0.05,0.008212323490128548,1,125.63938442499999,0.3118640997927747,4,True,True
2026-07-22,ARR,-3.0219780219780223,-0.05,0,2,0.15,1.4813365085213337,2,14.002162202777777,-0.3810360699291889,6,False,True
2026-07-22,ARR,-3.0219780219780223,-0.05,1,2,0.05,0.401982477780752,4,63.32882886944444,-0.17851477799508306,6,False,True
2026-07-22,ARWR,-4.103720405862454,-0.05,0,1,-0.05,6.1211379316146965,9,16.75799553611111,-0.059160466199516926,9,True,True
2026-07-22,ATAI,3.7604456824512633,0.05,0,2,0.25,0.6042403548873602,1,14.01799553611111,-0.044775729536264,20,True,True
2026-07-22,ATAI,3.7604456824512633,0.05,1,2,0.0,0.13162454798126508,19,160.18799553611112,0.0,20,False,False
2026-07-22,AVB,1.4137804173017354,0.15,0,2,0.25,1.6471225020246936,2,6.018273313888889,0.0,4,True,True
2026-07-22,AVB,1.4137804173017354,0.15,1,2,-0.15,0.095181504099241,2,157.23549553611113,-0.8013548440114582,4,False,True
2026-07-23,AA,-3.9098740888005357,-0.45,0,1,-0.45,0.11990736320320489,9,159.46969721916665,-0.6563814024529723,9,True,True
2026-07-23,AAL,13.684987089634815,-0.75,0,2,-0.85,9.191234144469124,15,19.43580833027778,-0.06763695883516399,20,False,True
2026-07-23,AAL,13.684987089634815,-0.75,1,2,-0.15,1.2373360933121202,5,45.53080833027778,2.7943875492376593,20,False,True
2026-07-23,ABBV,4.106336602833571,-0.65,0,2,-0.65,1.3997720344754874,2,12.254974996944444,-0.0,6,False,True
2026-07-23,ABBV,4.106336602833571,-0.65,1,2,0.25,0.44651930402115725,4,98.42164166361111,-0.3430973678168259,6,True,True
2026-07-23,ABCB,-4.671377299237323,-0.25,0,2,-0.25,2.4585857692023305,3,6.8858083302777775,-0.0,5,True,True
2026-07-23,ABCB,-4.671377299237323,-0.25,1,2,-0.1,0.39307889638889204,2,48.19747499694444,0.6070001638109956,5,True,True
2026-07-23,ABT,9.220843672456592,-0.15,0,2,-0.15,1.081057798789321,2,26.334419441388892,0.19128150526083865,8,False,True
2026-07-23,ABT,9.220843672456592,-0.15,1,2,0.15,0.2537537161941447,6,159.21219721916665,0.08355833583387126,8,True,True
2026-07-23,ACI,-5.069930069930074,-0.85,0,3,-0.85,10.038767004929941,15,18.421641663611112,-0.06772128687504395,20,True,True
2026-07-23,ACI,-5.069930069930074,-0.85,1,3,-0.05,0.5794048596218897,4,82.84580833027778,8.170534863817336,20,True,True
2026-07-23,ACI,-5.069930069930074,-0.85,2,3,0.05,0.005364940096941812,1,136.26497499694446,5.253835391236609,20,False,True
2026-07-23,ADMA,-2.4492234169653515,-0.85,0,3,-0.25,0.8216903145857903,1,5.604974996944445,0.6039443031569349,8,True,True
2026-07-23,ADMA,-2.4492234169653515,-0.85,1,3,-0.85,0.8542898906386863,5,81.55497499694445,1.5851011441617975,8,True,True
2026-07-23,ADMA,-2.4492234169653515,-0.85,2,3,-0.45,0.016946506392113488,2,154.6216416636111,1.2452302452715962,8,True,True
2026-07-23,AER,5.2231271454533434,0.65,0,1,0.65,0.25656930749544293,3,85.83136388583334,0.053635479537502695,3,True,True
2026-07-23,AGX,-19.80574464552548,0.15,0,2,0.05,0.5773057130046528,1,14.771641663611112,0.0,4,False,True
2026-07-23,AGX,-19.80574464552548,0.15,1,2,0.05,0.07704717199391545,3,161.25497499694444,0.9260224030320936,4,False,True
2026-07-23,ALK,11.150837988826812,-0.25,0,2,-0.45,3.995514290430802,16,54.1755305525,0.4652934422040514,17,False,True
2026-07-23,ALK,11.150837988826812,-0.25,1,2,0.0,0.0032222150963201177,1,149.5041416636111,0.34467228208183326,17,False,False
2026-07-23,ALLE,-1.9473377757650234,0.25,0,3,0.35,7.562849945288611,11,17.261086108055554,0.0,18,False,True
2026-07-23,ALLE,-1.9473377757650234,0.25,1,3,-0.15,0.9195147855247395,6,81.73830833027777,4.067530189798308,18,True,True
2026-07-23,ALLE,-1.9473377757650234,0.25,2,3,-0.05,0.002495775191439141,1,156.13830833027777,3.5623253845675245,18,True,True
2026-07-23,AMAL,4.644471845458287,0.15,0,2,0.75,3.391134466592873,5,16.82164166361111,0.0,6,True,True
2026-07-23,AMAL,4.644471845458287,0.15,1,2,-0.1,0.18212605812390498,1,44.73080833027778,2.265953847996717,6,False,True
2026-07-23,AMBP,-1.6949152542372947,0.75,0,1,0.75,2.748563693921039,4,15.254419441388889,0.9374299220027951,4,False,True
2026-07-23,AMKR,-34.70075003826726,0.15,0,2,0.35,3.3181362653201556,4,5.766919441388889,2.1289557318058683,7,False,True
2026-07-23,AMKR,-34.70075003826726,0.15,1,2,0.15,0.16350144970163266,3,158.49775277472222,1.3945427530608194,7,False,True
2026-07-24,AAPL,3.4682301363281542,-0.15,0,2,0.25,11.58993894574066,15,22.757153205555554,-0.06812054243616601,20,True,True
2026-07-24,AAPL,3.4682301363281542,-0.15,1,2,0.15,1.5663174109290396,5,32.70715320555556,-1.5417029686309813,20,True,True
2026-07-24,ABBV,3.126927822331904,-0.65,0,2,-0.65,0.8325623390942161,4,73.45715320555556,-0.3717312087562252,6,False,True
2026-07-24,ABBV,3.126927822331904,-0.65,1,2,0.05,0.022154891820332503,2,118.87381987222223,-0.5019332198518786,6,True,True
2026-07-24,ABT,6.772753735687953,0.45,0,3,0.65,0.7419760088618577,1,8.707153205555556,0.0,6,True,True
2026-07-24,ABT,6.772753735687953,0.45,1,3,-0.15,0.5889360037284058,4,82.95659765,0.652720682890954,6,False,True
2026-07-24,ABT,6.772753735687953,0.45,2,3,0.05,0.025285871418145492,1,96.45659765,0.23244832110117247,6,True,True
2026-07-24,ADBE,18.288836568788568,-0.35,0,2,0.0,0.6804386694400089,1,10.955486538888888,-0.005942777234028458,13,False,False
2026-07-24,ADBE,18.288836568788568,-0.35,1,2,-0.15,0.7931623038045328,12,129.75687542777777,1.010788155726602,13,False,True
2026-07-24,ADMA,7.315598548972191,-0.35,0,3,-0.85,1.7039033186498624,2,5.990486538888889,0.2937042660935769,9,False,True
2026-07-24,ADMA,7.315598548972191,-0.35,1,3,-0.85,0.6804837156852264,3,52.15715320555555,0.6748640760266162,9,False,True
2026-07-24,ADMA,7.315598548972191,-0.35,2,3,-0.85,0.10201042396980031,4,131.25715320555557,1.2360291183300351,9,False,True
2026-07-24,AER,3.324520819563781,0.35,0,1,0.35,0.1187755168795463,3,106.28354209444446,0.5748148868175452,3,True,True
2026-07-24,AGX,-15.100541376643461,-0.15,0,3,0.15,1.4997539820603358,2,8.49048653888889,-0.0,5,False,True
2026-07-24,AGX,-15.100541376643461,-0.15,1,3,0.05,0.26725638046499606,1,35.22381987222222,1.1068746880680713,5,False,True
2026-07-24,AGX,-15.100541376643461,-0.15,2,3,0.05,0.03471925243992509,2,106.28965320555557,0.505736454925661,5,False,True
2026-07-24,ALLE,7.10093896713615,0.75,0,2,0.75,3.8190250388463705,14,63.71631987222222,4.23534508809517,17,True,True
2026-07-24,ALLE,7.10093896713615,0.75,1,2,0.15,0.10777846348246477,3,102.19048653888889,3.2633188293575475,17,True,True
2026-07-24,AMZN,-2.5634397483951687,-0.65,0,1,-0.65,13.989696556858192,20,24.67381987222222,0.4455391823924985,20,True,True
2026-07-24,AON,5.706386508155936,0.45,0,2,0.15,1.9786698336279436,3,18.747153205555556,0.0,5,True,True
2026-07-24,AON,5.706386508155936,0.45,1,2,0.25,0.15709638440107712,2,81.07381987222223,0.17324788269526337,5,True,True
2026-07-24,APP,7.389407622837885,-0.15,0,2,0.15,0.812773869659921,1,6.340486538888889,0.0859143189818653,7,True,True
2026-07-24,APP,7.389407622837885,-0.15,1,2,-0.25,0.4895760622349504,6,82.95576431666667,1.0697730289380394,7,False,True
2026-07-24,AVGO,-3.2493454126518606,0.15,0,3,0.15,2.3048498022395574,3,15.540486538888889,-0.025298308813095142,20,False,True
2026-07-24,AVGO,-3.2493454126518606,0.15,1,3,0.15,1.1870292907877986,16,106.62381987222223,0.16037285422899297,20,False,True
2026-07-24,AVGO,-3.2493454126518606,0.15,2,3,0.15,0.014476080189595364,1,110.94048653888889,0.16037285422899297,20,False,True
2026-07-24,AXP,3.2651684704295247,-0.65,0,1,-0.45,15.253965410138308,20,11.706597649999999,0.027154127299770382,20,False,True
2026-07-24,BA,6.8012600229095055,0.55,0,3,0.35,0.9357516102637873,1,2.6815976499999996,0.06331726205182844,20,True,True
2026-07-24,BA,6.8012600229095055,0.55,1,3,0.15,1.592893077436541,16,98.99437542777778,0.03734459473433041,20,True,True
2026-07-24,BA,6.8012600229095055,0.55,2,3,-0.45,0.05615118436673158,3,104.6404865388889,0.03734459473433041,20,False,True
2026-07-26,AAPL,2.273574545130752,0.05,0,2,0.0,6.22757458305191,8,16.033514140555557,0.0,20,False,False
2026-07-26,AAPL,2.273574545130752,0.05,1,2,0.35,2.148027665292848,12,60.70184747388889,0.0,20,True,True
2026-07-26,ABBV,4.1103888521272,0.45,0,2,-0.25,0.5930288034029525,5,106.86684747388888,0.8559538161478084,6,False,True
2026-07-26,ABBV,4.1103888521272,0.45,1,2,0.15,0.008277055424681998,1,125.00018080722222,0.3717312087562252,6,True,True
2026-07-26,ABT,5.311513063451057,0.15,0,2,0.35,0.4106213995121958,4,98.32962525166667,0.7761466312182371,7,True,True
2026-07-26,ABT,5.311513063451057,0.15,1,2,0.15,0.015358427337258307,3,147.99962525166669,0.23244832110117247,7,True,True
2026-07-26,ADMA,4.658018867924518,-0.35,0,1,-0.45,0.33478843450636786,8,153.55018080722223,1.372737858411896,8,False,True
2026-07-26,AER,3.2562747688243077,0.35,0,1,0.45,0.016035581718465183,3,157.82656969611114,0.5748148868175452,3,True,True
2026-07-26,AGX,-10.969180859691807,-0.15,0,1,-0.15,0.24324695218673886,5,157.83268080722223,0.505736454925661,5,True,True
2026-07-26,ALLE,3.863665106867331,0.45,0,1,0.75,0.5301477956758345,17,153.73351414055557,3.2633188293575475,17,True,True
2026-07-26,AMD,-14.328396807758349,0.45,0,2,0.65,2.7262177375598755,7,36.99601414055555,0.0,20,False,True
2026-07-26,AMD,-14.328396807758349,0.45,1,2,-0.15,1.4653944249758337,13,60.99656969611111,0.0,20,True,True
2026-07-26,AMKR,-29.73151045956186,0.15,0,2,-0.05,1.2841453925748767,11,77.76212525166666,-0.09883483322060066,13,True,True
2026-07-26,AMKR,-29.73151045956186,0.15,1,2,0.15,0.010076402433321913,2,157.90018080722223,0.33465694013508623,13,False,True
2026-07-26,AMZN,-2.2602532520852203,-0.25,0,2,0.45,8.17921176612723,11,17.16684747388889,-0.0,20,False,True
2026-07-26,AMZN,-2.2602532520852203,-0.25,1,2,-0.15,2.030699872855987,9,55.488236362777776,-0.0,20,True,True
2026-07-26,AON,4.1316011656725715,0.45,0,1,0.45,0.288344387972429,5,132.6168474738889,0.17324788269526337,5,True,True
2026-07-26,APLD,-13.061611374407589,-0.25,0,2,-0.1,0.40748821673852587,1,23.813236362777776,-0.0,6,True,True
2026-07-26,APLD,-13.061611374407589,-0.25,1,2,-0.15,0.12007402111260321,5,157.7057363627778,0.2728647224078988,6,True,True
2026-07-26,APP,1.990405349744373,-0.25,0,1,0.15,0.17582696592359845,7,134.49879191833332,1.0240252383915351,7,True,True
2026-07-26,AVGO,-3.5775533636031587,0.25,0,3,0.25,1.8293435133533147,2,2.9835141405555556,0.0,20,False,True
2026-07-26,AVGO,-3.5775533636031587,0.25,1,3,0.45,0.8029011218203731,13,132.25018080722222,-0.24920819667865288,20,False,True
2026-07-26,AVGO,-3.5775533636031587,0.25,2,3,-0.05,0.02172591567081196,5,151.28351414055558,0.1727799231808089,20,True,True
2026-07-27,AAOI,-22.296053976691876,0.25,0,1,0.65,0.016243322348666774,3,154.16858083916665,-1.140081468952998,3,False,True
2026-07-27,AAPL,2.273574545130752,0.15,0,1,0.15,14.809649424850392,20,12.057191950277778,0.06464983080618945,20,True,True
2026-07-27,ABBV,4.1103888521272,-0.35,0,2,-0.15,1.6212048806481991,2,7.587469728055555,-0.026100935746227703,8,False,True
2026-07-27,ABBV,4.1103888521272,-0.35,1,2,0.45,0.23862838821440713,6,149.0019141725,-0.09085103575134368,8,True,True
2026-07-27,ABT,5.311513063451057,0.75,0,2,0.65,3.925750695846586,6,17.818580839166668,0.06857282322386488,12,True,True
2026-07-27,ABT,5.311513063451057,0.75,1,2,-0.05,0.1676954462442386,6,158.50135861694443,0.8387379485499239,12,False,True
2026-07-27,ACI,8.795074758135435,-0.85,0,2,-0.65,0.7241844039470049,1,8.882191950277777,0.06702624561685037,20,False,True
2026-07-27,ACI,8.795074758135435,-0.85,1,2,-0.85,0.41739482502303055,19,111.20469195027778,0.13201704084718022,20,False,True
2026-07-27,ADBE,11.99999999999999,0.15,0,2,0.25,2.700554978901557,4,17.027469728055557,-0.008271627797007203,15,True,True
2026-07-27,ADBE,11.99999999999999,0.15,1,2,-0.25,0.07730995490935623,11,163.34524750583333,0.9449681945510289,15,False,True
2026-07-27,ADMA,4.658018867924518,-0.15,0,1,-0.15,0.13049631700561481,6,153.6519141725,0.21088067798652202,6,False,True
2026-07-27,AGX,-10.969180859691807,0.15,0,2,0.25,1.155352696872273,2,14.751914172500001,0.0,5,False,True
2026-07-27,AGX,-10.969180859691807,0.15,1,2,-0.15,0.09467243755711674,3,110.76858083916666,-1.401693426598927,5,True,True
2026-07-27,AGYS,12.262688880278972,0.75,0,2,0.75,3.2560986424016862,4,7.040803061388889,-0.22485931596795375,6,True,True
2026-07-27,AGYS,12.262688880278972,0.75,1,2,-0.15,0.17568857459903925,2,109.9019141725,1.636486048251442,6,False,True
2026-07-27,ALLE,3.863665106867331,0.75,0,1,0.45,0.20930294288922652,16,158.2508030613889,4.6743146504011195,16,True,True
2026-07-27,AMC,11.155378486055788,0.15,0,2,0.35,0.600785891724588,1,13.73330306138889,-0.09610577727652378,16,True,True
2026-07-27,AMC,11.155378486055788,0.15,1,2,0.85,0.08976061655239728,15,162.68524750583333,0.6355498219301794,16,True,True
2026-07-27,AMD,-14.328396807758349,-0.35,0,2,-0.35,11.478128030314474,17,24.2019141725,0.14611782064058296,20,True,True
2026-07-27,AMD,-14.328396807758349,-0.35,1,2,0.25,0.6052035362127952,3,51.2244141725,1.2485375908008773,20,False,True
2026-07-27,AMKR,-29.73151045956186,-0.25,0,2,-0.45,7.045525501965416,9,15.018580839166667,1.3984962532462033,20,True,True
2026-07-27,AMKR,-29.73151045956186,-0.25,1,2,-0.25,0.5096134367633689,11,101.76385861694445,1.7622801749986234,20,True,True
2026-07-27,AMP,2.8716938346871057,0.25,0,1,0.25,0.11295875688908395,10,157.8344141725,0.4635919649541105,10,True,True
2026-07-28,AAPL,1.3202481768995522,0.25,0,1,0.15,15.428384679765603,20,10.632592359444445,0.19181431646626435,20,True,True
2026-07-28,AAT,-4.272086271256748,0.15,0,2,0.15,0.8248870646579499,1,5.505370137222222,0.0,3,False,True
2026-07-28,AAT,-4.272086271256748,0.15,1,2,-0.15,0.08053308164705475,2,109.83842569277778,-0.3844797141709957,3,True,True
2026-07-28,AB,-3.07898259705488,0.55,0,2,0.35,3.026899325122451,4,15.257592359444445,0.0,5,False,True
2026-07-28,AB,-3.07898259705488,0.55,1,2,0.15,0.006069862830988484,1,133.0603701372222,0.28530198813249524,5,False,True
2026-07-28,ABBV,1.6223404255319318,0.65,0,3,0.65,0.7255800982063055,1,8.836481248333333,0.3196875955579586,8,True,True
2026-07-28,ABBV,1.6223404255319318,0.65,1,3,-0.15,0.6433755832492327,2,31.591759026111113,1.836556751599219,8,False,True
2026-07-28,ABBV,1.6223404255319318,0.65,2,3,-0.25,0.0933961840751685,5,154.8728701372222,1.133596697575911,8,False,True
2026-07-28,ABG,6.730569733183933,-0.15,0,2,0.15,4.469461200083675,6,14.922592359444446,-0.0,7,True,True
2026-07-28,ABG,6.730569733183933,-0.15,1,2,-0.15,0.25600772679726164,1,35.88953680388889,-2.6954336307017557,7,False,True
2026-07-28,ABNB,2.2140944419045017,-0.15,0,2,0.15,0.5821425775739122,1,14.556203470555555,-0.03962351868104605,5,True,True
2026-07-28,ABNB,2.2140944419045017,-0.15,1,2,0.15,0.15061739370010968,4,137.80592569277778,-3.4087682668487087,5,True,True
2026-07-28,ABT,2.5822690407383275,0.75,0,3,0.25,1.9581686507364815,3,15.756203470555556,0.23270409185712104,13,True,True
2026-07-28,ABT,2.5822690407383275,0.75,1,3,0.65,1.5961868693162107,7,85.25620347055555,1.1583908075521798,13,True,True
2026-07-28,ABT,2.5822690407383275,0.75,2,3,0.65,0.02641714486956799,3,146.33564791499998,1.406401031111426,13,True,True
2026-07-28,ACGL,-6.893313298271975,0.35,0,3,0.15,1.6131192650556856,2,6.172314581666666,0.0,5,False,True
2026-07-28,ACGL,-6.893313298271975,0.35,1,3,-0.05,0.25782149335074883,1,35.70620347055556,1.471967305828506,5,True,True
2026-07-28,ACGL,-6.893313298271975,0.35,2,3,0.15,0.012580674205184585,2,134.25509235944443,2.1313431012386754,5,False,True
2026-07-28,ACHC,-18.568369531966955,0.45,0,2,0.45,2.4249058189634822,3,6.656203470555555,-1.253318625095893,4,False,True
2026-07-28,ACHC,-18.568369531966955,0.45,1,2,-0.1,0.17734867954885258,1,45.42231458166667,-1.0821305890257127,4,True,True
2026-07-28,ADMA,0.9670079635950124,-0.25,0,2,-0.65,0.7525267727260071,1,7.8895368038888884,-0.0,6,False,True
2026-07-28,ADMA,0.9670079635950124,-0.25,1,2,-0.25,0.05069765676357233,5,151.70620347055555,-1.2359595417588125,6,False,True
2026-07-28,AGNCZ,1.1862396204033177,-0.15,0,1,-0.15,0.028690896438492895,3,129.45620347055555,0.07731238035398005,3,False,True
2026-07-28,AGX,21.014922517696565,0.15,0,2,0.25,0.4903903063134201,4,108.03953680388888,-1.141544801268258,5,True,True
2026-07-28,AGX,21.014922517696565,0.15,1,2,0.05,0.005682497031555705,1,134.7728701372222,-1.5239284053198487,5,True,True
2026-07-28,ALKS,-5.623762376237629,-0.15,0,1,-0.15,3.1432156267993108,5,15.255925692777778,-0.11694338809011408,5,True,True
2026-07-28,ALLE,-4.862618619363646,0.45,0,1,0.15,0.08120142317621412,14,163.26537013722222,4.752440076561503,14,False,True
2026-07-29,AAPL,-11.292468730595228,0.35,0,1,0.25,14.605630209733372,20,13.15771405111111,0.3275508481991798,20,False,True
2026-07-29,ABBV,-7.943410558298525,-0.35,0,3,0.05,0.6787812027595824,1,10.569936273333333,-0.04470215420741193,8,False,True
2026-07-29,ABBV,-7.943410558298525,-0.35,1,3,0.05,0.5432704222100911,3,55.593825162222224,-1.105691087992433,8,False,True
2026-07-29,ABBV,-7.943410558298525,-0.35,2,3,0.15,0.036024342385040244,4,156.2582696066667,-0.6442536026995322,8,False,True
2026-07-29,ABG,-9.151695802787396,0.45,0,2,-0.15,2.8966354864728565,6,30.46021405111111,1.1541889177438505,10,True,True
2026-07-29,ABG,-9.151695802787396,0.45,1,2,0.15,0.8160960273860829,4,59.891602940000006,2.8715569474377545,10,False,True
2026-07-29,ABT,-4.731481481481481,0.75,0,2,0.25,1.296729357043482,4,39.75826960666667,0.30283409214282137,13,False,True
2026-07-29,ABT,-4.731481481481481,0.75,1,2,0.65,0.642486084489353,9,153.35826960666668,1.2549383842424684,13,False,True
2026-07-29,ACI,2.5704809286898778,-0.15,0,2,-0.65,0.32106267326480303,2,56.88854738444445,-0.7583154046904149,20,False,True
2026-07-29,ACI,2.5704809286898778,-0.15,1,2,-0.25,0.06351802089959235,18,158.1593807177778,-0.48372347767888196,20,False,True
2026-07-29,ADBE,-8.427286186083593,-0.05,0,2,-0.05,1.616194896398347,2,7.6749362733333335,0.04238511505924081,7,True,True
2026-07-29,ADBE,-8.427286186083593,-0.05,1,2,-0.05,0.4310522768805566,5,134.50660294,-3.2552220039674173,7,True,True
2026-07-29,ADMA,-4.133180252583246,-0.65,0,2,-0.15,0.29864044766487446,1,31.89160294,-0.5126913396696988,4,True,True
2026-07-29,ADMA,-4.133180252583246,-0.65,1,2,-0.75,0.017587207271340628,3,149.60826960666668,-1.5400579730501995,4,True,True
2026-07-29,ADP,-6.0248015510114605,0.85,0,2,0.65,4.988081935060289,8,15.64160294,-0.20978080444566896,12,False,True
2026-07-29,ADP,-6.0248015510114605,0.85,1,2,0.65,0.38009866745483367,4,134.25688071777776,2.1924375742317244,12,False,True
2026-07-29,ADPT,8.900709219858172,0.65,0,2,0.15,2.522437684689638,3,5.443269606666667,-0.6644058367818046,6,True,True
2026-07-29,ADPT,8.900709219858172,0.65,1,2,0.15,0.01201840911917073,3,166.31660294000002,-0.1771839124913609,6,True,True
2026-07-29,AEM,4.451983659904446,-0.15,0,2,0.25,2.5524262908294073,3,6.109936273333334,-0.0,14,True,True
2026-07-29,AEM,4.451983659904446,-0.15,1,2,-0.35,0.2214488089038423,11,156.65826960666666,0.012458203599448209,14,False,True
2026-07-29,AER,0.6997241472112004,0.35,0,2,0.35,3.5078303952054877,5,15.090769606666667,0.0,6,True,True
2026-07-29,AER,0.6997241472112004,0.35,1,2,0.05,0.10310978014033569,1,59.507714051111115,-0.7086378540328878,6,True,True
2026-07-29,AGX,28.47466233370568,0.35,0,1,0.25,0.19686662247065712,5,158.77493627333334,-1.8229609339886803,5,True,True
2026-07-29,ALGN,4.375832963127491,0.15,0,3,0.45,5.410805652328208,7,14.185491828888889,-2.159588160347781,13,True,True
2026-07-29,ALGN,4.375832963127491,0.15,1,3,0.0,0.4259312812713794,3,61.50826960666667,0.14507619419309037,13,False,False
2026-07-29,ALGN,4.375832963127491,0.15,2,3,0.15,0.01234141302306631,3,153.42493627333334,0.07907826788914445,13,True,True
2026-07-29,ALKT,-5.046372067648653,-0.25,0,2,0.65,1.6651659886183503,2,5.443269606666667,2.0922439424020047,4,False,True
2026-07-29,ALKT,-5.046372067648653,-0.25,1,2,0.25,0.022903978149370088,2,120.22382516222221,-0.41532730869896045,4,False,True
2026-07-30,AAMI,11.506730196545556,0.25,0,2,0.65,2.2499262600049086,3,13.918190817777777,0.0,4,True,True
2026-07-30,AAMI,11.506730196545556,0.25,1,2,-0.05,0.022324689971032992,1,99.23596859555556,0.29015074112481437,4,False,True
2026-07-30,AAPL,-10.026092433194378,-0.65,0,1,-0.65,17.575052308821952,20,5.323468595555555,3.4757904969690108,20,True,True
2026-07-30,ABBV,-5.836991569869088,0.55,0,3,-0.15,2.0657703050246066,3,13.418190817777777,0.495984156697444,15,True,True
2026-07-30,ABBV,-5.836991569869088,0.55,1,3,-0.35,1.6626883529884222,10,79.58763526222222,0.3807895907567965,15,True,True
2026-07-30,ABBV,-5.836991569869088,0.55,2,3,0.15,0.012126348265202806,2,133.25207970666668,0.034170445766304396,15,False,True
2026-07-30,ABEV,1.2820512820512775,0.15,0,1,0.15,2.591999670051244,3,6.435968595555556,0.0,3,True,True
2026-07-30,ABT,-2.5755136824164415,0.45,0,2,0.45,0.7599668048626292,10,89.81874637333334,0.2413137551078871,12,False,True
2026-07-30,ABT,-2.5755136824164415,0.45,1,2,0.65,0.008508848806351985,2,156.25207970666668,0.4493476208948317,12,False,True
2026-07-30,ACN,-2.5047461571437335,0.0,0,2,0.15,0.8246400413437633,1,5.509024151111111,,3,False,True
2026-07-30,ACN,-2.5047461571437335,0.0,1,2,-0.05,0.3382395958202202,2,62.35596859555556,,3,True,True
2026-07-30,ADC,-3.8132891212855458,0.15,0,2,0.45,0.8739280538094932,1,4.001524151111111,0.0,4,False,True
2026-07-30,ADC,-3.8132891212855458,0.15,1,2,0.15,0.43011315200973077,3,67.26735748444445,-1.8938667516598258,4,False,True
2026-07-30,ADMA,-3.6908881199538723,-0.65,0,2,-0.65,1.546249627286123,2,11.63541304,-0.0,5,True,True
2026-07-30,ADMA,-3.6908881199538723,-0.65,1,2,-0.45,0.12422124670866573,3,153.53541304,-1.2161667333067518,5,True,True
2026-07-30,ADP,4.430211846742704,0.75,0,2,-0.15,2.5775696886232704,9,39.63541304,-1.4546844103896794,13,False,True
2026-07-30,ADP,4.430211846742704,0.75,1,2,0.65,0.1508422561423785,4,158.25069081777778,1.1941660172130366,13,True,True
2026-07-30,ADPT,1.6046319272125853,0.75,0,2,0.75,1.430510274540107,4,29.43707970666667,2.0759123082448667,6,True,True
2026-07-30,ADPT,1.6046319272125853,0.75,1,2,0.08,0.004100138319177683,2,163.33374637333333,1.200376886323832,6,True,True
2026-07-30,ADT,6.058588548601862,0.45,0,2,0.65,2.0175636755605515,3,14.918190817777777,0.0,4,True,True
2026-07-30,ADT,6.058588548601862,0.45,1,2,-0.1,0.21666670574151609,1,40.21819081777778,0.719908111891869,4,False,True
2026-07-30,AEE,-1.434482758620692,-0.35,0,2,0.25,1.6657924747897008,2,5.501246373333333,-0.0,5,False,True
2026-07-30,AEE,-1.434482758620692,-0.35,1,2,0.45,0.42761126342408,3,61.852079706666665,1.8131453012229521,5,False,True
2026-07-30,AEP,-4.327750821724841,0.65,0,2,0.45,4.949744016909959,7,14.918190817777777,0.3292950374721905,10,False,True
2026-07-30,AEP,-4.327750821724841,0.65,1,2,0.15,0.18241924259103492,3,86.24846859555555,-1.7489155661182445,10,False,True
2026-07-30,AER,1.0957022306534947,0.35,0,2,0.35,1.3920834148688042,5,39.084579706666666,1.4186704878939376,6,True,True
2026-07-30,AER,1.0957022306534947,0.35,1,2,0.05,0.04091914336574465,1,83.50152415111111,0.30705507792516123,6,True,True
2026-07-31,AAPL,0.935547570489792,-0.75,0,1,-0.75,17.759516793903757,20,6.646523433333333,0.22936090331337453,20,False,True
2026-07-31,ABBV,-3.409181477644063,-0.55,0,2,-0.45,11.503910670915765,15,11.384301211111111,-0.0,20,True,True
2026-07-31,ABBV,-3.409181477644063,-0.55,1,2,0.35,1.2348639097812693,5,53.65207898888889,1.9534483358954657,20,False,True
2026-07-31,ABNB,2.006335797254488,0.05,0,2,-0.15,0.5097203218510724,1,18.338190100000002,0.0,3,False,True
2026-07-31,ABNB,2.006335797254488,0.05,1,2,0.05,0.05098986393952361,2,124.50485676666666,1.6583992312848692,3,True,True
2026-07-31,ABT,3.434247871333951,0.55,0,2,0.15,1.7579987368506997,2,4.354578988888889,0.0,13,True,True
2026-07-31,ABT,3.434247871333951,0.55,1,2,0.15,0.35460587887711126,11,153.5881901,0.3915273240207287,13,True,True
2026-07-31,ADMA,22.34042553191489,-0.65,0,2,-0.85,2.555570450665725,4,23.721523433333335,-0.0,6,False,True
2026-07-31,ADMA,22.34042553191489,-0.65,1,2,-0.35,0.35639462679894945,2,76.22152343333333,1.085342437554776,6,False,True
2026-07-31,AER,0.6428098078197442,0.25,0,1,0.65,0.6633904156561818,6,103.83763454444444,-0.0904481285184348,6,True,True
2026-07-31,AMBA,-7.720930232558143,0.65,0,1,0.35,2.4680209186495317,3,6.7273567666666665,0.27687962571530317,3,False,True
2026-07-31,AMD,-4.378872204137341,0.55,0,2,-0.25,9.983299213253407,14,24.338190100000002,-0.3539410105834653,20,True,True
2026-07-31,AMD,-4.378872204137341,0.55,1,2,0.35,2.1279752697967553,6,28.149023433333333,-0.3539410105834653,20,False,True
2026-07-31,AMZN,5.751528094852354,0.75,0,1,0.75,18.478071246992503,20,4.047356766666667,-0.11134549024410957,20,True,True
2026-07-31,AN,5.409557438794721,0.65,0,2,0.65,3.6687464400884133,5,11.854856766666668,0.0,6,True,True
2026-07-31,AN,5.409557438794721,0.65,1,2,-0.05,0.18570047140631898,1,44.55930121111111,-0.3754924195927697,6,False,True
2026-07-31,AON,1.6003328248509252,-0.15,0,1,-0.25,0.7291657011811201,7,82.2381901,1.562937197656718,7,False,True
2026-07-31,APH,-3.3228375855631542,0.75,0,1,0.75,0.543804645099731,7,107.45485676666667,20.637298583760067,7,False,True
2026-07-31,APLD,-4.70974808324206,0.75,0,2,-0.45,0.9771894626642498,3,53.6481901,2.077544843393796,12,True,True
2026-07-31,APLD,-4.70974808324206,0.75,1,2,0.65,0.22319318170978003,9,140.15124565555556,-0.04570237370838417,12,False,True
2026-07-31,AR,1.1344770337575971,0.45,0,3,-0.45,1.7509741537085484,3,24.818745655555556,1.4268627563266014,14,False,True
2026-07-31,AR,1.1344770337575971,0.45,1,3,0.15,1.9453982768466245,10,75.08763454444444,2.0774383908638443,14,True,True
2026-07-31,AR,1.1344770337575971,0.45,2,3,-0.05,0.0037863288484694074,1,145.64791232222223,0.7264507679638265,14,False,True
2026-08-02,AAPL,-0.6921099466086655,-0.65,0,2,-0.65,9.129388212746896,12,15.256120723611112,0.21741735383595834,20,True,True
2026-08-02,AAPL,-0.6921099466086655,-0.65,1,2,-0.65,2.166009666409085,8,49.09139850138889,0.21741735383595834,20,True,True
2026-08-02,ABBV,-1.1077111383108962,-0.25,0,1,-0.45,1.8425944538627763,20,102.17278739027778,1.845977068224841,20,True,True
2026-08-02,ABT,-2.7259148618371976,0.45,0,2,0.05,1.2535491870393412,2,15.246676279166667,0.11176032653755709,14,False,True
2026-08-02,ABT,-2.7259148618371976,0.45,1,2,0.75,0.28484088239091065,12,161.8227873902778,0.25254391181586866,14,False,True
2026-08-02,ADMA,18.421052631578938,-0.85,0,1,-0.85,0.3931370301537513,6,127.88945405694444,1.085342437554776,6,False,True
2026-08-02,ADTN,3.8431151241534955,-0.65,0,1,-0.65,0.010936881935960357,4,156.63945405694446,1.126536482819652,4,False,True
2026-08-02,AEIS,18.324448343343015,0.45,0,2,-0.25,0.9054409244246934,4,61.43945405694444,-0.31981481367418335,6,False,True
2026-08-02,AEIS,18.324448343343015,0.45,1,2,0.0,0.04008336921427926,2,157.50417627916667,-0.2397271070719689,6,False,False
2026-08-02,AER,3.3550276602668516,0.35,0,1,0.45,0.08956265988965928,6,155.50556516805557,-0.079594353096223,6,True,True
2026-08-02,ALG,6.569877386689438,0.15,0,2,-0.15,0.691960104071009,3,59.83862072361111,0.0,4,False,True
2026-08-02,ALG,6.569877386689438,0.15,1,2,0.0,0.03740320107203699,1,85.83862072361111,0.48296520548022087,4,False,False
2026-08-02,AMBA,-4.0154813739719515,0.45,0,1,0.15,0.9569915465874453,6,58.39528739027777,0.027070595838518112,6,False,True
2026-08-02,AMC,-16.491228070175445,0.35,0,2,-0.05,0.7910314106224462,5,72.95612072361111,-0.18003800502252765,12,True,True
2026-08-02,AMC,-16.491228070175445,0.35,1,2,-0.25,0.1439152769470377,7,157.73750961250002,0.6519738659462696,12,True,True
2026-08-02,AMD,9.386348629910856,0.65,0,2,0.0,4.3925096291832935,6,15.005842945833333,-0.15462852754054454,20,False,False
2026-08-02,AMD,9.386348629910856,0.65,1,2,0.45,1.615818853776211,14,66.66806516805555,-0.15462852754054454,20,True,True
2026-08-02,AMRC,40.47514298284205,-0.05,0,2,-0.05,0.4752654906718248,1,19.82362072361111,0.00973980109641588,3,False,True
2026-08-02,AMRC,40.47514298284205,-0.05,1,2,0.15,0.030827589875863565,2,109.92223183472223,-2.5097241766601064,3,True,True
2026-08-02,AMZN,-4.6792479402858795,0.65,0,2,0.85,8.66472781848564,12,18.38945405694444,-0.11889433704031792,20,False,True
2026-08-02,AMZN,-4.6792479402858795,0.65,1,2,-0.15,2.3639508921451764,8,39.50028739027778,-0.11889433704031792,20,True,True
2026-08-02,AON,-2.069177641696718,-0.15,0,1,-0.15,0.09844281460336322,7,133.9061207236111,1.562937197656718,7,True,True
2026-08-03,AAMI,4.265872131877924,0.65,0,1,0.65,0.0558052392497292,3,109.92299935027778,1.7685168909912177,3,True,True
2026-08-03,AAPL,-0.6921099466086655,-0.35,0,1,-0.35,15.139669908344231,20,12.505777128055554,-0.016989108704459834,20,True,True
2026-08-03,ABBV,-1.1077111383108962,-0.45,0,2,-0.25,2.7111232520894504,4,13.506888239166665,-0.0,20,True,True
2026-08-03,ABBV,-1.1077111383108962,-0.45,1,2,-0.65,0.8863876542318423,16,86.90688823916666,1.4246624189035624,20,True,True
2026-08-03,ABT,-2.7259148618371976,0.15,0,3,0.15,0.9207775137190758,2,34.267999350277776,0.4711985263756977,9,False,True
2026-08-03,ABT,-2.7259148618371976,0.15,1,3,-0.15,0.3191506298838312,3,80.02327712805555,0.4711985263756977,9,True,True
2026-08-03,ABT,-2.7259148618371976,0.15,2,3,0.25,0.012763879788716622,4,159.75688823916667,-0.02390795464285342,9,False,True
2026-08-03,ABTC,12.991452991453013,-0.45,0,1,-0.25,3.778257370277232,6,15.739666016944444,0.2557151333843539,6,False,True
2026-08-03,ADMA,18.421052631578938,-0.65,0,2,-0.25,2.1645261969265137,3,10.806888239166666,-0.24790209358794454,9,False,True
2026-08-03,ADMA,18.421052631578938,-0.65,1,2,-0.65,0.1560165338084297,6,151.89022157250002,0.028482852203870302,9,False,True
2026-08-03,ADUS,-7.920198647144449,0.15,0,2,0.15,4.353306147263007,5,6.457721572500001,-3.319216285845382,6,False,True
2026-08-03,ADUS,-7.920198647144449,0.15,1,2,0.05,0.17284446335638473,1,46.09105490583333,-2.708280025425212,6,False,True
2026-08-03,AEIS,18.324448343343015,0.65,0,2,0.25,3.2274534303687505,4,6.711610461388889,2.0141380972242993,9,True,True
2026-08-03,AEIS,18.324448343343015,0.65,1,2,-0.25,0.3742918225178386,5,109.62355490583333,2.4526792320562176,9,False,True
2026-08-03,AER,3.3550276602668516,0.25,0,1,0.25,0.034528041831097235,5,135.08938823916665,0.9697477207892128,5,True,True
2026-08-03,AESI,2.5617566331198605,-0.35,0,2,-0.35,2.4777436316883152,3,6.1777215725,0.6589508493185746,4,False,True
2026-08-03,AESI,2.5617566331198605,-0.35,1,2,-0.05,0.323908314660124,1,29.781054905833333,0.35370013332814476,4,False,True
2026-08-03,AGIO,13.457760314341849,0.65,0,1,-0.15,0.09932992433493876,6,162.5402215725,-1.5909562785558298,6,False,True
2026-08-03,AIV,-2.6022304832713727,-0.15,0,1,-0.15,0.10969551421323916,6,126.08855490583333,-1.2422830583700202,6,True,True
2026-08-03,ALG,6.569877386689438,0.65,0,2,0.65,1.6438035825229864,2,6.4727215725,0.0,6,True,True
2026-08-03,ALG,6.569877386689438,0.65,1,2,0.15,0.28944801946276855,4,109.83938823916667,1.6772447973401596,6,True,True
2026-08-03,ALKS,2.6650514839491324,0.25,0,1,0.25,0.012278186042184808,5,159.2566104613889,-0.4726461935308777,5,True,True
2026-08-04,AAOI,6.617032591354555,0.35,0,2,0.15,2.273417338710424,5,34.03390246222222,1.9395504142000481,8,True,True
2026-08-04,AAOI,6.617032591354555,0.35,1,2,0.0,0.022308374951641476,3,164.88473579555557,4.38257701759109,8,False,False
2026-08-04,AAP,2.4562298147203787,-0.15,0,2,-0.15,0.708931989364097,1,8.953346906666667,-0.0,3,False,True
2026-08-04,AAP,2.4562298147203787,-0.15,1,2,-0.05,0.6134327051212871,2,30.936680239999998,-1.7045423134834499,3,False,True
2026-08-04,AAPL,2.2333053203180464,-0.75,0,1,-0.75,13.519803110860613,20,16.691124684444443,-0.16229761886887123,20,False,True
2026-08-04,ABBV,2.52255947497948,-0.45,0,3,0.15,1.4779873634516631,2,11.330846906666666,-0.12843982002966553,20,True,True
2026-08-04,ABBV,2.52255947497948,-0.45,1,3,-0.35,1.1751225413435726,5,60.02029135111111,1.143661895882582,20,False,True
2026-08-04,ABBV,2.52255947497948,-0.45,2,3,-0.45,0.22388419291902772,13,110.02612468444445,1.143661895882582,20,False,True
2026-08-04,ACAD,8.581952117863722,0.75,0,2,0.75,1.6412943988287914,2,5.353069128888889,0.0,4,True,True
2026-08-04,ACAD,8.581952117863722,0.75,1,2,0.15,0.01192184055198885,2,134.85473579555557,0.8119475122149891,4,True,True
2026-08-04,ACEL,5.674342105263164,-0.35,0,2,-0.35,1.661320274460723,2,5.683902462222222,-0.0,3,False,True
2026-08-04,ACEL,5.674342105263164,-0.35,1,2,-0.05,0.18014011067392263,1,44.53084690666667,-0.7399209047511587,3,False,True
2026-08-04,ACRE,-4.3196544276457916,0.25,0,1,0.25,3.917377204290818,5,15.603346906666665,0.0,5,False,True
2026-08-04,ADM,3.843620883936394,0.85,0,3,0.25,5.475618427862625,9,20.235013573333333,0.0,14,True,True
2026-08-04,ADM,3.843620883936394,0.85,1,3,-0.25,0.29417883054347943,3,107.02001357333333,0.3016218352970752,14,False,True
2026-08-04,ADM,3.843620883936394,0.85,2,3,-0.15,0.00972039592866012,2,149.01973579555556,-0.1843344051732575,14,False,True
2026-08-04,ADMA,16.161616161616156,-0.65,0,3,-0.45,1.9916789656866623,2,0.18695801777777776,0.3539933105476038,10,False,True
2026-08-04,ADMA,16.161616161616156,-0.65,1,3,-0.65,0.8589927905034684,3,34.32029135111111,-0.6817307573668445,10,False,True
2026-08-04,ADMA,16.161616161616156,-0.65,2,3,-0.45,0.06074863822429243,5,131.15362468444445,-0.6247730305150886,10,False,True
2026-08-04,AER,2.40198607170492,0.25,0,1,0.25,0.013702462481271441,5,158.6027913511111,1.0790595102495173,5,True,True
2026-08-04,AFG,5.2987197724039925,-0.05,0,2,0.65,1.7481892701050126,2,4.019458017777778,-0.0,5,True,True
2026-08-04,AFG,5.2987197724039925,-0.05,1,2,-0.05,0.5541362410296845,3,81.87418024,0.49525537923032364,5,False,True
2026-08-04,AGIO,9.6518987341772,0.65,0,1,0.65,0.03864500270770083,5,146.77668024,-0.4081075633925451,5,True,True
2026-08-04,AGNT,-10.900473933649291,0.25,0,1,0.75,2.4641399015766328,3,6.474735795555556,-0.6137411748553847,3,False,True
2026-08-04,AHCO,4.023845007451565,-0.75,0,3,-0.65,3.471315237449939,5,15.237235795555554,-0.03364221933610402,7,False,True
2026-08-04,AHCO,4.023845007451565,-0.75,1,3,-0.1,0.17467522619308362,1,45.33084690666667,17.183060691345137,7,False,True
2026-08-04,AHCO,4.023845007451565,-0.75,2,3,-0.05,0.002123119416797069,1,159.8530691288889,7.591713425433827,7,False,True
2026-08-05,AAP,-12.772742531050685,-0.15,0,1,-0.15,0.754750702658721,4,51.11237615777778,-1.4922680545605889,4,True,True
2026-08-05,AAPL,1.7007717041800596,-0.45,0,2,-0.35,7.666755801386735,12,24.062653935555556,-0.42689729144660366,20,False,True
2026-08-05,AAPL,1.7007717041800596,-0.45,1,2,-0.05,2.891627308700902,8,29.19598726888889,-0.42689729144660366,20,False,True
2026-08-05,ACAD,2.3611111111111027,0.15,0,3,0.35,1.2578872703488035,2,18.093765046666668,-0.14295586037219707,6,True,True
2026-08-05,ACAD,2.3611111111111027,0.15,1,3,0.75,0.7598164896471742,2,25.528765046666667,2.7686161462731858,6,True,True
2026-08-05,ACAD,2.3611111111111027,0.15,2,3,0.15,0.005519065345503815,2,155.03043171333334,2.519682366755291,6,True,True
2026-08-05,ACB,4.467353951890041,0.65,0,1,0.65,2.24567548678371,3,10.126542824444446,-0.5486820271602069,3,True,True
2026-08-05,ACEL,-2.4537409493161633,-0.35,0,1,-0.15,0.8524808021374914,3,64.70654282444444,-1.6098556593576367,3,True,True
2026-08-05,ACTG,0.22026431718060735,0.65,0,1,0.65,2.3307292669418684,3,10.126542824444446,0.0,3,True,True
2026-08-05,ADM,-2.3330755349316834,0.25,0,3,0.75,2.850942276529949,5,26.113765046666668,-1.5440372737442023,17,False,True
2026-08-05,ADM,-2.3330755349316834,0.25,1,3,0.65,2.2645546241843864,9,60.43987615777778,-0.2435748592100479,17,False,True
2026-08-05,ADM,-2.3330755349316834,0.25,2,3,-0.15,0.040909485367478036,3,150.97932060222223,-1.0920358631807199,17,True,True
2026-08-05,ADMA,11.77105831533478,-0.65,0,3,-0.25,1.8866063341085626,3,20.362653935555556,0.7693999916540075,12,False,True
2026-08-05,ADMA,11.77105831533478,-0.65,1,3,-0.65,0.4321954267136167,8,143.07932060222223,-2.5206692943634743,12,False,True
2026-08-05,ADMA,11.77105831533478,-0.65,2,3,-0.65,0.0029679936151067064,1,151.32932060222223,-1.3226138836177908,12,False,True
2026-08-05,ADNT,-8.771929824561408,-0.15,0,1,-0.15,3.850921655999753,5,10.945431713333335,-0.0,5,True,True
2026-08-05,ADV,-33.131435493640225,-0.65,0,2,-0.35,3.9686119238192967,5,10.195431713333335,-0.0,6,True,True
2026-08-05,ADV,-33.131435493640225,-0.65,1,2,0.0,0.2548601609255362,1,35.69598726888889,4.4111750284564915,6,False,False
2026-08-05,AEIS,-3.514260547337722,-0.1,0,2,0.85,0.6589513993508974,8,129.12932060222224,-1.531084275516692,9,False,True
2026-08-05,AEIS,-3.514260547337722,-0.1,1,2,-0.05,0.002749754468767469,1,153.31265393555555,-1.7770993707765503,9,True,True
2026-08-05,AIZ,0.7858871903704046,0.65,0,3,0.75,3.1566495567288184,4,10.69598726888889,0.0,10,True,True
2026-08-05,AIZ,0.7858871903704046,0.65,1,3,0.25,1.3618627321992862,5,58.039876157777776,5.436740398671283,10,True,True
2026-08-05,AIZ,0.7858871903704046,0.65,2,3,0.15,0.002915133719355297,1,151.7959872688889,3.736738706475857,10,True,True
2026-08-05,ALIT,9.909909909909898,-0.65,0,2,-0.45,0.8202497411157064,3,66.70654282444444,2.6429356874078174,4,False,True
2026-08-05,ALIT,9.909909909909898,-0.65,1,2,-0.45,0.0037466445137507806,1,145.2793206022222,1.4963444212338628,4,False,True
2026-08-05,AMD,-2.6034643709158867,-0.75,0,1,-0.75,16.617807243279135,20,9.029876157777778,-0.04263827676339159,20,True,True
2026-08-06,AAOI,20.230236676863633,-0.15,0,2,0.65,0.8270339842320663,1,5.436326455833333,0.018970247907735178,9,True,True
2026-08-06,AAOI,20.230236676863633,-0.15,1,2,-0.15,0.5678179576555489,8,152.20771534472223,-1.7372048952757375,9,False,True
2026-08-06,AAP,-10.272790055248626,-0.05,0,1,-0.05,0.25676430220064306,4,79.42104867805556,-0.6998172185136217,4,True,True
2026-08-06,AAPL,-3.7898914887487645,-0.45,0,2,-0.15,5.8274722233567005,9,21.37410423361111,-0.020489569428967316,20,True,True
2026-08-06,AAPL,-3.7898914887487645,-0.45,1,2,-0.25,3.0855374529644815,11,39.254659789166666,-0.2122712969413212,20,True,True
2026-08-06,ABNB,23.39752044315486,0.65,0,3,0.75,10.403256502216578,13,15.504659789166668,4.2721925419016085,20,True,True
2026-08-06,ABNB,23.39752044315486,0.65,1,3,0.05,1.6997593469236592,6,45.25827090027778,3.783169627110494,20,True,True
2026-08-06,ABNB,23.39752044315486,0.65,2,3,-0.05,0.03559894742564909,1,87.12104867805556,2.342517468840047,20,False,True
2026-08-06,ACHV,6.106870229007644,0.0,0,3,0.0,1.0114614202391952,2,19.47132645583333,,8,False,False
2026-08-06,ACHV,6.106870229007644,0.0,1,3,0.0,0.3891372684637069,4,75.00465978916667,,8,False,False
2026-08-06,ACHV,6.106870229007644,0.0,2,3,0.0,0.004285746841192591,2,160.7379931225,,8,False,False
2026-08-06,ACIW,0.38935168417240096,0.75,0,1,0.65,3.186757808930868,5,18.295770900277777,0.0,5,True,True
2026-08-06,ACLS,-3.4794380213668874,0.75,0,1,0.75,2.077495098020939,3,13.666604233611112,0.0,3,False,True
2026-08-06,ADMA,-3.5288270377733633,-0.35,0,3,-0.85,2.5694077999816183,5,29.441048678055555,-4.1034666221547,14,True,True
2026-08-06,ADMA,-3.5288270377733633,-0.35,1,3,-0.65,0.4489526689955915,5,82.80465978916666,-4.723169235367176,14,True,True
2026-08-06,ADMA,-3.5288270377733633,-0.35,2,3,-0.65,0.0103616298856887,4,160.72132645583332,-5.373448968512417,14,True,True
2026-08-06,AFL,0.2605400284225512,-0.25,0,3,-0.25,2.4110923350364932,3,7.229382011388889,-0.0,7,False,True
2026-08-06,AFL,0.2605400284225512,-0.25,1,3,0.25,0.3484970454137003,3,86.25327090027778,0.02395155285129767,7,True,True
2026-08-06,AFL,0.2605400284225512,-0.25,2,3,0.05,0.002573389949194673,1,155.34271534472222,0.3420215245671318,7,True,True
2026-08-06,AGL,19.636070482552114,0.75,0,1,0.75,1.5118450188458306,4,31.138826455833332,-3.1347069761493813,4,True,True
2026-08-06,AGX,-2.2695347538375543,0.35,0,1,0.25,0.7259377403723308,3,39.30715978916667,-0.2865517956370964,3,False,True
2026-08-06,AIG,-5.176941353007381,-0.25,0,3,-0.15,2.2280858845004454,3,17.278826455833332,-0.5472600479517957,8,True,True
2026-08-06,AIG,-5.176941353007381,-0.25,1,3,-0.25,0.9823799999799803,4,62.253826455833334,-0.7640880881877229,8,True,True
2026-08-06,AIG,-5.176941353007381,-0.25,2,3,0.0,0.002557720037768986,1,155.50132645583332,-0.8323603733938337,8,False,False
2026-08-06,AKAM,-9.472796288485874,0.35,0,2,0.45,4.074212521563062,5,7.3679931225,4.17645643052348,7,False,True
2026-08-06,AKAM,-9.472796288485874,0.35,1,2,0.15,0.13467944180352281,2,82.87132645583333,2.039222488495545,7,False,True
2026-08-06,ALAB,5.846153846153834,0.15,0,3,-0.15,2.5257107730067085,4,18.371326455833334,0.2600262126768623,16,False,True
2026-08-06,ALAB,5.846153846153834,0.15,1,3,0.65,1.1283095393071705,7,84.07271534472223,0.4160628996489834,16,True,True
2026-08-06,ALAB,5.846153846153834,0.15,2,3,0.45,0.016393979159619366,5,167.08771534472223,0.5712061879986345,16,True,True
2026-08-07,AAP,-10.086505190311412,0.0,0,1,-0.05,0.35579231629438357,5,95.92046840472223,,5,True,True
2026-08-07,AAPL,-4.072383748763286,-0.45,0,2,-0.25,9.96270768487662,14,23.770746182499998,-0.14800285405946811,20,True,True
2026-08-07,AAPL,-4.072383748763286,-0.45,1,2,-0.15,2.2138573316319508,6,27.16296840472222,-0.14800285405946811,20,True,True
2026-08-07,ABBV,1.920419443992838,-0.35,0,2,-0.15,0.9324077782293332,2,28.187412849166666,-0.5078375196924887,14,False,True
2026-08-07,ABBV,1.920419443992838,-0.35,1,2,0.65,0.3408197729922992,12,166.98713507138888,0.5498505393436486,14,True,True
2026-08-07,ABNB,5.082271017015794,0.25,0,1,0.15,14.49074536725453,20,21.353801738055555,9.49831330292058,20,True,True
2026-08-07,ABT,4.322419070587147,0.0,0,2,0.0,0.7569203956060134,4,75.56713507138889,,7,False,False
2026-08-07,ABT,4.322419070587147,0.0,1,2,-0.05,0.03720997926668184,3,127.7446350713889,,7,False,True
2026-08-07,ADMA,-1.9696969696969768,-0.65,0,3,-0.65,0.9948787350626624,1,0.13741284916666666,-0.0,12,True,True
2026-08-07,ADMA,-1.9696969696969768,-0.65,1,3,-0.65,1.4981324880576992,7,65.1707461825,-2.3212712599185927,12,True,True
2026-08-07,ADMA,-1.9696969696969768,-0.65,2,3,-0.15,0.07195529324383224,4,166.25352396027776,-4.325542980199165,12,True,True
2026-08-07,AGL,8.763480263846702,0.85,0,2,0.65,0.8671954019436903,1,3.704357293611111,0.0,5,True,True
2026-08-07,AGL,8.763480263846702,0.85,1,2,0.75,0.7855994420829078,4,47.6382461825,-1.3012609604553356,5,True,True
2026-08-07,AGX,-3.3264694557447294,0.45,0,1,0.45,0.37721874710332687,3,55.806579515833334,-0.0830845664999281,3,False,True
2026-08-07,AIG,-3.74460522975375,0.35,0,2,0.65,1.6200575102791797,6,53.08741284916667,-0.8045253276051397,7,False,True
2026-08-07,AIG,-3.74460522975375,0.35,1,2,0.0,0.04819563487420286,1,78.7532461825,-0.2611571071532937,7,False,False
2026-08-07,ALIT,-13.558201058201046,-0.35,0,1,-0.35,0.23362322483836506,4,111.5146350713889,1.6208573534798165,4,True,True
2026-08-07,AMD,-4.168735518040389,0.55,0,1,0.55,15.860368504284768,20,20.57296840472222,-0.22424213267912746,20,False,True
2026-08-07,AMGN,2.6390392874958923,0.85,0,2,0.0,0.9796717677969491,1,0.5374128491666667,0.0,11,False,False
2026-08-07,AMGN,2.6390392874958923,0.85,1,2,0.35,1.392616775159161,10,98.50407951583334,2.62005883913418,11,True,True
2026-08-07,AMZN,2.0620810259399436,0.15,0,1,0.05,15.433516692652038,20,10.6707461825,0.0,20,True,True
2026-08-07,APP,-12.580738177623985,-0.75,0,2,0.65,3.0671145288743062,5,22.937412849166666,-0.5905091549833981,20,False,True
2026-08-07,APP,-12.580738177623985,-0.75,1,2,-0.85,4.943080457355558,15,31.804079515833333,-0.5905091549833981,20,True,True
2026-08-09,AAP,-6.746815000897177,-0.05,0,2,0.0,0.27626799202092495,2,94.54809034972222,0.05757671259372145,6,False,False
2026-08-09,AAP,-6.746815000897177,-0.05,1,2,-0.05,0.01604776888754018,4,151.42309034972223,-0.5735920166007779,6,True,True
2026-08-09,AAPL,-2.4946473755920295,-0.25,0,2,-0.25,5.198658395150717,8,19.490034794166665,0.024365850709822574,20,True,True
2026-08-09,AAPL,-2.4946473755920295,-0.25,1,2,0.35,1.454295528709994,12,66.05670146083334,0.024365850709822574,20,False,True
2026-08-09,ABBV,1.1271524781223397,-0.45,0,1,-0.45,0.15136324279334512,9,157.50670146083334,-0.11784542851866764,9,False,True
2026-08-09,ABNB,1.3102328099621197,0.75,0,2,0.45,1.766174760608176,2,4.2233681275,0.003939511971409974,20,True,True
2026-08-09,ABNB,1.3102328099621197,0.75,1,2,0.15,2.4453881184691633,18,63.08309034972222,0.003939511971409974,20,True,True
2026-08-09,ABT,3.5444669489965053,-0.05,0,1,0.0,0.09357314967650027,5,155.76281257194444,-0.08827182025878848,5,False,False
2026-08-09,ACHR,13.09904153354633,0.25,0,1,0.35,0.7430002576462285,13,135.11364590527776,0.4821955861298152,13,True,True
2026-08-09,ADMA,2.6666666666666616,-0.35,0,2,-0.65,1.298096716267895,2,11.8233681275,0.5366820766203152,13,False,True
2026-08-09,ADMA,2.6666666666666616,-0.35,1,2,-0.65,0.30830953352312424,11,154.80670146083332,-3.1297639315478074,13,False,True
2026-08-09,AGX,4.715617795822857,0.35,0,1,0.35,0.04537110877327069,3,111.30920146083334,-0.0830845664999281,3,True,True
2026-08-09,AIG,-2.2935188764334535,0.15,0,1,0.25,0.20065411778002662,7,134.2558681275,-0.2611571071532937,7,False,True
2026-08-09,ALC,3.4904250984653107,0.15,0,1,0.15,0.08132820626739937,4,113.50670146083333,0.7040784463483752,4,True,True
2026-08-09,ALIT,-10.724043715846998,-0.35,0,1,-0.35,0.028099729473944388,4,167.0172570163889,1.5921060035289556,4,True,True
2026-08-09,AMD,-1.352329840701938,-0.45,0,2,0.45,4.048030176868025,6,17.069479238611112,0.008095681434618326,20,False,True
2026-08-09,AMD,-1.352329840701938,-0.45,1,2,0.45,2.3081150397818844,14,61.39003479416667,0.008095681434618326,20,False,True
2026-08-09,AMGN,1.1001917545541806,0.65,0,1,0.75,0.2853340730029062,11,154.00670146083334,2.4997362617360626,11,True,True
2026-08-09,AMN,-13.81147540983606,0.45,0,2,-0.25,1.0788502513459601,2,23.098645905277778,0.0568210858287214,8,True,True
2026-08-09,AMN,-13.81147540983606,0.45,1,2,-0.15,0.4618090252554934,6,77.83920146083334,5.528852525878985,8,True,True
2026-08-10,AAOI,-3.9981929071606026,-0.15,0,1,-0.15,0.3691829346705762,15,159.50530218638892,-0.022165498003553028,15,True,True
2026-08-10,AAON,-5.8718063648588,0.15,0,2,0.85,3.2478280390509298,4,14.559191075277779,-0.06635029111101544,5,False,True
2026-08-10,AAON,-5.8718063648588,0.15,1,2,0.15,0.0063035742070887725,1,132.38307996416665,-0.6748473509883597,5,False,True
2026-08-10,AAP,-6.746815000897177,-0.05,0,1,-0.05,0.11681927485403688,3,152.74307996416667,0.743527196113329,3,True,True
2026-08-10,AAPL,-2.4946473755920295,-0.75,0,1,-0.55,14.300747512692407,20,13.150579964166667,0.09680283345841546,20,True,True
2026-08-10,ABBV,1.1271524781223397,-0.35,0,1,-0.35,0.10911723565646297,6,155.1205799641667,-0.4734644346191552,6,False,True
2026-08-10,ABCL,24.678800856531048,0.85,0,2,0.75,6.153236735097357,9,15.928635519722222,-0.22101525156984114,12,True,True
2026-08-10,ABCL,24.678800856531048,0.85,1,2,-0.35,0.02884079604418301,3,124.74669107527778,6.805814008581413,12,False,True
2026-08-10,ABNB,1.3102328099621197,0.15,0,2,-0.15,8.450723687068344,13,24.115579964166667,-0.08499958648303191,20,False,True
2026-08-10,ABNB,1.3102328099621197,0.15,1,2,0.25,1.175037244270717,7,72.47669107527777,0.7825052628814136,20,True,True
2026-08-10,ABT,3.5444669489965053,-0.05,0,1,-0.05,0.08860622667925193,5,154.3730799641667,-0.5174839148126046,5,False,True
2026-08-10,ACHR,13.09904153354633,0.45,0,1,0.45,14.96383852791153,20,12.828357741944446,-0.09918982887347932,20,True,True
2026-08-10,ACM,-17.667803547066853,-0.15,0,2,-0.65,1.6759596591735824,2,5.917524408611111,2.186103883557664,4,True,True
2026-08-10,ACM,-17.667803547066853,-0.15,1,2,0.25,0.05083817206218292,2,108.9600244086111,2.423179583974668,4,False,True
2026-08-10,ACVA,-8.1267217630854,-0.65,0,2,-0.25,1.6702946090467594,2,6.097524408611111,3.416235171850879,4,True,True
2026-08-10,ACVA,-8.1267217630854,-0.65,1,2,0.0,0.37805322343982917,2,44.621691075277774,4.136253538838158,4,False,False
2026-08-10,ADMA,2.6666666666666616,-0.25,0,2,-0.65,0.5847266503995721,3,78.94335774194444,0.46512446640427657,10,False,True
2026-08-10,ADMA,2.6666666666666616,-0.25,1,2,-0.75,0.074316783985329,7,143.97669107527778,-1.5103251938061837,10,False,True
2026-08-10,AFL,-1.804165983270467,-0.15,0,2,0.0,0.7352367903275179,1,8.796968853055555,-0.0,6,False,False
2026-08-10,AFL,-1.804165983270467,-0.15,1,2,-0.25,0.08813625786442865,5,129.79335774194445,1.6721552885845707,6,True,True
2026-08-10,AGX,4.715617795822857,0.35,0,1,0.15,0.01871241987418585,3,134.6125244086111,-0.3106357945672833,3,True,True
2026-08-11,AAP,-1.8508026440037795,-0.05,0,2,-0.15,0.8995264784210947,1,3.2518496602777778,-0.27909564220005784,3,True,True
2026-08-11,AAP,-1.8508026440037795,-0.05,1,2,0.0,0.046992840113791144,2,140.54351632694443,1.2325830818888048,3,False,False
2026-08-11,AAPL,-1.4233708307369475,-0.45,0,2,-0.15,12.520511956623098,17,14.242405215833333,-0.022002688533748753,20,True,True
2026-08-11,AAPL,-1.4233708307369475,-0.45,1,2,0.0,0.9994363802506641,3,29.670182993611114,0.434931040468107,20,False,False
2026-08-11,ABBV,-1.8273421568235415,-0.35,0,2,0.15,2.313489304668063,3,8.602127438055556,-0.0,7,False,True
2026-08-11,ABBV,-1.8273421568235415,-0.35,1,2,-0.45,0.0425286528067127,4,157.21184966027778,-0.4804712629060906,7,True,True
2026-08-11,ABCL,19.313524590163933,0.35,0,3,-0.25,3.0952141270742164,5,22.971294104722222,-0.4559627125848975,16,False,True
2026-08-11,ABCL,19.313524590163933,0.35,1,3,0.15,2.1995431485740986,8,38.62073854916667,0.011516057844954885,16,True,True
2026-08-11,ABCL,19.313524590163933,0.35,2,3,-0.35,0.011894818083054027,3,147.43879410472223,6.2587793927242545,16,False,True
2026-08-11,ABT,2.506379876048115,0.05,0,3,0.15,0.8739093576895269,1,4.002127438055556,-0.004766003998242949,5,True,True
2026-08-11,ABT,2.506379876048115,0.05,1,3,0.0,0.35346263759996605,1,27.508794104722224,0.35626894713983365,5,False,False
2026-08-11,ABT,2.506379876048115,0.05,2,3,0.0,0.03411699400880976,3,131.7137941047222,0.32391360390081403,5,False,False
2026-08-11,ACB,12.482065997130555,0.75,0,3,0.15,3.991826392798731,5,8.335460771388888,0.08113594546009599,13,True,True
2026-08-11,ACB,12.482065997130555,0.75,1,3,0.25,0.35874385931185615,4,103.42851632694443,6.237779755213064,13,True,True
2026-08-11,ACB,12.482065997130555,0.75,2,3,0.25,0.010403233701130308,4,158.46879410472224,5.386228566622657,13,True,True
2026-08-11,ADMA,-6.713780918727908,-0.65,0,1,-0.65,0.27180947948975415,10,166.66879410472222,-1.2566866530348741,10,True,True
2026-08-11,AGL,-0.5671952772311584,0.35,0,1,0.65,0.03381475116714304,5,149.13629410472223,-1.6001620292142176,5,False,True
2026-08-11,AGX,5.2133930269139706,0.35,0,1,0.15,0.007717568889436333,3,157.30462743805558,-0.284802390382452,3,True,True
2026-08-11,AIG,-1.9143707153020384,0.15,0,1,-0.25,0.03314497366962389,6,154.5854607713889,-1.19296099593167,6,True,True
2026-08-11,AMBQ,4.885893705008426,0.75,0,1,0.25,4.926683848395886,6,12.834905215833333,-0.08336421580699852,6,True,True
2026-08-11,AMD,9.071786979254505,0.75,0,2,0.75,7.292260918569247,10,12.502127438055554,0.027098502905503113,20,True,True
2026-08-11,AMD,9.071786979254505,0.75,1,2,-0.15,2.992055777842,10,34.96073854916667,0.21749755556153394,20,False,True
2026-08-11,AMGN,-1.2792420951001748,0.35,0,2,0.15,1.72308276662024,2,7.5560163269444445,-0.04066292471475516,13,False,True
2026-08-11,AMGN,-1.2792420951001748,0.35,1,2,0.15,0.09439504269884239,11,166.60212743805556,0.38244096704785757,13,False,True
2026-08-11,AMPL,-3.546099290780136,0.65,0,2,0.15,0.8597141830583405,1,4.427405215833334,-0.1854751125418402,9,False,True
2026-08-11,AMPL,-3.546099290780136,0.65,1,2,0.75,0.06320983233093996,8,148.4429607713889,3.00628537788882,9,False,True
2026-08-12,A,-0.9983810037776708,0.25,0,1,0.25,0.008968625587234694,3,156.91323705805556,1.5281302090638615,3,False,True
2026-08-12,AADX,1.8315018315018472,-0.65,0,1,-0.65,2.568463150485185,4,16.20379261361111,,4,False,True
2026-08-12,AAP,8.594917787742883,-0.05,0,3,0.05,0.8245165574284511,1,5.514625946944444,-0.20850064405698243,4,True,True
2026-08-12,AAP,8.594917787742883,-0.05,1,3,0.05,0.3305162730126712,1,29.253514835833336,-0.5001737080580481,4,True,True
2026-08-12,AAP,8.594917787742883,-0.05,2,3,0.0,0.017266749501307806,2,166.54518150250001,0.9685362670139952,4,False,False
2026-08-12,AAPL,5.965260545905693,-0.15,0,1,-0.35,14.102622237760052,20,19.67045928027778,0.144238746151469,20,False,True
2026-08-12,ABBV,2.627030069142955,-0.15,0,2,0.15,1.1624202754436368,4,34.60379261361111,0.32486938084785355,7,True,True
2026-08-12,ABBV,2.627030069142955,-0.15,1,2,-0.35,0.014746659024986498,3,155.68712594694446,-0.6116565200237055,7,False,True
2026-08-12,ABCL,12.457749879285362,0.15,0,3,0.15,1.8248546933784822,3,21.2601815025,-0.03658544916481651,17,True,True
2026-08-12,ABCL,12.457749879285362,0.15,1,3,0.45,1.9454718490618772,13,64.62240372472222,0.8060829235161705,17,True,True
2026-08-12,ABCL,12.457749879285362,0.15,2,3,0.65,0.0016761144971395793,1,166.47573705805556,5.572143993120054,17,True,True
2026-08-12,ABT,1.4065458479848525,0.15,0,3,0.15,0.8003846654701298,1,6.286014835833333,0.0,7,True,True
2026-08-12,ABT,1.4065458479848525,0.15,1,3,0.15,0.450977739082523,2,53.51045928027778,0.5310662170189481,7,True,True
2026-08-12,ABT,1.4065458479848525,0.15,2,3,0.0,0.01869289373516693,4,157.71545928027777,0.47387411003146435,7,False,False
2026-08-12,ACM,-1.1312254259501997,-0.75,0,2,-0.65,1.6957384334311372,8,54.611292613611106,5.414747678347815,10,True,True
2026-08-12,ACM,-1.1312254259501997,-0.75,1,2,0.25,0.0077040551475170554,2,157.65379261361113,4.639332335928501,10,False,True
2026-08-12,ADMA,-5.521472392638027,-0.65,0,1,-0.65,0.095835394132269,6,157.92045928027778,0.36717438089529897,6,True,True
2026-08-12,AIG,-0.4071447333858669,0.15,0,1,0.15,0.008703460486329868,3,161.27795928027777,-1.637504674730778,3,False,True
2026-08-12,AMAT,2.84684849037673,-0.15,0,3,-0.15,1.2584648607951994,2,19.150737058055558,-0.1579183226382276,15,False,True
2026-08-12,AMAT,2.84684849037673,-0.15,1,3,0.65,0.6400864819755684,5,81.50379261361111,-0.2670162791376186,15,True,True
2026-08-12,AMAT,2.84684849037673,-0.15,2,3,0.45,0.03239684233732513,8,167.52823705805557,-0.43652069569452806,15,True,True
2026-08-12,AMD,7.127181993249532,-0.35,0,2,-0.25,12.177688979522598,18,20.62795928027778,-0.004666851358401587,20,False,True
2026-08-12,AMD,7.127181993249532,-0.35,1,2,0.75,0.6830512454903663,2,28.7901815025,-0.34784913553167435,20,True,True
2026-08-12,AMGN,0.9803450430102334,0.45,0,3,0.15,0.7431754199233244,1,8.211848169166666,0.09354138464471194,6,True,True
2026-08-12,AMGN,0.9803450430102334,0.45,1,3,-0.05,0.6331185437868581,2,33.5576815025,0.3329276961020579,6,False,True
2026-08-12,AMGN,0.9803450430102334,0.45,2,3,0.35,0.026406434973309145,3,161.60379261361112,0.7632382457039932,6,True,True
2026-08-12,AMN,7.768187422934658,0.75,0,2,-0.25,0.4916764846897912,4,95.09573705805556,-1.1613206896396167,10,False,True
2026-08-12,AMN,7.768187422934658,0.75,1,2,-0.15,0.028863064078468344,6,149.8362926136111,0.8658391691470864,10,False,True
2026-08-13,AAP,-3.713389121338917,0.05,0,2,-0.15,0.8459166159134645,3,53.314286861388894,1.672075614771955,4,True,True
2026-08-13,AAP,-3.713389121338917,0.05,1,2,0.25,0.006188923999543597,1,132.6142868613889,-0.11203293269139847,4,False,True
2026-08-13,AAPL,4.9203957282316635,0.35,0,1,0.35,12.930976894950872,20,23.231231305833333,-0.11447992081149437,20,True,True
2026-08-13,ABBV,-1.2518937883741255,0.05,0,3,0.0,0.5589962437483369,1,15.668175750277777,-0.050455438494973574,7,False,False
2026-08-13,ABBV,-1.2518937883741255,0.05,1,3,0.2,0.46437738175440746,5,150.8153979725,0.5688818865353189,7,False,True
2026-08-13,ABBV,-1.2518937883741255,0.05,2,3,0.25,0.0017738639896375074,1,165.06456463916666,0.5688818865353189,7,False,True
2026-08-13,ABT,-1.7255324885413925,0.15,0,2,0.25,1.4557903799378131,3,30.34678686138889,0.12416595935443402,8,False,True
2026-08-13,ABT,-1.7255324885413925,0.15,1,2,0.15,0.22342998373874773,5,156.7478979725,0.5578898505059836,8,False,True
2026-08-13,ACM,0.3772991667976733,-0.65,0,2,-0.65,1.0307611364548142,9,78.67206463916666,3.501558238127707,10,False,True
2026-08-13,ACM,0.3772991667976733,-0.65,1,2,0.25,0.0021230967065136302,1,160.39762019472224,4.031243616056126,10,True,True
2026-08-13,ADMA,2.019128586609975,-0.65,0,1,-0.65,0.03516487006760862,3,151.69789797250002,0.8586913225925067,3,False,True
2026-08-13,AEBI,-9.788166544923305,0.45,0,1,0.25,2.5821533820135008,4,14.564286861388888,-0.2528753176311817,4,False,True
2026-08-13,AM,-1.1322463768115965,-0.15,0,2,0.15,0.2688678455469806,1,34.67512019472222,0.43688752822655663,4,False,True
2026-08-13,AM,-1.1322463768115965,-0.15,1,2,-0.15,0.01624136386446809,3,147.35234241694445,-1.2459153698352399,4,True,True
2026-08-13,AMAT,-7.004153103603084,-0.05,0,1,-0.25,15.188388245071987,20,14.364564639166666,0.9228053250122383,20,True,True
2026-08-13,AMD,7.109438727976647,0.45,0,2,-0.25,9.057331055609184,13,14.711231305833333,0.15472798697656667,20,False,True
2026-08-13,AMD,7.109438727976647,0.45,1,2,-0.25,2.3105262277770238,7,30.422064639166667,0.15398645319697607,20,False,True
2026-08-13,AMGN,-1.7805858701895438,0.45,0,2,0.35,0.5461826214527565,3,57.61845352805556,0.31808039225853835,5,False,True
2026-08-13,AMGN,-1.7805858701895438,0.45,1,2,0.15,0.009676968716002514,2,152.0978979725,0.42837096686817266,5,False,True
2026-08-13,AMN,1.3627138300956743,0.45,0,1,0.25,0.20266855511379273,7,166.47706463916666,-0.428999198006847,7,True,True
2026-08-13,AMZN,-2.791083619356538,0.45,0,1,0.55,13.712584973405532,20,16.509842416944444,0.011862325143259907,20,False,True
2026-08-13,APOS,-0.9780907668231587,0.85,0,1,0.85,0.6411549517592809,8,80.20095352805556,0.14829105922753635,8,False,True
2026-08-14,AAOI,7.126696832579182,-0.15,0,2,0.15,2.449216451861801,3,7.549575156666666,-0.044483198889942836,6,True,True
2026-08-14,AAOI,7.126696832579182,-0.15,1,2,0.15,0.3086986284543422,3,88.04790849000001,-0.6921436480685916,6,True,True
2026-08-14,AAP,-2.3342175066312976,0.0,0,2,0.0,0.6900648199494444,4,73.59096404555557,,5,False,False
2026-08-14,AAP,-2.3342175066312976,0.0,1,2,0.15,0.002865084113722669,1,152.89096404555553,,5,False,True
2026-08-14,AAPL,4.690615500277828,-0.25,0,1,-0.25,15.084376007763577,20,11.841519601111113,0.041756002796312364,20,False,True
2026-08-14,ABBV,7.017157059247969,0.15,0,2,0.15,0.8719391623403828,1,4.399852934444445,0.0,6,True,True
2026-08-14,ABBV,7.017157059247969,0.15,1,2,-0.05,0.47233638984258575,5,78.94124182333334,-0.08884583265030264,6,False,True
2026-08-14,ABCL,2.328646748681895,-0.15,0,2,0.15,0.9961459316737096,1,0.9415196011111112,0.00990282175959336,17,True,True
2026-08-14,ABCL,2.328646748681895,-0.15,1,2,-0.15,0.6893424192249491,16,108.95985293444446,-1.1806867386494178,17,False,True
2026-08-14,ABNB,-2.836031728784094,0.15,0,2,0.75,2.2058787374465565,10,59.424019601111105,0.3514741388658045,20,False,True
2026-08-14,ABNB,-2.836031728784094,0.15,1,2,0.35,0.38509101213907865,10,98.00790849,-0.044329988480197764,20,False,True
2026-08-14,ABT,-1.7078651685393353,0.45,0,3,0.0,2.232082878942553,3,11.514019601111112,0.0,9,False,False
2026-08-14,ABT,-1.7078651685393353,0.45,1,3,0.05,0.7567919418850203,5,97.84790849000001,0.4312746621457092,9,False,True
2026-08-14,ABT,-1.7078651685393353,0.45,2,3,0.15,0.018029228605367598,1,105.12457515666667,0.4312746621457092,9,False,True
2026-08-14,AMBQ,6.696636180437121,0.65,0,1,0.85,0.31638515619133933,6,83.83763071222222,-0.12513891633607085,6,True,True
2026-08-14,AMD,0.5753027858239834,0.45,0,2,0.65,6.406877556669406,8,11.34540849,0.014940241819440623,20,True,True
2026-08-14,AMD,0.5753027858239834,0.45,1,2,0.35,3.9244826676002655,12,32.603464045555555,1.2809715633180587,20,True,True
2026-08-14,AMGN,-1.158449940993711,0.45,0,1,0.45,0.2559751757974206,4,150.62068626777776,0.2370007863911162,4,False,True
2026-08-14,AMRZ,-5.118869136860138,-0.45,0,2,0.15,0.41270832476584823,1,23.823741823333336,-0.0,4,False,True
2026-08-14,AMRZ,-5.118869136860138,-0.45,1,2,-0.55,0.02515698788424722,3,164.7265196011111,-0.01641324583797841,4,True,True
2026-08-14,AMZN,-1.8732153055396772,0.25,0,2,0.45,14.114385864570286,18,24.07457515666667,-0.20056937605929037,20,False,True
2026-08-14,AMZN,-1.8732153055396772,0.25,1,2,0.15,0.6963128200344458,2,28.40790849,-0.20056937605929037,20,False,True
2026-08-14,APLD,2.083333333333348,-0.25,0,2,-0.35,0.36520773528050615,6,125.43263071222222,-0.41928664240632135,7,False,True
2026-08-14,APLD,2.083333333333348,-0.25,1,2,0.65,0.0029263810095247695,1,152.34124182333332,-0.41928664240632135,7,True,True
2026-08-14,APOS,-0.9780907668231587,0.65,0,2,0.65,0.7846596337903194,1,7.1387418233333335,0.0,9,False,True
2026-08-14,APOS,-0.9780907668231587,0.65,1,2,0.85,0.2968145782458479,8,100.47763071222222,0.12842382444514924,9,False,True
2026-08-16,AAOI,-23.429530634643935,-0.15,0,1,-0.15,0.6753121191215699,8,139.70859606722223,-0.7096241250492771,8,True,True
2026-08-16,AAP,4.513399153737674,0.0,0,1,0.0,0.09316390365667039,4,125.25165162277779,,4,False,False
2026-08-16,AAPL,4.807094472986684,-0.75,0,2,-0.65,5.05370324851804,8,18.051929400555554,0.02283412475190881,20,False,True
2026-08-16,AAPL,4.807094472986684,-0.75,1,2,-0.05,1.947959923500919,12,59.46554051166666,0.02283412475190881,20,False,True
2026-08-16,ABBV,6.645228298645778,0.05,0,1,-0.05,0.181487237736256,6,130.60192940055555,-0.08884583265030264,6,False,True
2026-08-16,ABCL,-4.46428571428571,0.05,0,2,0.45,0.5042786347600685,2,52.60220717833333,0.007922257407671685,18,False,True
2026-08-16,ABCL,-4.46428571428571,0.05,1,2,0.15,0.09306637416443617,16,160.62054051166666,1.1911558821448325,18,False,True
2026-08-16,ABNB,5.5273579117630645,0.45,0,2,0.25,0.6125195150768535,5,74.986373845,0.008347067243808853,20,True,True
2026-08-16,ABNB,5.5273579117630645,0.45,1,2,0.15,0.16886550183929072,15,147.18915162277776,-0.062297852432197924,20,True,True
2026-08-16,ABT,4.802029537011876,0.45,0,1,0.45,0.3733513352865958,9,156.78526273388889,0.373880695700467,9,True,True
2026-08-16,AMBQ,-17.32979664014147,0.65,0,1,0.65,0.04271435864817743,6,135.49831828944446,-0.12513891633607085,6,False,True
2026-08-16,AMD,-9.037549407114632,0.45,0,2,0.15,6.144375063493278,9,19.28526273388889,0.05137985601320372,20,False,True
2026-08-16,AMD,-9.037549407114632,0.45,1,2,0.55,2.463269158016697,11,57.076373845,0.05137985601320372,20,False,True
2026-08-16,AMGN,5.6798130573703975,-0.15,0,1,0.25,0.03413641384079729,3,129.55581828944446,-0.04768714951426506,3,True,True
2026-08-16,AMZN,-1.3700202824231678,0.35,0,2,0.45,3.850743326967439,6,21.32165162277778,0.04665514649759626,20,False,True
2026-08-16,AMZN,-1.3700202824231678,0.35,1,2,0.75,2.7522503020847626,14,56.22804051166666,0.04665514649759626,20,False,True
2026-08-16,APLD,-14.560615779345731,-0.35,0,1,-0.25,0.04819223280133187,5,150.31942940055555,-0.5020330495983115,5,True,True
2026-08-16,APOS,-0.8228840125391934,0.45,0,1,0.45,0.1460070943838182,9,152.13831828944444,0.12842382444514924,9,False,True
2026-08-16,APP,-2.4937495993332948,-0.65,0,2,0.15,1.3643722739698083,2,20.88526273388889,-0.07814075000845011,20,False,True
2026-08-16,APP,-2.4937495993332948,-0.65,1,2,-0.35,0.3974288161773475,18,153.9352627338889,0.6394244480631898,20,True,True
2026-08-17,AAP,4.513399153737674,0.0,0,1,0.0,0.036972119667515645,4,149.25142109555554,,4,False,False
2026-08-17,AAPL,4.807094472986684,-0.25,0,1,0.35,13.978055537240234,20,15.289754428888887,0.07138169885507116,20,True,True
2026-08-17,ABBV,6.645228298645778,0.25,0,1,0.25,0.07202325802533387,6,154.60169887333333,0.029311523084018645,6,True,True
2026-08-17,ABCL,-4.46428571428571,0.15,0,2,0.45,0.21808539664757856,5,141.25808776222223,0.4797852012675852,9,False,True
2026-08-17,ABCL,-4.46428571428571,0.15,1,2,0.15,0.009672014229874466,4,161.58503220666665,0.7727239337881098,9,False,True
2026-08-17,ABT,4.802029537011876,0.35,0,1,0.35,0.14592024246531263,7,150.0016988733333,0.11306213864448456,7,True,True
2026-08-17,ACU,2.4067194314327356,-0.01,0,1,-0.01,0.028608702910779944,3,133.49086554000002,-0.5564349026037336,3,False,True
2026-08-17,AIR,-14.602172923036905,-0.15,0,1,-0.15,0.15609635418801654,5,134.87892109555557,-0.6294779284169478,5,True,True
2026-08-17,AIV,1.1450381679389166,0.0,0,1,0.0,0.01843918276811808,3,164.8644766511111,,3,False,False
2026-08-17,ALIT,-2.00892857142857,-0.45,0,2,-0.05,0.3772305751187909,1,25.818365540000002,-0.0,4,True,True
2026-08-17,ALIT,-2.00892857142857,-0.45,1,2,-0.45,0.02382423479558977,3,147.2594766511111,0.30339186302848214,4,True,True
2026-08-17,AMD,-9.037549407114632,-0.35,0,2,-0.25,11.08253336444238,16,24.21836554,-0.07026927818541964,20,True,True
2026-08-17,AMD,-9.037549407114632,-0.35,1,2,0.15,1.1785221106238748,4,38.60169887333333,0.23649674007894345,20,False,True
2026-08-17,AMGN,5.6798130573703975,0.15,0,1,0.15,0.013547044810325858,3,153.55558776222222,0.29099405498996667,3,True,True
2026-08-17,AMPL,2.4583663758921626,-0.05,0,1,-0.05,0.03407712760239064,3,150.4269766511111,0.11802961707208047,3,False,True
2026-08-17,AMZN,-1.3700202824231678,0.25,0,1,0.25,13.857806410479023,20,16.66836554,-0.013128192717859543,20,False,True
2026-08-17,APLD,-14.560615779345731,-0.25,0,1,-0.05,0.016598124555465284,3,158.4080877622222,-0.3282739885590707,3,True,True
2026-08-18,AAOI,-9.74811658169089,-0.15,0,1,-0.15,0.10561508826048162,7,154.8395337402778,0.3668620686866071,7,True,True
2026-08-18,AAP,-28.61657303370787,0.0,0,1,0.0,0.01338131622197138,3,149.51703374027778,,3,False,False
2026-08-18,AAPL,3.306131664677614,0.45,0,2,0.25,12.247280604043805,19,24.390367073611113,0.028638001083805948,20,True,True
2026-08-18,AAPL,3.306131664677614,0.45,1,2,-0.05,0.36422484315944603,1,26.733978184722222,0.028638001083805948,20,False,True
2026-08-18,ABBV,3.107137339718813,0.35,0,1,0.45,0.2209204943028313,7,135.60981151805555,1.5541957720248114,7,True,True
2026-08-18,ABT,2.6535321263755796,0.15,0,1,0.0,0.056654175342247697,6,150.2884226291667,0.3052413167463251,6,False,False
2026-08-18,ADI,-1.8559328784217954,0.15,0,3,-0.15,1.8437170667317668,3,23.958978184722223,-0.04227654813036954,8,True,True
2026-08-18,ADI,-1.8559328784217954,0.15,1,3,-0.15,0.42102678779798863,3,85.36592262916666,-1.0805416840882793,8,True,True
2026-08-18,ADI,-1.8559328784217954,0.15,2,3,-0.05,0.01867156048248729,2,144.43342262916667,-0.34025724958976244,8,True,True
2026-08-18,ALIT,6.552494415487731,-0.35,0,2,-0.15,0.15450396012265663,2,139.15620040694444,0.621564398982633,3,False,True
2026-08-18,ALIT,6.552494415487731,-0.35,1,2,-0.35,0.0032607365073387207,1,149.19675596250002,0.2675222436056847,3,False,True
2026-08-18,AMD,-4.979458700633788,-0.35,0,1,-0.35,13.378487913084427,20,22.957311518055555,0.21277925406649345,20,True,True
2026-08-18,AMLX,17.17459413272573,0.35,0,3,0.15,11.201138587830725,15,20.472867073611113,-0.01739353872930536,20,True,True
2026-08-18,AMLX,17.17459413272573,0.35,1,3,0.25,0.34499814116045496,1,28.142311518055557,14.082138115235875,20,True,True
2026-08-18,AMLX,17.17459413272573,0.35,2,3,-0.35,0.0658443018425616,4,130.46814485138887,7.275783884970171,20,False,True
2026-08-18,AMZN,2.678743495856617,-0.25,0,1,0.15,13.246133802804115,20,20.722867073611113,-0.01890711649711679,20,True,True
2026-08-18,APLD,-6.5591020694493185,-0.35,0,2,-0.45,0.795987621888444,1,6.431478184722223,0.06065380108032199,3,True,True
2026-08-18,APLD,-6.5591020694493185,-0.35,1,2,-0.15,0.005679530327382937,2,155.85620040694445,0.5988869644443275,3,True,True
2026-08-18,APOS,-0.4718836020448314,0.45,0,2,0.35,0.9204036453843913,2,31.222589295833334,-1.2573231859719045,3,False,True
2026-08-18,APOS,-0.4718836020448314,0.45,1,2,0.35,0.016683702862536804,1,106.80370040694444,-1.269335415863464,3,False,True
2026-08-18,APP,-0.9958992384299981,-0.15,0,2,-0.25,0.5088659030059828,3,68.88953374027777,0.3543543552988484,13,True,True
2026-08-18,APP,-0.9958992384299981,-0.15,1,2,-0.25,0.05390895350212012,10,160.16425596250002,-0.10348781367966846,13,True,True
2026-08-18,AS,3.628792385484858,0.15,0,2,0.65,6.301155400172101,10,16.940922629166668,0.44091045622088004,12,True,True
2026-08-18,AS,3.628792385484858,0.15,1,2,0.0,0.020927715379639868,2,134.2556448513889,0.5884516718757163,12,False,False
