resuming: 0 ticker-days done
[32m2026-09-09 17:44:46.101[0m | [1mINFO    [0m | [36msrc.analysis.sentiment[0m:[36manalyse_sentiment[0m:[36m1515[0m - [1mADPT raw_sentiment=+0.15 (local, 1 articles)[0m
[32m2026-09-09 17:44:46.101[0m | [34m[1mDEBUG   [0m | [36msrc.analysis.sentiment[0m:[36manalyse_sentiment[0m:[36m1571[0m - [34m[1mADPT sentiment scaled +0.15 \u2192 +0.07 (count=1, sources=1, scale=0.44)[0m
[32m2026-09-09 17:44:48.381[0m | [1mINFO    [0m | [36msrc.analysis.sentiment[0m:[36manalyse_sentiment[0m:[36m1515[0m - [1mADPT raw_sentiment=+0.35 (local, 1 articles)[0m
[32m2026-09-09 17:44:48.381[0m | [34m[1mDEBUG   [0m | [36msrc.analysis.sentiment[0m:[36manalyse_sentiment[0m:[36m1571[0m - [34m[1mADPT sentiment scaled +0.35 \u2192 +0.13 (count=1, sources=1, scale=0.38)[0m
[32m2026-09-09 17:44:50.365[0m | [1mINFO    [0m | [36msrc.analysis.sentiment[0m:[36manalyse_sentiment[0m:[36m1515[0m - [1mADPT raw_sentiment=-0.85 (local, 1 articles)[0m
[32m2026-09-09 17:44:50.365[0m | [34m[1mDEBUG   [0m | [36msrc.analysis.sentiment[0m:[36manalyse_sentiment[0m:[36m1571[0m - [34m[1mADPT sentiment scaled -0.85 \u2192 -0.32 (count=1, sources=1, scale=0.37)[0m
[32m2026-09-09 17:44:52.115[0m | [1mINFO    [0m | [36msrc.analysis.sentiment[0m:[36manalyse_sentiment[0m:[36m1515[0m - [1mADPT raw_sentiment=-0.35 (local, 1 articles)[0m
[32m2026-09-09 17:44:52.116[0m | [34m[1mDEBUG   [0m | [36msrc.analysis.sentiment[0m:[36manalyse_sentiment[0m:[36m1571[0m - [34m[1mADPT sentiment scaled -0.35 \u2192 -0.12 (count=1, sources=1, scale=0.35)[0m
[32m2026-09-09 17:44:54.629[0m | [1mINFO    [0m | [36msrc.analysis.sentiment[0m:[36manalyse_sentiment[0m:[36m1515[0m - [1mADPT raw_sentiment=-0.05 (local, 2 articles)[0m
[32m2026-09-09 17:44:54.629[0m | [34m[1mDEBUG   [0m | [36msrc.analysis.sentiment[0m:[36manalyse_sentiment[0m:[36m1571[0m - [34m[1mADPT sentiment scaled -0.05 \u2192 -0.02 (count=2, sources=2, scale=0.42)[0m
[32m2026-09-09 17:44:56.251[0m | [1mINFO    [0m | [36msrc.analysis.sentiment[0m:[36manalyse_sentiment[0m:[36m1515[0m - [1mADPT raw_sentiment=+0.25 (local, 1 articles)[0m
[32m2026-09-09 17:44:56.251[0m | [34m[1mDEBUG   [0m | [36msrc.analysis.sentiment[0m:[36manalyse_sentiment[0m:[36m1571[0m - [34m[1mADPT sentiment scaled +0.25 \u2192 +0.08 (count=1, sources=1, scale=0.32)[0m
  2026-06-17: 1 tickers in 14s
[32m2026-09-09 17:44:59.570[0m | [1mINFO    [0m | [36msrc.analysis.sentiment[0m:[36manalyse_sentiment[0m:[36m1515[0m - [1mAMKR raw_sentiment=+0.15 (local, 1 articles)[0m
[32m2026-09-09 17:44:59.570[0m | [34m[1mDEBUG   [0m | [36msrc.analysis.sentiment[0m:[36manalyse_sentiment[0m:[36m1571[0m - [34m[1mAMKR sentiment scaled +0.15 \u2192 +0.06 (count=1, sources=1, scale=0.40)[0m
[32m2026-09-09 17:45:01.993[0m | [1mINFO    [0m | [36msrc.analysis.sentiment[0m:[36manalyse_sentiment[0m:[36m1515[0m - [1mAMKR raw_sentiment=+0.25 (local, 1 articles)[0m
[32m2026-09-09 17:45:01.993[0m | [34m[1mDEBUG   [0m | [36msrc.analysis.sentiment[0m:[36manalyse_sentiment[0m:[36m1571[0m - [34m[1mAMKR sentiment scaled +0.25 \u2192 +0.10 (count=1, sources=1, scale=0.39)[0m
[32m2026-09-09 17:45:04.344[0m | [1mINFO    [0m | [36msrc.analysis.sentiment[0m:[36manalyse_sentiment[0m:[36m1515[0m - [1mAMKR raw_sentiment=+0.85 (local, 1 articles)[0m
[32m2026-09-09 17:45:04.344[0m | [34m[1mDEBUG   [0m | [36msrc.analysis.sentiment[0m:[36manalyse_sentiment[0m:[36m1571[0m - [34m[1mAMKR sentiment scaled +0.85 \u2192 +0.33 (count=1, sources=1, scale=0.39)[0m
[32m2026-09-09 17:45:06.567[0m | [1mINFO    [0m | [36msrc.analysis.sentiment[0m:[36manalyse_sentiment[0m:[36m1515[0m - [1mAMKR raw_sentiment=+0.15 (local, 2 articles)[0m
[32m2026-09-09 17:45:06.567[0m | [34m[1mDEBUG   [0m | [36msrc.analysis.sentiment[0m:[36manalyse_sentiment[0m:[36m1571[0m - [34m[1mAMKR sentiment scaled +0.15 \u2192 +0.07 (count=2, sources=2, scale=0.48)[0m
[32m2026-09-09 17:45:08.194[0m | [1mINFO    [0m | [36msrc.analysis.sentiment[0m:[36manalyse_sentiment[0m:[36m1515[0m - [1mAMKR raw_sentiment=+0.05 (local, 1 articles)[0m
[32m2026-09-09 17:45:08.194[0m | [34m[1mDEBUG   [0m | [36msrc.analysis.sentiment[0m:[36manalyse_sentiment[0m:[36m1571[0m - [34m[1mAMKR sentiment scaled +0.05 \u2192 +0.02 (count=1, sources=1, scale=0.36)[0m
[32m2026-09-09 17:45:10.729[0m | [1mINFO    [0m | [36msrc.analysis.sentiment[0m:[36manalyse_sentiment[0m:[36m1515[0m - [1mAMKR raw_sentiment=-0.05 (local, 1 articles)[0m
[32m2026-09-09 17:45:10.729[0m | [34m[1mDEBUG   [0m | [36msrc.analysis.sentiment[0m:[36manalyse_sentiment[0m:[36m1571[0m - [34m[1mAMKR sentiment scaled -0.05 \u2192 -0.02 (count=1, sources=1, scale=0.33)[0m
[32m2026-09-09 17:45:12.647[0m | [1mINFO    [0m | [36msrc.analysis.sentiment[0m:[36manalyse_sentiment[0m:[36m1515[0m - [1mAMKR raw_sentiment=+0.15 (local, 1 articles)[0m
[32m2026-09-09 17:45:12.647[0m | [34m[1mDEBUG   [0m | [36msrc.analysis.sentiment[0m:[36manalyse_sentiment[0m:[36m1571[0m - [34m[1mAMKR sentiment scaled +0.15 \u2192 +0.05 (count=1, sources=1, scale=0.33)[0m
[32m2026-09-09 17:45:14.765[0m | [1mINFO    [0m | [36msrc.analysis.sentiment[0m:[36manalyse_sentiment[0m:[36m1515[0m - [1mAMKR raw_sentiment=+0.15 (local, 1 articles)[0m
[32m2026-09-09 17:45:14.765[0m | [34m[1mDEBUG   [0m | [36msrc.analysis.sentiment[0m:[36manalyse_sentiment[0m:[36m1571[0m - [34m[1mAMKR sentiment scaled +0.15 \u2192 +0.05 (count=1, sources=1, scale=0.32)[0m
[32m2026-09-09 17:45:17.348[0m | [1mINFO    [0m | [36msrc.analysis.sentiment[0m:[36manalyse_sentiment[0m:[36m1515[0m - [1mAMKR raw_sentiment=+0.00 (local, 2 articles)[0m
[32m2026-09-09 17:45:17.348[0m | [34m[1mDEBUG   [0m | [36msrc.analysis.sentiment[0m:[36manalyse_sentiment[0m:[36m1571[0m - [34m[1mAMKR sentiment scaled +0.00 \u2192 +0.00 (count=2, sources=1, scale=0.32)[0m
[32m2026-09-09 17:45:19.365[0m | [1mINFO    [0m | [36msrc.analysis.sentiment[0m:[36manalyse_sentiment[0m:[36m1515[0m - [1mAMKR raw_sentiment=+0.15 (local, 1 articles)[0m
[32m2026-09-09 17:45:19.365[0m | [34m[1mDEBUG   [0m | [36msrc.analysis.sentiment[0m:[36manalyse_sentiment[0m:[36m1571[0m - [34m[1mAMKR sentiment scaled +0.15 \u2192 +0.05 (count=1, sources=1, scale=0.32)[0m
[32m2026-09-09 17:45:21.764[0m | [1mINFO    [0m | [36msrc.analysis.sentiment[0m:[36manalyse_sentiment[0m:[36m1515[0m - [1mAMKR raw_sentiment=-0.05 (local, 1 articles)[0m
[32m2026-09-09 17:45:21.764[0m | [34m[1mDEBUG   [0m | [36msrc.analysis.sentiment[0m:[36manalyse_sentiment[0m:[36m1571[0m - [34m[1mAMKR sentiment scaled -0.05 \u2192 -0.02 (count=1, sources=1, scale=0.32)[0m
  2026-06-18: 1 tickers in 25s
[32m2026-09-09 17:45:24.101[0m | [1mINFO    [0m | [36msrc.analysis.sentiment[0m:[36manalyse_sentiment[0m:[36m1515[0m - [1mAVGO raw_sentiment=+0.25 (local, 1 articles)[0m
[32m2026-09-09 17:45:24.101[0m | [34m[1mDEBUG   [0m | [36msrc.analysis.sentiment[0m:[36manalyse_sentiment[0m:[36m1571[0m - [34m[1mAVGO sentiment scaled +0.25 \u2192 +0.11 (count=1, sources=1, scale=0.44)[0m
[32m2026-09-09 17:45:26.584[0m | [1mINFO    [0m | [36msrc.analysis.sentiment[0m:[36manalyse_sentiment[0m:[36m1515[0m - [1mAVGO raw_sentiment=+0.35 (local, 2 articles)[0m
[32m2026-09-09 17:45:26.584[0m | [34m[1mDEBUG   [0m | [36msrc.analysis.sentiment[0m:[36manalyse_sentiment[0m:[36m1571[0m - [34m[1mAVGO sentiment scaled +0.35 \u2192 +0.15 (count=2, sources=2, scale=0.43)[0m
[32m2026-09-09 17:45:28.866[0m | [1mINFO    [0m | [36msrc.analysis.sentiment[0m:[36manalyse_sentiment[0m:[36m1515[0m - [1mAVGO raw_sentiment=+0.05 (local, 1 articles)[0m
[32m2026-09-09 17:45:28.866[0m | [34m[1mDEBUG   [0m | [36msrc.analysis.sentiment[0m:[36manalyse_sentiment[0m:[36m1571[0m - [34m[1mAVGO sentiment scaled +0.05 \u2192 +0.02 (count=1, sources=1, scale=0.33)[0m
[32m2026-09-09 17:45:30.908[0m | [1mINFO    [0m | [36msrc.analysis.sentiment[0m:[36manalyse_sentiment[0m:[36m1515[0m - [1mAVGO raw_sentiment=+0.15 (local, 1 articles)[0m
[32m2026-09-09 17:45:30.908[0m | [34m[1mDEBUG   [0m | [36msrc.analysis.sentiment[0m:[36manalyse_sentiment[0m:[36m1571[0m - [34m[1mAVGO sentiment scaled +0.15 \u2192 +0.05 (count=1, sources=1, scale=0.33)[0m
[32m2026-09-09 17:45:32.944[0m | [1mINFO    [0m | [36msrc.analysis.sentiment[0m:[36manalyse_sentiment[0m:[36m1515[0m - [1mAVGO raw_sentiment=+0.15 (local, 1 articles)[0m
[32m2026-09-09 17:45:32.945[0m | [34m[1mDEBUG   [0m | [36msrc.analysis.sentiment[0m:[36manalyse_sentiment[0m:[36m1571[0m - [34m[1mAVGO sentiment scaled +0.15 \u2192 +0.05 (count=1, sources=1, scale=0.32)[0m
[32m2026-09-09 17:45:34.773[0m | [1mINFO    [0m | [36msrc.analysis.sentiment[0m:[36manalyse_sentiment[0m:[36m1515[0m - [1mAVGO raw_sentiment=-0.05 (local, 1 articles)[0m
[32m2026-09-09 17:45:34.773[0m | [34m[1mDEBUG   [0m | [36msrc.analysis.sentiment[0m:[36manalyse_sentiment[0m:[36m1571[0m - [34m[1mAVGO sentiment scaled -0.05 \u2192 -0.02 (count=1, sources=1, scale=0.32)[0m
[32m2026-09-09 17:45:37.204[0m | [1mINFO    [0m | [36msrc.analysis.sentiment[0m:[36manalyse_sentiment[0m:[36m1515[0m - [1mAVGO raw_sentiment=-0.15 (local, 1 articles)[0m
[32m2026-09-09 17:45:37.205[0m | [34m[1mDEBUG   [0m | [36msrc.analysis.sentiment[0m:[36manalyse_sentiment[0m:[36m1571[0m - [34m[1mAVGO sentiment scaled -0.15 \u2192 -0.05 (count=1, sources=1, scale=0.32)[0m
[32m2026-09-09 17:45:38.742[0m | [1mINFO    [0m | [36msrc.analysis.sentiment[0m:[36manalyse_sentiment[0m:[36m1515[0m - [1mAVGO raw_sentiment=-0.05 (local, 1 articles)[0m
[32m2026-09-09 17:45:38.742[0m | [34m[1mDEBUG   [0m | [36msrc.analysis.sentiment[0m:[36manalyse_sentiment[0m:[36m1571[0m - [34m[1mAVGO sentiment scaled -0.05 \u2192 -0.02 (count=1, sources=1, scale=0.32)[0m
[32m2026-09-09 17:45:40.997[0m | [1mINFO    [0m | [36msrc.analysis.sentiment[0m:[36manalyse_sentiment[0m:[36m1515[0m - [1mAVGO raw_sentiment=-0.15 (local, 1 articles)[0m
[32m2026-09-09 17:45:40.997[0m | [34m[1mDEBUG   [0m | [36msrc.analysis.sentiment[0m:[36manalyse_sentiment[0m:[36m1571[0m - [34m[1mAVGO sentiment scaled -0.15 \u2192 -0.05 (count=1, sources=1, scale=0.32)[0m
[32m2026-09-09 17:45:42.653[0m | [1mINFO    [0m | [36msrc.analysis.sentiment[0m:[36manalyse_sentiment[0m:[36m1515[0m - [1mAVGO raw_sentiment=-0.05 (local, 1 articles)[0m
[32m2026-09-09 17:45:42.653[0m | [34m[1mDEBUG   [0m | [36msrc.analysis.sentiment[0m:[36manalyse_sentiment[0m:[36m1571[0m - [34m[1mAVGO sentiment scaled -0.05 \u2192 -0.02 (count=1, sources=1, scale=0.32)[0m
[32m2026-09-09 17:45:44.834[0m | [1mINFO    [0m | [36msrc.analysis.sentiment[0m:[36manalyse_sentiment[0m:[36m1515[0m - [1mAVGO raw_sentiment=+0.15 (local, 1 articles)[0m
[32m2026-09-09 17:45:44.834[0m | [34m[1mDEBUG   [0m | [36msrc.analysis.sentiment[0m:[36manalyse_sentiment[0m:[36m1571[0m - [34m[1mAVGO sentiment scaled +0.15 \u2192 +0.05 (count=1, sources=1, scale=0.32)[0m
[32m2026-09-09 17:45:47.078[0m | [1mINFO    [0m | [36msrc.analysis.sentiment[0m:[36manalyse_sentiment[0m:[36m1515[0m - [1mAVGO raw_sentiment=+0.25 (local, 1 articles)[0m
[32m2026-09-09 17:45:47.078[0m | [34m[1mDEBUG   [0m | [36msrc.analysis.sentiment[0m:[36manalyse_sentiment[0m:[36m1571[0m - [34m[1mAVGO sentiment scaled +0.25 \u2192 +0.08 (count=1, sources=1, scale=0.32)[0m
[32m2026-09-09 17:45:49.079[0m | [1mINFO    [0m | [36msrc.analysis.sentiment[0m:[36manalyse_sentiment[0m:[36m1515[0m - [1mAVGO raw_sentiment=+0.15 (local, 1 articles)[0m
[32m2026-09-09 17:45:49.079[0m | [34m[1mDEBUG   [0m | [36msrc.analysis.sentiment[0m:[36manalyse_sentiment[0m:[36m1571[0m - [34m[1mAVGO sentiment scaled +0.15 \u2192 +0.05 (count=1, sources=1, scale=0.32)[0m
[32m2026-09-09 17:45:50.947[0m | [1mINFO    [0m | [36msrc.analysis.sentiment[0m:[36manalyse_sentiment[0m:[36m1515[0m - [1mAVGO raw_sentiment=+0.25 (local, 1 articles)[0m
[32m2026-09-09 17:45:50.947[0m | [34m[1mDEBUG   [0m | [36msrc.analysis.sentiment[0m:[36manalyse_sentiment[0m:[36m1571[0m - [34m[1mAVGO sentiment scaled +0.25 \u2192 +0.08 (count=1, sources=1, scale=0.32)[0m
[32m2026-09-09 17:45:53.023[0m | [1mINFO    [0m | [36msrc.analysis.sentiment[0m:[36manalyse_sentiment[0m:[36m1515[0m - [1mAVGO raw_sentiment=+0.15 (local, 1 articles)[0m
[32m2026-09-09 17:45:53.023[0m | [34m[1mDEBUG   [0m | [36msrc.analysis.sentiment[0m:[36manalyse_sentiment[0m:[36m1571[0m - [34m[1mAVGO sentiment scaled +0.15 \u2192 +0.05 (count=1, sources=1, scale=0.32)[0m
[32m2026-09-09 17:45:55.214[0m | [1mINFO    [0m | [36msrc.analysis.sentiment[0m:[36manalyse_sentiment[0m:[36m1515[0m - [1mAVGO raw_sentiment=-0.05 (local, 2 articles)[0m
[32m2026-09-09 17:45:55.214[0m | [34m[1mDEBUG   [0m | [36msrc.analysis.sentiment[0m:[36manalyse_sentiment[0m:[36m1571[0m - [34m[1mAVGO sentiment scaled -0.05 \u2192 -0.02 (count=2, sources=2, scale=0.39)[0m
[32m2026-09-09 17:45:57.031[0m | [1mINFO    [0m | [36msrc.analysis.sentiment[0m:[36manalyse_sentiment[0m:[36m1515[0m - [1mAVGO raw_sentiment=-0.15 (local, 1 articles)[0m
[32m2026-09-09 17:45:57.031[0m | [34m[1mDEBUG   [0m | [36msrc.analysis.sentiment[0m:[36manalyse_sentiment[0m:[36m1571[0m - [34m[1mAVGO sentiment scaled -0.15 \u2192 -0.05 (count=1, sources=1, scale=0.32)[0m
[32m2026-09-09 17:45:59.162[0m | [1mINFO    [0m | [36msrc.analysis.sentiment[0m:[36manalyse_sentiment[0m:[36m1515[0m - [1mAVGO raw_sentiment=+0.15 (local, 1 articles)[0m
[32m2026-09-09 17:45:59.162[0m | [34m[1mDEBUG   [0m | [36msrc.analysis.sentiment[0m:[36manalyse_sentiment[0m:[36m1571[0m - [34m[1mAVGO sentiment scaled +0.15 \u2192 +0.05 (count=1, sources=1, scale=0.32)[0m
  2026-06-22: 1 tickers in 37s
[32m2026-09-09 17:46:02.224[0m | [1mINFO    [0m | [36msrc.analysis.sentiment[0m:[36manalyse_sentiment[0m:[36m1515[0m - [1mAMZN raw_sentiment=-0.60 (local, 1 articles)[0m
[32m2026-09-09 17:46:02.224[0m | [34m[1mDEBUG   [0m | [36msrc.analysis.sentiment[0m:[36manalyse_sentiment[0m:[36m1571[0m - [34m[1mAMZN sentiment scaled -0.60 \u2192 -0.27 (count=1, sources=1, scale=0.45)[0m
[32m2026-09-09 17:46:04.521[0m | [1mINFO    [0m | [36msrc.analysis.sentiment[0m:[36manalyse_sentiment[0m:[36m1515[0m - [1mAMZN raw_sentiment=-0.01 (local, 2 articles)[0m
[32m2026-09-09 17:46:04.522[0m | [34m[1mDEBUG   [0m | [36msrc.analysis.sentiment[0m:[36manalyse_sentiment[0m:[36m1571[0m - [34m[1mAMZN sentiment scaled -0.01 \u2192 -0.01 (count=2, sources=2, scale=0.65)[0m
[32m2026-09-09 17:46:06.724[0m | [1mINFO    [0m | [36msrc.analysis.sentiment[0m:[36manalyse_sentiment[0m:[36m1515[0m - [1mAMZN raw_sentiment=-0.05 (local, 1 articles)[0m
[32m2026-09-09 17:46:06.724[0m | [34m[1mDEBUG   [0m | [36msrc.analysis.sentiment[0m:[36manalyse_sentiment[0m:[36m1571[0m - [34m[1mAMZN sentiment scaled -0.05 \u2192 -0.02 (count=1, sources=1, scale=0.45)[0m
[32m2026-09-09 17:46:08.264[0m | [1mINFO    [0m | [36msrc.analysis.sentiment[0m:[36manalyse_sentiment[0m:[36m1515[0m - [1mAMZN raw_sentiment=+0.25 (local, 2 articles)[0m
[32m2026-09-09 17:46:08.264[0m | [34m[1mDEBUG   [0m | [36msrc.analysis.sentiment[0m:[36manalyse_sentiment[0m:[36m1571[0m - [34m[1mAMZN sentiment scaled +0.25 \u2192 +0.16 (count=2, sources=2, scale=0.64)[0m
[32m2026-09-09 17:46:10.654[0m | [1mINFO    [0m | [36msrc.analysis.sentiment[0m:[36manalyse_sentiment[0m:[36m1515[0m - [1mAMZN raw_sentiment=-0.25 (local, 1 articles)[0m
[32m2026-09-09 17:46:10.654[0m | [34m[1mDEBUG   [0m | [36msrc.analysis.sentiment[0m:[36manalyse_sentiment[0m:[36m1571[0m - [34m[1mAMZN sentiment scaled -0.25 \u2192 -0.11 (count=1, sources=1, scale=0.43)[0m
[32m2026-09-09 17:46:12.843[0m | [1mINFO    [0m | [36msrc.analysis.sentiment[0m:[36manalyse_sentiment[0m:[36m1515[0m - [1mAMZN raw_sentiment=-0.05 (local, 1 articles)[0m
[32m2026-09-09 17:46:12.843[0m | [34m[1mDEBUG   [0m | [36msrc.analysis.sentiment[0m:[36manalyse_sentiment[0m:[36m1571[0m - [34m[1mAMZN sentiment scaled -0.05 \u2192 -0.02 (count=1, sources=1, scale=0.42)[0m
[32m2026-09-09 17:46:15.342[0m | [1mINFO    [0m | [36msrc.analysis.sentiment[0m:[36manalyse_sentiment[0m:[36m1515[0m - [1mAMZN raw_sentiment=+0.15 (local, 1 articles)[0m
[32m2026-09-09 17:46:15.342[0m | [34m[1mDEBUG   [0m | [36msrc.analysis.sentiment[0m:[36manalyse_sentiment[0m:[36m1571[0m - [34m[1mAMZN sentiment scaled +0.15 \u2192 +0.06 (count=1, sources=1, scale=0.41)[0m
[32m2026-09-09 17:46:17.032[0m | [1mINFO    [0m | [36msrc.analysis.sentiment[0m:[36manalyse_sentiment[0m:[36m1515[0m - [1mAMZN raw_sentiment=+0.00 (local, 1 articles)[0m
[32m2026-09-09 17:46:17.032[0m | [34m[1mDEBUG   [0m | [36msrc.analysis.sentiment[0m:[36manalyse_sentiment[0m:[36m1571[0m - [34m[1mAMZN sentiment scaled +0.00 \u2192 +0.00 (count=1, sources=1, scale=0.41)[0m
[32m2026-09-09 17:46:19.365[0m | [1mINFO    [0m | [36msrc.analysis.sentiment[0m:[36manalyse_sentiment[0m:[36m1515[0m - [1mAMZN raw_sentiment=-0.05 (local, 1 articles)[0m
[32m2026-09-09 17:46:19.366[0m | [34m[1mDEBUG   [0m | [36msrc.analysis.sentiment[0m:[36manalyse_sentiment[0m:[36m1571[0m - [34m[1mAMZN sentiment scaled -0.05 \u2192 -0.02 (count=1, sources=1, scale=0.41)[0m
[32m2026-09-09 17:46:21.524[0m | [1mINFO    [0m | [36msrc.analysis.sentiment[0m:[36manalyse_sentiment[0m:[36m1515[0m - [1mAMZN raw_sentiment=+0.15 (local, 1 articles)[0m
[32m2026-09-09 17:46:21.524[0m | [34m[1mDEBUG   [0m | [36msrc.analysis.sentiment[0m:[36manalyse_sentiment[0m:[36m1571[0m - [34m[1mAMZN sentiment scaled +0.15 \u2192 +0.06 (count=1, sources=1, scale=0.41)[0m
[32m2026-09-09 17:46:23.193[0m | [1mINFO    [0m | [36msrc.analysis.sentiment[0m:[36manalyse_sentiment[0m:[36m1515[0m - [1mAMZN raw_sentiment=-0.25 (local, 1 articles)[0m
[32m2026-09-09 17:46:23.194[0m | [34m[1mDEBUG   [0m | [36msrc.analysis.sentiment[0m:[36manalyse_sentiment[0m:[36m1571[0m - [34m[1mAMZN sentiment scaled -0.25 \u2192 -0.10 (count=1, sources=1, scale=0.41)[0m
[32m2026-09-09 17:46:26.147[0m | [1mINFO    [0m | [36msrc.analysis.sentiment[0m:[36manalyse_sentiment[0m:[36m1515[0m - [1mAMZN raw_sentiment=-0.05 (local, 1 articles)[0m
[32m2026-09-09 17:46:26.147[0m | [34m[1mDEBUG   [0m | [36msrc.analysis.sentiment[0m:[36manalyse_sentiment[0m:[36m1571[0m - [34m[1mAMZN sentiment scaled -0.05 \u2192 -0.02 (count=1, sources=1, scale=0.41)[0m
[32m2026-09-09 17:46:28.564[0m | [1mINFO    [0m | [36msrc.analysis.sentiment[0m:[36manalyse_sentiment[0m:[36m1515[0m - [1mAMZN raw_sentiment=+0.05 (local, 1 articles)[0m
[32m2026-09-09 17:46:28.565[0m | [34m[1mDEBUG   [0m | [36msrc.analysis.sentiment[0m:[36manalyse_sentiment[0m:[36m1571[0m - [34m[1mAMZN sentiment scaled +0.05 \u2192 +0.02 (count=1, sources=1, scale=0.40)[0m
[32m2026-09-09 17:46:31.036[0m | [1mINFO    [0m | [36msrc.analysis.sentiment[0m:[36manalyse_sentiment[0m:[36m1515[0m - [1mAMZN raw_sentiment=+0.15 (local, 1 articles)[0m
[32m2026-09-09 17:46:31.036[0m | [34m[1mDEBUG   [0m | [36msrc.analysis.sentiment[0m:[36manalyse_sentiment[0m:[36m1571[0m - [34m[1mAMZN sentiment scaled +0.15 \u2192 +0.06 (count=1, sources=1, scale=0.40)[0m
[32m2026-09-09 17:46:32.733[0m | [1mINFO    [0m | [36msrc.analysis.sentiment[0m:[36manalyse_sentiment[0m:[36m1515[0m - [1mAMZN raw_sentiment=-0.05 (local, 1 articles)[0m
[32m2026-09-09 17:46:32.733[0m | [34m[1mDEBUG   [0m | [36msrc.analysis.sentiment[0m:[36manalyse_sentiment[0m:[36m1571[0m - [34m[1mAMZN sentiment scaled -0.05 \u2192 -0.02 (count=1, sources=1, scale=0.40)[0m
[32m2026-09-09 17:46:35.379[0m | [1mINFO    [0m | [36msrc.analysis.sentiment[0m:[36manalyse_sentiment[0m:[36m1515[0m - [1mAMZN raw_sentiment=-0.15 (local, 1 articles)[0m
[32m2026-09-09 17:46:35.379[0m | [34m[1mDEBUG   [0m | [36msrc.analysis.sentiment[0m:[36manalyse_sentiment[0m:[36m1571[0m - [34m[1mAMZN sentiment scaled -0.15 \u2192 -0.06 (count=1, sources=1, scale=0.40)[0m
[32m2026-09-09 17:46:37.508[0m | [1mINFO    [0m | [36msrc.analysis.sentiment[0m:[36manalyse_sentiment[0m:[36m1515[0m - [1mAMZN raw_sentiment=-0.35 (local, 1 articles)[0m
[32m2026-09-09 17:46:37.509[0m | [34m[1mDEBUG   [0m | [36msrc.analysis.sentiment[0m:[36manalyse_sentiment[0m:[36m1571[0m - [34m[1mAMZN sentiment scaled -0.35 \u2192 -0.14 (count=1, sources=1, scale=0.40)[0m
[32m2026-09-09 17:46:39.606[0m | [1mINFO    [0m | [36msrc.analysis.sentiment[0m:[36manalyse_sentiment[0m:[36m1515[0m - [1mAMZN raw_sentiment=+0.15 (local, 1 articles)[0m
[32m2026-09-09 17:46:39.606[0m | [34m[1mDEBUG   [0m | [36msrc.analysis.sentiment[0m:[36manalyse_sentiment[0m:[36m1571[0m - [34m[1mAMZN sentiment scaled +0.15 \u2192 +0.06 (count=1, sources=1, scale=0.40)[0m
[32m2026-09-09 17:46:42.322[0m | [1mINFO    [0m | [36msrc.analysis.sentiment[0m:[36manalyse_sentiment[0m:[36m1515[0m - [1mASTS raw_sentiment=-0.15 (local, 1 articles)[0m
[32m2026-09-09 17:46:42.322[0m | [34m[1mDEBUG   [0m | [36msrc.analysis.sentiment[0m:[36manalyse_sentiment[0m:[36m1571[0m - [34m[1mASTS sentiment scaled -0.15 \u2192 -0.06 (count=1, sources=1, scale=0.40)[0m
[32m2026-09-09 17:46:44.744[0m | [1mINFO    [0m | [36msrc.analysis.sentiment[0m:[36manalyse_sentiment[0m:[36m1515[0m - [1mASTS raw_sentiment=+0.05 (local, 1 articles)[0m
[32m2026-09-09 17:46:44.744[0m | [34m[1mDEBUG   [0m | [36msrc.analysis.sentiment[0m:[36manalyse_sentiment[0m:[36m1571[0m - [34m[1mASTS sentiment scaled +0.05 \u2192 +0.02 (count=1, sources=1, scale=0.37)[0m
[32m2026-09-09 17:46:46.963[0m | [1mINFO    [0m | [36msrc.analysis.sentiment[0m:[36manalyse_sentiment[0m:[36m1515[0m - [1mASTS raw_sentiment=+0.25 (local, 1 articles)[0m
[32m2026-09-09 17:46:46.963[0m | [34m[1mDEBUG   [0m | [36msrc.analysis.sentiment[0m:[36manalyse_sentiment[0m:[36m1571[0m - [34m[1mASTS sentiment scaled +0.25 \u2192 +0.08 (count=1, sources=1, scale=0.32)[0m
[32m2026-09-09 17:46:49.164[0m | [1mINFO    [0m | [36msrc.analysis.sentiment[0m:[36manalyse_sentiment[0m:[36m1515[0m - [1mASTS raw_sentiment=+0.05 (local, 1 articles)[0m
[32m2026-09-09 17:46:49.164[0m | [34m[1mDEBUG   [0m | [36msrc.analysis.sentiment[0m:[36manalyse_sentiment[0m:[36m1571[0m - [34m[1mASTS sentiment scaled +0.05 \u2192 +0.02 (count=1, sources=1, scale=0.32)[0m
[32m2026-09-09 17:46:50.865[0m | [1mINFO    [0m | [36msrc.analysis.sentiment[0m:[36manalyse_sentiment[0m:[36m1515[0m - [1mASTS raw_sentiment=+0.05 (local, 1 articles)[0m
[32m2026-09-09 17:46:50.866[0m | [34m[1mDEBUG   [0m | [36msrc.analysis.sentiment[0m:[36manalyse_sentiment[0m:[36m1571[0m - [34m[1mASTS sentiment scaled +0.05 \u2192 +0.02 (count=1, sources=1, scale=0.32)[0m
[32m2026-09-09 17:46:52.943[0m | [1mINFO    [0m | [36msrc.analysis.sentiment[0m:[36manalyse_sentiment[0m:[36m1515[0m - [1mASTS raw_sentiment=+0.15 (local, 1 articles)[0m
[32m2026-09-09 17:46:52.944[0m | [34m[1mDEBUG   [0m | [36msrc.analysis.sentiment[0m:[36manalyse_sentiment[0m:[36m1571[0m - [34m[1mASTS sentiment scaled +0.15 \u2192 +0.05 (count=1, sources=1, scale=0.32)[0m
[32m2026-09-09 17:46:55.334[0m | [1mINFO    [0m | [36msrc.analysis.sentiment[0m:[36manalyse_sentiment[0m:[36m1515[0m - [1mASTS raw_sentiment=+0.25 (local, 1 articles)[0m
[32m2026-09-09 17:46:55.334[0m | [34m[1mDEBUG   [0m | [36msrc.analysis.sentiment[0m:[36manalyse_sentiment[0m:[36m1571[0m - [34m[1mASTS sentiment scaled +0.25 \u2192 +0.08 (count=1, sources=1, scale=0.32)[0m
[32m2026-09-09 17:46:57.500[0m | [1mINFO    [0m | [36msrc.analysis.sentiment[0m:[36manalyse_sentiment[0m:[36m1515[0m - [1mASTS raw_sentiment=+0.05 (local, 1 articles)[0m
[32m2026-09-09 17:46:57.500[0m | [34m[1mDEBUG   [0m | [36msrc.analysis.sentiment[0m:[36manalyse_sentiment[0m:[36m1571[0m - [34m[1mASTS sentiment scaled +0.05 \u2192 +0.02 (count=1, sources=1, scale=0.32)[0m
[32m2026-09-09 17:46:59.548[0m | [1mINFO    [0m | [36msrc.analysis.sentiment[0m:[36manalyse_sentiment[0m:[36m1515[0m - [1mASTS raw_sentiment=-0.05 (local, 1 articles)[0m
[32m2026-09-09 17:46:59.549[0m | [34m[1mDEBUG   [0m | [36msrc.analysis.sentiment[0m:[36manalyse_sentiment[0m:[36m1571[0m - [34m[1mASTS sentiment scaled -0.05 \u2192 -0.02 (count=1, sources=1, scale=0.32)[0m
[32m2026-09-09 17:47:01.297[0m | [1mINFO    [0m | [36msrc.analysis.sentiment[0m:[36manalyse_sentiment[0m:[36m1515[0m - [1mASTS raw_sentiment=+0.25 (local, 1 articles)[0m
[32m2026-09-09 17:47:01.297[0m | [34m[1mDEBUG   [0m | [36msrc.analysis.sentiment[0m:[36manalyse_sentiment[0m:[36m1571[0m - [34m[1mASTS sentiment scaled +0.25 \u2192 +0.08 (count=1, sources=1, scale=0.32)[0m
[32m2026-09-09 17:47:03.124[0m | [1mINFO    [0m | [36msrc.analysis.sentiment[0m:[36manalyse_sentiment[0m:[36m1515[0m - [1mASTS raw_sentiment=-0.25 (local, 1 articles)[0m
[32m2026-09-09 17:47:03.124[0m | [34m[1mDEBUG   [0m | [36msrc.analysis.sentiment[0m:[36manalyse_sentiment[0m:[36m1571[0m - [34m[1mASTS sentiment scaled -0.25 \u2192 -0.08 (count=1, sources=1, scale=0.32)[0m
[32m2026-09-09 17:47:05.436[0m | [1mINFO    [0m | [36msrc.analysis.sentiment[0m:[36manalyse_sentiment[0m:[36m1515[0m - [1mASTS raw_sentiment=+0.65 (local, 1 articles)[0m
[32m2026-09-09 17:47:05.436[0m | [34m[1mDEBUG   [0m | [36msrc.analysis.sentiment[0m:[36manalyse_sentiment[0m:[36m1571[0m - [34m[1mASTS sentiment scaled +0.65 \u2192 +0.21 (count=1, sources=1, scale=0.32)[0m
[32m2026-09-09 17:47:07.546[0m | [1mINFO    [0m | [36msrc.analysis.sentiment[0m:[36manalyse_sentiment[0m:[36m1515[0m - [1mASTS raw_sentiment=+0.25 (local, 2 articles)[0m
[32m2026-09-09 17:47:07.546[0m | [34m[1mDEBUG   [0m | [36msrc.analysis.sentiment[0m:[36manalyse_sentiment[0m:[36m1571[0m - [34m[1mASTS sentiment scaled +0.25 \u2192 +0.08 (count=2, sources=1, scale=0.32)[0m
[32m2026-09-09 17:47:09.808[0m | [1mINFO    [0m | [36msrc.analysis.sentiment[0m:[36manalyse_sentiment[0m:[36m1515[0m - [1mASTS raw_sentiment=+0.15 (local, 1 articles)[0m
[32m2026-09-09 17:47:09.808[0m | [34m[1mDEBUG   [0m | [36msrc.analysis.sentiment[0m:[36manalyse_sentiment[0m:[36m1571[0m - [34m[1mASTS sentiment scaled +0.15 \u2192 +0.05 (count=1, sources=1, scale=0.32)[0m
[32m2026-09-09 17:47:11.875[0m | [1mINFO    [0m | [36msrc.analysis.sentiment[0m:[36manalyse_sentiment[0m:[36m1515[0m - [1mASTS raw_sentiment=+0.25 (local, 1 articles)[0m
[32m2026-09-09 17:47:11.875[0m | [34m[1mDEBUG   [0m | [36msrc.analysis.sentiment[0m:[36manalyse_sentiment[0m:[36m1571[0m - [34m[1mASTS sentiment scaled +0.25 \u2192 +0.08 (count=1, sources=1, scale=0.32)[0m
[32m2026-09-09 17:47:13.780[0m | [1mINFO    [0m | [36msrc.analysis.sentiment[0m:[36manalyse_sentiment[0m:[36m1515[0m - [1mASTS raw_sentiment=+0.25 (local, 1 articles)[0m
[32m2026-09-09 17:47:13.781[0m | [34m[1mDEBUG   [0m | [36msrc.analysis.sentiment[0m:[36manalyse_sentiment[0m:[36m1571[0m - [34m[1mASTS sentiment scaled +0.25 \u2192 +0.08 (count=1, sources=1, scale=0.32)[0m
[32m2026-09-09 17:47:15.999[0m | [1mINFO    [0m | [36msrc.analysis.sentiment[0m:[36manalyse_sentiment[0m:[36m1515[0m - [1mASTS raw_sentiment=+0.05 (local, 1 articles)[0m
[32m2026-09-09 17:47:15.999[0m | [34m[1mDEBUG   [0m | [36msrc.analysis.sentiment[0m:[36manalyse_sentiment[0m:[36m1571[0m - [34m[1mASTS sentiment scaled +0.05 \u2192 +0.02 (count=1, sources=1, scale=0.32)[0m
[32m2026-09-09 17:47:18.295[0m | [1mINFO    [0m | [36msrc.analysis.sentiment[0m:[36manalyse_sentiment[0m:[36m1515[0m - [1mASTS raw_sentiment=+0.00 (local, 1 articles)[0m
[32m2026-09-09 17:47:18.295[0m | [34m[1mDEBUG   [0m | [36msrc.analysis.sentiment[0m:[36manalyse_sentiment[0m:[36m1571[0m - [34m[1mASTS sentiment scaled +0.00 \u2192 +0.00 (count=1, sources=1, scale=0.32)[0m
[32m2026-09-09 17:47:20.262[0m | [1mINFO    [0m | [36msrc.analysis.sentiment[0m:[36manalyse_sentiment[0m:[36m1515[0m - [1mASTS raw_sentiment=-0.05 (local, 1 articles)[0m
[32m2026-09-09 17:47:20.262[0m | [34m[1mDEBUG   [0m | [36msrc.analysis.sentiment[0m:[36manalyse_sentiment[0m:[36m1571[0m - [34m[1mASTS sentiment scaled -0.05 \u2192 -0.02 (count=1, sources=1, scale=0.32)[0m
[32m2026-09-09 17:47:23.871[0m | [1mINFO    [0m | [36msrc.analysis.sentiment[0m:[36manalyse_sentiment[0m:[36m1515[0m - [1mBEN raw_sentiment=+0.15 (local, 3 articles)[0m
[32m2026-09-09 17:47:23.871[0m | [34m[1mDEBUG   [0m | [36msrc.analysis.sentiment[0m:[36manalyse_sentiment[0m:[36m1571[0m - [34m[1mBEN sentiment scaled +0.15 \u2192 +0.07 (count=3, sources=3, scale=0.48)[0m
[32m2026-09-09 17:47:25.941[0m | [1mINFO    [0m | [36msrc.analysis.sentiment[0m:[36manalyse_sentiment[0m:[36m1515[0m - [1mBEN raw_sentiment=-0.05 (local, 1 articles)[0m
[32m2026-09-09 17:47:25.941[0m | [34m[1mDEBUG   [0m | [36msrc.analysis.sentiment[0m:[36manalyse_sentiment[0m:[36m1571[0m - [34m[1mBEN sentiment scaled -0.05 \u2192 -0.02 (count=1, sources=1, scale=0.34)[0m
[32m2026-09-09 17:47:28.385[0m | [1mINFO    [0m | [36msrc.analysis.sentiment[0m:[36manalyse_sentiment[0m:[36m1515[0m - [1mBEN raw_sentiment=+0.25 (local, 2 articles)[0m
[32m2026-09-09 17:47:28.386[0m | [34m[1mDEBUG   [0m | [36msrc.analysis.sentiment[0m:[36manalyse_sentiment[0m:[36m1571[0m - [34m[1mBEN sentiment scaled +0.25 \u2192 +0.10 (count=2, sources=2, scale=0.41)[0m
[32m2026-09-09 17:47:30.465[0m | [1mINFO    [0m | [36msrc.analysis.sentiment[0m:[36manalyse_sentiment[0m:[36m1515[0m - [1mBEN raw_sentiment=+0.15 (local, 1 articles)[0m
[32m2026-09-09 17:47:30.465[0m | [34m[1mDEBUG   [0m | [36msrc.analysis.sentiment[0m:[36manalyse_sentiment[0m:[36m1571[0m - [34m[1mBEN sentiment scaled +0.15 \u2192 +0.05 (count=1, sources=1, scale=0.32)[0m
[32m2026-09-09 17:47:32.611[0m | [1mINFO    [0m | [36msrc.analysis.sentiment[0m:[36manalyse_sentiment[0m:[36m1515[0m - [1mBEN raw_sentiment=+0.15 (local, 1 articles)[0m
[32m2026-09-09 17:47:32.611[0m | [34m[1mDEBUG   [0m | [36msrc.analysis.sentiment[0m:[36manalyse_sentiment[0m:[36m1571[0m - [34m[1mBEN sentiment scaled +0.15 \u2192 +0.05 (count=1, sources=1, scale=0.32)[0m
  2026-06-23: 3 tickers in 93s
[32m2026-09-09 17:47:35.311[0m | [1mINFO    [0m | [36msrc.analysis.sentiment[0m:[36manalyse_sentiment[0m:[36m1515[0m - [1mAMZN raw_sentiment=-0.05 (local, 1 articles)[0m
[32m2026-09-09 17:47:35.311[0m | [34m[1mDEBUG   [0m | [36msrc.analysis.sentiment[0m:[36manalyse_sentiment[0m:[36m1571[0m - [34m[1mAMZN sentiment scaled -0.05 \u2192 -0.02 (count=1, sources=1, scale=0.45)[0m
[32m2026-09-09 17:47:37.431[0m | [1mINFO    [0m | [36msrc.analysis.sentiment[0m:[36manalyse_sentiment[0m:[36m1515[0m - [1mAMZN raw_sentiment=+0.05 (local, 1 articles)[0m
[32m2026-09-09 17:47:37.431[0m | [34m[1mDEBUG   [0m | [36msrc.analysis.sentiment[0m:[36manalyse_sentiment[0m:[36m1571[0m - [34m[1mAMZN sentiment scaled +0.05 \u2192 +0.02 (count=1, sources=1, scale=0.45)[0m
[32m2026-09-09 17:47:39.764[0m | [1mINFO    [0m | [36msrc.analysis.sentiment[0m:[36manalyse_sentiment[0m:[36m1515[0m - [1mAMZN raw_sentiment=+0.15 (local, 1 articles)[0m
[32m2026-09-09 17:47:39.764[0m | [34m[1mDEBUG   [0m | [36msrc.analysis.sentiment[0m:[36manalyse_sentiment[0m:[36m1571[0m - [34m[1mAMZN sentiment scaled +0.15 \u2192 +0.06 (count=1, sources=1, scale=0.43)[0m
[32m2026-09-09 17:47:41.905[0m | [1mINFO    [0m | [36msrc.analysis.sentiment[0m:[36manalyse_sentiment[0m:[36m1515[0m - [1mAMZN raw_sentiment=+0.15 (local, 1 articles)[0m
[32m2026-09-09 17:47:41.905[0m | [34m[1mDEBUG   [0m | [36msrc.analysis.sentiment[0m:[36manalyse_sentiment[0m:[36m1571[0m - [34m[1mAMZN sentiment scaled +0.15 \u2192 +0.06 (count=1, sources=1, scale=0.42)[0m
[32m2026-09-09 17:47:44.240[0m | [1mINFO    [0m | [36msrc.analysis.sentiment[0m:[36manalyse_sentiment[0m:[36m1515[0m - [1mAMZN raw_sentiment=+0.00 (local, 1 articles)[0m
[32m2026-09-09 17:47:44.240[0m | [34m[1mDEBUG   [0m | [36msrc.analysis.sentiment[0m:[36manalyse_sentiment[0m:[36m1571[0m - [34m[1mAMZN sentiment scaled +0.00 \u2192 +0.00 (count=1, sources=1, scale=0.42)[0m
[32m2026-09-09 17:47:46.159[0m | [1mINFO    [0m | [36msrc.analysis.sentiment[0m:[36manalyse_sentiment[0m:[36m1515[0m - [1mAMZN raw_sentiment=-0.25 (local, 1 articles)[0m
[32m2026-09-09 17:47:46.159[0m | [34m[1mDEBUG   [0m | [36msrc.analysis.sentiment[0m:[36manalyse_sentiment[0m:[36m1571[0m - [34m[1mAMZN sentiment scaled -0.25 \u2192 -0.10 (count=1, sources=1, scale=0.41)[0m
[32m2026-09-09 17:47:48.101[0m | [1mINFO    [0m | [36msrc.analysis.sentiment[0m:[36manalyse_sentiment[0m:[36m1515[0m - [1mAMZN raw_sentiment=-0.25 (local, 1 articles)[0m
[32m2026-09-09 17:47:48.102[0m | [34m[1mDEBUG   [0m | [36msrc.analysis.sentiment[0m:[36manalyse_sentiment[0m:[36m1571[0m - [34m[1mAMZN sentiment scaled -0.25 \u2192 -0.10 (count=1, sources=1, scale=0.41)[0m
[32m2026-09-09 17:47:50.460[0m | [1mINFO    [0m | [36msrc.analysis.sentiment[0m:[36manalyse_sentiment[0m:[36m1515[0m - [1mAMZN raw_sentiment=+0.15 (local, 1 articles)[0m
[32m2026-09-09 17:47:50.461[0m | [34m[1mDEBUG   [0m | [36msrc.analysis.sentiment[0m:[36manalyse_sentiment[0m:[36m1571[0m - [34m[1mAMZN sentiment scaled +0.15 \u2192 +0.06 (count=1, sources=1, scale=0.40)[0m
[32m2026-09-09 17:47:51.676[0m | [1mINFO    [0m | [36msrc.analysis.sentiment[0m:[36manalyse_sentiment[0m:[36m1515[0m - [1mAMZN raw_sentiment=+0.00 (local, 1 articles)[0m
[32m2026-09-09 17:47:51.676[0m | [34m[1mDEBUG   [0m | [36msrc.analysis.sentiment[0m:[36manalyse_sentiment[0m:[36m1571[0m - [34m[1mAMZN sentiment scaled +0.00 \u2192 +0.00 (count=1, sources=1, scale=0.40)[0m
[32m2026-09-09 17:47:54.170[0m | [1mINFO    [0m | [36msrc.analysis.sentiment[0m:[36manalyse_sentiment[0m:[36m1515[0m - [1mAMZN raw_sentiment=-0.05 (local, 1 articles)[0m
[32m2026-09-09 17:47:54.170[0m | [34m[1mDEBUG   [0m | [36msrc.analysis.sentiment[0m:[36manalyse_sentiment[0m:[36m1571[0m - [34m[1mAMZN sentiment scaled -0.05 \u2192 -0.02 (count=1, sources=1, scale=0.40)[0m
[32m2026-09-09 17:47:56.275[0m | [1mINFO    [0m | [36msrc.analysis.sentiment[0m:[36manalyse_sentiment[0m:[36m1515[0m - [1mAMZN raw_sentiment=-0.05 (local, 1 articles)[0m
[32m2026-09-09 17:47:56.276[0m | [34m[1mDEBUG   [0m | [36msrc.analysis.sentiment[0m:[36manalyse_sentiment[0m:[36m1571[0m - [34m[1mAMZN sentiment scaled -0.05 \u2192 -0.02 (count=1, sources=1, scale=0.39)[0m
[32m2026-09-09 17:47:58.052[0m | [1mINFO    [0m | [36msrc.analysis.sentiment[0m:[36manalyse_sentiment[0m:[36m1515[0m - [1mAMZN raw_sentiment=-0.05 (local, 2 articles)[0m
[32m2026-09-09 17:47:58.052[0m | [34m[1mDEBUG   [0m | [36msrc.analysis.sentiment[0m:[36manalyse_sentiment[0m:[36m1571[0m - [34m[1mAMZN sentiment scaled -0.05 \u2192 -0.03 (count=2, sources=2, scale=0.53)[0m
[32m2026-09-09 17:47:59.844[0m | [1mINFO    [0m | [36msrc.analysis.sentiment[0m:[36manalyse_sentiment[0m:[36m1515[0m - [1mAMZN raw_sentiment=+0.00 (local, 2 articles)[0m
[32m2026-09-09 17:47:59.844[0m | [34m[1mDEBUG   [0m | [36msrc.analysis.sentiment[0m:[36manalyse_sentiment[0m:[36m1571[0m - [34m[1mAMZN sentiment scaled +0.00 \u2192 +0.00 (count=2, sources=2, scale=0.53)[0m
[32m2026-09-09 17:48:02.136[0m | [1mINFO    [0m | [36msrc.analysis.sentiment[0m:[36manalyse_sentiment[0m:[36m1515[0m - [1mAMZN raw_sentiment=-0.05 (local, 1 articles)[0m
[32m2026-09-09 17:48:02.136[0m | [34m[1mDEBUG   [0m | [36msrc.analysis.sentiment[0m:[36manalyse_sentiment[0m:[36m1571[0m - [34m[1mAMZN sentiment scaled -0.05 \u2192 -0.02 (count=1, sources=1, scale=0.38)[0m
[32m2026-09-09 17:48:03.828[0m | [1mINFO    [0m | [36msrc.analysis.sentiment[0m:[36manalyse_sentiment[0m:[36m1515[0m - [1mAMZN raw_sentiment=+0.25 (local, 2 articles)[0m
[32m2026-09-09 17:48:03.828[0m | [34m[1mDEBUG   [0m | [36msrc.analysis.sentiment[0m:[36manalyse_sentiment[0m:[36m1571[0m - [34m[1mAMZN sentiment scaled +0.25 \u2192 +0.13 (count=2, sources=2, scale=0.52)[0m
[32m2026-09-09 17:48:05.427[0m | [1mINFO    [0m | [36msrc.analysis.sentiment[0m:[36manalyse_sentiment[0m:[36m1515[0m - [1mAMZN raw_sentiment=+0.00 (local, 1 articles)[0m
[32m2026-09-09 17:48:05.427[0m | [34m[1mDEBUG   [0m | [36msrc.analysis.sentiment[0m:[36manalyse_sentiment[0m:[36m1571[0m - [34m[1mAMZN sentiment scaled +0.00 \u2192 +0.00 (count=1, sources=1, scale=0.36)[0m
[32m2026-09-09 17:48:07.831[0m | [1mINFO    [0m | [36msrc.analysis.sentiment[0m:[36manalyse_sentiment[0m:[36m1515[0m - [1mAMZN raw_sentiment=-0.05 (local, 1 articles)[0m
[32m2026-09-09 17:48:07.831[0m | [34m[1mDEBUG   [0m | [36msrc.analysis.sentiment[0m:[36manalyse_sentiment[0m:[36m1571[0m - [34m[1mAMZN sentiment scaled -0.05 \u2192 -0.02 (count=1, sources=1, scale=0.36)[0m
[32m2026-09-09 17:48:09.416[0m | [1mINFO    [0m | [36msrc.analysis.sentiment[0m:[36manalyse_sentiment[0m:[36m1515[0m - [1mBE raw_sentiment=+0.00 (local, 1 articles)[0m
[32m2026-09-09 17:48:09.416[0m | [34m[1mDEBUG   [0m | [36msrc.analysis.sentiment[0m:[36manalyse_sentiment[0m:[36m1571[0m - [34m[1mBE sentiment scaled +0.00 \u2192 +0.00 (count=1, sources=1, scale=0.42)[0m
[32m2026-09-09 17:48:11.143[0m | [1mINFO    [0m | [36msrc.analysis.sentiment[0m:[36manalyse_sentiment[0m:[36m1515[0m - [1mBE raw_sentiment=-0.05 (local, 1 articles)[0m
[32m2026-09-09 17:48:11.143[0m | [34m[1mDEBUG   [0m | [36msrc.analysis.sentiment[0m:[36manalyse_sentiment[0m:[36m1571[0m - [34m[1mBE sentiment scaled -0.05 \u2192 -0.02 (count=1, sources=1, scale=0.41)[0m
[32m2026-09-09 17:48:13.183[0m | [1mINFO    [0m | [36msrc.analysis.sentiment[0m:[36manalyse_sentiment[0m:[36m1515[0m - [1mBE raw_sentiment=-0.35 (local, 1 articles)[0m
[32m2026-09-09 17:48:13.183[0m | [34m[1mDEBUG   [0m | [36msrc.analysis.sentiment[0m:[36manalyse_sentiment[0m:[36m1571[0m - [34m[1mBE sentiment scaled -0.35 \u2192 -0.14 (count=1, sources=1, scale=0.41)[0m
[32m2026-09-09 17:48:15.387[0m | [1mINFO    [0m | [36msrc.analysis.sentiment[0m:[36manalyse_sentiment[0m:[36m1515[0m - [1mBE raw_sentiment=-0.05 (local, 1 articles)[0m
[32m2026-09-09 17:48:15.387[0m | [34m[1mDEBUG   [0m | [36msrc.analysis.sentiment[0m:[36manalyse_sentiment[0m:[36m1571[0m - [34m[1mBE sentiment scaled -0.05 \u2192 -0.02 (count=1, sources=1, scale=0.40)[0m
[32m2026-09-09 17:48:17.685[0m | [1mINFO    [0m | [36msrc.analysis.sentiment[0m:[36manalyse_sentiment[0m:[36m1515[0m - [1mBE raw_sentiment=-0.15 (local, 1 articles)[0m
[32m2026-09-09 17:48:17.685[0m | [34m[1mDEBUG   [0m | [36msrc.analysis.sentiment[0m:[36manalyse_sentiment[0m:[36m1571[0m - [34m[1mBE sentiment scaled -0.15 \u2192 -0.06 (count=1, sources=1, scale=0.40)[0m
[32m2026-09-09 17:48:19.600[0m | [1mINFO    [0m | [36msrc.analysis.sentiment[0m:[36manalyse_sentiment[0m:[36m1515[0m - [1mBE raw_sentiment=+0.00 (local, 1 articles)[0m
[32m2026-09-09 17:48:19.600[0m | [34m[1mDEBUG   [0m | [36msrc.analysis.sentiment[0m:[36manalyse_sentiment[0m:[36m1571[0m - [34m[1mBE sentiment scaled +0.00 \u2192 +0.00 (count=1, sources=1, scale=0.38)[0m
[32m2026-09-09 17:48:21.736[0m | [1mINFO    [0m | [36msrc.analysis.sentiment[0m:[36manalyse_sentiment[0m:[36m1515[0m - [1mBE raw_sentiment=+0.15 (local, 1 articles)[0m
[32m2026-09-09 17:48:21.737[0m | [34m[1mDEBUG   [0m | [36msrc.analysis.sentiment[0m:[36manalyse_sentiment[0m:[36m1571[0m - [34m[1mBE sentiment scaled +0.15 \u2192 +0.05 (count=1, sources=1, scale=0.36)[0m
[32m2026-09-09 17:48:24.315[0m | [1mINFO    [0m | [36msrc.analysis.sentiment[0m:[36manalyse_sentiment[0m:[36m1515[0m - [1mBE raw_sentiment=+0.35 (local, 1 articles)[0m
[32m2026-09-09 17:48:24.315[0m | [34m[1mDEBUG   [0m | [36msrc.analysis.sentiment[0m:[36manalyse_sentiment[0m:[36m1571[0m - [34m[1mBE sentiment scaled +0.35 \u2192 +0.12 (count=1, sources=1, scale=0.35)[0m
[32m2026-09-09 17:48:26.166[0m | [1mINFO    [0m | [36msrc.analysis.sentiment[0m:[36manalyse_sentiment[0m:[36m1515[0m - [1mBE raw_sentiment=+0.15 (local, 1 articles)[0m
[32m2026-09-09 17:48:26.166[0m | [34m[1mDEBUG   [0m | [36msrc.analysis.sentiment[0m:[36manalyse_sentiment[0m:[36m1571[0m - [34m[1mBE sentiment scaled +0.15 \u2192 +0.05 (count=1, sources=1, scale=0.33)[0m
[32m2026-09-09 17:48:28.993[0m | [1mINFO    [0m | [36msrc.analysis.sentiment[0m:[36manalyse_sentiment[0m:[36m1515[0m - [1mBE raw_sentiment=-0.05 (local, 1 articles)[0m
[32m2026-09-09 17:48:28.994[0m | [34m[1mDEBUG   [0m | [36msrc.analysis.sentiment[0m:[36manalyse_sentiment[0m:[36m1571[0m - [34m[1mBE sentiment scaled -0.05 \u2192 -0.02 (count=1, sources=1, scale=0.32)[0m
[32m2026-09-09 17:48:30.781[0m | [1mINFO    [0m | [36msrc.analysis.sentiment[0m:[36manalyse_sentiment[0m:[36m1515[0m - [1mBE raw_sentiment=+0.00 (local, 1 articles)[0m
[32m2026-09-09 17:48:30.781[0m | [34m[1mDEBUG   [0m | [36msrc.analysis.sentiment[0m:[36manalyse_sentiment[0m:[36m1571[0m - [34m[1mBE sentiment scaled +0.00 \u2192 +0.00 (count=1, sources=1, scale=0.32)[0m
[32m2026-09-09 17:48:33.262[0m | [1mINFO    [0m | [36msrc.analysis.sentiment[0m:[36manalyse_sentiment[0m:[36m1515[0m - [1mBE raw_sentiment=+0.65 (local, 1 articles)[0m
[32m2026-09-09 17:48:33.263[0m | [34m[1mDEBUG   [0m | [36msrc.analysis.sentiment[0m:[36manalyse_sentiment[0m:[36m1571[0m - [34m[1mBE sentiment scaled +0.65 \u2192 +0.21 (count=1, sources=1, scale=0.32)[0m
[32m2026-09-09 17:48:35.177[0m | [1mINFO    [0m | [36msrc.analysis.sentiment[0m:[36manalyse_sentiment[0m:[36m1515[0m - [1mBE raw_sentiment=+0.05 (local, 1 articles)[0m
[32m2026-09-09 17:48:35.177[0m | [34m[1mDEBUG   [0m | [36msrc.analysis.sentiment[0m:[36manalyse_sentiment[0m:[36m1571[0m - [34m[1mBE sentiment scaled +0.05 \u2192 +0.02 (count=1, sources=1, scale=0.32)[0m
  2026-06-24: 2 tickers in 62s
[32m2026-09-09 17:48:38.313[0m | [1mINFO    [0m | [36msrc.analysis.sentiment[0m:[36manalyse_sentiment[0m:[36m1515[0m - [1mADMA raw_sentiment=-0.35 (local, 6 articles)[0m
[32m2026-09-09 17:48:38.314[0m | [34m[1mDEBUG   [0m | [36msrc.analysis.sentiment[0m:[36manalyse_sentiment[0m:[36m1571[0m - [34m[1mADMA sentiment scaled -0.35 \u2192 -0.17 (count=6, sources=1, scale=0.47)[0m
[32m2026-09-09 17:48:40.967[0m | [1mINFO    [0m | [36msrc.analysis.sentiment[0m:[36manalyse_sentiment[0m:[36m1515[0m - [1mADMA raw_sentiment=-0.65 (local, 2 articles)[0m
[32m2026-09-09 17:48:40.967[0m | [34m[1mDEBUG   [0m | [36msrc.analysis.sentiment[0m:[36manalyse_sentiment[0m:[36m1571[0m - [34m[1mADMA sentiment scaled -0.65 \u2192 -0.26 (count=2, sources=1, scale=0.40)[0m
[32m2026-09-09 17:48:43.731[0m | [1mINFO    [0m | [36msrc.analysis.sentiment[0m:[36manalyse_sentiment[0m:[36m1515[0m - [1mARM raw_sentiment=-0.05 (local, 1 articles)[0m
[32m2026-09-09 17:48:43.731[0m | [34m[1mDEBUG   [0m | [36msrc.analysis.sentiment[0m:[36manalyse_sentiment[0m:[36m1571[0m - [34m[1mARM sentiment scaled -0.05 \u2192 -0.02 (count=1, sources=1, scale=0.42)[0m
[32m2026-09-09 17:48:45.930[0m | [1mINFO    [0m | [36msrc.analysis.sentiment[0m:[36manalyse_sentiment[0m:[36m1515[0m - [1mARM raw_sentiment=+0.65 (local, 1 articles)[0m
[32m2026-09-09 17:48:45.930[0m | [34m[1mDEBUG   [0m | [36msrc.analysis.sentiment[0m:[36manalyse_sentiment[0m:[36m1571[0m - [34m[1mARM sentiment scaled +0.65 \u2192 +0.27 (count=1, sources=1, scale=0.41)[0m
[32m2026-09-09 17:48:47.960[0m | [1mINFO    [0m | [36msrc.analysis.sentiment[0m:[36manalyse_sentiment[0m:[36m1515[0m - [1mARM raw_sentiment=+0.25 (local, 1 articles)[0m
[32m2026-09-09 17:48:47.960[0m | [34m[1mDEBUG   [0m | [36msrc.analysis.sentiment[0m:[36manalyse_sentiment[0m:[36m1571[0m - [34m[1mARM sentiment scaled +0.25 \u2192 +0.10 (count=1, sources=1, scale=0.39)[0m
[32m2026-09-09 17:48:49.950[0m | [1mINFO    [0m | [36msrc.analysis.sentiment[0m:[36manalyse_sentiment[0m:[36m1515[0m - [1mARM raw_sentiment=-0.15 (local, 1 articles)[0m
[32m2026-09-09 17:48:49.950[0m | [34m[1mDEBUG   [0m | [36msrc.analysis.sentiment[0m:[36manalyse_sentiment[0m:[36m1571[0m - [34m[1mARM sentiment scaled -0.15 \u2192 -0.06 (count=1, sources=1, scale=0.39)[0m
[32m2026-09-09 17:48:51.541[0m | [1mINFO    [0m | [36msrc.analysis.sentiment[0m:[36manalyse_sentiment[0m:[36m1515[0m - [1mARM raw_sentiment=+0.00 (local, 3 articles)[0m
[32m2026-09-09 17:48:51.542[0m | [34m[1mDEBUG   [0m | [36msrc.analysis.sentiment[0m:[36manalyse_sentiment[0m:[36m1571[0m - [34m[1mARM sentiment scaled +0.00 \u2192 +0.00 (count=3, sources=1, scale=0.42)[0m
[32m2026-09-09 17:48:53.636[0m | [1mINFO    [0m | [36msrc.analysis.sentiment[0m:[36manalyse_sentiment[0m:[36m1515[0m - [1mARM raw_sentiment=+0.00 (local, 1 articles)[0m
[32m2026-09-09 17:48:53.636[0m | [34m[1mDEBUG   [0m | [36msrc.analysis.sentiment[0m:[36manalyse_sentiment[0m:[36m1571[0m - [34m[1mARM sentiment scaled +0.00 \u2192 +0.00 (count=1, sources=1, scale=0.36)[0m
[32m2026-09-09 17:48:55.867[0m | [1mINFO    [0m | [36msrc.analysis.sentiment[0m:[36manalyse_sentiment[0m:[36m1515[0m - [1mARM raw_sentiment=-0.05 (local, 1 articles)[0m
[32m2026-09-09 17:48:55.867[0m | [34m[1mDEBUG   [0m | [36msrc.analysis.sentiment[0m:[36manalyse_sentiment[0m:[36m1571[0m - [34m[1mARM sentiment scaled -0.05 \u2192 -0.02 (count=1, sources=1, scale=0.36)[0m
[32m2026-09-09 17:48:57.925[0m | [1mINFO    [0m | [36msrc.analysis.sentiment[0m:[36manalyse_sentiment[0m:[36m1515[0m - [1mARM raw_sentiment=-0.15 (local, 1 articles)[0m
[32m2026-09-09 17:48:57.926[0m | [34m[1mDEBUG   [0m | [36msrc.analysis.sentiment[0m:[36manalyse_sentiment[0m:[36m1571[0m - [34m[1mARM sentiment scaled -0.15 \u2192 -0.05 (count=1, sources=1, scale=0.36)[0m
[32m2026-09-09 17:48:59.896[0m | [1mINFO    [0m | [36msrc.analysis.sentiment[0m:[36manalyse_sentiment[0m:[36m1515[0m - [1mARM raw_sentiment=-0.05 (local, 1 articles)[0m
[32m2026-09-09 17:48:59.897[0m | [34m[1mDEBUG   [0m | [36msrc.analysis.sentiment[0m:[36manalyse_sentiment[0m:[36m1571[0m - [34m[1mARM sentiment scaled -0.05 \u2192 -0.02 (count=1, sources=1, scale=0.35)[0m
[32m2026-09-09 17:49:01.552[0m | [1mINFO    [0m | [36msrc.analysis.sentiment[0m:[36manalyse_sentiment[0m:[36m1515[0m - [1mARM raw_sentiment=+0.65 (local, 1 articles)[0m
[32m2026-09-09 17:49:01.552[0m | [34m[1mDEBUG   [0m | [36msrc.analysis.sentiment[0m:[36manalyse_sentiment[0m:[36m1571[0m - [34m[1mARM sentiment scaled +0.65 \u2192 +0.22 (count=1, sources=1, scale=0.33)[0m
[32m2026-09-09 17:49:03.067[0m | [1mINFO    [0m | [36msrc.analysis.sentiment[0m:[36manalyse_sentiment[0m:[36m1515[0m - [1mARM raw_sentiment=+0.65 (local, 1 articles)[0m
[32m2026-09-09 17:49:03.068[0m | [34m[1mDEBUG   [0m | [36msrc.analysis.sentiment[0m:[36manalyse_sentiment[0m:[36m1571[0m - [34m[1mARM sentiment scaled +0.65 \u2192 +0.21 (count=1, sources=1, scale=0.32)[0m
[32m2026-09-09 17:49:04.932[0m | [1mINFO    [0m | [36msrc.analysis.sentiment[0m:[36manalyse_sentiment[0m:[36m1515[0m - [1mASTS raw_sentiment=-0.15 (local, 2 articles)[0m
[32m2026-09-09 17:49:04.933[0m | [34m[1mDEBUG   [0m | [36msrc.analysis.sentiment[0m:[36manalyse_sentiment[0m:[36m1571[0m - [34m[1mASTS sentiment scaled -0.15 \u2192 -0.07 (count=2, sources=2, scale=0.49)[0m
[32m2026-09-09 17:49:07.034[0m | [1mINFO    [0m | [36msrc.analysis.sentiment[0m:[36manalyse_sentiment[0m:[36m1515[0m - [1mASTS raw_sentiment=+0.25 (local, 1 articles)[0m
[32m2026-09-09 17:49:07.034[0m | [34m[1mDEBUG   [0m | [36msrc.analysis.sentiment[0m:[36manalyse_sentiment[0m:[36m1571[0m - [34m[1mASTS sentiment scaled +0.25 \u2192 +0.09 (count=1, sources=1, scale=0.36)[0m
[32m2026-09-09 17:49:09.135[0m | [1mINFO    [0m | [36msrc.analysis.sentiment[0m:[36manalyse_sentiment[0m:[36m1515[0m - [1mASTS raw_sentiment=+0.25 (local, 1 articles)[0m
[32m2026-09-09 17:49:09.135[0m | [34m[1mDEBUG   [0m | [36msrc.analysis.sentiment[0m:[36manalyse_sentiment[0m:[36m1571[0m - [34m[1mASTS sentiment scaled +0.25 \u2192 +0.09 (count=1, sources=1, scale=0.36)[0m
[32m2026-09-09 17:49:11.160[0m | [1mINFO    [0m | [36msrc.analysis.sentiment[0m:[36manalyse_sentiment[0m:[36m1515[0m - [1mASTS raw_sentiment=-0.15 (local, 1 articles)[0m
[32m2026-09-09 17:49:11.160[0m | [34m[1mDEBUG   [0m | [36msrc.analysis.sentiment[0m:[36manalyse_sentiment[0m:[36m1571[0m - [34m[1mASTS sentiment scaled -0.15 \u2192 -0.05 (count=1, sources=1, scale=0.33)[0m
[32m2026-09-09 17:49:13.318[0m | [1mINFO    [0m | [36msrc.analysis.sentiment[0m:[36manalyse_sentiment[0m:[36m1515[0m - [1mASTS raw_sentiment=+0.05 (local, 1 articles)[0m
[32m2026-09-09 17:49:13.318[0m | [34m[1mDEBUG   [0m | [36msrc.analysis.sentiment[0m:[36manalyse_sentiment[0m:[36m1571[0m - [34m[1mASTS sentiment scaled +0.05 \u2192 +0.02 (count=1, sources=1, scale=0.33)[0m
[32m2026-09-09 17:49:15.489[0m | [1mINFO    [0m | [36msrc.analysis.sentiment[0m:[36manalyse_sentiment[0m:[36m1515[0m - [1mASTS raw_sentiment=+0.35 (local, 1 articles)[0m
[32m2026-09-09 17:49:15.489[0m | [34m[1mDEBUG   [0m | [36msrc.analysis.sentiment[0m:[36manalyse_sentiment[0m:[36m1571[0m - [34m[1mASTS sentiment scaled +0.35 \u2192 +0.11 (count=1, sources=1, scale=0.32)[0m
[32m2026-09-09 17:49:17.524[0m | [1mINFO    [0m | [36msrc.analysis.sentiment[0m:[36manalyse_sentiment[0m:[36m1515[0m - [1mASTS raw_sentiment=-0.05 (local, 1 articles)[0m
[32m2026-09-09 17:49:17.524[0m | [34m[1mDEBUG   [0m | [36msrc.analysis.sentiment[0m:[36manalyse_sentiment[0m:[36m1571[0m - [34m[1mASTS sentiment scaled -0.05 \u2192 -0.02 (count=1, sources=1, scale=0.32)[0m
[32m2026-09-09 17:49:20.193[0m | [1mINFO    [0m | [36msrc.analysis.sentiment[0m:[36manalyse_sentiment[0m:[36m1515[0m - [1mASTS raw_sentiment=+0.05 (local, 1 articles)[0m
[32m2026-09-09 17:49:20.194[0m | [34m[1mDEBUG   [0m | [36msrc.analysis.sentiment[0m:[36manalyse_sentiment[0m:[36m1571[0m - [34m[1mASTS sentiment scaled +0.05 \u2192 +0.02 (count=1, sources=1, scale=0.32)[0m
[32m2026-09-09 17:49:22.396[0m | [1mINFO    [0m | [36msrc.analysis.sentiment[0m:[36manalyse_sentiment[0m:[36m1515[0m - [1mASTS raw_sentiment=+0.15 (local, 1 articles)[0m
[32m2026-09-09 17:49:22.396[0m | [34m[1mDEBUG   [0m | [36msrc.analysis.sentiment[0m:[36manalyse_sentiment[0m:[36m1571[0m - [34m[1mASTS sentiment scaled +0.15 \u2192 +0.05 (count=1, sources=1, scale=0.32)[0m
  2026-06-25: 3 tickers in 46s
[32m2026-09-09 17:49:25.258[0m | [1mINFO    [0m | [36msrc.analysis.sentiment[0m:[36manalyse_sentiment[0m:[36m1515[0m - [1mAVAV raw_sentiment=+0.00 (local, 1 articles)[0m
[32m2026-09-09 17:49:25.258[0m | [34m[1mDEBUG   [0m | [36msrc.analysis.sentiment[0m:[36manalyse_sentiment[0m:[36m1571[0m - [34m[1mAVAV sentiment scaled +0.00 \u2192 +0.00 (count=1, sources=1, scale=0.42)[0m
[32m2026-09-09 17:49:27.611[0m | [1mINFO    [0m | [36msrc.analysis.sentiment[0m:[36manalyse_sentiment[0m:[36m1515[0m - [1mAVAV raw_sentiment=-0.25 (local, 1 articles)[0m
[32m2026-09-09 17:49:27.611[0m | [34m[1mDEBUG   [0m | [36msrc.analysis.sentiment[0m:[36manalyse_sentiment[0m:[36m1571[0m - [34m[1mAVAV sentiment scaled -0.25 \u2192 -0.10 (count=1, sources=1, scale=0.42)[0m
[32m2026-09-09 17:49:30.080[0m | [1mINFO    [0m | [36msrc.analysis.sentiment[0m:[36manalyse_sentiment[0m:[36m1515[0m - [1mAVAV raw_sentiment=-0.35 (local, 5 articles)[0m
[32m2026-09-09 17:49:30.080[0m | [34m[1mDEBUG   [0m | [36msrc.analysis.sentiment[0m:[36manalyse_sentiment[0m:[36m1571[0m - [34m[1mAVAV sentiment scaled -0.35 \u2192 -0.15 (count=5, sources=1, scale=0.44)[0m
[32m2026-09-09 17:49:32.240[0m | [1mINFO    [0m | [36msrc.analysis.sentiment[0m:[36manalyse_sentiment[0m:[36m1515[0m - [1mAVAV raw_sentiment=+0.15 (local, 1 articles)[0m
[32m2026-09-09 17:49:32.240[0m | [34m[1mDEBUG   [0m | [36msrc.analysis.sentiment[0m:[36manalyse_sentiment[0m:[36m1571[0m - [34m[1mAVAV sentiment scaled +0.15 \u2192 +0.06 (count=1, sources=1, scale=0.40)[0m
[32m2026-09-09 17:49:34.135[0m | [1mINFO    [0m | [36msrc.analysis.sentiment[0m:[36manalyse_sentiment[0m:[36m1515[0m - [1mAVAV raw_sentiment=+0.15 (local, 1 articles)[0m
[32m2026-09-09 17:49:34.135[0m | [34m[1mDEBUG   [0m | [36msrc.analysis.sentiment[0m:[36manalyse_sentiment[0m:[36m1571[0m - [34m[1mAVAV sentiment scaled +0.15 \u2192 +0.06 (count=1, sources=1, scale=0.40)[0m
[32m2026-09-09 17:49:36.174[0m | [1mINFO    [0m | [36msrc.analysis.sentiment[0m:[36manalyse_sentiment[0m:[36m1515[0m - [1mAVAV raw_sentiment=-0.85 (local, 1 articles)[0m
[32m2026-09-09 17:49:36.174[0m | [34m[1mDEBUG   [0m | [36msrc.analysis.sentiment[0m:[36manalyse_sentiment[0m:[36m1571[0m - [34m[1mAVAV sentiment scaled -0.85 \u2192 -0.30 (count=1, sources=1, scale=0.35)[0m
[32m2026-09-09 17:49:37.919[0m | [1mINFO    [0m | [36msrc.analysis.sentiment[0m:[36manalyse_sentiment[0m:[36m1515[0m - [1mAVAV raw_sentiment=+0.00 (local, 1 articles)[0m
[32m2026-09-09 17:49:37.920[0m | [34m[1mDEBUG   [0m | [36msrc.analysis.sentiment[0m:[36manalyse_sentiment[0m:[36m1571[0m - [34m[1mAVAV sentiment scaled +0.00 \u2192 +0.00 (count=1, sources=1, scale=0.35)[0m
[32m2026-09-09 17:49:39.876[0m | [1mINFO    [0m | [36msrc.analysis.sentiment[0m:[36manalyse_sentiment[0m:[36m1515[0m - [1mAVAV raw_sentiment=-0.05 (local, 1 articles)[0m
[32m2026-09-09 17:49:39.876[0m | [34m[1mDEBUG   [0m | [36msrc.analysis.sentiment[0m:[36manalyse_sentiment[0m:[36m1571[0m - [34m[1mAVAV sentiment scaled -0.05 \u2192 -0.02 (count=1, sources=1, scale=0.35)[0m
[32m2026-09-09 17:49:41.965[0m | [1mINFO    [0m | [36msrc.analysis.sentiment[0m:[36manalyse_sentiment[0m:[36m1515[0m - [1mAVAV raw_sentiment=+0.05 (local, 1 articles)[0m
[32m2026-09-09 17:49:41.965[0m | [34m[1mDEBUG   [0m | [36msrc.analysis.sentiment[0m:[36manalyse_sentiment[0m:[36m1571[0m - [34m[1mAVAV sentiment scaled +0.05 \u2192 +0.02 (count=1, sources=1, scale=0.33)[0m
[32m2026-09-09 17:49:43.858[0m | [1mINFO    [0m | [36msrc.analysis.sentiment[0m:[36manalyse_sentiment[0m:[36m1515[0m - [1mAVAV raw_sentiment=-0.65 (local, 1 articles)[0m
[32m2026-09-09 17:49:43.858[0m | [34m[1mDEBUG   [0m | [36msrc.analysis.sentiment[0m:[36manalyse_sentiment[0m:[36m1571[0m - [34m[1mAVAV sentiment scaled -0.65 \u2192 -0.22 (count=1, sources=1, scale=0.33)[0m
[32m2026-09-09 17:49:46.127[0m | [1mINFO    [0m | [36msrc.analysis.sentiment[0m:[36manalyse_sentiment[0m:[36m1515[0m - [1mAVAV raw_sentiment=-0.05 (local, 1 articles)[0m
[32m2026-09-09 17:49:46.127[0m | [34m[1mDEBUG   [0m | [36msrc.analysis.sentiment[0m:[36manalyse_sentiment[0m:[36m1571[0m - [34m[1mAVAV sentiment scaled -0.05 \u2192 -0.02 (count=1, sources=1, scale=0.32)[0m
[32m2026-09-09 17:49:48.703[0m | [1mINFO    [0m | [36msrc.analysis.sentiment[0m:[36manalyse_sentiment[0m:[36m1515[0m - [1mAVAV raw_sentiment=+0.20 (local, 1 articles)[0m
[32m2026-09-09 17:49:48.703[0m | [34m[1mDEBUG   [0m | [36msrc.analysis.sentiment[0m:[36manalyse_sentiment[0m:[36m1571[0m - [34m[1mAVAV sentiment scaled +0.20 \u2192 +0.06 (count=1, sources=1, scale=0.32)[0m
[32m2026-09-09 17:49:50.715[0m | [1mINFO    [0m | [36msrc.analysis.sentiment[0m:[36manalyse_sentiment[0m:[36m1515[0m - [1mAVAV raw_sentiment=+0.05 (local, 1 articles)[0m
[32m2026-09-09 17:49:50.716[0m | [34m[1mDEBUG   [0m | [36msrc.analysis.sentiment[0m:[36manalyse_sentiment[0m:[36m1571[0m - [34m[1mAVAV sentiment scaled +0.05 \u2192 +0.02 (count=1, sources=1, scale=0.32)[0m
[32m2026-09-09 17:49:52.925[0m | [1mINFO    [0m | [36msrc.analysis.sentiment[0m:[36manalyse_sentiment[0m:[36m1515[0m - [1mAVAV raw_sentiment=-0.25 (local, 1 articles)[0m
[32m2026-09-09 17:49:52.925[0m | [34m[1mDEBUG   [0m | [36msrc.analysis.sentiment[0m:[36manalyse_sentiment[0m:[36m1571[0m - [34m[1mAVAV sentiment scaled -0.25 \u2192 -0.08 (count=1, sources=1, scale=0.32)[0m
  2026-06-26: 1 tickers in 30s
[32m2026-09-09 17:49:55.894[0m | [1mINFO    [0m | [36msrc.analysis.sentiment[0m:[36manalyse_sentiment[0m:[36m1515[0m - [1mABBV raw_sentiment=-0.45 (local, 1 articles)[0m
[32m2026-09-09 17:49:55.894[0m | [34m[1mDEBUG   [0m | [36msrc.analysis.sentiment[0m:[36manalyse_sentiment[0m:[36m1571[0m - [34m[1mABBV sentiment scaled -0.45 \u2192 -0.19 (count=1, sources=1, scale=0.41)[0m
[32m2026-09-09 17:49:58.187[0m | [1mINFO    [0m | [36msrc.analysis.sentiment[0m:[36manalyse_sentiment[0m:[36m1515[0m - [1mABBV raw_sentiment=-0.15 (local, 1 articles)[0m
[32m2026-09-09 17:49:58.187[0m | [34m[1mDEBUG   [0m | [36msrc.analysis.sentiment[0m:[36manalyse_sentiment[0m:[36m1571[0m - [34m[1mABBV sentiment scaled -0.15 \u2192 -0.06 (count=1, sources=1, scale=0.40)[0m
[32m2026-09-09 17:50:00.269[0m | [1mINFO    [0m | [36msrc.analysis.sentiment[0m:[36manalyse_sentiment[0m:[36m1515[0m - [1mABBV raw_sentiment=-0.15 (local, 1 articles)[0m
[32m2026-09-09 17:50:00.269[0m | [34m[1mDEBUG   [0m | [36msrc.analysis.sentiment[0m:[36manalyse_sentiment[0m:[36m1571[0m - [34m[1mABBV sentiment scaled -0.15 \u2192 -0.05 (count=1, sources=1, scale=0.36)[0m
[32m2026-09-09 17:50:02.859[0m | [1mINFO    [0m | [36msrc.analysis.sentiment[0m:[36manalyse_sentiment[0m:[36m1515[0m - [1mABBV raw_sentiment=+0.25 (local, 3 articles)[0m
[32m2026-09-09 17:50:02.859[0m | [34m[1mDEBUG   [0m | [36msrc.analysis.sentiment[0m:[36manalyse_sentiment[0m:[36m1571[0m - [34m[1mABBV sentiment scaled +0.25 \u2192 +0.12 (count=3, sources=2, scale=0.47)[0m
[32m2026-09-09 17:50:04.677[0m | [1mINFO    [0m | [36msrc.analysis.sentiment[0m:[36manalyse_sentiment[0m:[36m1515[0m - [1mABBV raw_sentiment=-0.05 (local, 1 articles)[0m
[32m2026-09-09 17:50:04.677[0m | [34m[1mDEBUG   [0m | [36msrc.analysis.sentiment[0m:[36manalyse_sentiment[0m:[36m1571[0m - [34m[1mABBV sentiment scaled -0.05 \u2192 -0.02 (count=1, sources=1, scale=0.35)[0m
[32m2026-09-09 17:50:06.606[0m | [1mINFO    [0m | [36msrc.analysis.sentiment[0m:[36manalyse_sentiment[0m:[36m1515[0m - [1mABBV raw_sentiment=+0.15 (local, 1 articles)[0m
[32m2026-09-09 17:50:06.607[0m | [34m[1mDEBUG   [0m | [36msrc.analysis.sentiment[0m:[36manalyse_sentiment[0m:[36m1571[0m - [34m[1mABBV sentiment scaled +0.15 \u2192 +0.05 (count=1, sources=1, scale=0.32)[0m
[32m2026-09-09 17:50:08.976[0m | [1mINFO    [0m | [36msrc.analysis.sentiment[0m:[36manalyse_sentiment[0m:[36m1515[0m - [1mABBV raw_sentiment=-0.15 (local, 1 articles)[0m
[32m2026-09-09 17:50:08.976[0m | [34m[1mDEBUG   [0m | [36msrc.analysis.sentiment[0m:[36manalyse_sentiment[0m:[36m1571[0m - [34m[1mABBV sentiment scaled -0.15 \u2192 -0.05 (count=1, sources=1, scale=0.32)[0m
[32m2026-09-09 17:50:11.044[0m | [1mINFO    [0m | [36msrc.analysis.sentiment[0m:[36manalyse_sentiment[0m:[36m1515[0m - [1mABBV raw_sentiment=+0.55 (local, 1 articles)[0m
[32m2026-09-09 17:50:11.044[0m | [34m[1mDEBUG   [0m | [36msrc.analysis.sentiment[0m:[36manalyse_sentiment[0m:[36m1571[0m - [34m[1mABBV sentiment scaled +0.55 \u2192 +0.17 (count=1, sources=1, scale=0.32)[0m
[32m2026-09-09 17:50:13.472[0m | [1mINFO    [0m | [36msrc.analysis.sentiment[0m:[36manalyse_sentiment[0m:[36m1515[0m - [1mABBV raw_sentiment=+0.15 (local, 1 articles)[0m
[32m2026-09-09 17:50:13.472[0m | [34m[1mDEBUG   [0m | [36msrc.analysis.sentiment[0m:[36manalyse_sentiment[0m:[36m1571[0m - [34m[1mABBV sentiment scaled +0.15 \u2192 +0.05 (count=1, sources=1, scale=0.32)[0m
[32m2026-09-09 17:50:14.990[0m | [1mINFO    [0m | [36msrc.analysis.sentiment[0m:[36manalyse_sentiment[0m:[36m1515[0m - [1mABBV raw_sentiment=-0.15 (local, 1 articles)[0m
[32m2026-09-09 17:50:14.990[0m | [34m[1mDEBUG   [0m | [36msrc.analysis.sentiment[0m:[36manalyse_sentiment[0m:[36m1571[0m - [34m[1mABBV sentiment scaled -0.15 \u2192 -0.05 (count=1, sources=1, scale=0.32)[0m
[32m2026-09-09 17:50:17.830[0m | [1mINFO    [0m | [36msrc.analysis.sentiment[0m:[36manalyse_sentiment[0m:[36m1515[0m - [1mABBV raw_sentiment=+0.15 (local, 1 articles)[0m
[32m2026-09-09 17:50:17.830[0m | [34m[1mDEBUG   [0m | [36msrc.analysis.sentiment[0m:[36manalyse_sentiment[0m:[36m1571[0m - [34m[1mABBV sentiment scaled +0.15 \u2192 +0.05 (count=1, sources=1, scale=0.32)[0m
  2026-07-01: 1 tickers in 24s
[32m2026-09-09 17:50:20.987[0m | [1mINFO    [0m | [36msrc.analysis.sentiment[0m:[36manalyse_sentiment[0m:[36m1515[0m - [1mAA raw_sentiment=+0.65 (local, 1 articles)[0m
[32m2026-09-09 17:50:20.988[0m | [34m[1mDEBUG   [0m | [36msrc.analysis.sentiment[0m:[36manalyse_sentiment[0m:[36m1571[0m - [34m[1mAA sentiment scaled +0.65 \u2192 +0.28 (count=1, sources=1, scale=0.43)[0m
[32m2026-09-09 17:50:23.522[0m | [1mINFO    [0m | [36msrc.analysis.sentiment[0m:[36manalyse_sentiment[0m:[36m1515[0m - [1mAA raw_sentiment=+0.00 (local, 1 articles)[0m
[32m2026-09-09 17:50:23.523[0m | [34m[1mDEBUG   [0m | [36msrc.analysis.sentiment[0m:[36manalyse_sentiment[0m:[36m1571[0m - [34m[1mAA sentiment scaled +0.00 \u2192 +0.00 (count=1, sources=1, scale=0.43)[0m
[32m2026-09-09 17:50:25.653[0m | [1mINFO    [0m | [36msrc.analysis.sentiment[0m:[36manalyse_sentiment[0m:[36m1515[0m - [1mAA raw_sentiment=-0.65 (local, 5 articles)[0m
[32m2026-09-09 17:50:25.653[0m | [34m[1mDEBUG   [0m | [36msrc.analysis.sentiment[0m:[36manalyse_sentiment[0m:[36m1571[0m - [34m[1mAA sentiment scaled -0.65 \u2192 -0.52 (count=5, sources=4, scale=0.80)[0m
[32m2026-09-09 17:50:27.888[0m | [1mINFO    [0m | [36msrc.analysis.sentiment[0m:[36manalyse_sentiment[0m:[36m1515[0m - [1mAA raw_sentiment=+0.00 (local, 1 articles)[0m
[32m2026-09-09 17:50:27.888[0m | [34m[1mDEBUG   [0m | [36msrc.analysis.sentiment[0m:[36manalyse_sentiment[0m:[36m1571[0m - [34m[1mAA sentiment scaled +0.00 \u2192 +0.00 (count=1, sources=1, scale=0.39)[0m
[32m2026-09-09 17:50:29.754[0m | [1mINFO    [0m | [36msrc.analysis.sentiment[0m:[36manalyse_sentiment[0m:[36m1515[0m - [1mAA raw_sentiment=+0.15 (local, 1 articles)[0m
[32m2026-09-09 17:50:29.754[0m | [34m[1mDEBUG   [0m | [36msrc.analysis.sentiment[0m:[36manalyse_sentiment[0m:[36m1571[0m - [34m[1mAA sentiment scaled +0.15 \u2192 +0.05 (count=1, sources=1, scale=0.32)[0m
[32m2026-09-09 17:50:32.033[0m | [1mINFO    [0m | [36msrc.analysis.sentiment[0m:[36manalyse_sentiment[0m:[36m1515[0m - [1mAMBA raw_sentiment=+0.05 (local, 1 articles)[0m
[32m2026-09-09 17:50:32.033[0m | [34m[1mDEBUG   [0m | [36msrc.analysis.sentiment[0m:[36manalyse_sentiment[0m:[36m1571[0m - [34m[1mAMBA sentiment scaled +0.05 \u2192 +0.02 (count=1, sources=1, scale=0.40)[0m
[32m2026-09-09 17:50:33.908[0m | [1mINFO    [0m | [36msrc.analysis.sentiment[0m:[36manalyse_sentiment[0m:[36m1515[0m - [1mAMBA raw_sentiment=+0.75 (local, 1 articles)[0m
[32m2026-09-09 17:50:33.908[0m | [34m[1mDEBUG   [0m | [36msrc.analysis.sentiment[0m:[36manalyse_sentiment[0m:[36m1571[0m - [34m[1mAMBA sentiment scaled +0.75 \u2192 +0.27 (count=1, sources=1, scale=0.37)[0m
[32m2026-09-09 17:50:36.153[0m | [1mINFO    [0m | [36msrc.analysis.sentiment[0m:[36manalyse_sentiment[0m:[36m1515[0m - [1mAMBA raw_sentiment=+0.25 (local, 1 articles)[0m
[32m2026-09-09 17:50:36.153[0m | [34m[1mDEBUG   [0m | [36msrc.analysis.sentiment[0m:[36manalyse_sentiment[0m:[36m1571[0m - [34m[1mAMBA sentiment scaled +0.25 \u2192 +0.09 (count=1, sources=1, scale=0.36)[0m
[32m2026-09-09 17:50:38.758[0m | [1mINFO    [0m | [36msrc.analysis.sentiment[0m:[36manalyse_sentiment[0m:[36m1515[0m - [1mAMBA raw_sentiment=+0.05 (local, 1 articles)[0m
[32m2026-09-09 17:50:38.758[0m | [34m[1mDEBUG   [0m | [36msrc.analysis.sentiment[0m:[36manalyse_sentiment[0m:[36m1571[0m - [34m[1mAMBA sentiment scaled +0.05 \u2192 +0.02 (count=1, sources=1, scale=0.34)[0m
[32m2026-09-09 17:50:40.509[0m | [1mINFO    [0m | [36msrc.analysis.sentiment[0m:[36manalyse_sentiment[0m:[36m1515[0m - [1mAMBA raw_sentiment=+0.25 (local, 1 articles)[0m
[32m2026-09-09 17:50:40.510[0m | [34m[1mDEBUG   [0m | [36msrc.analysis.sentiment[0m:[36manalyse_sentiment[0m:[36m1571[0m - [34m[1mAMBA sentiment scaled +0.25 \u2192 +0.08 (count=1, sources=1, scale=0.33)[0m
[32m2026-09-09 17:50:42.358[0m | [1mINFO    [0m | [36msrc.analysis.sentiment[0m:[36manalyse_sentiment[0m:[36m1515[0m - [1mAMBA raw_sentiment=+0.05 (local, 1 articles)[0m
[32m2026-09-09 17:50:42.358[0m | [34m[1mDEBUG   [0m | [36msrc.analysis.sentiment[0m:[36manalyse_sentiment[0m:[36m1571[0m - [34m[1mAMBA sentiment scaled +0.05 \u2192 +0.02 (count=1, sources=1, scale=0.32)[0m
  2026-07-02: 2 tickers in 24s
[32m2026-09-09 17:50:45.576[0m | [1mINFO    [0m | [36msrc.analysis.sentiment[0m:[36manalyse_sentiment[0m:[36m1515[0m - [1mAVGO raw_sentiment=+0.25 (local, 1 articles)[0m
[32m2026-09-09 17:50:45.576[0m | [34m[1mDEBUG   [0m | [36msrc.analysis.sentiment[0m:[36manalyse_sentiment[0m:[36m1571[0m - [34m[1mAVGO sentiment scaled +0.25 \u2192 +0.11 (count=1, sources=1, scale=0.43)[0m
[32m2026-09-09 17:50:47.956[0m | [1mINFO    [0m | [36msrc.analysis.sentiment[0m:[36manalyse_sentiment[0m:[36m1515[0m - [1mAVGO raw_sentiment=-0.15 (local, 1 articles)[0m
[32m2026-09-09 17:50:47.956[0m | [34m[1mDEBUG   [0m | [36msrc.analysis.sentiment[0m:[36manalyse_sentiment[0m:[36m1571[0m - [34m[1mAVGO sentiment scaled -0.15 \u2192 -0.06 (count=1, sources=1, scale=0.41)[0m
[32m2026-09-09 17:50:49.733[0m | [1mINFO    [0m | [36msrc.analysis.sentiment[0m:[36manalyse_sentiment[0m:[36m1515[0m - [1mAVGO raw_sentiment=+0.05 (local, 1 articles)[0m
[32m2026-09-09 17:50:49.733[0m | [34m[1mDEBUG   [0m | [36msrc.analysis.sentiment[0m:[36manalyse_sentiment[0m:[36m1571[0m - [34m[1mAVGO sentiment scaled +0.05 \u2192 +0.02 (count=1, sources=1, scale=0.40)[0m
[32m2026-09-09 17:50:52.076[0m | [1mINFO    [0m | [36msrc.analysis.sentiment[0m:[36manalyse_sentiment[0m:[36m1515[0m - [1mAVGO raw_sentiment=+0.25 (local, 2 articles)[0m
[32m2026-09-09 17:50:52.076[0m | [34m[1mDEBUG   [0m | [36msrc.analysis.sentiment[0m:[36manalyse_sentiment[0m:[36m1571[0m - [34m[1mAVGO sentiment scaled +0.25 \u2192 +0.14 (count=2, sources=2, scale=0.55)[0m
[32m2026-09-09 17:50:53.900[0m | [1mINFO    [0m | [36msrc.analysis.sentiment[0m:[36manalyse_sentiment[0m:[36m1515[0m - [1mAVGO raw_sentiment=+0.25 (local, 2 articles)[0m
[32m2026-09-09 17:50:53.900[0m | [34m[1mDEBUG   [0m | [36msrc.analysis.sentiment[0m:[36manalyse_sentiment[0m:[36m1571[0m - [34m[1mAVGO sentiment scaled +0.25 \u2192 +0.14 (count=2, sources=2, scale=0.54)[0m
[32m2026-09-09 17:50:56.311[0m | [1mINFO    [0m | [36msrc.analysis.sentiment[0m:[36manalyse_sentiment[0m:[36m1515[0m - [1mAVGO raw_sentiment=+0.15 (local, 1 articles)[0m
[32m2026-09-09 17:50:56.311[0m | [34m[1mDEBUG   [0m | [36msrc.analysis.sentiment[0m:[36manalyse_sentiment[0m:[36m1571[0m - [34m[1mAVGO sentiment scaled +0.15 \u2192 +0.06 (count=1, sources=1, scale=0.38)[0m
[32m2026-09-09 17:50:58.641[0m | [1mINFO    [0m | [36msrc.analysis.sentiment[0m:[36manalyse_sentiment[0m:[36m1515[0m - [1mAVGO raw_sentiment=+0.05 (local, 1 articles)[0m
[32m2026-09-09 17:50:58.642[0m | [34m[1mDEBUG   [0m | [36msrc.analysis.sentiment[0m:[36manalyse_sentiment[0m:[36m1571[0m - [34m[1mAVGO sentiment scaled +0.05 \u2192 +0.02 (count=1, sources=1, scale=0.38)[0m
[32m2026-09-09 17:51:00.683[0m | [1mINFO    [0m | [36msrc.analysis.sentiment[0m:[36manalyse_sentiment[0m:[36m1515[0m - [1mAVGO raw_sentiment=+0.05 (local, 1 articles)[0m
[32m2026-09-09 17:51:00.683[0m | [34m[1mDEBUG   [0m | [36msrc.analysis.sentiment[0m:[36manalyse_sentiment[0m:[36m1571[0m - [34m[1mAVGO sentiment scaled +0.05 \u2192 +0.02 (count=1, sources=1, scale=0.38)[0m
[32m2026-09-09 17:51:01.905[0m | [1mINFO    [0m | [36msrc.analysis.sentiment[0m:[36manalyse_sentiment[0m:[36m1515[0m - [1mAVGO raw_sentiment=-0.65 (local, 1 articles)[0m
[32m2026-09-09 17:51:01.905[0m | [34m[1mDEBUG   [0m | [36msrc.analysis.sentiment[0m:[36manalyse_sentiment[0m:[36m1571[0m - [34m[1mAVGO sentiment scaled -0.65 \u2192 -0.24 (count=1, sources=1, scale=0.37)[0m
[32m2026-09-09 17:51:03.998[0m | [1mINFO    [0m | [36msrc.analysis.sentiment[0m:[36manalyse_sentiment[0m:[36m1515[0m - [1mAVGO raw_sentiment=-0.25 (local, 1 articles)[0m
[32m2026-09-09 17:51:03.998[0m | [34m[1mDEBUG   [0m | [36msrc.analysis.sentiment[0m:[36manalyse_sentiment[0m:[36m1571[0m - [34m[1mAVGO sentiment scaled -0.25 \u2192 -0.09 (count=1, sources=1, scale=0.37)[0m
[32m2026-09-09 17:51:05.854[0m | [1mINFO    [0m | [36msrc.analysis.sentiment[0m:[36manalyse_sentiment[0m:[36m1515[0m - [1mAVGO raw_sentiment=+0.15 (local, 1 articles)[0m
[32m2026-09-09 17:51:05.854[0m | [34m[1mDEBUG   [0m | [36msrc.analysis.sentiment[0m:[36manalyse_sentiment[0m:[36m1571[0m - [34m[1mAVGO sentiment scaled +0.15 \u2192 +0.05 (count=1, sources=1, scale=0.36)[0m
[32m2026-09-09 17:51:08.180[0m | [1mINFO    [0m | [36msrc.analysis.sentiment[0m:[36manalyse_sentiment[0m:[36m1515[0m - [1mAVGO raw_sentiment=+0.15 (local, 1 articles)[0m
[32m2026-09-09 17:51:08.180[0m | [34m[1mDEBUG   [0m | [36msrc.analysis.sentiment[0m:[36manalyse_sentiment[0m:[36m1571[0m - [34m[1mAVGO sentiment scaled +0.15 \u2192 +0.05 (count=1, sources=1, scale=0.35)[0m
[32m2026-09-09 17:51:09.939[0m | [1mINFO    [0m | [36msrc.analysis.sentiment[0m:[36manalyse_sentiment[0m:[36m1515[0m - [1mAVGO raw_sentiment=+0.15 (local, 1 articles)[0m
[32m2026-09-09 17:51:09.939[0m | [34m[1mDEBUG   [0m | [36msrc.analysis.sentiment[0m:[36manalyse_sentiment[0m:[36m1571[0m - [34m[1mAVGO sentiment scaled +0.15 \u2192 +0.05 (count=1, sources=1, scale=0.35)[0m
[32m2026-09-09 17:51:11.995[0m | [1mINFO    [0m | [36msrc.analysis.sentiment[0m:[36manalyse_sentiment[0m:[36m1515[0m - [1mAVGO raw_sentiment=+0.15 (local, 1 articles)[0m
[32m2026-09-09 17:51:11.995[0m | [34m[1mDEBUG   [0m | [36msrc.analysis.sentiment[0m:[36manalyse_sentiment[0m:[36m1571[0m - [34m[1mAVGO sentiment scaled +0.15 \u2192 +0.05 (count=1, sources=1, scale=0.35)[0m
[32m2026-09-09 17:51:14.211[0m | [1mINFO    [0m | [36msrc.analysis.sentiment[0m:[36manalyse_sentiment[0m:[36m1515[0m - [1mAVGO raw_sentiment=+0.15 (local, 1 articles)[0m
[32m2026-09-09 17:51:14.211[0m | [34m[1mDEBUG   [0m | [36msrc.analysis.sentiment[0m:[36manalyse_sentiment[0m:[36m1571[0m - [34m[1mAVGO sentiment scaled +0.15 \u2192 +0.05 (count=1, sources=1, scale=0.35)[0m
[32m2026-09-09 17:51:16.327[0m | [1mINFO    [0m | [36msrc.analysis.sentiment[0m:[36manalyse_sentiment[0m:[36m1515[0m - [1mAVGO raw_sentiment=-0.15 (local, 1 articles)[0m
[32m2026-09-09 17:51:16.327[0m | [34m[1mDEBUG   [0m | [36msrc.analysis.sentiment[0m:[36manalyse_sentiment[0m:[36m1571[0m - [34m[1mAVGO sentiment scaled -0.15 \u2192 -0.05 (count=1, sources=1, scale=0.35)[0m
[32m2026-09-09 17:51:18.822[0m | [1mINFO    [0m | [36msrc.analysis.sentiment[0m:[36manalyse_sentiment[0m:[36m1515[0m - [1mAVGO raw_sentiment=+0.25 (local, 1 articles)[0m
[32m2026-09-09 17:51:18.823[0m | [34m[1mDEBUG   [0m | [36msrc.analysis.sentiment[0m:[36manalyse_sentiment[0m:[36m1571[0m - [34m[1mAVGO sentiment scaled +0.25 \u2192 +0.09 (count=1, sources=1, scale=0.34)[0m
[32m2026-09-09 17:51:21.120[0m | [1mINFO    [0m | [36msrc.analysis.sentiment[0m:[36manalyse_sentiment[0m:[36m1515[0m - [1mAVGO raw_sentiment=-0.35 (local, 1 articles)[0m
[32m2026-09-09 17:51:21.120[0m | [34m[1mDEBUG   [0m | [36msrc.analysis.sentiment[0m:[36manalyse_sentiment[0m:[36m1571[0m - [34m[1mAVGO sentiment scaled -0.35 \u2192 -0.12 (count=1, sources=1, scale=0.34)[0m
  2026-07-03: 1 tickers in 38s
[32m2026-09-09 17:51:24.091[0m | [1mINFO    [0m | [36msrc.analysis.sentiment[0m:[36manalyse_sentiment[0m:[36m1515[0m - [1mAVGO raw_sentiment=+0.00 (local, 1 articles)[0m
[32m2026-09-09 17:51:24.091[0m | [34m[1mDEBUG   [0m | [36msrc.analysis.sentiment[0m:[36manalyse_sentiment[0m:[36m1571[0m - [34m[1mAVGO sentiment scaled +0.00 \u2192 +0.00 (count=1, sources=1, scale=0.42)[0m
[32m2026-09-09 17:51:26.169[0m | [1mINFO    [0m | [36msrc.analysis.sentiment[0m:[36manalyse_sentiment[0m:[36m1515[0m - [1mAVGO raw_sentiment=+0.25 (local, 1 articles)[0m
[32m2026-09-09 17:51:26.169[0m | [34m[1mDEBUG   [0m | [36msrc.analysis.sentiment[0m:[36manalyse_sentiment[0m:[36m1571[0m - [34m[1mAVGO sentiment scaled +0.25 \u2192 +0.10 (count=1, sources=1, scale=0.41)[0m
[32m2026-09-09 17:51:28.422[0m | [1mINFO    [0m | [36msrc.analysis.sentiment[0m:[36manalyse_sentiment[0m:[36m1515[0m - [1mAVGO raw_sentiment=-0.05 (local, 1 articles)[0m
[32m2026-09-09 17:51:28.422[0m | [34m[1mDEBUG   [0m | [36msrc.analysis.sentiment[0m:[36manalyse_sentiment[0m:[36m1571[0m - [34m[1mAVGO sentiment scaled -0.05 \u2192 -0.02 (count=1, sources=1, scale=0.41)[0m
[32m2026-09-09 17:51:31.146[0m | [1mINFO    [0m | [36msrc.analysis.sentiment[0m:[36manalyse_sentiment[0m:[36m1515[0m - [1mAVGO raw_sentiment=+0.45 (local, 1 articles)[0m
[32m2026-09-09 17:51:31.147[0m | [34m[1mDEBUG   [0m | [36msrc.analysis.sentiment[0m:[36manalyse_sentiment[0m:[36m1571[0m - [34m[1mAVGO sentiment scaled +0.45 \u2192 +0.16 (count=1, sources=1, scale=0.36)[0m
[32m2026-09-09 17:51:33.450[0m | [1mINFO    [0m | [36msrc.analysis.sentiment[0m:[36manalyse_sentiment[0m:[36m1515[0m - [1mAVGO raw_sentiment=+0.15 (local, 1 articles)[0m
[32m2026-09-09 17:51:33.451[0m | [34m[1mDEBUG   [0m | [36msrc.analysis.sentiment[0m:[36manalyse_sentiment[0m:[36m1571[0m - [34m[1mAVGO sentiment scaled +0.15 \u2192 +0.05 (count=1, sources=1, scale=0.36)[0m
[32m2026-09-09 17:51:36.329[0m | [1mINFO    [0m | [36msrc.analysis.sentiment[0m:[36manalyse_sentiment[0m:[36m1515[0m - [1mAVGO raw_sentiment=+0.15 (local, 1 articles)[0m
[32m2026-09-09 17:51:36.329[0m | [34m[1mDEBUG   [0m | [36msrc.analysis.sentiment[0m:[36manalyse_sentiment[0m:[36m1571[0m - [34m[1mAVGO sentiment scaled +0.15 \u2192 +0.05 (count=1, sources=1, scale=0.34)[0m
[32m2026-09-09 17:51:38.902[0m | [1mINFO    [0m | [36msrc.analysis.sentiment[0m:[36manalyse_sentiment[0m:[36m1515[0m - [1mAVGO raw_sentiment=+0.05 (local, 1 articles)[0m
[32m2026-09-09 17:51:38.902[0m | [34m[1mDEBUG   [0m | [36msrc.analysis.sentiment[0m:[36manalyse_sentiment[0m:[36m1571[0m - [34m[1mAVGO sentiment scaled +0.05 \u2192 +0.02 (count=1, sources=1, scale=0.34)[0m
[32m2026-09-09 17:51:40.633[0m | [1mINFO    [0m | [36msrc.analysis.sentiment[0m:[36manalyse_sentiment[0m:[36m1515[0m - [1mAVGO raw_sentiment=+0.25 (local, 1 articles)[0m
[32m2026-09-09 17:51:40.633[0m | [34m[1mDEBUG   [0m | [36msrc.analysis.sentiment[0m:[36manalyse_sentiment[0m:[36m1571[0m - [34m[1mAVGO sentiment scaled +0.25 \u2192 +0.08 (count=1, sources=1, scale=0.33)[0m
[32m2026-09-09 17:51:42.736[0m | [1mINFO    [0m | [36msrc.analysis.sentiment[0m:[36manalyse_sentiment[0m:[36m1515[0m - [1mAVGO raw_sentiment=-0.15 (local, 1 articles)[0m
[32m2026-09-09 17:51:42.736[0m | [34m[1mDEBUG   [0m | [36msrc.analysis.sentiment[0m:[36manalyse_sentiment[0m:[36m1571[0m - [34m[1mAVGO sentiment scaled -0.15 \u2192 -0.05 (count=1, sources=1, scale=0.33)[0m
[32m2026-09-09 17:51:44.583[0m | [1mINFO    [0m | [36msrc.analysis.sentiment[0m:[36manalyse_sentiment[0m:[36m1515[0m - [1mAVGO raw_sentiment=+0.15 (local, 1 articles)[0m
[32m2026-09-09 17:51:44.583[0m | [34m[1mDEBUG   [0m | [36msrc.analysis.sentiment[0m:[36manalyse_sentiment[0m:[36m1571[0m - [34m[1mAVGO sentiment scaled +0.15 \u2192 +0.05 (count=1, sources=1, scale=0.33)[0m
[32m2026-09-09 17:51:46.801[0m | [1mINFO    [0m | [36msrc.analysis.sentiment[0m:[36manalyse_sentiment[0m:[36m1515[0m - [1mAVGO raw_sentiment=+0.15 (local, 2 articles)[0m
[32m2026-09-09 17:51:46.801[0m | [34m[1mDEBUG   [0m | [36msrc.analysis.sentiment[0m:[36manalyse_sentiment[0m:[36m1571[0m - [34m[1mAVGO sentiment scaled +0.15 \u2192 +0.06 (count=2, sources=2, scale=0.41)[0m
[32m2026-09-09 17:51:48.599[0m | [1mINFO    [0m | [36msrc.analysis.sentiment[0m:[36manalyse_sentiment[0m:[36m1515[0m - [1mAVGO raw_sentiment=+0.15 (local, 2 articles)[0m
[32m2026-09-09 17:51:48.600[0m | [34m[1mDEBUG   [0m | [36msrc.analysis.sentiment[0m:[36manalyse_sentiment[0m:[36m1571[0m - [34m[1mAVGO sentiment scaled +0.15 \u2192 +0.06 (count=2, sources=2, scale=0.40)[0m
[32m2026-09-09 17:51:51.091[0m | [1mINFO    [0m | [36msrc.analysis.sentiment[0m:[36manalyse_sentiment[0m:[36m1515[0m - [1mAVGO raw_sentiment=+0.15 (local, 1 articles)[0m
[32m2026-09-09 17:51:51.092[0m | [34m[1mDEBUG   [0m | [36msrc.analysis.sentiment[0m:[36manalyse_sentiment[0m:[36m1571[0m - [34m[1mAVGO sentiment scaled +0.15 \u2192 +0.05 (count=1, sources=1, scale=0.32)[0m
[32m2026-09-09 17:51:53.367[0m | [1mINFO    [0m | [36msrc.analysis.sentiment[0m:[36manalyse_sentiment[0m:[36m1515[0m - [1mAVGO raw_sentiment=+0.15 (local, 1 articles)[0m
[32m2026-09-09 17:51:53.367[0m | [34m[1mDEBUG   [0m | [36msrc.analysis.sentiment[0m:[36manalyse_sentiment[0m:[36m1571[0m - [34m[1mAVGO sentiment scaled +0.15 \u2192 +0.05 (count=1, sources=1, scale=0.32)[0m
[32m2026-09-09 17:51:55.120[0m | [1mINFO    [0m | [36msrc.analysis.sentiment[0m:[36manalyse_sentiment[0m:[36m1515[0m - [1mAVGO raw_sentiment=+0.15 (local, 1 articles)[0m
[32m2026-09-09 17:51:55.120[0m | [34m[1mDEBUG   [0m | [36msrc.analysis.sentiment[0m:[36manalyse_sentiment[0m:[36m1571[0m - [34m[1mAVGO sentiment scaled +0.15 \u2192 +0.05 (count=1, sources=1, scale=0.32)[0m
[32m2026-09-09 17:51:56.418[0m | [1mINFO    [0m | [36msrc.analysis.sentiment[0m:[36manalyse_sentiment[0m:[36m1515[0m - [1mAVGO raw_sentiment=-0.65 (local, 1 articles)[0m
[32m2026-09-09 17:51:56.418[0m | [34m[1mDEBUG   [0m | [36msrc.analysis.sentiment[0m:[36manalyse_sentiment[0m:[36m1571[0m - [34m[1mAVGO sentiment scaled -0.65 \u2192 -0.21 (count=1, sources=1, scale=0.32)[0m
[32m2026-09-09 17:51:58.504[0m | [1mINFO    [0m | [36msrc.analysis.sentiment[0m:[36manalyse_sentiment[0m:[36m1515[0m - [1mAVGO raw_sentiment=-0.25 (local, 1 articles)[0m
[32m2026-09-09 17:51:58.504[0m | [34m[1mDEBUG   [0m | [36msrc.analysis.sentiment[0m:[36manalyse_sentiment[0m:[36m1571[0m - [34m[1mAVGO sentiment scaled -0.25 \u2192 -0.08 (count=1, sources=1, scale=0.32)[0m
[32m2026-09-09 17:52:00.520[0m | [1mINFO    [0m | [36msrc.analysis.sentiment[0m:[36manalyse_sentiment[0m:[36m1515[0m - [1mAVGO raw_sentiment=+0.15 (local, 1 articles)[0m
[32m2026-09-09 17:52:00.520[0m | [34m[1mDEBUG   [0m | [36msrc.analysis.sentiment[0m:[36manalyse_sentiment[0m:[36m1571[0m - [34m[1mAVGO sentiment scaled +0.15 \u2192 +0.05 (count=1, sources=1, scale=0.32)[0m
  2026-07-05: 1 tickers in 39s
[32m2026-09-09 17:52:03.566[0m | [1mINFO    [0m | [36msrc.analysis.sentiment[0m:[36manalyse_sentiment[0m:[36m1515[0m - [1mADMA raw_sentiment=-0.25 (local, 1 articles)[0m
[32m2026-09-09 17:52:03.566[0m | [34m[1mDEBUG   [0m | [36msrc.analysis.sentiment[0m:[36manalyse_sentiment[0m:[36m1571[0m - [34m[1mADMA sentiment scaled -0.25 \u2192 -0.10 (count=1, sources=1, scale=0.39)[0m
[32m2026-09-09 17:52:06.337[0m | [1mINFO    [0m | [36msrc.analysis.sentiment[0m:[36manalyse_sentiment[0m:[36m1515[0m - [1mADMA raw_sentiment=-0.65 (local, 5 articles)[0m
[32m2026-09-09 17:52:06.338[0m | [34m[1mDEBUG   [0m | [36msrc.analysis.sentiment[0m:[36manalyse_sentiment[0m:[36m1571[0m - [34m[1mADMA sentiment scaled -0.65 \u2192 -0.28 (count=5, sources=1, scale=0.44)[0m
[32m2026-09-09 17:52:08.533[0m | [1mINFO    [0m | [36msrc.analysis.sentiment[0m:[36manalyse_sentiment[0m:[36m1515[0m - [1mADMA raw_sentiment=-0.35 (local, 1 articles)[0m
[32m2026-09-09 17:52:08.534[0m | [34m[1mDEBUG   [0m | [36msrc.analysis.sentiment[0m:[36manalyse_sentiment[0m:[36m1571[0m - [34m[1mADMA sentiment scaled -0.35 \u2192 -0.11 (count=1, sources=1, scale=0.32)[0m
[32m2026-09-09 17:52:11.068[0m | [1mINFO    [0m | [36msrc.analysis.sentiment[0m:[36manalyse_sentiment[0m:[36m1515[0m - [1mAVGO raw_sentiment=+0.65 (local, 1 articles)[0m
[32m2026-09-09 17:52:11.068[0m | [34m[1mDEBUG   [0m | [36msrc.analysis.sentiment[0m:[36manalyse_sentiment[0m:[36m1571[0m - [34m[1mAVGO sentiment scaled +0.65 \u2192 +0.30 (count=1, sources=1, scale=0.46)[0m
[32m2026-09-09 17:52:13.449[0m | [1mINFO    [0m | [36msrc.analysis.sentiment[0m:[36manalyse_sentiment[0m:[36m1515[0m - [1mAVGO raw_sentiment=+0.00 (local, 1 articles)[0m
[32m2026-09-09 17:52:13.449[0m | [34m[1mDEBUG   [0m | [36msrc.analysis.sentiment[0m:[36manalyse_sentiment[0m:[36m1571[0m - [34m[1mAVGO sentiment scaled +0.00 \u2192 +0.00 (count=1, sources=1, scale=0.45)[0m
[32m2026-09-09 17:52:15.628[0m | [1mINFO    [0m | [36msrc.analysis.sentiment[0m:[36manalyse_sentiment[0m:[36m1515[0m - [1mAVGO raw_sentiment=+0.15 (local, 1 articles)[0m
[32m2026-09-09 17:52:15.628[0m | [34m[1mDEBUG   [0m | [36msrc.analysis.sentiment[0m:[36manalyse_sentiment[0m:[36m1571[0m - [34m[1mAVGO sentiment scaled +0.15 \u2192 +0.06 (count=1, sources=1, scale=0.42)[0m
[32m2026-09-09 17:52:17.996[0m | [1mINFO    [0m | [36msrc.analysis.sentiment[0m:[36manalyse_sentiment[0m:[36m1515[0m - [1mAVGO raw_sentiment=+0.05 (local, 1 articles)[0m
[32m2026-09-09 17:52:17.996[0m | [34m[1mDEBUG   [0m | [36msrc.analysis.sentiment[0m:[36manalyse_sentiment[0m:[36m1571[0m - [34m[1mAVGO sentiment scaled +0.05 \u2192 +0.02 (count=1, sources=1, scale=0.39)[0m
[32m2026-09-09 17:52:20.110[0m | [1mINFO    [0m | [36msrc.analysis.sentiment[0m:[36manalyse_sentiment[0m:[36m1515[0m - [1mAVGO raw_sentiment=+0.25 (local, 1 articles)[0m
[32m2026-09-09 17:52:20.110[0m | [34m[1mDEBUG   [0m | [36msrc.analysis.sentiment[0m:[36manalyse_sentiment[0m:[36m1571[0m - [34m[1mAVGO sentiment scaled +0.25 \u2192 +0.10 (count=1, sources=1, scale=0.38)[0m
[32m2026-09-09 17:52:22.445[0m | [1mINFO    [0m | [36msrc.analysis.sentiment[0m:[36manalyse_sentiment[0m:[36m1515[0m - [1mAVGO raw_sentiment=-0.05 (local, 1 articles)[0m
[32m2026-09-09 17:52:22.446[0m | [34m[1mDEBUG   [0m | [36msrc.analysis.sentiment[0m:[36manalyse_sentiment[0m:[36m1571[0m - [34m[1mAVGO sentiment scaled -0.05 \u2192 -0.02 (count=1, sources=1, scale=0.38)[0m
[32m2026-09-09 17:52:25.144[0m | [1mINFO    [0m | [36msrc.analysis.sentiment[0m:[36manalyse_sentiment[0m:[36m1515[0m - [1mAVGO raw_sentiment=+0.45 (local, 1 articles)[0m
[32m2026-09-09 17:52:25.144[0m | [34m[1mDEBUG   [0m | [36msrc.analysis.sentiment[0m:[36manalyse_sentiment[0m:[36m1571[0m - [34m[1mAVGO sentiment scaled +0.45 \u2192 +0.16 (count=1, sources=1, scale=0.34)[0m
[32m2026-09-09 17:52:27.337[0m | [1mINFO    [0m | [36msrc.analysis.sentiment[0m:[36manalyse_sentiment[0m:[36m1515[0m - [1mAVGO raw_sentiment=+0.05 (local, 1 articles)[0m
[32m2026-09-09 17:52:27.337[0m | [34m[1mDEBUG   [0m | [36msrc.analysis.sentiment[0m:[36manalyse_sentiment[0m:[36m1571[0m - [34m[1mAVGO sentiment scaled +0.05 \u2192 +0.02 (count=1, sources=1, scale=0.34)[0m
[32m2026-09-09 17:52:30.224[0m | [1mINFO    [0m | [36msrc.analysis.sentiment[0m:[36manalyse_sentiment[0m:[36m1515[0m - [1mAVGO raw_sentiment=+0.15 (local, 1 articles)[0m
[32m2026-09-09 17:52:30.225[0m | [34m[1mDEBUG   [0m | [36msrc.analysis.sentiment[0m:[36manalyse_sentiment[0m:[36m1571[0m - [34m[1mAVGO sentiment scaled +0.15 \u2192 +0.05 (count=1, sources=1, scale=0.33)[0m
[32m2026-09-09 17:52:32.532[0m | [1mINFO    [0m | [36msrc.analysis.sentiment[0m:[36manalyse_sentiment[0m:[36m1515[0m - [1mAVGO raw_sentiment=+0.05 (local, 1 articles)[0m
[32m2026-09-09 17:52:32.532[0m | [34m[1mDEBUG   [0m | [36msrc.analysis.sentiment[0m:[36manalyse_sentiment[0m:[36m1571[0m - [34m[1mAVGO sentiment scaled +0.05 \u2192 +0.02 (count=1, sources=1, scale=0.33)[0m
[32m2026-09-09 17:52:34.366[0m | [1mINFO    [0m | [36msrc.analysis.sentiment[0m:[36manalyse_sentiment[0m:[36m1515[0m - [1mAVGO raw_sentiment=+0.25 (local, 1 articles)[0m
[32m2026-09-09 17:52:34.366[0m | [34m[1mDEBUG   [0m | [36msrc.analysis.sentiment[0m:[36manalyse_sentiment[0m:[36m1571[0m - [34m[1mAVGO sentiment scaled +0.25 \u2192 +0.08 (count=1, sources=1, scale=0.32)[0m
[32m2026-09-09 17:52:36.611[0m | [1mINFO    [0m | [36msrc.analysis.sentiment[0m:[36manalyse_sentiment[0m:[36m1515[0m - [1mAVGO raw_sentiment=-0.15 (local, 1 articles)[0m
[32m2026-09-09 17:52:36.611[0m | [34m[1mDEBUG   [0m | [36msrc.analysis.sentiment[0m:[36manalyse_sentiment[0m:[36m1571[0m - [34m[1mAVGO sentiment scaled -0.15 \u2192 -0.05 (count=1, sources=1, scale=0.32)[0m
[32m2026-09-09 17:52:38.198[0m | [1mINFO    [0m | [36msrc.analysis.sentiment[0m:[36manalyse_sentiment[0m:[36m1515[0m - [1mAVGO raw_sentiment=-0.05 (local, 1 articles)[0m
[32m2026-09-09 17:52:38.198[0m | [34m[1mDEBUG   [0m | [36msrc.analysis.sentiment[0m:[36manalyse_sentiment[0m:[36m1571[0m - [34m[1mAVGO sentiment scaled -0.05 \u2192 -0.02 (count=1, sources=1, scale=0.32)[0m
[32m2026-09-09 17:52:40.192[0m | [1mINFO    [0m | [36msrc.analysis.sentiment[0m:[36manalyse_sentiment[0m:[36m1515[0m - [1mAVGO raw_sentiment=+0.15 (local, 2 articles)[0m
[32m2026-09-09 17:52:40.192[0m | [34m[1mDEBUG   [0m | [36msrc.analysis.sentiment[0m:[36manalyse_sentiment[0m:[36m1571[0m - [34m[1mAVGO sentiment scaled +0.15 \u2192 +0.06 (count=2, sources=2, scale=0.40)[0m
[32m2026-09-09 17:52:42.694[0m | [1mINFO    [0m | [36msrc.analysis.sentiment[0m:[36manalyse_sentiment[0m:[36m1515[0m - [1mAVGO raw_sentiment=+0.15 (local, 2 articles)[0m
[32m2026-09-09 17:52:42.694[0m | [34m[1mDEBUG   [0m | [36msrc.analysis.sentiment[0m:[36manalyse_sentiment[0m:[36m1571[0m - [34m[1mAVGO sentiment scaled +0.15 \u2192 +0.06 (count=2, sources=2, scale=0.40)[0m
[32m2026-09-09 17:52:45.179[0m | [1mINFO    [0m | [36msrc.analysis.sentiment[0m:[36manalyse_sentiment[0m:[36m1515[0m - [1mAVGO raw_sentiment=+0.15 (local, 1 articles)[0m
[32m2026-09-09 17:52:45.180[0m | [34m[1mDEBUG   [0m | [36msrc.analysis.sentiment[0m:[36manalyse_sentiment[0m:[36m1571[0m - [34m[1mAVGO sentiment scaled +0.15 \u2192 +0.05 (count=1, sources=1, scale=0.32)[0m
[32m2026-09-09 17:52:47.532[0m | [1mINFO    [0m | [36msrc.analysis.sentiment[0m:[36manalyse_sentiment[0m:[36m1515[0m - [1mAVGO raw_sentiment=+0.05 (local, 1 articles)[0m
[32m2026-09-09 17:52:47.532[0m | [34m[1mDEBUG   [0m | [36msrc.analysis.sentiment[0m:[36manalyse_sentiment[0m:[36m1571[0m - [34m[1mAVGO sentiment scaled +0.05 \u2192 +0.02 (count=1, sources=1, scale=0.32)[0m
[32m2026-09-09 17:52:49.480[0m | [1mINFO    [0m | [36msrc.analysis.sentiment[0m:[36manalyse_sentiment[0m:[36m1515[0m - [1mAVGO raw_sentiment=+0.15 (local, 1 articles)[0m
[32m2026-09-09 17:52:49.480[0m | [34m[1mDEBUG   [0m | [36msrc.analysis.sentiment[0m:[36manalyse_sentiment[0m:[36m1571[0m - [34m[1mAVGO sentiment scaled +0.15 \u2192 +0.05 (count=1, sources=1, scale=0.32)[0m
  2026-07-06: 2 tickers in 48s
[32m2026-09-09 17:52:52.403[0m | [1mINFO    [0m | [36msrc.analysis.sentiment[0m:[36manalyse_sentiment[0m:[36m1515[0m - [1mAMAT raw_sentiment=+0.15 (local, 1 articles)[0m
[32m2026-09-09 17:52:52.403[0m | [34m[1mDEBUG   [0m | [36msrc.analysis.sentiment[0m:[36manalyse_sentiment[0m:[36m1571[0m - [34m[1mAMAT sentiment scaled +0.15 \u2192 +0.06 (count=1, sources=1, scale=0.42)[0m
[32m2026-09-09 17:52:54.594[0m | [1mINFO    [0m | [36msrc.analysis.sentiment[0m:[36manalyse_sentiment[0m:[36m1515[0m - [1mAMAT raw_sentiment=+0.65 (local, 1 articles)[0m
[32m2026-09-09 17:52:54.595[0m | [34m[1mDEBUG   [0m | [36msrc.analysis.sentiment[0m:[36manalyse_sentiment[0m:[36m1571[0m - [34m[1mAMAT sentiment scaled +0.65 \u2192 +0.27 (count=1, sources=1, scale=0.41)[0m
[32m2026-09-09 17:52:56.832[0m | [1mINFO    [0m | [36msrc.analysis.sentiment[0m:[36manalyse_sentiment[0m:[36m1515[0m - [1mAMAT raw_sentiment=+0.15 (local, 1 articles)[0m
[32m2026-09-09 17:52:56.832[0m | [34m[1mDEBUG   [0m | [36msrc.analysis.sentiment[0m:[36manalyse_sentiment[0m:[36m1571[0m - [34m[1mAMAT sentiment scaled +0.15 \u2192 +0.06 (count=1, sources=1, scale=0.41)[0m
[32m2026-09-09 17:52:58.732[0m | [1mINFO    [0m | [36msrc.analysis.sentiment[0m:[36manalyse_sentiment[0m:[36m1515[0m - [1mAMAT raw_sentiment=+0.15 (local, 1 articles)[0m
[32m2026-09-09 17:52:58.732[0m | [34m[1mDEBUG   [0m | [36msrc.analysis.sentiment[0m:[36manalyse_sentiment[0m:[36m1571[0m - [34m[1mAMAT sentiment scaled +0.15 \u2192 +0.06 (count=1, sources=1, scale=0.41)[0m
[32m2026-09-09 17:53:00.979[0m | [1mINFO    [0m | [36msrc.analysis.sentiment[0m:[36manalyse_sentiment[0m:[36m1515[0m - [1mAMAT raw_sentiment=+0.00 (local, 1 articles)[0m
[32m2026-09-09 17:53:00.979[0m | [34m[1mDEBUG   [0m | [36msrc.analysis.sentiment[0m:[36manalyse_sentiment[0m:[36m1571[0m - [34m[1mAMAT sentiment scaled +0.00 \u2192 +0.00 (count=1, sources=1, scale=0.39)[0m
[32m2026-09-09 17:53:03.451[0m | [1mINFO    [0m | [36msrc.analysis.sentiment[0m:[36manalyse_sentiment[0m:[36m1515[0m - [1mAMAT raw_sentiment=+0.55 (local, 1 articles)[0m
[32m2026-09-09 17:53:03.451[0m | [34m[1mDEBUG   [0m | [36msrc.analysis.sentiment[0m:[36manalyse_sentiment[0m:[36m1571[0m - [34m[1mAMAT sentiment scaled +0.55 \u2192 +0.18 (count=1, sources=1, scale=0.33)[0m
[32m2026-09-09 17:53:05.787[0m | [1mINFO    [0m | [36msrc.analysis.sentiment[0m:[36manalyse_sentiment[0m:[36m1515[0m - [1mAMAT raw_sentiment=-0.05 (local, 1 articles)[0m
[32m2026-09-09 17:53:05.787[0m | [34m[1mDEBUG   [0m | [36msrc.analysis.sentiment[0m:[36manalyse_sentiment[0m:[36m1571[0m - [34m[1mAMAT sentiment scaled -0.05 \u2192 -0.02 (count=1, sources=1, scale=0.32)[0m
[32m2026-09-09 17:53:07.611[0m | [1mINFO    [0m | [36msrc.analysis.sentiment[0m:[36manalyse_sentiment[0m:[36m1515[0m - [1mAMAT raw_sentiment=-0.15 (local, 1 articles)[0m
[32m2026-09-09 17:53:07.611[0m | [34m[1mDEBUG   [0m | [36msrc.analysis.sentiment[0m:[36manalyse_sentiment[0m:[36m1571[0m - [34m[1mAMAT sentiment scaled -0.15 \u2192 -0.05 (count=1, sources=1, scale=0.32)[0m
[32m2026-09-09 17:53:09.448[0m | [1mINFO    [0m | [36msrc.analysis.sentiment[0m:[36manalyse_sentiment[0m:[36m1515[0m - [1mAMAT raw_sentiment=-0.15 (local, 1 articles)[0m
[32m2026-09-09 17:53:09.448[0m | [34m[1mDEBUG   [0m | [36msrc.analysis.sentiment[0m:[36manalyse_sentiment[0m:[36m1571[0m - [34m[1mAMAT sentiment scaled -0.15 \u2192 -0.05 (count=1, sources=1, scale=0.32)[0m
[32m2026-09-09 17:53:11.328[0m | [1mINFO    [0m | [36msrc.analysis.sentiment[0m:[36manalyse_sentiment[0m:[36m1515[0m - [1mAMAT raw_sentiment=+0.00 (local, 1 articles)[0m
[32m2026-09-09 17:53:11.328[0m | [34m[1mDEBUG   [0m | [36msrc.analysis.sentiment[0m:[36manalyse_sentiment[0m:[36m1571[0m - [34m[1mAMAT sentiment scaled +0.00 \u2192 +0.00 (count=1, sources=1, scale=0.32)[0m
[32m2026-09-09 17:53:13.357[0m | [1mINFO    [0m | [36msrc.analysis.sentiment[0m:[36manalyse_sentiment[0m:[36m1515[0m - [1mAMAT raw_sentiment=+0.25 (local, 1 articles)[0m
[32m2026-09-09 17:53:13.357[0m | [34m[1mDEBUG   [0m | [36msrc.analysis.sentiment[0m:[36manalyse_sentiment[0m:[36m1571[0m - [34m[1mAMAT sentiment scaled +0.25 \u2192 +0.08 (count=1, sources=1, scale=0.32)[0m
[32m2026-09-09 17:53:14.950[0m | [1mINFO    [0m | [36msrc.analysis.sentiment[0m:[36manalyse_sentiment[0m:[36m1515[0m - [1mAMAT raw_sentiment=+0.00 (local, 1 articles)[0m
[32m2026-09-09 17:53:14.951[0m | [34m[1mDEBUG   [0m | [36msrc.analysis.sentiment[0m:[36manalyse_sentiment[0m:[36m1571[0m - [34m[1mAMAT sentiment scaled +0.00 \u2192 +0.00 (count=1, sources=1, scale=0.32)[0m
[32m2026-09-09 17:53:16.888[0m | [1mINFO    [0m | [36msrc.analysis.sentiment[0m:[36manalyse_sentiment[0m:[36m1515[0m - [1mAMAT raw_sentiment=+0.25 (local, 1 articles)[0m
[32m2026-09-09 17:53:16.888[0m | [34m[1mDEBUG   [0m | [36msrc.analysis.sentiment[0m:[36manalyse_sentiment[0m:[36m1571[0m - [34m[1mAMAT sentiment scaled +0.25 \u2192 +0.08 (count=1, sources=1, scale=0.32)[0m
[32m2026-09-09 17:53:18.741[0m | [1mINFO    [0m | [36msrc.analysis.sentiment[0m:[36manalyse_sentiment[0m:[36m1515[0m - [1mAMAT raw_sentiment=+0.15 (local, 1 articles)[0m
[32m2026-09-09 17:53:18.742[0m | [34m[1mDEBUG   [0m | [36msrc.analysis.sentiment[0m:[36manalyse_sentiment[0m:[36m1571[0m - [34m[1mAMAT sentiment scaled +0.15 \u2192 +0.05 (count=1, sources=1, scale=0.32)[0m
[32m2026-09-09 17:53:20.563[0m | [1mINFO    [0m | [36msrc.analysis.sentiment[0m:[36manalyse_sentiment[0m:[36m1515[0m - [1mAMAT raw_sentiment=-0.35 (local, 1 articles)[0m
[32m2026-09-09 17:53:20.563[0m | [34m[1mDEBUG   [0m | [36msrc.analysis.sentiment[0m:[36manalyse_sentiment[0m:[36m1571[0m - [34m[1mAMAT sentiment scaled -0.35 \u2192 -0.11 (count=1, sources=1, scale=0.32)[0m
[32m2026-09-09 17:53:22.652[0m | [1mINFO    [0m | [36msrc.analysis.sentiment[0m:[36manalyse_sentiment[0m:[36m1515[0m - [1mAMAT raw_sentiment=+0.15 (local, 2 articles)[0m
[32m2026-09-09 17:53:22.652[0m | [34m[1mDEBUG   [0m | [36msrc.analysis.sentiment[0m:[36manalyse_sentiment[0m:[36m1571[0m - [34m[1mAMAT sentiment scaled +0.15 \u2192 +0.06 (count=2, sources=2, scale=0.39)[0m
[32m2026-09-09 17:53:24.360[0m | [1mINFO    [0m | [36msrc.analysis.sentiment[0m:[36manalyse_sentiment[0m:[36m1515[0m - [1mAMAT raw_sentiment=-0.10 (local, 1 articles)[0m
[32m2026-09-09 17:53:24.360[0m | [34m[1mDEBUG   [0m | [36msrc.analysis.sentiment[0m:[36manalyse_sentiment[0m:[36m1571[0m - [34m[1mAMAT sentiment scaled -0.10 \u2192 -0.03 (count=1, sources=1, scale=0.32)[0m
[32m2026-09-09 17:53:26.752[0m | [1mINFO    [0m | [36msrc.analysis.sentiment[0m:[36manalyse_sentiment[0m:[36m1515[0m - [1mAMAT raw_sentiment=-0.15 (local, 1 articles)[0m
[32m2026-09-09 17:53:26.752[0m | [34m[1mDEBUG   [0m | [36msrc.analysis.sentiment[0m:[36manalyse_sentiment[0m:[36m1571[0m - [34m[1mAMAT sentiment scaled -0.15 \u2192 -0.05 (count=1, sources=1, scale=0.32)[0m
[32m2026-09-09 17:53:28.477[0m | [1mINFO    [0m | [36msrc.analysis.sentiment[0m:[36manalyse_sentiment[0m:[36m1515[0m - [1mAMAT raw_sentiment=+0.00 (local, 1 articles)[0m
[32m2026-09-09 17:53:28.477[0m | [34m[1mDEBUG   [0m | [36msrc.analysis.sentiment[0m:[36manalyse_sentiment[0m:[36m1571[0m - [34m[1mAMAT sentiment scaled +0.00 \u2192 +0.00 (count=1, sources=1, scale=0.32)[0m
  2026-07-07: 1 tickers in 38s
[32m2026-09-09 17:53:31.516[0m | [1mINFO    [0m | [36msrc.analysis.sentiment[0m:[36manalyse_sentiment[0m:[36m1515[0m - [1mAMAT raw_sentiment=-0.35 (local, 1 articles)[0m
[32m2026-09-09 17:53:31.516[0m | [34m[1mDEBUG   [0m | [36msrc.analysis.sentiment[0m:[36manalyse_sentiment[0m:[36m1571[0m - [34m[1mAMAT sentiment scaled -0.35 \u2192 -0.16 (count=1, sources=1, scale=0.45)[0m
[32m2026-09-09 17:53:33.538[0m | [1mINFO    [0m | [36msrc.analysis.sentiment[0m:[36manalyse_sentiment[0m:[36m1515[0m - [1mAMAT raw_sentiment=-0.10 (local, 1 articles)[0m
[32m2026-09-09 17:53:33.538[0m | [34m[1mDEBUG   [0m | [36msrc.analysis.sentiment[0m:[36manalyse_sentiment[0m:[36m1571[0m - [34m[1mAMAT sentiment scaled -0.10 \u2192 -0.04 (count=1, sources=1, scale=0.41)[0m
[32m2026-09-09 17:53:35.963[0m | [1mINFO    [0m | [36msrc.analysis.sentiment[0m:[36manalyse_sentiment[0m:[36m1515[0m - [1mAMAT raw_sentiment=-0.25 (local, 1 articles)[0m
[32m2026-09-09 17:53:35.963[0m | [34m[1mDEBUG   [0m | [36msrc.analysis.sentiment[0m:[36manalyse_sentiment[0m:[36m1571[0m - [34m[1mAMAT sentiment scaled -0.25 \u2192 -0.10 (count=1, sources=1, scale=0.40)[0m
[32m2026-09-09 17:53:37.962[0m | [1mINFO    [0m | [36msrc.analysis.sentiment[0m:[36manalyse_sentiment[0m:[36m1515[0m - [1mAMAT raw_sentiment=-0.15 (local, 1 articles)[0m
[32m2026-09-09 17:53:37.962[0m | [34m[1mDEBUG   [0m | [36msrc.analysis.sentiment[0m:[36manalyse_sentiment[0m:[36m1571[0m - [34m[1mAMAT sentiment scaled -0.15 \u2192 -0.06 (count=1, sources=1, scale=0.40)[0m
[32m2026-09-09 17:53:39.893[0m | [1mINFO    [0m | [36msrc.analysis.sentiment[0m:[36manalyse_sentiment[0m:[36m1515[0m - [1mAMAT raw_sentiment=+0.15 (local, 2 articles)[0m
[32m2026-09-09 17:53:39.894[0m | [34m[1mDEBUG   [0m | [36msrc.analysis.sentiment[0m:[36manalyse_sentiment[0m:[36m1571[0m - [34m[1mAMAT sentiment scaled +0.15 \u2192 +0.08 (count=2, sources=2, scale=0.52)[0m
[32m2026-09-09 17:53:42.092[0m | [1mINFO    [0m | [36msrc.analysis.sentiment[0m:[36manalyse_sentiment[0m:[36m1515[0m - [1mAMAT raw_sentiment=-0.05 (local, 1 articles)[0m
[32m2026-09-09 17:53:42.092[0m | [34m[1mDEBUG   [0m | [36msrc.analysis.sentiment[0m:[36manalyse_sentiment[0m:[36m1571[0m - [34m[1mAMAT sentiment scaled -0.05 \u2192 -0.02 (count=1, sources=1, scale=0.39)[0m
[32m2026-09-09 17:53:43.945[0m | [1mINFO    [0m | [36msrc.analysis.sentiment[0m:[36manalyse_sentiment[0m:[36m1515[0m - [1mAMAT raw_sentiment=+0.15 (local, 1 articles)[0m
[32m2026-09-09 17:53:43.945[0m | [34m[1mDEBUG   [0m | [36msrc.analysis.sentiment[0m:[36manalyse_sentiment[0m:[36m1571[0m - [34m[1mAMAT sentiment scaled +0.15 \u2192 +0.06 (count=1, sources=1, scale=0.39)[0m
[32m2026-09-09 17:53:45.604[0m | [1mINFO    [0m | [36msrc.analysis.sentiment[0m:[36manalyse_sentiment[0m:[36m1515[0m - [1mAMAT raw_sentiment=+0.15 (local, 1 articles)[0m
[32m2026-09-09 17:53:45.604[0m | [34m[1mDEBUG   [0m | [36msrc.analysis.sentiment[0m:[36manalyse_sentiment[0m:[36m1571[0m - [34m[1mAMAT sentiment scaled +0.15 \u2192 +0.06 (count=1, sources=1, scale=0.39)[0m
[32m2026-09-09 17:53:47.459[0m | [1mINFO    [0m | [36msrc.analysis.sentiment[0m:[36manalyse_sentiment[0m:[36m1515[0m - [1mAMAT raw_sentiment=-0.25 (local, 1 articles)[0m
[32m2026-09-09 17:53:47.459[0m | [34m[1mDEBUG   [0m | [36msrc.analysis.sentiment[0m:[36manalyse_sentiment[0m:[36m1571[0m - [34m[1mAMAT sentiment scaled -0.25 \u2192 -0.09 (count=1, sources=1, scale=0.38)[0m
[32m2026-09-09 17:53:49.639[0m | [1mINFO    [0m | [36msrc.analysis.sentiment[0m:[36manalyse_sentiment[0m:[36m1515[0m - [1mAMAT raw_sentiment=+0.65 (local, 1 articles)[0m
[32m2026-09-09 17:53:49.639[0m | [34m[1mDEBUG   [0m | [36msrc.analysis.sentiment[0m:[36manalyse_sentiment[0m:[36m1571[0m - [34m[1mAMAT sentiment scaled +0.65 \u2192 +0.23 (count=1, sources=1, scale=0.35)[0m
[32m2026-09-09 17:53:51.348[0m | [1mINFO    [0m | [36msrc.analysis.sentiment[0m:[36manalyse_sentiment[0m:[36m1515[0m - [1mAMAT raw_sentiment=+0.65 (local, 1 articles)[0m
[32m2026-09-09 17:53:51.348[0m | [34m[1mDEBUG   [0m | [36msrc.analysis.sentiment[0m:[36manalyse_sentiment[0m:[36m1571[0m - [34m[1mAMAT sentiment scaled +0.65 \u2192 +0.23 (count=1, sources=1, scale=0.35)[0m
[32m2026-09-09 17:53:53.564[0m | [1mINFO    [0m | [36msrc.analysis.sentiment[0m:[36manalyse_sentiment[0m:[36m1515[0m - [1mAMAT raw_sentiment=-0.05 (local, 1 articles)[0m
[32m2026-09-09 17:53:53.564[0m | [34m[1mDEBUG   [0m | [36msrc.analysis.sentiment[0m:[36manalyse_sentiment[0m:[36m1571[0m - [34m[1mAMAT sentiment scaled -0.05 \u2192 -0.02 (count=1, sources=1, scale=0.35)[0m
[32m2026-09-09 17:53:55.897[0m | [1mINFO    [0m | [36msrc.analysis.sentiment[0m:[36manalyse_sentiment[0m:[36m1515[0m - [1mAMAT raw_sentiment=+0.00 (local, 1 articles)[0m
[32m2026-09-09 17:53:55.897[0m | [34m[1mDEBUG   [0m | [36msrc.analysis.sentiment[0m:[36manalyse_sentiment[0m:[36m1571[0m - [34m[1mAMAT sentiment scaled +0.00 \u2192 +0.00 (count=1, sources=1, scale=0.34)[0m
[32m2026-09-09 17:53:58.282[0m | [1mINFO    [0m | [36msrc.analysis.sentiment[0m:[36manalyse_sentiment[0m:[36m1515[0m - [1mAMAT raw_sentiment=+0.45 (local, 1 articles)[0m
[32m2026-09-09 17:53:58.283[0m | [34m[1mDEBUG   [0m | [36msrc.analysis.sentiment[0m:[36manalyse_sentiment[0m:[36m1571[0m - [34m[1mAMAT sentiment scaled +0.45 \u2192 +0.14 (count=1, sources=1, scale=0.32)[0m
[32m2026-09-09 17:54:00.320[0m | [1mINFO    [0m | [36msrc.analysis.sentiment[0m:[36manalyse_sentiment[0m:[36m1515[0m - [1mAMAT raw_sentiment=-0.05 (local, 1 articles)[0m
[32m2026-09-09 17:54:00.321[0m | [34m[1mDEBUG   [0m | [36msrc.analysis.sentiment[0m:[36manalyse_sentiment[0m:[36m1571[0m - [34m[1mAMAT sentiment scaled -0.05 \u2192 -0.02 (count=1, sources=1, scale=0.32)[0m
[32m2026-09-09 17:54:02.243[0m | [1mINFO    [0m | [36msrc.analysis.sentiment[0m:[36manalyse_sentiment[0m:[36m1515[0m - [1mAMAT raw_sentiment=+0.25 (local, 1 articles)[0m
[32m2026-09-09 17:54:02.243[0m | [34m[1mDEBUG   [0m | [36msrc.analysis.sentiment[0m:[36manalyse_sentiment[0m:[36m1571[0m - [34m[1mAMAT sentiment scaled +0.25 \u2192 +0.08 (count=1, sources=1, scale=0.32)[0m
[32m2026-09-09 17:54:04.373[0m | [1mINFO    [0m | [36msrc.analysis.sentiment[0m:[36manalyse_sentiment[0m:[36m1515[0m - [1mAMAT raw_sentiment=-0.15 (local, 1 articles)[0m
[32m2026-09-09 17:54:04.373[0m | [34m[1mDEBUG   [0m | [36msrc.analysis.sentiment[0m:[36manalyse_sentiment[0m:[36m1571[0m - [34m[1mAMAT sentiment scaled -0.15 \u2192 -0.05 (count=1, sources=1, scale=0.32)[0m
[32m2026-09-09 17:54:06.246[0m | [1mINFO    [0m | [36msrc.analysis.sentiment[0m:[36manalyse_sentiment[0m:[36m1515[0m - [1mAMAT raw_sentiment=+0.00 (local, 1 articles)[0m
[32m2026-09-09 17:54:06.246[0m | [34m[1mDEBUG   [0m | [36msrc.analysis.sentiment[0m:[36manalyse_sentiment[0m:[36m1571[0m - [34m[1mAMAT sentiment scaled +0.00 \u2192 +0.00 (count=1, sources=1, scale=0.32)[0m
[32m2026-09-09 17:54:08.233[0m | [1mINFO    [0m | [36msrc.analysis.sentiment[0m:[36manalyse_sentiment[0m:[36m1515[0m - [1mAMAT raw_sentiment=+0.25 (local, 1 articles)[0m
[32m2026-09-09 17:54:08.233[0m | [34m[1mDEBUG   [0m | [36msrc.analysis.sentiment[0m:[36manalyse_sentiment[0m:[36m1571[0m - [34m[1mAMAT sentiment scaled +0.25 \u2192 +0.08 (count=1, sources=1, scale=0.32)[0m
  2026-07-08: 1 tickers in 39s
[32m2026-09-09 17:54:08.240[0m | [34m[1mDEBUG   [0m | [36msrc.analysis.news_replay[0m:[36mbuild_tick_pool[0m:[36m296[0m - [34m[1m[news-replay] news_2026-07-09_05.json: dropped 1 article(s) published within 30 min after 05:00:28 (fetched during the run itself)[0m
[32m2026-09-09 17:54:11.347[0m | [1mINFO    [0m | [36msrc.analysis.sentiment[0m:[36manalyse_sentiment[0m:[36m1515[0m - [1mAAPL raw_sentiment=+0.00 (local, 1 articles)[0m
[32m2026-09-09 17:54:11.348[0m | [34m[1mDEBUG   [0m | [36msrc.analysis.sentiment[0m:[36manalyse_sentiment[0m:[36m1571[0m - [34m[1mAAPL sentiment scaled +0.00 \u2192 +0.00 (count=1, sources=1, scale=0.45)[0m
[32m2026-09-09 17:54:13.270[0m | [1mINFO    [0m | [36msrc.analysis.sentiment[0m:[36manalyse_sentiment[0m:[36m1515[0m - [1mAAPL raw_sentiment=-0.05 (local, 1 articles)[0m
[32m2026-09-09 17:54:13.270[0m | [34m[1mDEBUG   [0m | [36msrc.analysis.sentiment[0m:[36manalyse_sentiment[0m:[36m1571[0m - [34m[1mAAPL sentiment scaled -0.05 \u2192 -0.02 (count=1, sources=1, scale=0.44)[0m
[32m2026-09-09 17:54:15.440[0m | [1mINFO    [0m | [36msrc.analysis.sentiment[0m:[36manalyse_sentiment[0m:[36m1515[0m - [1mAAPL raw_sentiment=+0.75 (local, 1 articles)[0m
[32m2026-09-09 17:54:15.441[0m | [34m[1mDEBUG   [0m | [36msrc.analysis.sentiment[0m:[36manalyse_sentiment[0m:[36m1571[0m - [34m[1mAAPL sentiment scaled +0.75 \u2192 +0.33 (count=1, sources=1, scale=0.44)[0m
[32m2026-09-09 17:54:17.148[0m | [1mINFO    [0m | [36msrc.analysis.sentiment[0m:[36manalyse_sentiment[0m:[36m1515[0m - [1mAAPL raw_sentiment=+0.25 (local, 1 articles)[0m
[32m2026-09-09 17:54:17.148[0m | [34m[1mDEBUG   [0m | [36msrc.analysis.sentiment[0m:[36manalyse_sentiment[0m:[36m1571[0m - [34m[1mAAPL sentiment scaled +0.25 \u2192 +0.11 (count=1, sources=1, scale=0.44)[0m
[32m2026-09-09 17:54:19.568[0m | [1mINFO    [0m | [36msrc.analysis.sentiment[0m:[36manalyse_sentiment[0m:[36m1515[0m - [1mAAPL raw_sentiment=+0.35 (local, 2 articles)[0m
[32m2026-09-09 17:54:19.568[0m | [34m[1mDEBUG   [0m | [36msrc.analysis.sentiment[0m:[36manalyse_sentiment[0m:[36m1571[0m - [34m[1mAAPL sentiment scaled +0.35 \u2192 +0.17 (count=2, sources=1, scale=0.49)[0m
[32m2026-09-09 17:54:21.256[0m | [1mINFO    [0m | [36msrc.analysis.sentiment[0m:[36manalyse_sentiment[0m:[36m1515[0m - [1mAAPL raw_sentiment=+0.00 (local, 1 articles)[0m
[32m2026-09-09 17:54:21.256[0m | [34m[1mDEBUG   [0m | [36msrc.analysis.sentiment[0m:[36manalyse_sentiment[0m:[36m1571[0m - [34m[1mAAPL sentiment scaled +0.00 \u2192 +0.00 (count=1, sources=1, scale=0.43)[0m
[32m2026-09-09 17:54:23.594[0m | [1mINFO    [0m | [36msrc.analysis.sentiment[0m:[36manalyse_sentiment[0m:[36m1515[0m - [1mAAPL raw_sentiment=+0.25 (local, 1 articles)[0m
[32m2026-09-09 17:54:23.594[0m | [34m[1mDEBUG   [0m | [36msrc.analysis.sentiment[0m:[36manalyse_sentiment[0m:[36m1571[0m - [34m[1mAAPL sentiment scaled +0.25 \u2192 +0.11 (count=1, sources=1, scale=0.43)[0m
[32m2026-09-09 17:54:25.698[0m | [1mINFO    [0m | [36msrc.analysis.sentiment[0m:[36manalyse_sentiment[0m:[36m1515[0m - [1mAAPL raw_sentiment=+0.65 (local, 2 articles)[0m
[32m2026-09-09 17:54:25.698[0m | [34m[1mDEBUG   [0m | [36msrc.analysis.sentiment[0m:[36manalyse_sentiment[0m:[36m1571[0m - [34m[1mAAPL sentiment scaled +0.65 \u2192 +0.38 (count=2, sources=2, scale=0.59)[0m
[32m2026-09-09 17:54:28.338[0m | [1mINFO    [0m | [36msrc.analysis.sentiment[0m:[36manalyse_sentiment[0m:[36m1515[0m - [1mAAPL raw_sentiment=+0.75 (local, 1 articles)[0m
[32m2026-09-09 17:54:28.338[0m | [34m[1mDEBUG   [0m | [36msrc.analysis.sentiment[0m:[36manalyse_sentiment[0m:[36m1571[0m - [34m[1mAAPL sentiment scaled +0.75 \u2192 +0.32 (count=1, sources=1, scale=0.42)[0m
[32m2026-09-09 17:54:30.653[0m | [1mINFO    [0m | [36msrc.analysis.sentiment[0m:[36manalyse_sentiment[0m:[36m1515[0m - [1mAAPL raw_sentiment=+0.25 (local, 1 articles)[0m
[32m2026-09-09 17:54:30.653[0m | [34m[1mDEBUG   [0m | [36msrc.analysis.sentiment[0m:[36manalyse_sentiment[0m:[36m1571[0m - [34m[1mAAPL sentiment scaled +0.25 \u2192 +0.11 (count=1, sources=1, scale=0.42)[0m
[32m2026-09-09 17:54:32.419[0m | [1mINFO    [0m | [36msrc.analysis.sentiment[0m:[36manalyse_sentiment[0m:[36m1515[0m - [1mAAPL raw_sentiment=+0.00 (local, 1 articles)[0m
[32m2026-09-09 17:54:32.419[0m | [34m[1mDEBUG   [0m | [36msrc.analysis.sentiment[0m:[36manalyse_sentiment[0m:[36m1571[0m - [34m[1mAAPL sentiment scaled +0.00 \u2192 +0.00 (count=1, sources=1, scale=0.42)[0m
[32m2026-09-09 17:54:34.337[0m | [1mINFO    [0m | [36msrc.analysis.sentiment[0m:[36manalyse_sentiment[0m:[36m1515[0m - [1mAAPL raw_sentiment=+0.15 (local, 1 articles)[0m
[32m2026-09-09 17:54:34.337[0m | [34m[1mDEBUG   [0m | [36msrc.analysis.sentiment[0m:[36manalyse_sentiment[0m:[36m1571[0m - [34m[1mAAPL sentiment scaled +0.15 \u2192 +0.06 (count=1, sources=1, scale=0.42)[0m
[32m2026-09-09 17:54:36.211[0m | [1mINFO    [0m | [36msrc.analysis.sentiment[0m:[36manalyse_sentiment[0m:[36m1515[0m - [1mAAPL raw_sentiment=+0.65 (local, 1 articles)[0m
[32m2026-09-09 17:54:36.212[0m | [34m[1mDEBUG   [0m | [36msrc.analysis.sentiment[0m:[36manalyse_sentiment[0m:[36m1571[0m - [34m[1mAAPL sentiment scaled +0.65 \u2192 +0.27 (count=1, sources=1, scale=0.41)[0m
[32m2026-09-09 17:54:38.371[0m | [1mINFO    [0m | [36msrc.analysis.sentiment[0m:[36manalyse_sentiment[0m:[36m1515[0m - [1mAAPL raw_sentiment=+0.75 (local, 1 articles)[0m
[32m2026-09-09 17:54:38.371[0m | [34m[1mDEBUG   [0m | [36msrc.analysis.sentiment[0m:[36manalyse_sentiment[0m:[36m1571[0m - [34m[1mAAPL sentiment scaled +0.75 \u2192 +0.31 (count=1, sources=1, scale=0.41)[0m
[32m2026-09-09 17:54:40.456[0m | [1mINFO    [0m | [36msrc.analysis.sentiment[0m:[36manalyse_sentiment[0m:[36m1515[0m - [1mAAPL raw_sentiment=+0.65 (local, 1 articles)[0m
[32m2026-09-09 17:54:40.457[0m | [34m[1mDEBUG   [0m | [36msrc.analysis.sentiment[0m:[36manalyse_sentiment[0m:[36m1571[0m - [34m[1mAAPL sentiment scaled +0.65 \u2192 +0.27 (count=1, sources=1, scale=0.41)[0m
[32m2026-09-09 17:54:42.534[0m | [1mINFO    [0m | [36msrc.analysis.sentiment[0m:[36manalyse_sentiment[0m:[36m1515[0m - [1mAAPL raw_sentiment=+0.75 (local, 1 articles)[0m
[32m2026-09-09 17:54:42.535[0m | [34m[1mDEBUG   [0m | [36msrc.analysis.sentiment[0m:[36manalyse_sentiment[0m:[36m1571[0m - [34m[1mAAPL sentiment scaled +0.75 \u2192 +0.31 (count=1, sources=1, scale=0.41)[0m
[32m2026-09-09 17:54:44.552[0m | [1mINFO    [0m | [36msrc.analysis.sentiment[0m:[36manalyse_sentiment[0m:[36m1515[0m - [1mAAPL raw_sentiment=+0.65 (local, 1 articles)[0m
[32m2026-09-09 17:54:44.552[0m | [34m[1mDEBUG   [0m | [36msrc.analysis.sentiment[0m:[36manalyse_sentiment[0m:[36m1571[0m - [34m[1mAAPL sentiment scaled +0.65 \u2192 +0.26 (count=1, sources=1, scale=0.41)[0m
[32m2026-09-09 17:54:46.341[0m | [1mINFO    [0m | [36msrc.analysis.sentiment[0m:[36manalyse_sentiment[0m:[36m1515[0m - [1mAAPL raw_sentiment=+0.15 (local, 1 articles)[0m
[32m2026-09-09 17:54:46.342[0m | [34m[1mDEBUG   [0m | [36msrc.analysis.sentiment[0m:[36manalyse_sentiment[0m:[36m1571[0m - [34m[1mAAPL sentiment scaled +0.15 \u2192 +0.06 (count=1, sources=1, scale=0.41)[0m
[32m2026-09-09 17:54:48.494[0m | [1mINFO    [0m | [36msrc.analysis.sentiment[0m:[36manalyse_sentiment[0m:[36m1515[0m - [1mAMD raw_sentiment=-0.15 (local, 1 articles)[0m
[32m2026-09-09 17:54:48.494[0m | [34m[1mDEBUG   [0m | [36msrc.analysis.sentiment[0m:[36manalyse_sentiment[0m:[36m1571[0m - [34m[1mAMD sentiment scaled -0.15 \u2192 -0.07 (count=1, sources=1, scale=0.44)[0m
[32m2026-09-09 17:54:50.633[0m | [1mINFO    [0m | [36msrc.analysis.sentiment[0m:[36manalyse_sentiment[0m:[36m1515[0m - [1mAMD raw_sentiment=+0.45 (local, 1 articles)[0m
[32m2026-09-09 17:54:50.633[0m | [34m[1mDEBUG   [0m | [36msrc.analysis.sentiment[0m:[36manalyse_sentiment[0m:[36m1571[0m - [34m[1mAMD sentiment scaled +0.45 \u2192 +0.19 (count=1, sources=1, scale=0.42)[0m
[32m2026-09-09 17:54:52.955[0m | [1mINFO    [0m | [36msrc.analysis.sentiment[0m:[36manalyse_sentiment[0m:[36m1515[0m - [1mAMD raw_sentiment=-0.15 (local, 1 articles)[0m
[32m2026-09-09 17:54:52.956[0m | [34m[1mDEBUG   [0m | [36msrc.analysis.sentiment[0m:[36manalyse_sentiment[0m:[36m1571[0m - [34m[1mAMD sentiment scaled -0.15 \u2192 -0.06 (count=1, sources=1, scale=0.42)[0m
[32m2026-09-09 17:54:55.144[0m | [1mINFO    [0m | [36msrc.analysis.sentiment[0m:[36manalyse_sentiment[0m:[36m1515[0m - [1mAMD raw_sentiment=+0.05 (local, 1 articles)[0m
[32m2026-09-09 17:54:55.144[0m | [34m[1mDEBUG   [0m | [36msrc.analysis.sentiment[0m:[36manalyse_sentiment[0m:[36m1571[0m - [34m[1mAMD sentiment scaled +0.05 \u2192 +0.02 (count=1, sources=1, scale=0.40)[0m
[32m2026-09-09 17:54:57.054[0m | [1mINFO    [0m | [36msrc.analysis.sentiment[0m:[36manalyse_sentiment[0m:[36m1515[0m - [1mAMD raw_sentiment=-0.35 (local, 1 articles)[0m
[32m2026-09-09 17:54:57.054[0m | [34m[1mDEBUG   [0m | [36msrc.analysis.sentiment[0m:[36manalyse_sentiment[0m:[36m1571[0m - [34m[1mAMD sentiment scaled -0.35 \u2192 -0.13 (count=1, sources=1, scale=0.38)[0m
[32m2026-09-09 17:54:59.124[0m | [1mINFO    [0m | [36msrc.analysis.sentiment[0m:[36manalyse_sentiment[0m:[36m1515[0m - [1mAMD raw_sentiment=-0.65 (local, 1 articles)[0m
[32m2026-09-09 17:54:59.124[0m | [34m[1mDEBUG   [0m | [36msrc.analysis.sentiment[0m:[36manalyse_sentiment[0m:[36m1571[0m - [34m[1mAMD sentiment scaled -0.65 \u2192 -0.24 (count=1, sources=1, scale=0.37)[0m
[32m2026-09-09 17:55:00.911[0m | [1mINFO    [0m | [36msrc.analysis.sentiment[0m:[36manalyse_sentiment[0m:[36m1515[0m - [1mAMD raw_sentiment=-0.15 (local, 2 articles)[0m
[32m2026-09-09 17:55:00.911[0m | [34m[1mDEBUG   [0m | [36msrc.analysis.sentiment[0m:[36manalyse_sentiment[0m:[36m1571[0m - [34m[1mAMD sentiment scaled -0.15 \u2192 -0.08 (count=2, sources=2, scale=0.50)[0m
[32m2026-09-09 17:55:02.713[0m | [1mINFO    [0m | [36msrc.analysis.sentiment[0m:[36manalyse_sentiment[0m:[36m1515[0m - [1mAMD raw_sentiment=-0.05 (local, 1 articles)[0m
[32m2026-09-09 17:55:02.713[0m | [34m[1mDEBUG   [0m | [36msrc.analysis.sentiment[0m:[36manalyse_sentiment[0m:[36m1571[0m - [34m[1mAMD sentiment scaled -0.05 \u2192 -0.02 (count=1, sources=1, scale=0.37)[0m
[32m2026-09-09 17:55:05.079[0m | [1mINFO    [0m | [36msrc.analysis.sentiment[0m:[36manalyse_sentiment[0m:[36m1515[0m - [1mAMD raw_sentiment=+0.25 (local, 1 articles)[0m
[32m2026-09-09 17:55:05.079[0m | [34m[1mDEBUG   [0m | [36msrc.analysis.sentiment[0m:[36manalyse_sentiment[0m:[36m1571[0m - [34m[1mAMD sentiment scaled +0.25 \u2192 +0.09 (count=1, sources=1, scale=0.37)[0m
[32m2026-09-09 17:55:06.817[0m | [1mINFO    [0m | [36msrc.analysis.sentiment[0m:[36manalyse_sentiment[0m:[36m1515[0m - [1mAMD raw_sentiment=+0.00 (local, 1 articles)[0m
[32m2026-09-09 17:55:06.818[0m | [34m[1mDEBUG   [0m | [36msrc.analysis.sentiment[0m:[36manalyse_sentiment[0m:[36m1571[0m - [34m[1mAMD sentiment scaled +0.00 \u2192 +0.00 (count=1, sources=1, scale=0.37)[0m
[32m2026-09-09 17:55:08.961[0m | [1mINFO    [0m | [36msrc.analysis.sentiment[0m:[36manalyse_sentiment[0m:[36m1515[0m - [1mAMD raw_sentiment=-0.05 (local, 1 articles)[0m
[32m2026-09-09 17:55:08.961[0m | [34m[1mDEBUG   [0m | [36msrc.analysis.sentiment[0m:[36manalyse_sentiment[0m:[36m1571[0m - [34m[1mAMD sentiment scaled -0.05 \u2192 -0.02 (count=1, sources=1, scale=0.37)[0m
[32m2026-09-09 17:55:11.005[0m | [1mINFO    [0m | [36msrc.analysis.sentiment[0m:[36manalyse_sentiment[0m:[36m1515[0m - [1mAMD raw_sentiment=-0.35 (local, 2 articles)[0m
[32m2026-09-09 17:55:11.006[0m | [34m[1mDEBUG   [0m | [36msrc.analysis.sentiment[0m:[36manalyse_sentiment[0m:[36m1571[0m - [34m[1mAMD sentiment scaled -0.35 \u2192 -0.17 (count=2, sources=2, scale=0.49)[0m
[32m2026-09-09 17:55:13.069[0m | [1mINFO    [0m | [36msrc.analysis.sentiment[0m:[36manalyse_sentiment[0m:[36m1515[0m - [1mAMD raw_sentiment=-0.05 (local, 1 articles)[0m
[32m2026-09-09 17:55:13.070[0m | [34m[1mDEBUG   [0m | [36msrc.analysis.sentiment[0m:[36manalyse_sentiment[0m:[36m1571[0m - [34m[1mAMD sentiment scaled -0.05 \u2192 -0.02 (count=1, sources=1, scale=0.36)[0m
[32m2026-09-09 17:55:15.180[0m | [1mINFO    [0m | [36msrc.analysis.sentiment[0m:[36manalyse_sentiment[0m:[36m1515[0m - [1mAMD raw_sentiment=-0.15 (local, 1 articles)[0m
[32m2026-09-09 17:55:15.180[0m | [34m[1mDEBUG   [0m | [36msrc.analysis.sentiment[0m:[36manalyse_sentiment[0m:[36m1571[0m - [34m[1mAMD sentiment scaled -0.15 \u2192 -0.05 (count=1, sources=1, scale=0.36)[0m
[32m2026-09-09 17:55:17.493[0m | [1mINFO    [0m | [36msrc.analysis.sentiment[0m:[36manalyse_sentiment[0m:[36m1515[0m - [1mAMD raw_sentiment=-0.05 (local, 1 articles)[0m
[32m2026-09-09 17:55:17.493[0m | [34m[1mDEBUG   [0m | [36msrc.analysis.sentiment[0m:[36manalyse_sentiment[0m:[36m1571[0m - [34m[1mAMD sentiment scaled -0.05 \u2192 -0.02 (count=1, sources=1, scale=0.36)[0m
[32m2026-09-09 17:55:19.262[0m | [1mINFO    [0m | [36msrc.analysis.sentiment[0m:[36manalyse_sentiment[0m:[36m1515[0m - [1mAMD raw_sentiment=+0.25 (local, 1 articles)[0m
[32m2026-09-09 17:55:19.263[0m | [34m[1mDEBUG   [0m | [36msrc.analysis.sentiment[0m:[36manalyse_sentiment[0m:[36m1571[0m - [34m[1mAMD sentiment scaled +0.25 \u2192 +0.09 (count=1, sources=1, scale=0.36)[0m
[32m2026-09-09 17:55:21.483[0m | [1mINFO    [0m | [36msrc.analysis.sentiment[0m:[36manalyse_sentiment[0m:[36m1515[0m - [1mAMD raw_sentiment=+0.25 (local, 1 articles)[0m
[32m2026-09-09 17:55:21.484[0m | [34m[1mDEBUG   [0m | [36msrc.analysis.sentiment[0m:[36manalyse_sentiment[0m:[36m1571[0m - [34m[1mAMD sentiment scaled +0.25 \u2192 +0.09 (count=1, sources=1, scale=0.36)[0m
[32m2026-09-09 17:55:23.535[0m | [1mINFO    [0m | [36msrc.analysis.sentiment[0m:[36manalyse_sentiment[0m:[36m1515[0m - [1mAMD raw_sentiment=-0.05 (local, 1 articles)[0m
[32m2026-09-09 17:55:23.535[0m | [34m[1mDEBUG   [0m | [36msrc.analysis.sentiment[0m:[36manalyse_sentiment[0m:[36m1571[0m - [34m[1mAMD sentiment scaled -0.05 \u2192 -0.02 (count=1, sources=1, scale=0.36)[0m
  2026-07-09: 2 tickers in 74s
[32m2026-09-09 17:55:23.543[0m | [34m[1mDEBUG   [0m | [36msrc.analysis.news_replay[0m:[36mbuild_tick_pool[0m:[36m296[0m - [34m[1m[news-replay] news_2026-07-10_05.json: dropped 1 article(s) published within 30 min after 05:00:16 (fetched during the run itself)[0m
[32m2026-09-09 17:55:28.171[0m | [1mINFO    [0m | [36msrc.analysis.sentiment[0m:[36manalyse_sentiment[0m:[36m1515[0m - [1mAGIO raw_sentiment=+0.65 (local, 6 articles)[0m
[32m2026-09-09 17:55:28.172[0m | [34m[1mDEBUG   [0m | [36msrc.analysis.sentiment[0m:[36manalyse_sentiment[0m:[36m1571[0m - [34m[1mAGIO sentiment scaled +0.65 \u2192 +0.46 (count=6, sources=5, scale=0.70)[0m
[32m2026-09-09 17:55:30.084[0m | [1mINFO    [0m | [36msrc.analysis.sentiment[0m:[36manalyse_sentiment[0m:[36m1515[0m - [1mAGIO raw_sentiment=-0.05 (local, 1 articles)[0m
[32m2026-09-09 17:55:30.084[0m | [34m[1mDEBUG   [0m | [36msrc.analysis.sentiment[0m:[36manalyse_sentiment[0m:[36m1571[0m - [34m[1mAGIO sentiment scaled -0.05 \u2192 -0.02 (count=1, sources=1, scale=0.36)[0m
[32m2026-09-09 17:55:32.578[0m | [1mINFO    [0m | [36msrc.analysis.sentiment[0m:[36manalyse_sentiment[0m:[36m1515[0m - [1mAGIO raw_sentiment=+0.25 (local, 1 articles)[0m
[32m2026-09-09 17:55:32.578[0m | [34m[1mDEBUG   [0m | [36msrc.analysis.sentiment[0m:[36manalyse_sentiment[0m:[36m1571[0m - [34m[1mAGIO sentiment scaled +0.25 \u2192 +0.08 (count=1, sources=1, scale=0.34)[0m
[32m2026-09-09 17:55:34.956[0m | [1mINFO    [0m | [36msrc.analysis.sentiment[0m:[36manalyse_sentiment[0m:[36m1515[0m - [1mAGIO raw_sentiment=-0.05 (local, 1 articles)[0m
[32m2026-09-09 17:55:34.956[0m | [34m[1mDEBUG   [0m | [36msrc.analysis.sentiment[0m:[36manalyse_sentiment[0m:[36m1571[0m - [34m[1mAGIO sentiment scaled -0.05 \u2192 -0.02 (count=1, sources=1, scale=0.33)[0m
[32m2026-09-09 17:55:37.175[0m | [1mINFO    [0m | [36msrc.analysis.sentiment[0m:[36manalyse_sentiment[0m:[36m1515[0m - [1mAMAT raw_sentiment=+0.05 (local, 1 articles)[0m
[32m2026-09-09 17:55:37.175[0m | [34m[1mDEBUG   [0m | [36msrc.analysis.sentiment[0m:[36manalyse_sentiment[0m:[36m1571[0m - [34m[1mAMAT sentiment scaled +0.05 \u2192 +0.02 (count=1, sources=1, scale=0.43)[0m
[32m2026-09-09 17:55:39.325[0m | [1mINFO    [0m | [36msrc.analysis.sentiment[0m:[36manalyse_sentiment[0m:[36m1515[0m - [1mAMAT raw_sentiment=+0.65 (local, 2 articles)[0m
[32m2026-09-09 17:55:39.326[0m | [34m[1mDEBUG   [0m | [36msrc.analysis.sentiment[0m:[36manalyse_sentiment[0m:[36m1571[0m - [34m[1mAMAT sentiment scaled +0.65 \u2192 +0.31 (count=2, sources=1, scale=0.48)[0m
[32m2026-09-09 17:55:42.023[0m | [1mINFO    [0m | [36msrc.analysis.sentiment[0m:[36manalyse_sentiment[0m:[36m1515[0m - [1mAMAT raw_sentiment=+0.05 (local, 1 articles)[0m
[32m2026-09-09 17:55:42.023[0m | [34m[1mDEBUG   [0m | [36msrc.analysis.sentiment[0m:[36manalyse_sentiment[0m:[36m1571[0m - [34m[1mAMAT sentiment scaled +0.05 \u2192 +0.02 (count=1, sources=1, scale=0.42)[0m
[32m2026-09-09 17:55:44.074[0m | [1mINFO    [0m | [36msrc.analysis.sentiment[0m:[36manalyse_sentiment[0m:[36m1515[0m - [1mAMAT raw_sentiment=+0.15 (local, 1 articles)[0m
[32m2026-09-09 17:55:44.074[0m | [34m[1mDEBUG   [0m | [36msrc.analysis.sentiment[0m:[36manalyse_sentiment[0m:[36m1571[0m - [34m[1mAMAT sentiment scaled +0.15 \u2192 +0.06 (count=1, sources=1, scale=0.41)[0m
[32m2026-09-09 17:55:46.020[0m | [1mINFO    [0m | [36msrc.analysis.sentiment[0m:[36manalyse_sentiment[0m:[36m1515[0m - [1mAMAT raw_sentiment=+0.85 (local, 1 articles)[0m
[32m2026-09-09 17:55:46.020[0m | [34m[1mDEBUG   [0m | [36msrc.analysis.sentiment[0m:[36manalyse_sentiment[0m:[36m1571[0m - [34m[1mAMAT sentiment scaled +0.85 \u2192 +0.34 (count=1, sources=1, scale=0.40)[0m
[32m2026-09-09 17:55:48.149[0m | [1mINFO    [0m | [36msrc.analysis.sentiment[0m:[36manalyse_sentiment[0m:[36m1515[0m - [1mAMAT raw_sentiment=+0.05 (local, 1 articles)[0m
[32m2026-09-09 17:55:48.149[0m | [34m[1mDEBUG   [0m | [36msrc.analysis.sentiment[0m:[36manalyse_sentiment[0m:[36m1571[0m - [34m[1mAMAT sentiment scaled +0.05 \u2192 +0.02 (count=1, sources=1, scale=0.40)[0m
[32m2026-09-09 17:55:49.953[0m | [1mINFO    [0m | [36msrc.analysis.sentiment[0m:[36manalyse_sentiment[0m:[36m1515[0m - [1mAMAT raw_sentiment=+0.05 (local, 1 articles)[0m
[32m2026-09-09 17:55:49.953[0m | [34m[1mDEBUG   [0m | [36msrc.analysis.sentiment[0m:[36manalyse_sentiment[0m:[36m1571[0m - [34m[1mAMAT sentiment scaled +0.05 \u2192 +0.02 (count=1, sources=1, scale=0.36)[0m
[32m2026-09-09 17:55:52.340[0m | [1mINFO    [0m | [36msrc.analysis.sentiment[0m:[36manalyse_sentiment[0m:[36m1515[0m - [1mAMAT raw_sentiment=+0.35 (local, 1 articles)[0m
[32m2026-09-09 17:55:52.340[0m | [34m[1mDEBUG   [0m | [36msrc.analysis.sentiment[0m:[36manalyse_sentiment[0m:[36m1571[0m - [34m[1mAMAT sentiment scaled +0.35 \u2192 +0.13 (count=1, sources=1, scale=0.36)[0m
[32m2026-09-09 17:55:54.743[0m | [1mINFO    [0m | [36msrc.analysis.sentiment[0m:[36manalyse_sentiment[0m:[36m1515[0m - [1mAMAT raw_sentiment=+0.25 (local, 1 articles)[0m
[32m2026-09-09 17:55:54.743[0m | [34m[1mDEBUG   [0m | [36msrc.analysis.sentiment[0m:[36manalyse_sentiment[0m:[36m1571[0m - [34m[1mAMAT sentiment scaled +0.25 \u2192 +0.09 (count=1, sources=1, scale=0.36)[0m
[32m2026-09-09 17:55:56.799[0m | [1mINFO    [0m | [36msrc.analysis.sentiment[0m:[36manalyse_sentiment[0m:[36m1515[0m - [1mAMAT raw_sentiment=-0.35 (local, 1 articles)[0m
[32m2026-09-09 17:55:56.799[0m | [34m[1mDEBUG   [0m | [36msrc.analysis.sentiment[0m:[36manalyse_sentiment[0m:[36m1571[0m - [34m[1mAMAT sentiment scaled -0.35 \u2192 -0.12 (count=1, sources=1, scale=0.35)[0m
[32m2026-09-09 17:55:58.875[0m | [1mINFO    [0m | [36msrc.analysis.sentiment[0m:[36manalyse_sentiment[0m:[36m1515[0m - [1mAMAT raw_sentiment=-0.05 (local, 1 articles)[0m
[32m2026-09-09 17:55:58.876[0m | [34m[1mDEBUG   [0m | [36msrc.analysis.sentiment[0m:[36manalyse_sentiment[0m:[36m1571[0m - [34m[1mAMAT sentiment scaled -0.05 \u2192 -0.02 (count=1, sources=1, scale=0.34)[0m
[32m2026-09-09 17:56:01.124[0m | [1mINFO    [0m | [36msrc.analysis.sentiment[0m:[36manalyse_sentiment[0m:[36m1515[0m - [1mAMAT raw_sentiment=-0.35 (local, 1 articles)[0m
[32m2026-09-09 17:56:01.124[0m | [34m[1mDEBUG   [0m | [36msrc.analysis.sentiment[0m:[36manalyse_sentiment[0m:[36m1571[0m - [34m[1mAMAT sentiment scaled -0.35 \u2192 -0.12 (count=1, sources=1, scale=0.34)[0m
[32m2026-09-09 17:56:03.148[0m | [1mINFO    [0m | [36msrc.analysis.sentiment[0m:[36manalyse_sentiment[0m:[36m1515[0m - [1mAMAT raw_sentiment=-0.15 (local, 1 articles)[0m
[32m2026-09-09 17:56:03.149[0m | [34m[1mDEBUG   [0m | [36msrc.analysis.sentiment[0m:[36manalyse_sentiment[0m:[36m1571[0m - [34m[1mAMAT sentiment scaled -0.15 \u2192 -0.05 (count=1, sources=1, scale=0.34)[0m
[32m2026-09-09 17:56:05.128[0m | [1mINFO    [0m | [36msrc.analysis.sentiment[0m:[36manalyse_sentiment[0m:[36m1515[0m - [1mAMAT raw_sentiment=+0.15 (local, 2 articles)[0m
[32m2026-09-09 17:56:05.128[0m | [34m[1mDEBUG   [0m | [36msrc.analysis.sentiment[0m:[36manalyse_sentiment[0m:[36m1571[0m - [34m[1mAMAT sentiment scaled +0.15 \u2192 +0.06 (count=2, sources=2, scale=0.42)[0m
[32m2026-09-09 17:56:07.117[0m | [1mINFO    [0m | [36msrc.analysis.sentiment[0m:[36manalyse_sentiment[0m:[36m1515[0m - [1mAMAT raw_sentiment=-0.65 (local, 1 articles)[0m
[32m2026-09-09 17:56:07.118[0m | [34m[1mDEBUG   [0m | [36msrc.analysis.sentiment[0m:[36manalyse_sentiment[0m:[36m1571[0m - [34m[1mAMAT sentiment scaled -0.65 \u2192 -0.22 (count=1, sources=1, scale=0.33)[0m
[32m2026-09-09 17:56:08.879[0m | [1mINFO    [0m | [36msrc.analysis.sentiment[0m:[36manalyse_sentiment[0m:[36m1515[0m - [1mAMAT raw_sentiment=-0.15 (local, 1 articles)[0m
[32m2026-09-09 17:56:08.879[0m | [34m[1mDEBUG   [0m | [36msrc.analysis.sentiment[0m:[36manalyse_sentiment[0m:[36m1571[0m - [34m[1mAMAT sentiment scaled -0.15 \u2192 -0.05 (count=1, sources=1, scale=0.33)[0m
[32m2026-09-09 17:56:10.849[0m | [1mINFO    [0m | [36msrc.analysis.sentiment[0m:[36manalyse_sentiment[0m:[36m1515[0m - [1mAMAT raw_sentiment=+0.00 (local, 1 articles)[0m
[32m2026-09-09 17:56:10.849[0m | [34m[1mDEBUG   [0m | [36msrc.analysis.sentiment[0m:[36manalyse_sentiment[0m:[36m1571[0m - [34m[1mAMAT sentiment scaled +0.00 \u2192 +0.00 (count=1, sources=1, scale=0.33)[0m
[32m2026-09-09 17:56:13.087[0m | [1mINFO    [0m | [36msrc.analysis.sentiment[0m:[36manalyse_sentiment[0m:[36m1515[0m - [1mAMAT raw_sentiment=-0.10 (local, 1 articles)[0m
[32m2026-09-09 17:56:13.087[0m | [34m[1mDEBUG   [0m | [36msrc.analysis.sentiment[0m:[36manalyse_sentiment[0m:[36m1571[0m - [34m[1mAMAT sentiment scaled -0.10 \u2192 -0.03 (count=1, sources=1, scale=0.33)[0m
[32m2026-09-09 17:56:15.463[0m | [1mINFO    [0m | [36msrc.analysis.sentiment[0m:[36manalyse_sentiment[0m:[36m1515[0m - [1mAMZN raw_sentiment=-0.45 (local, 1 articles)[0m
[32m2026-09-09 17:56:15.463[0m | [34m[1mDEBUG   [0m | [36msrc.analysis.sentiment[0m:[36manalyse_sentiment[0m:[36m1571[0m - [34m[1mAMZN sentiment scaled -0.45 \u2192 -0.20 (count=1, sources=1, scale=0.44)[0m
[32m2026-09-09 17:56:18.374[0m | [1mINFO    [0m | [36msrc.analysis.sentiment[0m:[36manalyse_sentiment[0m:[36m1515[0m - [1mAMZN raw_sentiment=-0.05 (local, 1 articles)[0m
[32m2026-09-09 17:56:18.374[0m | [34m[1mDEBUG   [0m | [36msrc.analysis.sentiment[0m:[36manalyse_sentiment[0m:[36m1571[0m - [34m[1mAMZN sentiment scaled -0.05 \u2192 -0.02 (count=1, sources=1, scale=0.43)[0m
[32m2026-09-09 17:56:20.347[0m | [1mINFO    [0m | [36msrc.analysis.sentiment[0m:[36manalyse_sentiment[0m:[36m1515[0m - [1mAMZN raw_sentiment=+0.25 (local, 2 articles)[0m
[32m2026-09-09 17:56:20.347[0m | [34m[1mDEBUG   [0m | [36msrc.analysis.sentiment[0m:[36manalyse_sentiment[0m:[36m1571[0m - [34m[1mAMZN sentiment scaled +0.25 \u2192 +0.15 (count=2, sources=2, scale=0.59)[0m
[32m2026-09-09 17:56:22.407[0m | [1mINFO    [0m | [36msrc.analysis.sentiment[0m:[36manalyse_sentiment[0m:[36m1515[0m - [1mAMZN raw_sentiment=+0.15 (local, 1 articles)[0m
[32m2026-09-09 17:56:22.407[0m | [34m[1mDEBUG   [0m | [36msrc.analysis.sentiment[0m:[36manalyse_sentiment[0m:[36m1571[0m - [34m[1mAMZN sentiment scaled +0.15 \u2192 +0.06 (count=1, sources=1, scale=0.42)[0m
[32m2026-09-09 17:56:24.365[0m | [1mINFO    [0m | [36msrc.analysis.sentiment[0m:[36manalyse_sentiment[0m:[36m1515[0m - [1mAMZN raw_sentiment=-0.15 (local, 1 articles)[0m
[32m2026-09-09 17:56:24.365[0m | [34m[1mDEBUG   [0m | [36msrc.analysis.sentiment[0m:[36manalyse_sentiment[0m:[36m1571[0m - [34m[1mAMZN sentiment scaled -0.15 \u2192 -0.06 (count=1, sources=1, scale=0.41)[0m
[32m2026-09-09 17:56:26.424[0m | [1mINFO    [0m | [36msrc.analysis.sentiment[0m:[36manalyse_sentiment[0m:[36m1515[0m - [1mAMZN raw_sentiment=+0.15 (local, 1 articles)[0m
[32m2026-09-09 17:56:26.424[0m | [34m[1mDEBUG   [0m | [36msrc.analysis.sentiment[0m:[36manalyse_sentiment[0m:[36m1571[0m - [34m[1mAMZN sentiment scaled +0.15 \u2192 +0.06 (count=1, sources=1, scale=0.40)[0m
[32m2026-09-09 17:56:28.423[0m | [1mINFO    [0m | [36msrc.analysis.sentiment[0m:[36manalyse_sentiment[0m:[36m1515[0m - [1mAMZN raw_sentiment=+0.65 (local, 1 articles)[0m
[32m2026-09-09 17:56:28.423[0m | [34m[1mDEBUG   [0m | [36msrc.analysis.sentiment[0m:[36manalyse_sentiment[0m:[36m1571[0m - [34m[1mAMZN sentiment scaled +0.65 \u2192 +0.25 (count=1, sources=1, scale=0.39)[0m
[32m2026-09-09 17:56:30.279[0m | [1mINFO    [0m | [36msrc.analysis.sentiment[0m:[36manalyse_sentiment[0m:[36m1515[0m - [1mAMZN raw_sentiment=-0.05 (local, 1 articles)[0m
[32m2026-09-09 17:56:30.279[0m | [34m[1mDEBUG   [0m | [36msrc.analysis.sentiment[0m:[36manalyse_sentiment[0m:[36m1571[0m - [34m[1mAMZN sentiment scaled -0.05 \u2192 -0.02 (count=1, sources=1, scale=0.39)[0m
[32m2026-09-09 17:56:32.267[0m | [1mINFO    [0m | [36msrc.analysis.sentiment[0m:[36manalyse_sentiment[0m:[36m1515[0m - [1mAMZN raw_sentiment=-0.05 (local, 1 articles)[0m
[32m2026-09-09 17:56:32.267[0m | [34m[1mDEBUG   [0m | [36msrc.analysis.sentiment[0m:[36manalyse_sentiment[0m:[36m1571[0m - [34m[1mAMZN sentiment scaled -0.05 \u2192 -0.02 (count=1, sources=1, scale=0.39)[0m
[32m2026-09-09 17:56:34.142[0m | [1mINFO    [0m | [36msrc.analysis.sentiment[0m:[36manalyse_sentiment[0m:[36m1515[0m - [1mAMZN raw_sentiment=+0.05 (local, 1 articles)[0m
[32m2026-09-09 17:56:34.142[0m | [34m[1mDEBUG   [0m | [36msrc.analysis.sentiment[0m:[36manalyse_sentiment[0m:[36m1571[0m - [34m[1mAMZN sentiment scaled +0.05 \u2192 +0.02 (count=1, sources=1, scale=0.39)[0m
[32m2026-09-09 17:56:35.995[0m | [1mINFO    [0m | [36msrc.analysis.sentiment[0m:[36manalyse_sentiment[0m:[36m1515[0m - [1mAMZN raw_sentiment=+0.00 (local, 1 articles)[0m
[32m2026-09-09 17:56:35.995[0m | [34m[1mDEBUG   [0m | [36msrc.analysis.sentiment[0m:[36manalyse_sentiment[0m:[36m1571[0m - [34m[1mAMZN sentiment scaled +0.00 \u2192 +0.00 (count=1, sources=1, scale=0.39)[0m
[32m2026-09-09 17:56:38.229[0m | [1mINFO    [0m | [36msrc.analysis.sentiment[0m:[36manalyse_sentiment[0m:[36m1515[0m - [1mAMZN raw_sentiment=+0.05 (local, 1 articles)[0m
[32m2026-09-09 17:56:38.229[0m | [34m[1mDEBUG   [0m | [36msrc.analysis.sentiment[0m:[36manalyse_sentiment[0m:[36m1571[0m - [34m[1mAMZN sentiment scaled +0.05 \u2192 +0.02 (count=1, sources=1, scale=0.38)[0m
[32m2026-09-09 17:56:39.803[0m | [1mINFO    [0m | [36msrc.analysis.sentiment[0m:[36manalyse_sentiment[0m:[36m1515[0m - [1mAMZN raw_sentiment=+0.15 (local, 1 articles)[0m
[32m2026-09-09 17:56:39.803[0m | [34m[1mDEBUG   [0m | [36msrc.analysis.sentiment[0m:[36manalyse_sentiment[0m:[36m1571[0m - [34m[1mAMZN sentiment scaled +0.15 \u2192 +0.06 (count=1, sources=1, scale=0.37)[0m
[32m2026-09-09 17:56:41.726[0m | [1mINFO    [0m | [36msrc.analysis.sentiment[0m:[36manalyse_sentiment[0m:[36m1515[0m - [1mAMZN raw_sentiment=-0.05 (local, 1 articles)[0m
[32m2026-09-09 17:56:41.726[0m | [34m[1mDEBUG   [0m | [36msrc.analysis.sentiment[0m:[36manalyse_sentiment[0m:[36m1571[0m - [34m[1mAMZN sentiment scaled -0.05 \u2192 -0.02 (count=1, sources=1, scale=0.36)[0m
[32m2026-09-09 17:56:43.911[0m | [1mINFO    [0m | [36msrc.analysis.sentiment[0m:[36manalyse_sentiment[0m:[36m1515[0m - [1mAMZN raw_sentiment=+0.05 (local, 1 articles)[0m
[32m2026-09-09 17:56:43.911[0m | [34m[1mDEBUG   [0m | [36msrc.analysis.sentiment[0m:[36manalyse_sentiment[0m:[36m1571[0m - [34m[1mAMZN sentiment scaled +0.05 \u2192 +0.02 (count=1, sources=1, scale=0.36)[0m
[32m2026-09-09 17:56:45.970[0m | [1mINFO    [0m | [36msrc.analysis.sentiment[0m:[36manalyse_sentiment[0m:[36m1515[0m - [1mAMZN raw_sentiment=-0.25 (local, 1 articles)[0m
[32m2026-09-09 17:56:45.970[0m | [34m[1mDEBUG   [0m | [36msrc.analysis.sentiment[0m:[36manalyse_sentiment[0m:[36m1571[0m - [34m[1mAMZN sentiment scaled -0.25 \u2192 -0.09 (count=1, sources=1, scale=0.36)[0m
[32m2026-09-09 17:56:48.466[0m | [1mINFO    [0m | [36msrc.analysis.sentiment[0m:[36manalyse_sentiment[0m:[36m1515[0m - [1mAMZN raw_sentiment=-0.05 (local, 1 articles)[0m
[32m2026-09-09 17:56:48.466[0m | [34m[1mDEBUG   [0m | [36msrc.analysis.sentiment[0m:[36manalyse_sentiment[0m:[36m1571[0m - [34m[1mAMZN sentiment scaled -0.05 \u2192 -0.02 (count=1, sources=1, scale=0.36)[0m
[32m2026-09-09 17:56:50.642[0m | [1mINFO    [0m | [36msrc.analysis.sentiment[0m:[36manalyse_sentiment[0m:[36m1515[0m - [1mAMZN raw_sentiment=+0.05 (local, 2 articles)[0m
[32m2026-09-09 17:56:50.642[0m | [34m[1mDEBUG   [0m | [36msrc.analysis.sentiment[0m:[36manalyse_sentiment[0m:[36m1571[0m - [34m[1mAMZN sentiment scaled +0.05 \u2192 +0.02 (count=2, sources=2, scale=0.48)[0m
[32m2026-09-09 17:56:53.205[0m | [1mINFO    [0m | [36msrc.analysis.sentiment[0m:[36manalyse_sentiment[0m:[36m1515[0m - [1mAVGO raw_sentiment=+0.15 (local, 1 articles)[0m
[32m2026-09-09 17:56:53.205[0m | [34m[1mDEBUG   [0m | [36msrc.analysis.sentiment[0m:[36manalyse_sentiment[0m:[36m1571[0m - [34m[1mAVGO sentiment scaled +0.15 \u2192 +0.07 (count=1, sources=1, scale=0.45)[0m
[32m2026-09-09 17:56:54.749[0m | [1mINFO    [0m | [36msrc.analysis.sentiment[0m:[36manalyse_sentiment[0m:[36m1515[0m - [1mAVGO raw_sentiment=-0.05 (local, 1 articles)[0m
[32m2026-09-09 17:56:54.750[0m | [34m[1mDEBUG   [0m | [36msrc.analysis.sentiment[0m:[36manalyse_sentiment[0m:[36m1571[0m - [34m[1mAVGO sentiment scaled -0.05 \u2192 -0.02 (count=1, sources=1, scale=0.43)[0m
[32m2026-09-09 17:56:56.994[0m | [1mINFO    [0m | [36msrc.analysis.sentiment[0m:[36manalyse_sentiment[0m:[36m1515[0m - [1mAVGO raw_sentiment=+0.15 (local, 1 articles)[0m
[32m2026-09-09 17:56:56.994[0m | [34m[1mDEBUG   [0m | [36msrc.analysis.sentiment[0m:[36manalyse_sentiment[0m:[36m1571[0m - [34m[1mAVGO sentiment scaled +0.15 \u2192 +0.06 (count=1, sources=1, scale=0.43)[0m
[32m2026-09-09 17:56:59.731[0m | [1mINFO    [0m | [36msrc.analysis.sentiment[0m:[36manalyse_sentiment[0m:[36m1515[0m - [1mAVGO raw_sentiment=+0.25 (local, 1 articles)[0m
[32m2026-09-09 17:56:59.731[0m | [34m[1mDEBUG   [0m | [36msrc.analysis.sentiment[0m:[36manalyse_sentiment[0m:[36m1571[0m - [34m[1mAVGO sentiment scaled +0.25 \u2192 +0.10 (count=1, sources=1, scale=0.42)[0m
[32m2026-09-09 17:57:02.126[0m | [1mINFO    [0m | [36msrc.analysis.sentiment[0m:[36manalyse_sentiment[0m:[36m1515[0m - [1mAVGO raw_sentiment=+0.25 (local, 1 articles)[0m
[32m2026-09-09 17:57:02.127[0m | [34m[1mDEBUG   [0m | [36msrc.analysis.sentiment[0m:[36manalyse_sentiment[0m:[36m1571[0m - [34m[1mAVGO sentiment scaled +0.25 \u2192 +0.10 (count=1, sources=1, scale=0.41)[0m
[32m2026-09-09 17:57:04.506[0m | [1mINFO    [0m | [36msrc.analysis.sentiment[0m:[36manalyse_sentiment[0m:[36m1515[0m - [1mAVGO raw_sentiment=+0.15 (local, 1 articles)[0m
[32m2026-09-09 17:57:04.507[0m | [34m[1mDEBUG   [0m | [36msrc.analysis.sentiment[0m:[36manalyse_sentiment[0m:[36m1571[0m - [34m[1mAVGO sentiment scaled +0.15 \u2192 +0.06 (count=1, sources=1, scale=0.41)[0m
[32m2026-09-09 17:57:06.369[0m | [1mINFO    [0m | [36msrc.analysis.sentiment[0m:[36manalyse_sentiment[0m:[36m1515[0m - [1mAVGO raw_sentiment=-0.05 (local, 1 articles)[0m
[32m2026-09-09 17:57:06.369[0m | [34m[1mDEBUG   [0m | [36msrc.analysis.sentiment[0m:[36manalyse_sentiment[0m:[36m1571[0m - [34m[1mAVGO sentiment scaled -0.05 \u2192 -0.02 (count=1, sources=1, scale=0.41)[0m
[32m2026-09-09 17:57:08.586[0m | [1mINFO    [0m | [36msrc.analysis.sentiment[0m:[36manalyse_sentiment[0m:[36m1515[0m - [1mAVGO raw_sentiment=+0.15 (local, 1 articles)[0m
[32m2026-09-09 17:57:08.587[0m | [34m[1mDEBUG   [0m | [36msrc.analysis.sentiment[0m:[36manalyse_sentiment[0m:[36m1571[0m - [34m[1mAVGO sentiment scaled +0.15 \u2192 +0.06 (count=1, sources=1, scale=0.41)[0m
[32m2026-09-09 17:57:10.329[0m | [1mINFO    [0m | [36msrc.analysis.sentiment[0m:[36manalyse_sentiment[0m:[36m1515[0m - [1mAVGO raw_sentiment=+0.15 (local, 1 articles)[0m
[32m2026-09-09 17:57:10.329[0m | [34m[1mDEBUG   [0m | [36msrc.analysis.sentiment[0m:[36manalyse_sentiment[0m:[36m1571[0m - [34m[1mAVGO sentiment scaled +0.15 \u2192 +0.06 (count=1, sources=1, scale=0.41)[0m
[32m2026-09-09 17:57:12.433[0m | [1mINFO    [0m | [36msrc.analysis.sentiment[0m:[36manalyse_sentiment[0m:[36m1515[0m - [1mAVGO raw_sentiment=+0.65 (local, 1 articles)[0m
[32m2026-09-09 17:57:12.433[0m | [34m[1mDEBUG   [0m | [36msrc.analysis.sentiment[0m:[36manalyse_sentiment[0m:[36m1571[0m - [34m[1mAVGO sentiment scaled +0.65 \u2192 +0.27 (count=1, sources=1, scale=0.41)[0m
[32m2026-09-09 17:57:14.813[0m | [1mINFO    [0m | [36msrc.analysis.sentiment[0m:[36manalyse_sentiment[0m:[36m1515[0m - [1mAVGO raw_sentiment=+0.00 (local, 1 articles)[0m
[32m2026-09-09 17:57:14.813[0m | [34m[1mDEBUG   [0m | [36msrc.analysis.sentiment[0m:[36manalyse_sentiment[0m:[36m1571[0m - [34m[1mAVGO sentiment scaled +0.00 \u2192 +0.00 (count=1, sources=1, scale=0.41)[0m
[32m2026-09-09 17:57:16.510[0m | [1mINFO    [0m | [36msrc.analysis.sentiment[0m:[36manalyse_sentiment[0m:[36m1515[0m - [1mAVGO raw_sentiment=+0.15 (local, 1 articles)[0m
[32m2026-09-09 17:57:16.510[0m | [34m[1mDEBUG   [0m | [36msrc.analysis.sentiment[0m:[36manalyse_sentiment[0m:[36m1571[0m - [34m[1mAVGO sentiment scaled +0.15 \u2192 +0.06 (count=1, sources=1, scale=0.41)[0m
[32m2026-09-09 17:57:18.615[0m | [1mINFO    [0m | [36msrc.analysis.sentiment[0m:[36manalyse_sentiment[0m:[36m1515[0m - [1mAVGO raw_sentiment=+0.25 (local, 1 articles)[0m
[32m2026-09-09 17:57:18.615[0m | [34m[1mDEBUG   [0m | [36msrc.analysis.sentiment[0m:[36manalyse_sentiment[0m:[36m1571[0m - [34m[1mAVGO sentiment scaled +0.25 \u2192 +0.10 (count=1, sources=1, scale=0.41)[0m
[32m2026-09-09 17:57:20.638[0m | [1mINFO    [0m | [36msrc.analysis.sentiment[0m:[36manalyse_sentiment[0m:[36m1515[0m - [1mAVGO raw_sentiment=+0.05 (local, 1 articles)[0m
[32m2026-09-09 17:57:20.638[0m | [34m[1mDEBUG   [0m | [36msrc.analysis.sentiment[0m:[36manalyse_sentiment[0m:[36m1571[0m - [34m[1mAVGO sentiment scaled +0.05 \u2192 +0.02 (count=1, sources=1, scale=0.40)[0m
[32m2026-09-09 17:57:22.748[0m | [1mINFO    [0m | [36msrc.analysis.sentiment[0m:[36manalyse_sentiment[0m:[36m1515[0m - [1mAVGO raw_sentiment=-0.15 (local, 1 articles)[0m
[32m2026-09-09 17:57:22.748[0m | [34m[1mDEBUG   [0m | [36msrc.analysis.sentiment[0m:[36manalyse_sentiment[0m:[36m1571[0m - [34m[1mAVGO sentiment scaled -0.15 \u2192 -0.06 (count=1, sources=1, scale=0.40)[0m
[32m2026-09-09 17:57:24.716[0m | [1mINFO    [0m | [36msrc.analysis.sentiment[0m:[36manalyse_sentiment[0m:[36m1515[0m - [1mAVGO raw_sentiment=+0.45 (local, 1 articles)[0m
[32m2026-09-09 17:57:24.716[0m | [34m[1mDEBUG   [0m | [36msrc.analysis.sentiment[0m:[36manalyse_sentiment[0m:[36m1571[0m - [34m[1mAVGO sentiment scaled +0.45 \u2192 +0.18 (count=1, sources=1, scale=0.40)[0m
[32m2026-09-09 17:57:26.772[0m | [1mINFO    [0m | [36msrc.analysis.sentiment[0m:[36manalyse_sentiment[0m:[36m1515[0m - [1mAVGO raw_sentiment=+0.25 (local, 1 articles)[0m
[32m2026-09-09 17:57:26.772[0m | [34m[1mDEBUG   [0m | [36msrc.analysis.sentiment[0m:[36manalyse_sentiment[0m:[36m1571[0m - [34m[1mAVGO sentiment scaled +0.25 \u2192 +0.10 (count=1, sources=1, scale=0.40)[0m
[32m2026-09-09 17:57:28.933[0m | [1mINFO    [0m | [36msrc.analysis.sentiment[0m:[36manalyse_sentiment[0m:[36m1515[0m - [1mAVGO raw_sentiment=-0.15 (local, 1 articles)[0m
[32m2026-09-09 17:57:28.933[0m | [34m[1mDEBUG   [0m | [36msrc.analysis.sentiment[0m:[36manalyse_sentiment[0m:[36m1571[0m - [34m[1mAVGO sentiment scaled -0.15 \u2192 -0.06 (count=1, sources=1, scale=0.40)[0m
[32m2026-09-09 17:57:30.739[0m | [1mINFO    [0m | [36msrc.analysis.sentiment[0m:[36manalyse_sentiment[0m:[36m1515[0m - [1mAVGO raw_sentiment=+0.75 (local, 1 articles)[0m
[32m2026-09-09 17:57:30.740[0m | [34m[1mDEBUG   [0m | [36msrc.analysis.sentiment[0m:[36manalyse_sentiment[0m:[36m1571[0m - [34m[1mAVGO sentiment scaled +0.75 \u2192 +0.30 (count=1, sources=1, scale=0.40)[0m
[32m2026-09-09 17:57:32.775[0m | [1mINFO    [0m | [36msrc.analysis.sentiment[0m:[36manalyse_sentiment[0m:[36m1515[0m - [1mAVGO raw_sentiment=+0.85 (local, 1 articles)[0m
[32m2026-09-09 17:57:32.775[0m | [34m[1mDEBUG   [0m | [36msrc.analysis.sentiment[0m:[36manalyse_sentiment[0m:[36m1571[0m - [34m[1mAVGO sentiment scaled +0.85 \u2192 +0.33 (count=1, sources=1, scale=0.39)[0m
  2026-07-10: 4 tickers in 128s
[32m2026-09-09 17:57:36.945[0m | [1mINFO    [0m | [36msrc.analysis.sentiment[0m:[36manalyse_sentiment[0m:[36m1515[0m - [1mAAPL raw_sentiment=-0.15 (local, 1 articles)[0m
[32m2026-09-09 17:57:36.945[0m | [34m[1mDEBUG   [0m | [36msrc.analysis.sentiment[0m:[36manalyse_sentiment[0m:[36m1571[0m - [34m[1mAAPL sentiment scaled -0.15 \u2192 -0.07 (count=1, sources=1, scale=0.45)[0m
[32m2026-09-09 17:57:39.169[0m | [1mINFO    [0m | [36msrc.analysis.sentiment[0m:[36manalyse_sentiment[0m:[36m1515[0m - [1mAAPL raw_sentiment=-0.05 (local, 1 articles)[0m
[32m2026-09-09 17:57:39.169[0m | [34m[1mDEBUG   [0m | [36msrc.analysis.sentiment[0m:[36manalyse_sentiment[0m:[36m1571[0m - [34m[1mAAPL sentiment scaled -0.05 \u2192 -0.02 (count=1, sources=1, scale=0.41)[0m
[32m2026-09-09 17:57:41.091[0m | [1mINFO    [0m | [36msrc.analysis.sentiment[0m:[36manalyse_sentiment[0m:[36m1515[0m - [1mAAPL raw_sentiment=+0.00 (local, 1 articles)[0m
[32m2026-09-09 17:57:41.091[0m | [34m[1mDEBUG   [0m | [36msrc.analysis.sentiment[0m:[36manalyse_sentiment[0m:[36m1571[0m - [34m[1mAAPL sentiment scaled +0.00 \u2192 +0.00 (count=1, sources=1, scale=0.41)[0m
[32m2026-09-09 17:57:43.501[0m | [1mINFO    [0m | [36msrc.analysis.sentiment[0m:[36manalyse_sentiment[0m:[36m1515[0m - [1mAAPL raw_sentiment=+0.05 (local, 1 articles)[0m
[32m2026-09-09 17:57:43.502[0m | [34m[1mDEBUG   [0m | [36msrc.analysis.sentiment[0m:[36manalyse_sentiment[0m:[36m1571[0m - [34m[1mAAPL sentiment scaled +0.05 \u2192 +0.02 (count=1, sources=1, scale=0.37)[0m
[32m2026-09-09 17:57:45.799[0m | [1mINFO    [0m | [36msrc.analysis.sentiment[0m:[36manalyse_sentiment[0m:[36m1515[0m - [1mAAPL raw_sentiment=-0.05 (local, 1 articles)[0m
[32m2026-09-09 17:57:45.799[0m | [34m[1mDEBUG   [0m | [36msrc.analysis.sentiment[0m:[36manalyse_sentiment[0m:[36m1571[0m - [34m[1mAAPL sentiment scaled -0.05 \u2192 -0.02 (count=1, sources=1, scale=0.36)[0m
[32m2026-09-09 17:57:48.001[0m | [1mINFO    [0m | [36msrc.analysis.sentiment[0m:[36manalyse_sentiment[0m:[36m1515[0m - [1mAAPL raw_sentiment=+0.65 (local, 1 articles)[0m
[32m2026-09-09 17:57:48.001[0m | [34m[1mDEBUG   [0m | [36msrc.analysis.sentiment[0m:[36manalyse_sentiment[0m:[36m1571[0m - [34m[1mAAPL sentiment scaled +0.65 \u2192 +0.23 (count=1, sources=1, scale=0.35)[0m
[32m2026-09-09 17:57:49.579[0m | [1mINFO    [0m | [36msrc.analysis.sentiment[0m:[36manalyse_sentiment[0m:[36m1515[0m - [1mAAPL raw_sentiment=-0.15 (local, 1 articles)[0m
[32m2026-09-09 17:57:49.580[0m | [34m[1mDEBUG   [0m | [36msrc.analysis.sentiment[0m:[36manalyse_sentiment[0m:[36m1571[0m - [34m[1mAAPL sentiment scaled -0.15 \u2192 -0.05 (count=1, sources=1, scale=0.35)[0m
[32m2026-09-09 17:57:51.619[0m | [1mINFO    [0m | [36msrc.analysis.sentiment[0m:[36manalyse_sentiment[0m:[36m1515[0m - [1mAAPL raw_sentiment=+0.00 (local, 1 articles)[0m
[32m2026-09-09 17:57:51.619[0m | [34m[1mDEBUG   [0m | [36msrc.analysis.sentiment[0m:[36manalyse_sentiment[0m:[36m1571[0m - [34m[1mAAPL sentiment scaled +0.00 \u2192 +0.00 (count=1, sources=1, scale=0.35)[0m
[32m2026-09-09 17:57:53.575[0m | [1mINFO    [0m | [36msrc.analysis.sentiment[0m:[36manalyse_sentiment[0m:[36m1515[0m - [1mAAPL raw_sentiment=+0.35 (local, 1 articles)[0m
[32m2026-09-09 17:57:53.575[0m | [34m[1mDEBUG   [0m | [36msrc.analysis.sentiment[0m:[36manalyse_sentiment[0m:[36m1571[0m - [34m[1mAAPL sentiment scaled +0.35 \u2192 +0.12 (count=1, sources=1, scale=0.34)[0m
[32m2026-09-09 17:57:55.705[0m | [1mINFO    [0m | [36msrc.analysis.sentiment[0m:[36manalyse_sentiment[0m:[36m1515[0m - [1mAAPL raw_sentiment=+0.35 (local, 1 articles)[0m
[32m2026-09-09 17:57:55.706[0m | [34m[1mDEBUG   [0m | [36msrc.analysis.sentiment[0m:[36manalyse_sentiment[0m:[36m1571[0m - [34m[1mAAPL sentiment scaled +0.35 \u2192 +0.12 (count=1, sources=1, scale=0.34)[0m
[32m2026-09-09 17:57:57.580[0m | [1mINFO    [0m | [36msrc.analysis.sentiment[0m:[36manalyse_sentiment[0m:[36m1515[0m - [1mAAPL raw_sentiment=+0.00 (local, 1 articles)[0m
[32m2026-09-09 17:57:57.580[0m | [34m[1mDEBUG   [0m | [36msrc.analysis.sentiment[0m:[36manalyse_sentiment[0m:[36m1571[0m - [34m[1mAAPL sentiment scaled +0.00 \u2192 +0.00 (count=1, sources=1, scale=0.33)[0m
[32m2026-09-09 17:57:59.263[0m | [1mINFO    [0m | [36msrc.analysis.sentiment[0m:[36manalyse_sentiment[0m:[36m1515[0m - [1mAAPL raw_sentiment=+0.00 (local, 1 articles)[0m
[32m2026-09-09 17:57:59.263[0m | [34m[1mDEBUG   [0m | [36msrc.analysis.sentiment[0m:[36manalyse_sentiment[0m:[36m1571[0m - [34m[1mAAPL sentiment scaled +0.00 \u2192 +0.00 (count=1, sources=1, scale=0.33)[0m
[32m2026-09-09 17:58:01.359[0m | [1mINFO    [0m | [36msrc.analysis.sentiment[0m:[36manalyse_sentiment[0m:[36m1515[0m - [1mAAPL raw_sentiment=+0.05 (local, 1 articles)[0m
[32m2026-09-09 17:58:01.360[0m | [34m[1mDEBUG   [0m | [36msrc.analysis.sentiment[0m:[36manalyse_sentiment[0m:[36m1571[0m - [34m[1mAAPL sentiment scaled +0.05 \u2192 +0.02 (count=1, sources=1, scale=0.33)[0m
[32m2026-09-09 17:58:03.536[0m | [1mINFO    [0m | [36msrc.analysis.sentiment[0m:[36manalyse_sentiment[0m:[36m1515[0m - [1mAAPL raw_sentiment=+0.45 (local, 1 articles)[0m
[32m2026-09-09 17:58:03.536[0m | [34m[1mDEBUG   [0m | [36msrc.analysis.sentiment[0m:[36manalyse_sentiment[0m:[36m1571[0m - [34m[1mAAPL sentiment scaled +0.45 \u2192 +0.15 (count=1, sources=1, scale=0.33)[0m
[32m2026-09-09 17:58:05.289[0m | [1mINFO    [0m | [36msrc.analysis.sentiment[0m:[36manalyse_sentiment[0m:[36m1515[0m - [1mAAPL raw_sentiment=+0.15 (local, 1 articles)[0m
[32m2026-09-09 17:58:05.289[0m | [34m[1mDEBUG   [0m | [36msrc.analysis.sentiment[0m:[36manalyse_sentiment[0m:[36m1571[0m - [34m[1mAAPL sentiment scaled +0.15 \u2192 +0.05 (count=1, sources=1, scale=0.33)[0m
[32m2026-09-09 17:58:06.653[0m | [1mINFO    [0m | [36msrc.analysis.sentiment[0m:[36manalyse_sentiment[0m:[36m1515[0m - [1mAAPL raw_sentiment=+0.00 (local, 1 articles)[0m
[32m2026-09-09 17:58:06.654[0m | [34m[1mDEBUG   [0m | [36msrc.analysis.sentiment[0m:[36manalyse_sentiment[0m:[36m1571[0m - [34m[1mAAPL sentiment scaled +0.00 \u2192 +0.00 (count=1, sources=1, scale=0.33)[0m
[32m2026-09-09 17:58:08.777[0m | [1mINFO    [0m | [36msrc.analysis.sentiment[0m:[36manalyse_sentiment[0m:[36m1515[0m - [1mAAPL raw_sentiment=+0.15 (local, 1 articles)[0m
[32m2026-09-09 17:58:08.778[0m | [34m[1mDEBUG   [0m | [36msrc.analysis.sentiment[0m:[36manalyse_sentiment[0m:[36m1571[0m - [34m[1mAAPL sentiment scaled +0.15 \u2192 +0.05 (count=1, sources=1, scale=0.33)[0m
[32m2026-09-09 17:58:10.624[0m | [1mINFO    [0m | [36msrc.analysis.sentiment[0m:[36manalyse_sentiment[0m:[36m1515[0m - [1mAAPL raw_sentiment=+0.05 (local, 1 articles)[0m
[32m2026-09-09 17:58:10.624[0m | [34m[1mDEBUG   [0m | [36msrc.analysis.sentiment[0m:[36manalyse_sentiment[0m:[36m1571[0m - [34m[1mAAPL sentiment scaled +0.05 \u2192 +0.02 (count=1, sources=1, scale=0.33)[0m
[32m2026-09-09 17:58:12.750[0m | [1mINFO    [0m | [36msrc.analysis.sentiment[0m:[36manalyse_sentiment[0m:[36m1515[0m - [1mAAPL raw_sentiment=-0.05 (local, 1 articles)[0m
[32m2026-09-09 17:58:12.751[0m | [34m[1mDEBUG   [0m | [36msrc.analysis.sentiment[0m:[36manalyse_sentiment[0m:[36m1571[0m - [34m[1mAAPL sentiment scaled -0.05 \u2192 -0.02 (count=1, sources=1, scale=0.33)[0m
[32m2026-09-09 17:58:15.103[0m | [1mINFO    [0m | [36msrc.analysis.sentiment[0m:[36manalyse_sentiment[0m:[36m1515[0m - [1mAAPL raw_sentiment=+0.05 (local, 1 articles)[0m
[32m2026-09-09 17:58:15.103[0m | [34m[1mDEBUG   [0m | [36msrc.analysis.sentiment[0m:[36manalyse_sentiment[0m:[36m1571[0m - [34m[1mAAPL sentiment scaled +0.05 \u2192 +0.02 (count=1, sources=1, scale=0.32)[0m
[32m2026-09-09 17:58:17.517[0m | [1mINFO    [0m | [36msrc.analysis.sentiment[0m:[36manalyse_sentiment[0m:[36m1515[0m - [1mADMA raw_sentiment=-0.65 (local, 6 articles)[0m
[32m2026-09-09 17:58:17.517[0m | [34m[1mDEBUG   [0m | [36msrc.analysis.sentiment[0m:[36manalyse_sentiment[0m:[36m1571[0m - [34m[1mADMA sentiment scaled -0.65 \u2192 -0.27 (count=6, sources=1, scale=0.41)[0m
[32m2026-09-09 17:58:19.666[0m | [1mINFO    [0m | [36msrc.analysis.sentiment[0m:[36manalyse_sentiment[0m:[36m1515[0m - [1mADMA raw_sentiment=-0.45 (local, 1 articles)[0m
[32m2026-09-09 17:58:19.666[0m | [34m[1mDEBUG   [0m | [36msrc.analysis.sentiment[0m:[36manalyse_sentiment[0m:[36m1571[0m - [34m[1mADMA sentiment scaled -0.45 \u2192 -0.14 (count=1, sources=1, scale=0.32)[0m
[32m2026-09-09 17:58:21.695[0m | [1mINFO    [0m | [36msrc.analysis.sentiment[0m:[36manalyse_sentiment[0m:[36m1515[0m - [1mAMD raw_sentiment=-0.05 (local, 2 articles)[0m
[32m2026-09-09 17:58:21.695[0m | [34m[1mDEBUG   [0m | [36msrc.analysis.sentiment[0m:[36manalyse_sentiment[0m:[36m1571[0m - [34m[1mAMD sentiment scaled -0.05 \u2192 -0.03 (count=2, sources=2, scale=0.64)[0m
[32m2026-09-09 17:58:23.635[0m | [1mINFO    [0m | [36msrc.analysis.sentiment[0m:[36manalyse_sentiment[0m:[36m1515[0m - [1mAMD raw_sentiment=-0.15 (local, 1 articles)[0m
[32m2026-09-09 17:58:23.635[0m | [34m[1mDEBUG   [0m | [36msrc.analysis.sentiment[0m:[36manalyse_sentiment[0m:[36m1571[0m - [34m[1mAMD sentiment scaled -0.15 \u2192 -0.06 (count=1, sources=1, scale=0.42)[0m
[32m2026-09-09 17:58:26.021[0m | [1mINFO    [0m | [36msrc.analysis.sentiment[0m:[36manalyse_sentiment[0m:[36m1515[0m - [1mAMD raw_sentiment=+0.15 (local, 1 articles)[0m
[32m2026-09-09 17:58:26.021[0m | [34m[1mDEBUG   [0m | [36msrc.analysis.sentiment[0m:[36manalyse_sentiment[0m:[36m1571[0m - [34m[1mAMD sentiment scaled +0.15 \u2192 +0.06 (count=1, sources=1, scale=0.41)[0m
[32m2026-09-09 17:58:27.965[0m | [1mINFO    [0m | [36msrc.analysis.sentiment[0m:[36manalyse_sentiment[0m:[36m1515[0m - [1mAMD raw_sentiment=-0.05 (local, 1 articles)[0m
[32m2026-09-09 17:58:27.966[0m | [34m[1mDEBUG   [0m | [36msrc.analysis.sentiment[0m:[36manalyse_sentiment[0m:[36m1571[0m - [34m[1mAMD sentiment scaled -0.05 \u2192 -0.02 (count=1, sources=1, scale=0.37)[0m
[32m2026-09-09 17:58:29.554[0m | [1mINFO    [0m | [36msrc.analysis.sentiment[0m:[36manalyse_sentiment[0m:[36m1515[0m - [1mAMD raw_sentiment=+0.05 (local, 1 articles)[0m
[32m2026-09-09 17:58:29.554[0m | [34m[1mDEBUG   [0m | [36msrc.analysis.sentiment[0m:[36manalyse_sentiment[0m:[36m1571[0m - [34m[1mAMD sentiment scaled +0.05 \u2192 +0.02 (count=1, sources=1, scale=0.36)[0m
[32m2026-09-09 17:58:31.569[0m | [1mINFO    [0m | [36msrc.analysis.sentiment[0m:[36manalyse_sentiment[0m:[36m1515[0m - [1mAMD raw_sentiment=+0.15 (local, 1 articles)[0m
[32m2026-09-09 17:58:31.569[0m | [34m[1mDEBUG   [0m | [36msrc.analysis.sentiment[0m:[36manalyse_sentiment[0m:[36m1571[0m - [34m[1mAMD sentiment scaled +0.15 \u2192 +0.05 (count=1, sources=1, scale=0.36)[0m
[32m2026-09-09 17:58:33.654[0m | [1mINFO    [0m | [36msrc.analysis.sentiment[0m:[36manalyse_sentiment[0m:[36m1515[0m - [1mAMD raw_sentiment=+0.00 (local, 2 articles)[0m
[32m2026-09-09 17:58:33.654[0m | [34m[1mDEBUG   [0m | [36msrc.analysis.sentiment[0m:[36manalyse_sentiment[0m:[36m1571[0m - [34m[1mAMD sentiment scaled +0.00 \u2192 +0.00 (count=2, sources=2, scale=0.47)[0m
[32m2026-09-09 17:58:35.499[0m | [1mINFO    [0m | [36msrc.analysis.sentiment[0m:[36manalyse_sentiment[0m:[36m1515[0m - [1mAMD raw_sentiment=-0.15 (local, 1 articles)[0m
[32m2026-09-09 17:58:35.499[0m | [34m[1mDEBUG   [0m | [36msrc.analysis.sentiment[0m:[36manalyse_sentiment[0m:[36m1571[0m - [34m[1mAMD sentiment scaled -0.15 \u2192 -0.05 (count=1, sources=1, scale=0.35)[0m
[32m2026-09-09 17:58:37.352[0m | [1mINFO    [0m | [36msrc.analysis.sentiment[0m:[36manalyse_sentiment[0m:[36m1515[0m - [1mAMD raw_sentiment=+0.35 (local, 1 articles)[0m
[32m2026-09-09 17:58:37.352[0m | [34m[1mDEBUG   [0m | [36msrc.analysis.sentiment[0m:[36manalyse_sentiment[0m:[36m1571[0m - [34m[1mAMD sentiment scaled +0.35 \u2192 +0.12 (count=1, sources=1, scale=0.34)[0m
[32m2026-09-09 17:58:39.566[0m | [1mINFO    [0m | [36msrc.analysis.sentiment[0m:[36manalyse_sentiment[0m:[36m1515[0m - [1mAMD raw_sentiment=+0.35 (local, 1 articles)[0m
[32m2026-09-09 17:58:39.566[0m | [34m[1mDEBUG   [0m | [36msrc.analysis.sentiment[0m:[36manalyse_sentiment[0m:[36m1571[0m - [34m[1mAMD sentiment scaled +0.35 \u2192 +0.12 (count=1, sources=1, scale=0.33)[0m
[32m2026-09-09 17:58:41.389[0m | [1mINFO    [0m | [36msrc.analysis.sentiment[0m:[36manalyse_sentiment[0m:[36m1515[0m - [1mAMD raw_sentiment=-0.35 (local, 1 articles)[0m
[32m2026-09-09 17:58:41.390[0m | [34m[1mDEBUG   [0m | [36msrc.analysis.sentiment[0m:[36manalyse_sentiment[0m:[36m1571[0m - [34m[1mAMD sentiment scaled -0.35 \u2192 -0.12 (count=1, sources=1, scale=0.33)[0m
[32m2026-09-09 17:58:43.275[0m | [1mINFO    [0m | [36msrc.analysis.sentiment[0m:[36manalyse_sentiment[0m:[36m1515[0m - [1mAMD raw_sentiment=+0.15 (local, 1 articles)[0m
[32m2026-09-09 17:58:43.275[0m | [34m[1mDEBUG   [0m | [36msrc.analysis.sentiment[0m:[36manalyse_sentiment[0m:[36m1571[0m - [34m[1mAMD sentiment scaled +0.15 \u2192 +0.05 (count=1, sources=1, scale=0.33)[0m
[32m2026-09-09 17:58:44.986[0m | [1mINFO    [0m | [36msrc.analysis.sentiment[0m:[36manalyse_sentiment[0m:[36m1515[0m - [1mAMD raw_sentiment=+0.05 (local, 1 articles)[0m
[32m2026-09-09 17:58:44.987[0m | [34m[1mDEBUG   [0m | [36msrc.analysis.sentiment[0m:[36manalyse_sentiment[0m:[36m1571[0m - [34m[1mAMD sentiment scaled +0.05 \u2192 +0.02 (count=1, sources=1, scale=0.33)[0m
[32m2026-09-09 17:58:46.753[0m | [1mINFO    [0m | [36msrc.analysis.sentiment[0m:[36manalyse_sentiment[0m:[36m1515[0m - [1mAMD raw_sentiment=+0.25 (local, 2 articles)[0m
[32m2026-09-09 17:58:46.753[0m | [34m[1mDEBUG   [0m | [36msrc.analysis.sentiment[0m:[36manalyse_sentiment[0m:[36m1571[0m - [34m[1mAMD sentiment scaled +0.25 \u2192 +0.10 (count=2, sources=2, scale=0.41)[0m
[32m2026-09-09 17:58:48.413[0m | [1mINFO    [0m | [36msrc.analysis.sentiment[0m:[36manalyse_sentiment[0m:[36m1515[0m - [1mAMD raw_sentiment=-0.15 (local, 1 articles)[0m
[32m2026-09-09 17:58:48.413[0m | [34m[1mDEBUG   [0m | [36msrc.analysis.sentiment[0m:[36manalyse_sentiment[0m:[36m1571[0m - [34m[1mAMD sentiment scaled -0.15 \u2192 -0.05 (count=1, sources=1, scale=0.33)[0m
[32m2026-09-09 17:58:50.890[0m | [1mINFO    [0m | [36msrc.analysis.sentiment[0m:[36manalyse_sentiment[0m:[36m1515[0m - [1mAMD raw_sentiment=-0.05 (local, 1 articles)[0m
[32m2026-09-09 17:58:50.890[0m | [34m[1mDEBUG   [0m | [36msrc.analysis.sentiment[0m:[36manalyse_sentiment[0m:[36m1571[0m - [34m[1mAMD sentiment scaled -0.05 \u2192 -0.02 (count=1, sources=1, scale=0.33)[0m
[32m2026-09-09 17:58:53.143[0m | [1mINFO    [0m | [36msrc.analysis.sentiment[0m:[36manalyse_sentiment[0m:[36m1515[0m - [1mAMD raw_sentiment=+0.05 (local, 1 articles)[0m
[32m2026-09-09 17:58:53.143[0m | [34m[1mDEBUG   [0m | [36msrc.analysis.sentiment[0m:[36manalyse_sentiment[0m:[36m1571[0m - [34m[1mAMD sentiment scaled +0.05 \u2192 +0.02 (count=1, sources=1, scale=0.32)[0m
[32m2026-09-09 17:58:55.319[0m | [1mINFO    [0m | [36msrc.analysis.sentiment[0m:[36manalyse_sentiment[0m:[36m1515[0m - [1mAPP raw_sentiment=+0.05 (local, 1 articles)[0m
[32m2026-09-09 17:58:55.320[0m | [34m[1mDEBUG   [0m | [36msrc.analysis.sentiment[0m:[36manalyse_sentiment[0m:[36m1571[0m - [34m[1mAPP sentiment scaled +0.05 \u2192 +0.02 (count=1, sources=1, scale=0.38)[0m
[32m2026-09-09 17:58:57.109[0m | [1mINFO    [0m | [36msrc.analysis.sentiment[0m:[36manalyse_sentiment[0m:[36m1515[0m - [1mAPP raw_sentiment=+0.15 (local, 1 articles)[0m
[32m2026-09-09 17:58:57.109[0m | [34m[1mDEBUG   [0m | [36msrc.analysis.sentiment[0m:[36manalyse_sentiment[0m:[36m1571[0m - [34m[1mAPP sentiment scaled +0.15 \u2192 +0.05 (count=1, sources=1, scale=0.34)[0m
[32m2026-09-09 17:58:59.637[0m | [1mINFO    [0m | [36msrc.analysis.sentiment[0m:[36manalyse_sentiment[0m:[36m1515[0m - [1mAPP raw_sentiment=+0.15 (local, 1 articles)[0m
[32m2026-09-09 17:58:59.637[0m | [34m[1mDEBUG   [0m | [36msrc.analysis.sentiment[0m:[36manalyse_sentiment[0m:[36m1571[0m - [34m[1mAPP sentiment scaled +0.15 \u2192 +0.05 (count=1, sources=1, scale=0.33)[0m
[32m2026-09-09 17:59:01.581[0m | [1mINFO    [0m | [36msrc.analysis.sentiment[0m:[36manalyse_sentiment[0m:[36m1515[0m - [1mAPP raw_sentiment=-0.15 (local, 2 articles)[0m
[32m2026-09-09 17:59:01.581[0m | [34m[1mDEBUG   [0m | [36msrc.analysis.sentiment[0m:[36manalyse_sentiment[0m:[36m1571[0m - [34m[1mAPP sentiment scaled -0.15 \u2192 -0.06 (count=2, sources=2, scale=0.39)[0m
[32m2026-09-09 17:59:03.455[0m | [1mINFO    [0m | [36msrc.analysis.sentiment[0m:[36manalyse_sentiment[0m:[36m1515[0m - [1mAPP raw_sentiment=-0.15 (local, 1 articles)[0m
[32m2026-09-09 17:59:03.456[0m | [34m[1mDEBUG   [0m | [36msrc.analysis.sentiment[0m:[36manalyse_sentiment[0m:[36m1571[0m - [34m[1mAPP sentiment scaled -0.15 \u2192 -0.05 (count=1, sources=1, scale=0.32)[0m
[32m2026-09-09 17:59:05.250[0m | [1mINFO    [0m | [36msrc.analysis.sentiment[0m:[36manalyse_sentiment[0m:[36m1515[0m - [1mAPP raw_sentiment=+0.25 (local, 1 articles)[0m
[32m2026-09-09 17:59:05.250[0m | [34m[1mDEBUG   [0m | [36msrc.analysis.sentiment[0m:[36manalyse_sentiment[0m:[36m1571[0m - [34m[1mAPP sentiment scaled +0.25 \u2192 +0.08 (count=1, sources=1, scale=0.32)[0m
  2026-07-12: 4 tickers in 91s
[32m2026-09-09 17:59:08.923[0m | [1mINFO    [0m | [36msrc.analysis.sentiment[0m:[36manalyse_sentiment[0m:[36m1515[0m - [1mAAPL raw_sentiment=+0.25 (local, 1 articles)[0m
[32m2026-09-09 17:59:08.923[0m | [34m[1mDEBUG   [0m | [36msrc.analysis.sentiment[0m:[36manalyse_sentiment[0m:[36m1571[0m - [34m[1mAAPL sentiment scaled +0.25 \u2192 +0.11 (count=1, sources=1, scale=0.44)[0m
[32m2026-09-09 17:59:11.423[0m | [1mINFO    [0m | [36msrc.analysis.sentiment[0m:[36manalyse_sentiment[0m:[36m1515[0m - [1mAAPL raw_sentiment=+0.00 (local, 1 articles)[0m
[32m2026-09-09 17:59:11.423[0m | [34m[1mDEBUG   [0m | [36msrc.analysis.sentiment[0m:[36manalyse_sentiment[0m:[36m1571[0m - [34m[1mAAPL sentiment scaled +0.00 \u2192 +0.00 (count=1, sources=1, scale=0.43)[0m
[32m2026-09-09 17:59:13.693[0m | [1mINFO    [0m | [36msrc.analysis.sentiment[0m:[36manalyse_sentiment[0m:[36m1515[0m - [1mAAPL raw_sentiment=-0.05 (local, 1 articles)[0m
[32m2026-09-09 17:59:13.693[0m | [34m[1mDEBUG   [0m | [36msrc.analysis.sentiment[0m:[36manalyse_sentiment[0m:[36m1571[0m - [34m[1mAAPL sentiment scaled -0.05 \u2192 -0.02 (count=1, sources=1, scale=0.40)[0m
[32m2026-09-09 17:59:15.844[0m | [1mINFO    [0m | [36msrc.analysis.sentiment[0m:[36manalyse_sentiment[0m:[36m1515[0m - [1mAAPL raw_sentiment=+0.00 (local, 1 articles)[0m
[32m2026-09-09 17:59:15.844[0m | [34m[1mDEBUG   [0m | [36msrc.analysis.sentiment[0m:[36manalyse_sentiment[0m:[36m1571[0m - [34m[1mAAPL sentiment scaled +0.00 \u2192 +0.00 (count=1, sources=1, scale=0.39)[0m
[32m2026-09-09 17:59:18.264[0m | [1mINFO    [0m | [36msrc.analysis.sentiment[0m:[36manalyse_sentiment[0m:[36m1515[0m - [1mAAPL raw_sentiment=+0.05 (local, 1 articles)[0m
[32m2026-09-09 17:59:18.264[0m | [34m[1mDEBUG   [0m | [36msrc.analysis.sentiment[0m:[36manalyse_sentiment[0m:[36m1571[0m - [34m[1mAAPL sentiment scaled +0.05 \u2192 +0.02 (count=1, sources=1, scale=0.36)[0m
[32m2026-09-09 17:59:20.557[0m | [1mINFO    [0m | [36msrc.analysis.sentiment[0m:[36manalyse_sentiment[0m:[36m1515[0m - [1mAAPL raw_sentiment=-0.05 (local, 1 articles)[0m
[32m2026-09-09 17:59:20.557[0m | [34m[1mDEBUG   [0m | [36msrc.analysis.sentiment[0m:[36manalyse_sentiment[0m:[36m1571[0m - [34m[1mAAPL sentiment scaled -0.05 \u2192 -0.02 (count=1, sources=1, scale=0.35)[0m
[32m2026-09-09 17:59:22.382[0m | [1mINFO    [0m | [36msrc.analysis.sentiment[0m:[36manalyse_sentiment[0m:[36m1515[0m - [1mAAPL raw_sentiment=+0.65 (local, 1 articles)[0m
[32m2026-09-09 17:59:22.382[0m | [34m[1mDEBUG   [0m | [36msrc.analysis.sentiment[0m:[36manalyse_sentiment[0m:[36m1571[0m - [34m[1mAAPL sentiment scaled +0.65 \u2192 +0.23 (count=1, sources=1, scale=0.35)[0m
[32m2026-09-09 17:59:23.959[0m | [1mINFO    [0m | [36msrc.analysis.sentiment[0m:[36manalyse_sentiment[0m:[36m1515[0m - [1mAAPL raw_sentiment=-0.15 (local, 1 articles)[0m
[32m2026-09-09 17:59:23.959[0m | [34m[1mDEBUG   [0m | [36msrc.analysis.sentiment[0m:[36manalyse_sentiment[0m:[36m1571[0m - [34m[1mAAPL sentiment scaled -0.15 \u2192 -0.05 (count=1, sources=1, scale=0.34)[0m
[32m2026-09-09 17:59:26.010[0m | [1mINFO    [0m | [36msrc.analysis.sentiment[0m:[36manalyse_sentiment[0m:[36m1515[0m - [1mAAPL raw_sentiment=+0.00 (local, 1 articles)[0m
[32m2026-09-09 17:59:26.011[0m | [34m[1mDEBUG   [0m | [36msrc.analysis.sentiment[0m:[36manalyse_sentiment[0m:[36m1571[0m - [34m[1mAAPL sentiment scaled +0.00 \u2192 +0.00 (count=1, sources=1, scale=0.34)[0m
[32m2026-09-09 17:59:28.156[0m | [1mINFO    [0m | [36msrc.analysis.sentiment[0m:[36manalyse_sentiment[0m:[36m1515[0m - [1mAAPL raw_sentiment=+0.45 (local, 1 articles)[0m
[32m2026-09-09 17:59:28.157[0m | [34m[1mDEBUG   [0m | [36msrc.analysis.sentiment[0m:[36manalyse_sentiment[0m:[36m1571[0m - [34m[1mAAPL sentiment scaled +0.45 \u2192 +0.15 (count=1, sources=1, scale=0.34)[0m
[32m2026-09-09 17:59:30.279[0m | [1mINFO    [0m | [36msrc.analysis.sentiment[0m:[36manalyse_sentiment[0m:[36m1515[0m - [1mAAPL raw_sentiment=+0.35 (local, 1 articles)[0m
[32m2026-09-09 17:59:30.279[0m | [34m[1mDEBUG   [0m | [36msrc.analysis.sentiment[0m:[36manalyse_sentiment[0m:[36m1571[0m - [34m[1mAAPL sentiment scaled +0.35 \u2192 +0.12 (count=1, sources=1, scale=0.34)[0m
[32m2026-09-09 17:59:32.196[0m | [1mINFO    [0m | [36msrc.analysis.sentiment[0m:[36manalyse_sentiment[0m:[36m1515[0m - [1mAAPL raw_sentiment=-0.05 (local, 1 articles)[0m
[32m2026-09-09 17:59:32.196[0m | [34m[1mDEBUG   [0m | [36msrc.analysis.sentiment[0m:[36manalyse_sentiment[0m:[36m1571[0m - [34m[1mAAPL sentiment scaled -0.05 \u2192 -0.02 (count=1, sources=1, scale=0.33)[0m
[32m2026-09-09 17:59:33.875[0m | [1mINFO    [0m | [36msrc.analysis.sentiment[0m:[36manalyse_sentiment[0m:[36m1515[0m - [1mAAPL raw_sentiment=+0.00 (local, 1 articles)[0m
[32m2026-09-09 17:59:33.875[0m | [34m[1mDEBUG   [0m | [36msrc.analysis.sentiment[0m:[36manalyse_sentiment[0m:[36m1571[0m - [34m[1mAAPL sentiment scaled +0.00 \u2192 +0.00 (count=1, sources=1, scale=0.33)[0m
[32m2026-09-09 17:59:36.098[0m | [1mINFO    [0m | [36msrc.analysis.sentiment[0m:[36manalyse_sentiment[0m:[36m1515[0m - [1mAAPL raw_sentiment=+0.05 (local, 1 articles)[0m
[32m2026-09-09 17:59:36.098[0m | [34m[1mDEBUG   [0m | [36msrc.analysis.sentiment[0m:[36manalyse_sentiment[0m:[36m1571[0m - [34m[1mAAPL sentiment scaled +0.05 \u2192 +0.02 (count=1, sources=1, scale=0.33)[0m
[32m2026-09-09 17:59:38.009[0m | [1mINFO    [0m | [36msrc.analysis.sentiment[0m:[36manalyse_sentiment[0m:[36m1515[0m - [1mAAPL raw_sentiment=+0.15 (local, 1 articles)[0m
[32m2026-09-09 17:59:38.009[0m | [34m[1mDEBUG   [0m | [36msrc.analysis.sentiment[0m:[36manalyse_sentiment[0m:[36m1571[0m - [34m[1mAAPL sentiment scaled +0.15 \u2192 +0.05 (count=1, sources=1, scale=0.33)[0m
[32m2026-09-09 17:59:39.776[0m | [1mINFO    [0m | [36msrc.analysis.sentiment[0m:[36manalyse_sentiment[0m:[36m1515[0m - [1mAAPL raw_sentiment=+0.15 (local, 1 articles)[0m
[32m2026-09-09 17:59:39.776[0m | [34m[1mDEBUG   [0m | [36msrc.analysis.sentiment[0m:[36manalyse_sentiment[0m:[36m1571[0m - [34m[1mAAPL sentiment scaled +0.15 \u2192 +0.05 (count=1, sources=1, scale=0.32)[0m
[32m2026-09-09 17:59:41.138[0m | [1mINFO    [0m | [36msrc.analysis.sentiment[0m:[36manalyse_sentiment[0m:[36m1515[0m - [1mAAPL raw_sentiment=+0.00 (local, 1 articles)[0m
[32m2026-09-09 17:59:41.138[0m | [34m[1mDEBUG   [0m | [36msrc.analysis.sentiment[0m:[36manalyse_sentiment[0m:[36m1571[0m - [34m[1mAAPL sentiment scaled +0.00 \u2192 +0.00 (count=1, sources=1, scale=0.32)[0m
[32m2026-09-09 17:59:43.249[0m | [1mINFO    [0m | [36msrc.analysis.sentiment[0m:[36manalyse_sentiment[0m:[36m1515[0m - [1mAAPL raw_sentiment=+0.15 (local, 1 articles)[0m
[32m2026-09-09 17:59:43.249[0m | [34m[1mDEBUG   [0m | [36msrc.analysis.sentiment[0m:[36manalyse_sentiment[0m:[36m1571[0m - [34m[1mAAPL sentiment scaled +0.15 \u2192 +0.05 (count=1, sources=1, scale=0.32)[0m
[32m2026-09-09 17:59:45.109[0m | [1mINFO    [0m | [36msrc.analysis.sentiment[0m:[36manalyse_sentiment[0m:[36m1515[0m - [1mAAPL raw_sentiment=+0.05 (local, 1 articles)[0m
[32m2026-09-09 17:59:45.109[0m | [34m[1mDEBUG   [0m | [36msrc.analysis.sentiment[0m:[36manalyse_sentiment[0m:[36m1571[0m - [34m[1mAAPL sentiment scaled +0.05 \u2192 +0.02 (count=1, sources=1, scale=0.32)[0m
[32m2026-09-09 17:59:47.114[0m | [1mINFO    [0m | [36msrc.analysis.sentiment[0m:[36manalyse_sentiment[0m:[36m1515[0m - [1mAAPL raw_sentiment=-0.05 (local, 1 articles)[0m
[32m2026-09-09 17:59:47.114[0m | [34m[1mDEBUG   [0m | [36msrc.analysis.sentiment[0m:[36manalyse_sentiment[0m:[36m1571[0m - [34m[1mAAPL sentiment scaled -0.05 \u2192 -0.02 (count=1, sources=1, scale=0.32)[0m
[32m2026-09-09 17:59:50.297[0m | [1mINFO    [0m | [36msrc.analysis.sentiment[0m:[36manalyse_sentiment[0m:[36m1515[0m - [1mAMZN raw_sentiment=-0.25 (local, 1 articles)[0m
[32m2026-09-09 17:59:50.297[0m | [34m[1mDEBUG   [0m | [36msrc.analysis.sentiment[0m:[36manalyse_sentiment[0m:[36m1571[0m - [34m[1mAMZN sentiment scaled -0.25 \u2192 -0.11 (count=1, sources=1, scale=0.44)[0m
[32m2026-09-09 17:59:52.417[0m | [1mINFO    [0m | [36msrc.analysis.sentiment[0m:[36manalyse_sentiment[0m:[36m1515[0m - [1mAMZN raw_sentiment=+0.65 (local, 1 articles)[0m
[32m2026-09-09 17:59:52.417[0m | [34m[1mDEBUG   [0m | [36msrc.analysis.sentiment[0m:[36manalyse_sentiment[0m:[36m1571[0m - [34m[1mAMZN sentiment scaled +0.65 \u2192 +0.28 (count=1, sources=1, scale=0.42)[0m
[32m2026-09-09 17:59:54.824[0m | [1mINFO    [0m | [36msrc.analysis.sentiment[0m:[36manalyse_sentiment[0m:[36m1515[0m - [1mAMZN raw_sentiment=-0.05 (local, 1 articles)[0m
[32m2026-09-09 17:59:54.824[0m | [34m[1mDEBUG   [0m | [36msrc.analysis.sentiment[0m:[36manalyse_sentiment[0m:[36m1571[0m - [34m[1mAMZN sentiment scaled -0.05 \u2192 -0.02 (count=1, sources=1, scale=0.41)[0m
[32m2026-09-09 17:59:56.663[0m | [1mINFO    [0m | [36msrc.analysis.sentiment[0m:[36manalyse_sentiment[0m:[36m1515[0m - [1mAMZN raw_sentiment=+0.05 (local, 1 articles)[0m
[32m2026-09-09 17:59:56.663[0m | [34m[1mDEBUG   [0m | [36msrc.analysis.sentiment[0m:[36manalyse_sentiment[0m:[36m1571[0m - [34m[1mAMZN sentiment scaled +0.05 \u2192 +0.02 (count=1, sources=1, scale=0.40)[0m
[32m2026-09-09 17:59:58.447[0m | [1mINFO    [0m | [36msrc.analysis.sentiment[0m:[36manalyse_sentiment[0m:[36m1515[0m - [1mAMZN raw_sentiment=+0.00 (local, 1 articles)[0m
[32m2026-09-09 17:59:58.447[0m | [34m[1mDEBUG   [0m | [36msrc.analysis.sentiment[0m:[36manalyse_sentiment[0m:[36m1571[0m - [34m[1mAMZN sentiment scaled +0.00 \u2192 +0.00 (count=1, sources=1, scale=0.39)[0m
[32m2026-09-09 18:00:00.651[0m | [1mINFO    [0m | [36msrc.analysis.sentiment[0m:[36manalyse_sentiment[0m:[36m1515[0m - [1mAMZN raw_sentiment=-0.15 (local, 1 articles)[0m
[32m2026-09-09 18:00:00.651[0m | [34m[1mDEBUG   [0m | [36msrc.analysis.sentiment[0m:[36manalyse_sentiment[0m:[36m1571[0m - [34m[1mAMZN sentiment scaled -0.15 \u2192 -0.05 (count=1, sources=1, scale=0.36)[0m
[32m2026-09-09 18:00:03.207[0m | [1mINFO    [0m | [36msrc.analysis.sentiment[0m:[36manalyse_sentiment[0m:[36m1515[0m - [1mAMZN raw_sentiment=+0.00 (local, 1 articles)[0m
[32m2026-09-09 18:00:03.208[0m | [34m[1mDEBUG   [0m | [36msrc.analysis.sentiment[0m:[36manalyse_sentiment[0m:[36m1571[0m - [34m[1mAMZN sentiment scaled +0.00 \u2192 +0.00 (count=1, sources=1, scale=0.34)[0m
[32m2026-09-09 18:00:04.995[0m | [1mINFO    [0m | [36msrc.analysis.sentiment[0m:[36manalyse_sentiment[0m:[36m1515[0m - [1mAMZN raw_sentiment=+0.00 (local, 1 articles)[0m
[32m2026-09-09 18:00:04.995[0m | [34m[1mDEBUG   [0m | [36msrc.analysis.sentiment[0m:[36manalyse_sentiment[0m:[36m1571[0m - [34m[1mAMZN sentiment scaled +0.00 \u2192 +0.00 (count=1, sources=1, scale=0.34)[0m
[32m2026-09-09 18:00:06.928[0m | [1mINFO    [0m | [36msrc.analysis.sentiment[0m:[36manalyse_sentiment[0m:[36m1515[0m - [1mAMZN raw_sentiment=+0.15 (local, 2 articles)[0m
[32m2026-09-09 18:00:06.928[0m | [34m[1mDEBUG   [0m | [36msrc.analysis.sentiment[0m:[36manalyse_sentiment[0m:[36m1571[0m - [34m[1mAMZN sentiment scaled +0.15 \u2192 +0.06 (count=2, sources=2, scale=0.43)[0m
[32m2026-09-09 18:00:08.635[0m | [1mINFO    [0m | [36msrc.analysis.sentiment[0m:[36manalyse_sentiment[0m:[36m1515[0m - [1mAMZN raw_sentiment=-0.05 (local, 1 articles)[0m
[32m2026-09-09 18:00:08.635[0m | [34m[1mDEBUG   [0m | [36msrc.analysis.sentiment[0m:[36manalyse_sentiment[0m:[36m1571[0m - [34m[1mAMZN sentiment scaled -0.05 \u2192 -0.02 (count=1, sources=1, scale=0.34)[0m
[32m2026-09-09 18:00:10.619[0m | [1mINFO    [0m | [36msrc.analysis.sentiment[0m:[36manalyse_sentiment[0m:[36m1515[0m - [1mAMZN raw_sentiment=-0.05 (local, 1 articles)[0m
[32m2026-09-09 18:00:10.619[0m | [34m[1mDEBUG   [0m | [36msrc.analysis.sentiment[0m:[36manalyse_sentiment[0m:[36m1571[0m - [34m[1mAMZN sentiment scaled -0.05 \u2192 -0.02 (count=1, sources=1, scale=0.34)[0m
[32m2026-09-09 18:00:12.769[0m | [1mINFO    [0m | [36msrc.analysis.sentiment[0m:[36manalyse_sentiment[0m:[36m1515[0m - [1mAMZN raw_sentiment=+0.15 (local, 1 articles)[0m
[32m2026-09-09 18:00:12.769[0m | [34m[1mDEBUG   [0m | [36msrc.analysis.sentiment[0m:[36manalyse_sentiment[0m:[36m1571[0m - [34m[1mAMZN sentiment scaled +0.15 \u2192 +0.05 (count=1, sources=1, scale=0.34)[0m
[32m2026-09-09 18:00:14.637[0m | [1mINFO    [0m | [36msrc.analysis.sentiment[0m:[36manalyse_sentiment[0m:[36m1515[0m - [1mAMZN raw_sentiment=+0.05 (local, 1 articles)[0m
[32m2026-09-09 18:00:14.638[0m | [34m[1mDEBUG   [0m | [36msrc.analysis.sentiment[0m:[36manalyse_sentiment[0m:[36m1571[0m - [34m[1mAMZN sentiment scaled +0.05 \u2192 +0.02 (count=1, sources=1, scale=0.33)[0m
[32m2026-09-09 18:00:16.964[0m | [1mINFO    [0m | [36msrc.analysis.sentiment[0m:[36manalyse_sentiment[0m:[36m1515[0m - [1mAMZN raw_sentiment=-0.15 (local, 1 articles)[0m
[32m2026-09-09 18:00:16.964[0m | [34m[1mDEBUG   [0m | [36msrc.analysis.sentiment[0m:[36manalyse_sentiment[0m:[36m1571[0m - [34m[1mAMZN sentiment scaled -0.15 \u2192 -0.05 (count=1, sources=1, scale=0.33)[0m
[32m2026-09-09 18:00:18.951[0m | [1mINFO    [0m | [36msrc.analysis.sentiment[0m:[36manalyse_sentiment[0m:[36m1515[0m - [1mAMZN raw_sentiment=+0.00 (local, 1 articles)[0m
[32m2026-09-09 18:00:18.951[0m | [34m[1mDEBUG   [0m | [36msrc.analysis.sentiment[0m:[36manalyse_sentiment[0m:[36m1571[0m - [34m[1mAMZN sentiment scaled +0.00 \u2192 +0.00 (count=1, sources=1, scale=0.33)[0m
[32m2026-09-09 18:00:21.348[0m | [1mINFO    [0m | [36msrc.analysis.sentiment[0m:[36manalyse_sentiment[0m:[36m1515[0m - [1mAMZN raw_sentiment=+0.05 (local, 1 articles)[0m
[32m2026-09-09 18:00:21.348[0m | [34m[1mDEBUG   [0m | [36msrc.analysis.sentiment[0m:[36manalyse_sentiment[0m:[36m1571[0m - [34m[1mAMZN sentiment scaled +0.05 \u2192 +0.02 (count=1, sources=1, scale=0.33)[0m
[32m2026-09-09 18:00:23.308[0m | [1mINFO    [0m | [36msrc.analysis.sentiment[0m:[36manalyse_sentiment[0m:[36m1515[0m - [1mAMZN raw_sentiment=-0.05 (local, 1 articles)[0m
[32m2026-09-09 18:00:23.309[0m | [34m[1mDEBUG   [0m | [36msrc.analysis.sentiment[0m:[36manalyse_sentiment[0m:[36m1571[0m - [34m[1mAMZN sentiment scaled -0.05 \u2192 -0.02 (count=1, sources=1, scale=0.33)[0m
[32m2026-09-09 18:00:25.047[0m | [1mINFO    [0m | [36msrc.analysis.sentiment[0m:[36manalyse_sentiment[0m:[36m1515[0m - [1mAMZN raw_sentiment=-0.05 (local, 1 articles)[0m
[32m2026-09-09 18:00:25.047[0m | [34m[1mDEBUG   [0m | [36msrc.analysis.sentiment[0m:[36manalyse_sentiment[0m:[36m1571[0m - [34m[1mAMZN sentiment scaled -0.05 \u2192 -0.02 (count=1, sources=1, scale=0.33)[0m
[32m2026-09-09 18:00:27.265[0m | [1mINFO    [0m | [36msrc.analysis.sentiment[0m:[36manalyse_sentiment[0m:[36m1515[0m - [1mAMZN raw_sentiment=+0.15 (local, 1 articles)[0m
[32m2026-09-09 18:00:27.265[0m | [34m[1mDEBUG   [0m | [36msrc.analysis.sentiment[0m:[36manalyse_sentiment[0m:[36m1571[0m - [34m[1mAMZN sentiment scaled +0.15 \u2192 +0.05 (count=1, sources=1, scale=0.33)[0m
[32m2026-09-09 18:00:29.244[0m | [1mINFO    [0m | [36msrc.analysis.sentiment[0m:[36manalyse_sentiment[0m:[36m1515[0m - [1mANET raw_sentiment=+0.15 (local, 1 articles)[0m
[32m2026-09-09 18:00:29.245[0m | [34m[1mDEBUG   [0m | [36msrc.analysis.sentiment[0m:[36manalyse_sentiment[0m:[36m1571[0m - [34m[1mANET sentiment scaled +0.15 \u2192 +0.05 (count=1, sources=1, scale=0.34)[0m
[32m2026-09-09 18:00:31.381[0m | [1mINFO    [0m | [36msrc.analysis.sentiment[0m:[36manalyse_sentiment[0m:[36m1515[0m - [1mANET raw_sentiment=+0.05 (local, 1 articles)[0m
[32m2026-09-09 18:00:31.381[0m | [34m[1mDEBUG   [0m | [36msrc.analysis.sentiment[0m:[36manalyse_sentiment[0m:[36m1571[0m - [34m[1mANET sentiment scaled +0.05 \u2192 +0.02 (count=1, sources=1, scale=0.32)[0m
[32m2026-09-09 18:00:33.864[0m | [1mINFO    [0m | [36msrc.analysis.sentiment[0m:[36manalyse_sentiment[0m:[36m1515[0m - [1mANET raw_sentiment=+0.45 (local, 1 articles)[0m
[32m2026-09-09 18:00:33.864[0m | [34m[1mDEBUG   [0m | [36msrc.analysis.sentiment[0m:[36manalyse_sentiment[0m:[36m1571[0m - [34m[1mANET sentiment scaled +0.45 \u2192 +0.14 (count=1, sources=1, scale=0.32)[0m
[32m2026-09-09 18:00:36.016[0m | [1mINFO    [0m | [36msrc.analysis.sentiment[0m:[36manalyse_sentiment[0m:[36m1515[0m - [1mANET raw_sentiment=+0.05 (local, 1 articles)[0m
[32m2026-09-09 18:00:36.016[0m | [34m[1mDEBUG   [0m | [36msrc.analysis.sentiment[0m:[36manalyse_sentiment[0m:[36m1571[0m - [34m[1mANET sentiment scaled +0.05 \u2192 +0.02 (count=1, sources=1, scale=0.32)[0m
[32m2026-09-09 18:00:38.176[0m | [1mINFO    [0m | [36msrc.analysis.sentiment[0m:[36manalyse_sentiment[0m:[36m1515[0m - [1mANET raw_sentiment=-0.05 (local, 1 articles)[0m
[32m2026-09-09 18:00:38.176[0m | [34m[1mDEBUG   [0m | [36msrc.analysis.sentiment[0m:[36manalyse_sentiment[0m:[36m1571[0m - [34m[1mANET sentiment scaled -0.05 \u2192 -0.02 (count=1, sources=1, scale=0.32)[0m
[32m2026-09-09 18:00:40.076[0m | [1mINFO    [0m | [36msrc.analysis.sentiment[0m:[36manalyse_sentiment[0m:[36m1515[0m - [1mANET raw_sentiment=+0.15 (local, 1 articles)[0m
[32m2026-09-09 18:00:40.076[0m | [34m[1mDEBUG   [0m | [36msrc.analysis.sentiment[0m:[36manalyse_sentiment[0m:[36m1571[0m - [34m[1mANET sentiment scaled +0.15 \u2192 +0.05 (count=1, sources=1, scale=0.32)[0m
[32m2026-09-09 18:00:41.909[0m | [1mINFO    [0m | [36msrc.analysis.sentiment[0m:[36manalyse_sentiment[0m:[36m1515[0m - [1mANET raw_sentiment=+0.15 (local, 1 articles)[0m
[32m2026-09-09 18:00:41.909[0m | [34m[1mDEBUG   [0m | [36msrc.analysis.sentiment[0m:[36manalyse_sentiment[0m:[36m1571[0m - [34m[1mANET sentiment scaled +0.15 \u2192 +0.05 (count=1, sources=1, scale=0.32)[0m
  2026-07-13: 3 tickers in 96s
[32m2026-09-09 18:00:45.529[0m | [1mINFO    [0m | [36msrc.analysis.sentiment[0m:[36manalyse_sentiment[0m:[36m1515[0m - [1mAAPL raw_sentiment=-0.15 (local, 1 articles)[0m
[32m2026-09-09 18:00:45.529[0m | [34m[1mDEBUG   [0m | [36msrc.analysis.sentiment[0m:[36manalyse_sentiment[0m:[36m1571[0m - [34m[1mAAPL sentiment scaled -0.15 \u2192 -0.07 (count=1, sources=1, scale=0.44)[0m
[32m2026-09-09 18:00:47.869[0m | [1mINFO    [0m | [36msrc.analysis.sentiment[0m:[36manalyse_sentiment[0m:[36m1515[0m - [1mAAPL raw_sentiment=-0.05 (local, 1 articles)[0m
[32m2026-09-09 18:00:47.870[0m | [34m[1mDEBUG   [0m | [36msrc.analysis.sentiment[0m:[36manalyse_sentiment[0m:[36m1571[0m - [34m[1mAAPL sentiment scaled -0.05 \u2192 -0.02 (count=1, sources=1, scale=0.44)[0m
[32m2026-09-09 18:00:49.793[0m | [1mINFO    [0m | [36msrc.analysis.sentiment[0m:[36manalyse_sentiment[0m:[36m1515[0m - [1mAAPL raw_sentiment=-0.15 (local, 1 articles)[0m
[32m2026-09-09 18:00:49.793[0m | [34m[1mDEBUG   [0m | [36msrc.analysis.sentiment[0m:[36manalyse_sentiment[0m:[36m1571[0m - [34m[1mAAPL sentiment scaled -0.15 \u2192 -0.06 (count=1, sources=1, scale=0.43)[0m
[32m2026-09-09 18:00:51.765[0m | [1mINFO    [0m | [36msrc.analysis.sentiment[0m:[36manalyse_sentiment[0m:[36m1515[0m - [1mAAPL raw_sentiment=+0.25 (local, 1 articles)[0m
[32m2026-09-09 18:00:51.765[0m | [34m[1mDEBUG   [0m | [36msrc.analysis.sentiment[0m:[36manalyse_sentiment[0m:[36m1571[0m - [34m[1mAAPL sentiment scaled +0.25 \u2192 +0.11 (count=1, sources=1, scale=0.42)[0m
[32m2026-09-09 18:00:53.371[0m | [1mINFO    [0m | [36msrc.analysis.sentiment[0m:[36manalyse_sentiment[0m:[36m1515[0m - [1mAAPL raw_sentiment=+0.45 (local, 1 articles)[0m
[32m2026-09-09 18:00:53.371[0m | [34m[1mDEBUG   [0m | [36msrc.analysis.sentiment[0m:[36manalyse_sentiment[0m:[36m1571[0m - [34m[1mAAPL sentiment scaled +0.45 \u2192 +0.19 (count=1, sources=1, scale=0.42)[0m
[32m2026-09-09 18:00:55.395[0m | [1mINFO    [0m | [36msrc.analysis.sentiment[0m:[36manalyse_sentiment[0m:[36m1515[0m - [1mAAPL raw_sentiment=-0.15 (local, 1 articles)[0m
[32m2026-09-09 18:00:55.395[0m | [34m[1mDEBUG   [0m | [36msrc.analysis.sentiment[0m:[36manalyse_sentiment[0m:[36m1571[0m - [34m[1mAAPL sentiment scaled -0.15 \u2192 -0.06 (count=1, sources=1, scale=0.42)[0m
[32m2026-09-09 18:00:57.482[0m | [1mINFO    [0m | [36msrc.analysis.sentiment[0m:[36manalyse_sentiment[0m:[36m1515[0m - [1mAAPL raw_sentiment=-0.15 (local, 1 articles)[0m
[32m2026-09-09 18:00:57.482[0m | [34m[1mDEBUG   [0m | [36msrc.analysis.sentiment[0m:[36manalyse_sentiment[0m:[36m1571[0m - [34m[1mAAPL sentiment scaled -0.15 \u2192 -0.06 (count=1, sources=1, scale=0.41)[0m
[32m2026-09-09 18:00:59.701[0m | [1mINFO    [0m | [36msrc.analysis.sentiment[0m:[36manalyse_sentiment[0m:[36m1515[0m - [1mAAPL raw_sentiment=+0.15 (local, 1 articles)[0m
[32m2026-09-09 18:00:59.701[0m | [34m[1mDEBUG   [0m | [36msrc.analysis.sentiment[0m:[36manalyse_sentiment[0m:[36m1571[0m - [34m[1mAAPL sentiment scaled +0.15 \u2192 +0.06 (count=1, sources=1, scale=0.41)[0m
[32m2026-09-09 18:01:01.412[0m | [1mINFO    [0m | [36msrc.analysis.sentiment[0m:[36manalyse_sentiment[0m:[36m1515[0m - [1mAAPL raw_sentiment=-0.15 (local, 1 articles)[0m
[32m2026-09-09 18:01:01.413[0m | [34m[1mDEBUG   [0m | [36msrc.analysis.sentiment[0m:[36manalyse_sentiment[0m:[36m1571[0m - [34m[1mAAPL sentiment scaled -0.15 \u2192 -0.06 (count=1, sources=1, scale=0.41)[0m
[32m2026-09-09 18:01:03.108[0m | [1mINFO    [0m | [36msrc.analysis.sentiment[0m:[36manalyse_sentiment[0m:[36m1515[0m - [1mAAPL raw_sentiment=-0.05 (local, 1 articles)[0m
[32m2026-09-09 18:01:03.108[0m | [34m[1mDEBUG   [0m | [36msrc.analysis.sentiment[0m:[36manalyse_sentiment[0m:[36m1571[0m - [34m[1mAAPL sentiment scaled -0.05 \u2192 -0.02 (count=1, sources=1, scale=0.41)[0m
[32m2026-09-09 18:01:05.062[0m | [1mINFO    [0m | [36msrc.analysis.sentiment[0m:[36manalyse_sentiment[0m:[36m1515[0m - [1mAAPL raw_sentiment=+0.05 (local, 1 articles)[0m
[32m2026-09-09 18:01:05.062[0m | [34m[1mDEBUG   [0m | [36msrc.analysis.sentiment[0m:[36manalyse_sentiment[0m:[36m1571[0m - [34m[1mAAPL sentiment scaled +0.05 \u2192 +0.02 (count=1, sources=1, scale=0.41)[0m
[32m2026-09-09 18:01:06.911[0m | [1mINFO    [0m | [36msrc.analysis.sentiment[0m:[36manalyse_sentiment[0m:[36m1515[0m - [1mAAPL raw_sentiment=+0.15 (local, 1 articles)[0m
[32m2026-09-09 18:01:06.911[0m | [34m[1mDEBUG   [0m | [36msrc.analysis.sentiment[0m:[36manalyse_sentiment[0m:[36m1571[0m - [34m[1mAAPL sentiment scaled +0.15 \u2192 +0.06 (count=1, sources=1, scale=0.41)[0m
[32m2026-09-09 18:01:08.967[0m | [1mINFO    [0m | [36msrc.analysis.sentiment[0m:[36manalyse_sentiment[0m:[36m1515[0m - [1mAAPL raw_sentiment=-0.45 (local, 2 articles)[0m
[32m2026-09-09 18:01:08.967[0m | [34m[1mDEBUG   [0m | [36msrc.analysis.sentiment[0m:[36manalyse_sentiment[0m:[36m1571[0m - [34m[1mAAPL sentiment scaled -0.45 \u2192 -0.26 (count=2, sources=2, scale=0.57)[0m
[32m2026-09-09 18:01:11.014[0m | [1mINFO    [0m | [36msrc.analysis.sentiment[0m:[36manalyse_sentiment[0m:[36m1515[0m - [1mAAPL raw_sentiment=+0.45 (local, 2 articles)[0m
[32m2026-09-09 18:01:11.014[0m | [34m[1mDEBUG   [0m | [36msrc.analysis.sentiment[0m:[36manalyse_sentiment[0m:[36m1571[0m - [34m[1mAAPL sentiment scaled +0.45 \u2192 +0.21 (count=2, sources=1, scale=0.47)[0m
[32m2026-09-09 18:01:12.996[0m | [1mINFO    [0m | [36msrc.analysis.sentiment[0m:[36manalyse_sentiment[0m:[36m1515[0m - [1mAAPL raw_sentiment=-0.05 (local, 1 articles)[0m
[32m2026-09-09 18:01:12.996[0m | [34m[1mDEBUG   [0m | [36msrc.analysis.sentiment[0m:[36manalyse_sentiment[0m:[36m1571[0m - [34m[1mAAPL sentiment scaled -0.05 \u2192 -0.02 (count=1, sources=1, scale=0.41)[0m
[32m2026-09-09 18:01:15.234[0m | [1mINFO    [0m | [36msrc.analysis.sentiment[0m:[36manalyse_sentiment[0m:[36m1515[0m - [1mAAPL raw_sentiment=+0.45 (local, 1 articles)[0m
[32m2026-09-09 18:01:15.234[0m | [34m[1mDEBUG   [0m | [36msrc.analysis.sentiment[0m:[36manalyse_sentiment[0m:[36m1571[0m - [34m[1mAAPL sentiment scaled +0.45 \u2192 +0.18 (count=1, sources=1, scale=0.40)[0m
[32m2026-09-09 18:01:17.182[0m | [1mINFO    [0m | [36msrc.analysis.sentiment[0m:[36manalyse_sentiment[0m:[36m1515[0m - [1mAAPL raw_sentiment=+0.05 (local, 1 articles)[0m
[32m2026-09-09 18:01:17.183[0m | [34m[1mDEBUG   [0m | [36msrc.analysis.sentiment[0m:[36manalyse_sentiment[0m:[36m1571[0m - [34m[1mAAPL sentiment scaled +0.05 \u2192 +0.02 (count=1, sources=1, scale=0.40)[0m
[32m2026-09-09 18:01:19.256[0m | [1mINFO    [0m | [36msrc.analysis.sentiment[0m:[36manalyse_sentiment[0m:[36m1515[0m - [1mAAPL raw_sentiment=+0.35 (local, 1 articles)[0m
[32m2026-09-09 18:01:19.256[0m | [34m[1mDEBUG   [0m | [36msrc.analysis.sentiment[0m:[36manalyse_sentiment[0m:[36m1571[0m - [34m[1mAAPL sentiment scaled +0.35 \u2192 +0.14 (count=1, sources=1, scale=0.40)[0m
[32m2026-09-09 18:01:22.756[0m | [1mINFO    [0m | [36msrc.analysis.sentiment[0m:[36manalyse_sentiment[0m:[36m1515[0m - [1mADMA raw_sentiment=-0.65 (local, 7 articles)[0m
[32m2026-09-09 18:01:22.756[0m | [34m[1mDEBUG   [0m | [36msrc.analysis.sentiment[0m:[36manalyse_sentiment[0m:[36m1571[0m - [34m[1mADMA sentiment scaled -0.65 \u2192 -0.30 (count=7, sources=1, scale=0.45)[0m
  2026-07-14: 2 tickers in 39s
[32m2026-09-09 18:01:27.017[0m | [1mINFO    [0m | [36msrc.analysis.sentiment[0m:[36manalyse_sentiment[0m:[36m1515[0m - [1mADMA raw_sentiment=-0.15 (local, 6 articles)[0m
[32m2026-09-09 18:01:27.017[0m | [34m[1mDEBUG   [0m | [36msrc.analysis.sentiment[0m:[36manalyse_sentiment[0m:[36m1571[0m - [34m[1mADMA sentiment scaled -0.15 \u2192 -0.06 (count=6, sources=1, scale=0.38)[0m
  2026-07-15: 1 tickers in 3s
[32m2026-09-09 18:01:31.128[0m | [1mINFO    [0m | [36msrc.analysis.sentiment[0m:[36manalyse_sentiment[0m:[36m1515[0m - [1mAA raw_sentiment=+0.25 (local, 3 articles)[0m
[32m2026-09-09 18:01:31.128[0m | [34m[1mDEBUG   [0m | [36msrc.analysis.sentiment[0m:[36manalyse_sentiment[0m:[36m1571[0m - [34m[1mAA sentiment scaled +0.25 \u2192 +0.16 (count=3, sources=3, scale=0.64)[0m
[32m2026-09-09 18:01:33.396[0m | [1mINFO    [0m | [36msrc.analysis.sentiment[0m:[36manalyse_sentiment[0m:[36m1515[0m - [1mAA raw_sentiment=+0.25 (local, 1 articles)[0m
[32m2026-09-09 18:01:33.397[0m | [34m[1mDEBUG   [0m | [36msrc.analysis.sentiment[0m:[36manalyse_sentiment[0m:[36m1571[0m - [34m[1mAA sentiment scaled +0.25 \u2192 +0.10 (count=1, sources=1, scale=0.40)[0m
[32m2026-09-09 18:01:35.949[0m | [1mINFO    [0m | [36msrc.analysis.sentiment[0m:[36manalyse_sentiment[0m:[36m1515[0m - [1mAA raw_sentiment=+0.35 (local, 1 articles)[0m
[32m2026-09-09 18:01:35.949[0m | [34m[1mDEBUG   [0m | [36msrc.analysis.sentiment[0m:[36manalyse_sentiment[0m:[36m1571[0m - [34m[1mAA sentiment scaled +0.35 \u2192 +0.13 (count=1, sources=1, scale=0.37)[0m
[32m2026-09-09 18:01:38.437[0m | [1mINFO    [0m | [36msrc.analysis.sentiment[0m:[36manalyse_sentiment[0m:[36m1515[0m - [1mAA raw_sentiment=+0.65 (local, 1 articles)[0m
[32m2026-09-09 18:01:38.437[0m | [34m[1mDEBUG   [0m | [36msrc.analysis.sentiment[0m:[36manalyse_sentiment[0m:[36m1571[0m - [34m[1mAA sentiment scaled +0.65 \u2192 +0.23 (count=1, sources=1, scale=0.36)[0m
[32m2026-09-09 18:01:40.521[0m | [1mINFO    [0m | [36msrc.analysis.sentiment[0m:[36manalyse_sentiment[0m:[36m1515[0m - [1mAA raw_sentiment=-0.01 (local, 1 articles)[0m
[32m2026-09-09 18:01:40.521[0m | [34m[1mDEBUG   [0m | [36msrc.analysis.sentiment[0m:[36manalyse_sentiment[0m:[36m1571[0m - [34m[1mAA sentiment scaled -0.01 \u2192 -0.00 (count=1, sources=1, scale=0.33)[0m
[32m2026-09-09 18:01:43.330[0m | [1mINFO    [0m | [36msrc.analysis.sentiment[0m:[36manalyse_sentiment[0m:[36m1515[0m - [1mAEHR raw_sentiment=+0.15 (local, 1 articles)[0m
[32m2026-09-09 18:01:43.330[0m | [34m[1mDEBUG   [0m | [36msrc.analysis.sentiment[0m:[36manalyse_sentiment[0m:[36m1571[0m - [34m[1mAEHR sentiment scaled +0.15 \u2192 +0.06 (count=1, sources=1, scale=0.42)[0m
[32m2026-09-09 18:01:45.212[0m | [1mINFO    [0m | [36msrc.analysis.sentiment[0m:[36manalyse_sentiment[0m:[36m1515[0m - [1mAEHR raw_sentiment=+0.85 (local, 1 articles)[0m
[32m2026-09-09 18:01:45.212[0m | [34m[1mDEBUG   [0m | [36msrc.analysis.sentiment[0m:[36manalyse_sentiment[0m:[36m1571[0m - [34m[1mAEHR sentiment scaled +0.85 \u2192 +0.35 (count=1, sources=1, scale=0.41)[0m
[32m2026-09-09 18:01:46.878[0m | [1mINFO    [0m | [36msrc.analysis.sentiment[0m:[36manalyse_sentiment[0m:[36m1515[0m - [1mAEHR raw_sentiment=+0.25 (local, 1 articles)[0m
[32m2026-09-09 18:01:46.878[0m | [34m[1mDEBUG   [0m | [36msrc.analysis.sentiment[0m:[36manalyse_sentiment[0m:[36m1571[0m - [34m[1mAEHR sentiment scaled +0.25 \u2192 +0.10 (count=1, sources=1, scale=0.41)[0m
[32m2026-09-09 18:01:49.499[0m | [1mINFO    [0m | [36msrc.analysis.sentiment[0m:[36manalyse_sentiment[0m:[36m1515[0m - [1mAEHR raw_sentiment=+0.15 (local, 2 articles)[0m
[32m2026-09-09 18:01:49.499[0m | [34m[1mDEBUG   [0m | [36msrc.analysis.sentiment[0m:[36manalyse_sentiment[0m:[36m1571[0m - [34m[1mAEHR sentiment scaled +0.15 \u2192 +0.08 (count=2, sources=2, scale=0.54)[0m
[32m2026-09-09 18:01:51.583[0m | [1mINFO    [0m | [36msrc.analysis.sentiment[0m:[36manalyse_sentiment[0m:[36m1515[0m - [1mAEHR raw_sentiment=+0.75 (local, 1 articles)[0m
[32m2026-09-09 18:01:51.583[0m | [34m[1mDEBUG   [0m | [36msrc.analysis.sentiment[0m:[36manalyse_sentiment[0m:[36m1571[0m - [34m[1mAEHR sentiment scaled +0.75 \u2192 +0.30 (count=1, sources=1, scale=0.40)[0m
[32m2026-09-09 18:01:53.635[0m | [1mINFO    [0m | [36msrc.analysis.sentiment[0m:[36manalyse_sentiment[0m:[36m1515[0m - [1mAEHR raw_sentiment=+0.65 (local, 1 articles)[0m
[32m2026-09-09 18:01:53.635[0m | [34m[1mDEBUG   [0m | [36msrc.analysis.sentiment[0m:[36manalyse_sentiment[0m:[36m1571[0m - [34m[1mAEHR sentiment scaled +0.65 \u2192 +0.25 (count=1, sources=1, scale=0.39)[0m
[32m2026-09-09 18:01:55.277[0m | [1mINFO    [0m | [36msrc.analysis.sentiment[0m:[36manalyse_sentiment[0m:[36m1515[0m - [1mAEHR raw_sentiment=+0.25 (local, 1 articles)[0m
[32m2026-09-09 18:01:55.277[0m | [34m[1mDEBUG   [0m | [36msrc.analysis.sentiment[0m:[36manalyse_sentiment[0m:[36m1571[0m - [34m[1mAEHR sentiment scaled +0.25 \u2192 +0.10 (count=1, sources=1, scale=0.38)[0m
[32m2026-09-09 18:01:57.376[0m | [1mINFO    [0m | [36msrc.analysis.sentiment[0m:[36manalyse_sentiment[0m:[36m1515[0m - [1mAEHR raw_sentiment=+0.35 (local, 1 articles)[0m
[32m2026-09-09 18:01:57.376[0m | [34m[1mDEBUG   [0m | [36msrc.analysis.sentiment[0m:[36manalyse_sentiment[0m:[36m1571[0m - [34m[1mAEHR sentiment scaled +0.35 \u2192 +0.13 (count=1, sources=1, scale=0.37)[0m
[32m2026-09-09 18:01:59.328[0m | [1mINFO    [0m | [36msrc.analysis.sentiment[0m:[36manalyse_sentiment[0m:[36m1515[0m - [1mAEHR raw_sentiment=-0.15 (local, 1 articles)[0m
[32m2026-09-09 18:01:59.329[0m | [34m[1mDEBUG   [0m | [36msrc.analysis.sentiment[0m:[36manalyse_sentiment[0m:[36m1571[0m - [34m[1mAEHR sentiment scaled -0.15 \u2192 -0.06 (count=1, sources=1, scale=0.37)[0m
[32m2026-09-09 18:02:01.040[0m | [1mINFO    [0m | [36msrc.analysis.sentiment[0m:[36manalyse_sentiment[0m:[36m1515[0m - [1mAEHR raw_sentiment=+0.65 (local, 1 articles)[0m
[32m2026-09-09 18:02:01.040[0m | [34m[1mDEBUG   [0m | [36msrc.analysis.sentiment[0m:[36manalyse_sentiment[0m:[36m1571[0m - [34m[1mAEHR sentiment scaled +0.65 \u2192 +0.24 (count=1, sources=1, scale=0.37)[0m
[32m2026-09-09 18:02:03.150[0m | [1mINFO    [0m | [36msrc.analysis.sentiment[0m:[36manalyse_sentiment[0m:[36m1515[0m - [1mAEHR raw_sentiment=+0.85 (local, 1 articles)[0m
[32m2026-09-09 18:02:03.151[0m | [34m[1mDEBUG   [0m | [36msrc.analysis.sentiment[0m:[36manalyse_sentiment[0m:[36m1571[0m - [34m[1mAEHR sentiment scaled +0.85 \u2192 +0.31 (count=1, sources=1, scale=0.37)[0m
[32m2026-09-09 18:02:05.022[0m | [1mINFO    [0m | [36msrc.analysis.sentiment[0m:[36manalyse_sentiment[0m:[36m1515[0m - [1mAEHR raw_sentiment=+0.75 (local, 1 articles)[0m
[32m2026-09-09 18:02:05.022[0m | [34m[1mDEBUG   [0m | [36msrc.analysis.sentiment[0m:[36manalyse_sentiment[0m:[36m1571[0m - [34m[1mAEHR sentiment scaled +0.75 \u2192 +0.28 (count=1, sources=1, scale=0.37)[0m
[32m2026-09-09 18:02:07.048[0m | [1mINFO    [0m | [36msrc.analysis.sentiment[0m:[36manalyse_sentiment[0m:[36m1515[0m - [1mAEHR raw_sentiment=+0.15 (local, 1 articles)[0m
[32m2026-09-09 18:02:07.048[0m | [34m[1mDEBUG   [0m | [36msrc.analysis.sentiment[0m:[36manalyse_sentiment[0m:[36m1571[0m - [34m[1mAEHR sentiment scaled +0.15 \u2192 +0.05 (count=1, sources=1, scale=0.33)[0m
[32m2026-09-09 18:02:09.104[0m | [1mINFO    [0m | [36msrc.analysis.sentiment[0m:[36manalyse_sentiment[0m:[36m1515[0m - [1mAEHR raw_sentiment=+0.15 (local, 1 articles)[0m
[32m2026-09-09 18:02:09.104[0m | [34m[1mDEBUG   [0m | [36msrc.analysis.sentiment[0m:[36manalyse_sentiment[0m:[36m1571[0m - [34m[1mAEHR sentiment scaled +0.15 \u2192 +0.05 (count=1, sources=1, scale=0.32)[0m
[32m2026-09-09 18:02:11.198[0m | [1mINFO    [0m | [36msrc.analysis.sentiment[0m:[36manalyse_sentiment[0m:[36m1515[0m - [1mAEHR raw_sentiment=+0.25 (local, 1 articles)[0m
[32m2026-09-09 18:02:11.199[0m | [34m[1mDEBUG   [0m | [36msrc.analysis.sentiment[0m:[36manalyse_sentiment[0m:[36m1571[0m - [34m[1mAEHR sentiment scaled +0.25 \u2192 +0.08 (count=1, sources=1, scale=0.32)[0m
  2026-07-16: 2 tickers in 43s
[32m2026-09-09 18:02:14.461[0m | [1mINFO    [0m | [36msrc.analysis.sentiment[0m:[36manalyse_sentiment[0m:[36m1515[0m - [1mACGL raw_sentiment=-0.05 (local, 1 articles)[0m
[32m2026-09-09 18:02:14.461[0m | [34m[1mDEBUG   [0m | [36msrc.analysis.sentiment[0m:[36manalyse_sentiment[0m:[36m1571[0m - [34m[1mACGL sentiment scaled -0.05 \u2192 -0.02 (count=1, sources=1, scale=0.42)[0m
[32m2026-09-09 18:02:16.292[0m | [1mINFO    [0m | [36msrc.analysis.sentiment[0m:[36manalyse_sentiment[0m:[36m1515[0m - [1mACGL raw_sentiment=-0.25 (local, 1 articles)[0m
[32m2026-09-09 18:02:16.292[0m | [34m[1mDEBUG   [0m | [36msrc.analysis.sentiment[0m:[36manalyse_sentiment[0m:[36m1571[0m - [34m[1mACGL sentiment scaled -0.25 \u2192 -0.08 (count=1, sources=1, scale=0.33)[0m
[32m2026-09-09 18:02:18.280[0m | [1mINFO    [0m | [36msrc.analysis.sentiment[0m:[36manalyse_sentiment[0m:[36m1515[0m - [1mACGL raw_sentiment=+0.00 (local, 1 articles)[0m
[32m2026-09-09 18:02:18.280[0m | [34m[1mDEBUG   [0m | [36msrc.analysis.sentiment[0m:[36manalyse_sentiment[0m:[36m1571[0m - [34m[1mACGL sentiment scaled +0.00 \u2192 +0.00 (count=1, sources=1, scale=0.32)[0m
[32m2026-09-09 18:02:20.518[0m | [1mINFO    [0m | [36msrc.analysis.sentiment[0m:[36manalyse_sentiment[0m:[36m1515[0m - [1mAEHR raw_sentiment=+0.65 (local, 1 articles)[0m
[32m2026-09-09 18:02:20.518[0m | [34m[1mDEBUG   [0m | [36msrc.analysis.sentiment[0m:[36manalyse_sentiment[0m:[36m1571[0m - [34m[1mAEHR sentiment scaled +0.65 \u2192 +0.24 (count=1, sources=1, scale=0.37)[0m
[32m2026-09-09 18:02:22.345[0m | [1mINFO    [0m | [36msrc.analysis.sentiment[0m:[36manalyse_sentiment[0m:[36m1515[0m - [1mAEHR raw_sentiment=-0.15 (local, 1 articles)[0m
[32m2026-09-09 18:02:22.345[0m | [34m[1mDEBUG   [0m | [36msrc.analysis.sentiment[0m:[36manalyse_sentiment[0m:[36m1571[0m - [34m[1mAEHR sentiment scaled -0.15 \u2192 -0.05 (count=1, sources=1, scale=0.36)[0m
[32m2026-09-09 18:02:24.399[0m | [1mINFO    [0m | [36msrc.analysis.sentiment[0m:[36manalyse_sentiment[0m:[36m1515[0m - [1mAEHR raw_sentiment=+0.65 (local, 1 articles)[0m
[32m2026-09-09 18:02:24.400[0m | [34m[1mDEBUG   [0m | [36msrc.analysis.sentiment[0m:[36manalyse_sentiment[0m:[36m1571[0m - [34m[1mAEHR sentiment scaled +0.65 \u2192 +0.23 (count=1, sources=1, scale=0.36)[0m
[32m2026-09-09 18:02:26.515[0m | [1mINFO    [0m | [36msrc.analysis.sentiment[0m:[36manalyse_sentiment[0m:[36m1515[0m - [1mAEHR raw_sentiment=+0.45 (local, 2 articles)[0m
[32m2026-09-09 18:02:26.516[0m | [34m[1mDEBUG   [0m | [36msrc.analysis.sentiment[0m:[36manalyse_sentiment[0m:[36m1571[0m - [34m[1mAEHR sentiment scaled +0.45 \u2192 +0.21 (count=2, sources=2, scale=0.46)[0m
[32m2026-09-09 18:02:28.389[0m | [1mINFO    [0m | [36msrc.analysis.sentiment[0m:[36manalyse_sentiment[0m:[36m1515[0m - [1mAEHR raw_sentiment=+0.85 (local, 1 articles)[0m
[32m2026-09-09 18:02:28.389[0m | [34m[1mDEBUG   [0m | [36msrc.analysis.sentiment[0m:[36manalyse_sentiment[0m:[36m1571[0m - [34m[1mAEHR sentiment scaled +0.85 \u2192 +0.30 (count=1, sources=1, scale=0.35)[0m
[32m2026-09-09 18:02:30.230[0m | [1mINFO    [0m | [36msrc.analysis.sentiment[0m:[36manalyse_sentiment[0m:[36m1515[0m - [1mAEHR raw_sentiment=-0.15 (local, 1 articles)[0m
[32m2026-09-09 18:02:30.230[0m | [34m[1mDEBUG   [0m | [36msrc.analysis.sentiment[0m:[36manalyse_sentiment[0m:[36m1571[0m - [34m[1mAEHR sentiment scaled -0.15 \u2192 -0.05 (count=1, sources=1, scale=0.35)[0m
[32m2026-09-09 18:02:32.473[0m | [1mINFO    [0m | [36msrc.analysis.sentiment[0m:[36manalyse_sentiment[0m:[36m1515[0m - [1mAEHR raw_sentiment=-0.05 (local, 1 articles)[0m
[32m2026-09-09 18:02:32.474[0m | [34m[1mDEBUG   [0m | [36msrc.analysis.sentiment[0m:[36manalyse_sentiment[0m:[36m1571[0m - [34m[1mAEHR sentiment scaled -0.05 \u2192 -0.02 (count=1, sources=1, scale=0.34)[0m
[32m2026-09-09 18:02:34.711[0m | [1mINFO    [0m | [36msrc.analysis.sentiment[0m:[36manalyse_sentiment[0m:[36m1515[0m - [1mAEHR raw_sentiment=+0.15 (local, 1 articles)[0m
[32m2026-09-09 18:02:34.711[0m | [34m[1mDEBUG   [0m | [36msrc.analysis.sentiment[0m:[36manalyse_sentiment[0m:[36m1571[0m - [34m[1mAEHR sentiment scaled +0.15 \u2192 +0.05 (count=1, sources=1, scale=0.34)[0m
[32m2026-09-09 18:02:36.844[0m | [1mINFO    [0m | [36msrc.analysis.sentiment[0m:[36manalyse_sentiment[0m:[36m1515[0m - [1mAEHR raw_sentiment=+0.15 (local, 1 articles)[0m
[32m2026-09-09 18:02:36.844[0m | [34m[1mDEBUG   [0m | [36msrc.analysis.sentiment[0m:[36manalyse_sentiment[0m:[36m1571[0m - [34m[1mAEHR sentiment scaled +0.15 \u2192 +0.05 (count=1, sources=1, scale=0.34)[0m
[32m2026-09-09 18:02:38.510[0m | [1mINFO    [0m | [36msrc.analysis.sentiment[0m:[36manalyse_sentiment[0m:[36m1515[0m - [1mAEHR raw_sentiment=+0.15 (local, 1 articles)[0m
[32m2026-09-09 18:02:38.510[0m | [34m[1mDEBUG   [0m | [36msrc.analysis.sentiment[0m:[36manalyse_sentiment[0m:[36m1571[0m - [34m[1mAEHR sentiment scaled +0.15 \u2192 +0.05 (count=1, sources=1, scale=0.34)[0m
[32m2026-09-09 18:02:40.573[0m | [1mINFO    [0m | [36msrc.analysis.sentiment[0m:[36manalyse_sentiment[0m:[36m1515[0m - [1mAEHR raw_sentiment=+0.85 (local, 1 articles)[0m
[32m2026-09-09 18:02:40.573[0m | [34m[1mDEBUG   [0m | [36msrc.analysis.sentiment[0m:[36manalyse_sentiment[0m:[36m1571[0m - [34m[1mAEHR sentiment scaled +0.85 \u2192 +0.29 (count=1, sources=1, scale=0.34)[0m
[32m2026-09-09 18:02:42.426[0m | [1mINFO    [0m | [36msrc.analysis.sentiment[0m:[36manalyse_sentiment[0m:[36m1515[0m - [1mAEHR raw_sentiment=+0.75 (local, 1 articles)[0m
[32m2026-09-09 18:02:42.426[0m | [34m[1mDEBUG   [0m | [36msrc.analysis.sentiment[0m:[36manalyse_sentiment[0m:[36m1571[0m - [34m[1mAEHR sentiment scaled +0.75 \u2192 +0.25 (count=1, sources=1, scale=0.34)[0m
[32m2026-09-09 18:02:44.436[0m | [1mINFO    [0m | [36msrc.analysis.sentiment[0m:[36manalyse_sentiment[0m:[36m1515[0m - [1mAEHR raw_sentiment=+0.15 (local, 1 articles)[0m
[32m2026-09-09 18:02:44.436[0m | [34m[1mDEBUG   [0m | [36msrc.analysis.sentiment[0m:[36manalyse_sentiment[0m:[36m1571[0m - [34m[1mAEHR sentiment scaled +0.15 \u2192 +0.05 (count=1, sources=1, scale=0.32)[0m
[32m2026-09-09 18:02:46.515[0m | [1mINFO    [0m | [36msrc.analysis.sentiment[0m:[36manalyse_sentiment[0m:[36m1515[0m - [1mAMZN raw_sentiment=+0.15 (local, 1 articles)[0m
[32m2026-09-09 18:02:46.515[0m | [34m[1mDEBUG   [0m | [36msrc.analysis.sentiment[0m:[36manalyse_sentiment[0m:[36m1571[0m - [34m[1mAMZN sentiment scaled +0.15 \u2192 +0.07 (count=1, sources=1, scale=0.44)[0m
[32m2026-09-09 18:02:49.276[0m | [1mINFO    [0m | [36msrc.analysis.sentiment[0m:[36manalyse_sentiment[0m:[36m1515[0m - [1mAMZN raw_sentiment=+0.25 (local, 2 articles)[0m
[32m2026-09-09 18:02:49.276[0m | [34m[1mDEBUG   [0m | [36msrc.analysis.sentiment[0m:[36manalyse_sentiment[0m:[36m1571[0m - [34m[1mAMZN sentiment scaled +0.25 \u2192 +0.15 (count=2, sources=2, scale=0.61)[0m
[32m2026-09-09 18:02:51.033[0m | [1mINFO    [0m | [36msrc.analysis.sentiment[0m:[36manalyse_sentiment[0m:[36m1515[0m - [1mAMZN raw_sentiment=-0.15 (local, 2 articles)[0m
[32m2026-09-09 18:02:51.033[0m | [34m[1mDEBUG   [0m | [36msrc.analysis.sentiment[0m:[36manalyse_sentiment[0m:[36m1571[0m - [34m[1mAMZN sentiment scaled -0.15 \u2192 -0.09 (count=2, sources=2, scale=0.60)[0m
[32m2026-09-09 18:02:53.192[0m | [1mINFO    [0m | [36msrc.analysis.sentiment[0m:[36manalyse_sentiment[0m:[36m1515[0m - [1mAMZN raw_sentiment=-0.05 (local, 1 articles)[0m
[32m2026-09-09 18:02:53.192[0m | [34m[1mDEBUG   [0m | [36msrc.analysis.sentiment[0m:[36manalyse_sentiment[0m:[36m1571[0m - [34m[1mAMZN sentiment scaled -0.05 \u2192 -0.02 (count=1, sources=1, scale=0.42)[0m
[32m2026-09-09 18:02:55.305[0m | [1mINFO    [0m | [36msrc.analysis.sentiment[0m:[36manalyse_sentiment[0m:[36m1515[0m - [1mAMZN raw_sentiment=+0.05 (local, 1 articles)[0m
[32m2026-09-09 18:02:55.306[0m | [34m[1mDEBUG   [0m | [36msrc.analysis.sentiment[0m:[36manalyse_sentiment[0m:[36m1571[0m - [34m[1mAMZN sentiment scaled +0.05 \u2192 +0.02 (count=1, sources=1, scale=0.41)[0m
[32m2026-09-09 18:02:57.471[0m | [1mINFO    [0m | [36msrc.analysis.sentiment[0m:[36manalyse_sentiment[0m:[36m1515[0m - [1mAMZN raw_sentiment=+0.15 (local, 1 articles)[0m
[32m2026-09-09 18:02:57.471[0m | [34m[1mDEBUG   [0m | [36msrc.analysis.sentiment[0m:[36manalyse_sentiment[0m:[36m1571[0m - [34m[1mAMZN sentiment scaled +0.15 \u2192 +0.06 (count=1, sources=1, scale=0.41)[0m
[32m2026-09-09 18:02:59.510[0m | [1mINFO    [0m | [36msrc.analysis.sentiment[0m:[36manalyse_sentiment[0m:[36m1515[0m - [1mAMZN raw_sentiment=+0.00 (local, 1 articles)[0m
[32m2026-09-09 18:02:59.511[0m | [34m[1mDEBUG   [0m | [36msrc.analysis.sentiment[0m:[36manalyse_sentiment[0m:[36m1571[0m - [34m[1mAMZN sentiment scaled +0.00 \u2192 +0.00 (count=1, sources=1, scale=0.40)[0m
[32m2026-09-09 18:03:01.708[0m | [1mINFO    [0m | [36msrc.analysis.sentiment[0m:[36manalyse_sentiment[0m:[36m1515[0m - [1mAMZN raw_sentiment=+0.15 (local, 1 articles)[0m
[32m2026-09-09 18:03:01.708[0m | [34m[1mDEBUG   [0m | [36msrc.analysis.sentiment[0m:[36manalyse_sentiment[0m:[36m1571[0m - [34m[1mAMZN sentiment scaled +0.15 \u2192 +0.06 (count=1, sources=1, scale=0.40)[0m
[32m2026-09-09 18:03:03.911[0m | [1mINFO    [0m | [36msrc.analysis.sentiment[0m:[36manalyse_sentiment[0m:[36m1515[0m - [1mAMZN raw_sentiment=-0.01 (local, 1 articles)[0m
[32m2026-09-09 18:03:03.911[0m | [34m[1mDEBUG   [0m | [36msrc.analysis.sentiment[0m:[36manalyse_sentiment[0m:[36m1571[0m - [34m[1mAMZN sentiment scaled -0.01 \u2192 -0.00 (count=1, sources=1, scale=0.40)[0m
[32m2026-09-09 18:03:05.661[0m | [1mINFO    [0m | [36msrc.analysis.sentiment[0m:[36manalyse_sentiment[0m:[36m1515[0m - [1mAMZN raw_sentiment=-0.05 (local, 1 articles)[0m
[32m2026-09-09 18:03:05.661[0m | [34m[1mDEBUG   [0m | [36msrc.analysis.sentiment[0m:[36manalyse_sentiment[0m:[36m1571[0m - [34m[1mAMZN sentiment scaled -0.05 \u2192 -0.02 (count=1, sources=1, scale=0.40)[0m
[32m2026-09-09 18:03:07.616[0m | [1mINFO    [0m | [36msrc.analysis.sentiment[0m:[36manalyse_sentiment[0m:[36m1515[0m - [1mAMZN raw_sentiment=+0.15 (local, 1 articles)[0m
[32m2026-09-09 18:03:07.616[0m | [34m[1mDEBUG   [0m | [36msrc.analysis.sentiment[0m:[36manalyse_sentiment[0m:[36m1571[0m - [34m[1mAMZN sentiment scaled +0.15 \u2192 +0.06 (count=1, sources=1, scale=0.40)[0m
[32m2026-09-09 18:03:09.828[0m | [1mINFO    [0m | [36msrc.analysis.sentiment[0m:[36manalyse_sentiment[0m:[36m1515[0m - [1mAMZN raw_sentiment=-0.25 (local, 1 articles)[0m
[32m2026-09-09 18:03:09.828[0m | [34m[1mDEBUG   [0m | [36msrc.analysis.sentiment[0m:[36manalyse_sentiment[0m:[36m1571[0m - [34m[1mAMZN sentiment scaled -0.25 \u2192 -0.10 (count=1, sources=1, scale=0.40)[0m
[32m2026-09-09 18:03:11.581[0m | [1mINFO    [0m | [36msrc.analysis.sentiment[0m:[36manalyse_sentiment[0m:[36m1515[0m - [1mAMZN raw_sentiment=+0.00 (local, 1 articles)[0m
[32m2026-09-09 18:03:11.581[0m | [34m[1mDEBUG   [0m | [36msrc.analysis.sentiment[0m:[36manalyse_sentiment[0m:[36m1571[0m - [34m[1mAMZN sentiment scaled +0.00 \u2192 +0.00 (count=1, sources=1, scale=0.39)[0m
[32m2026-09-09 18:03:13.223[0m | [1mINFO    [0m | [36msrc.analysis.sentiment[0m:[36manalyse_sentiment[0m:[36m1515[0m - [1mAMZN raw_sentiment=+0.00 (local, 1 articles)[0m
[32m2026-09-09 18:03:13.223[0m | [34m[1mDEBUG   [0m | [36msrc.analysis.sentiment[0m:[36manalyse_sentiment[0m:[36m1571[0m - [34m[1mAMZN sentiment scaled +0.00 \u2192 +0.00 (count=1, sources=1, scale=0.39)[0m
[32m2026-09-09 18:03:15.305[0m | [1mINFO    [0m | [36msrc.analysis.sentiment[0m:[36manalyse_sentiment[0m:[36m1515[0m - [1mAMZN raw_sentiment=-0.05 (local, 1 articles)[0m
[32m2026-09-09 18:03:15.305[0m | [34m[1mDEBUG   [0m | [36msrc.analysis.sentiment[0m:[36manalyse_sentiment[0m:[36m1571[0m - [34m[1mAMZN sentiment scaled -0.05 \u2192 -0.02 (count=1, sources=1, scale=0.38)[0m
[32m2026-09-09 18:03:17.014[0m | [1mINFO    [0m | [36msrc.analysis.sentiment[0m:[36manalyse_sentiment[0m:[36m1515[0m - [1mAMZN raw_sentiment=+0.15 (local, 1 articles)[0m
[32m2026-09-09 18:03:17.014[0m | [34m[1mDEBUG   [0m | [36msrc.analysis.sentiment[0m:[36manalyse_sentiment[0m:[36m1571[0m - [34m[1mAMZN sentiment scaled +0.15 \u2192 +0.06 (count=1, sources=1, scale=0.37)[0m
[32m2026-09-09 18:03:19.284[0m | [1mINFO    [0m | [36msrc.analysis.sentiment[0m:[36manalyse_sentiment[0m:[36m1515[0m - [1mAMZN raw_sentiment=+0.15 (local, 1 articles)[0m
[32m2026-09-09 18:03:19.284[0m | [34m[1mDEBUG   [0m | [36msrc.analysis.sentiment[0m:[36manalyse_sentiment[0m:[36m1571[0m - [34m[1mAMZN sentiment scaled +0.15 \u2192 +0.06 (count=1, sources=1, scale=0.37)[0m
[32m2026-09-09 18:03:21.111[0m | [1mINFO    [0m | [36msrc.analysis.sentiment[0m:[36manalyse_sentiment[0m:[36m1515[0m - [1mAMZN raw_sentiment=+0.05 (local, 1 articles)[0m
[32m2026-09-09 18:03:21.111[0m | [34m[1mDEBUG   [0m | [36msrc.analysis.sentiment[0m:[36manalyse_sentiment[0m:[36m1571[0m - [34m[1mAMZN sentiment scaled +0.05 \u2192 +0.02 (count=1, sources=1, scale=0.37)[0m
  2026-07-17: 3 tickers in 69s
[32m2026-09-09 18:03:24.386[0m | [1mINFO    [0m | [36msrc.analysis.sentiment[0m:[36manalyse_sentiment[0m:[36m1515[0m - [1mAAOI raw_sentiment=-0.05 (local, 1 articles)[0m
[32m2026-09-09 18:03:24.386[0m | [34m[1mDEBUG   [0m | [36msrc.analysis.sentiment[0m:[36manalyse_sentiment[0m:[36m1571[0m - [34m[1mAAOI sentiment scaled -0.05 \u2192 -0.02 (count=1, sources=1, scale=0.32)[0m
[32m2026-09-09 18:03:26.519[0m | [1mINFO    [0m | [36msrc.analysis.sentiment[0m:[36manalyse_sentiment[0m:[36m1515[0m - [1mAAOI raw_sentiment=-0.05 (local, 1 articles)[0m
[32m2026-09-09 18:03:26.519[0m | [34m[1mDEBUG   [0m | [36msrc.analysis.sentiment[0m:[36manalyse_sentiment[0m:[36m1571[0m - [34m[1mAAOI sentiment scaled -0.05 \u2192 -0.02 (count=1, sources=1, scale=0.32)[0m
[32m2026-09-09 18:03:28.471[0m | [1mINFO    [0m | [36msrc.analysis.sentiment[0m:[36manalyse_sentiment[0m:[36m1515[0m - [1mAAOI raw_sentiment=-0.45 (local, 1 articles)[0m
[32m2026-09-09 18:03:28.471[0m | [34m[1mDEBUG   [0m | [36msrc.analysis.sentiment[0m:[36manalyse_sentiment[0m:[36m1571[0m - [34m[1mAAOI sentiment scaled -0.45 \u2192 -0.14 (count=1, sources=1, scale=0.32)[0m
[32m2026-09-09 18:03:30.417[0m | [1mINFO    [0m | [36msrc.analysis.sentiment[0m:[36manalyse_sentiment[0m:[36m1515[0m - [1mAAOI raw_sentiment=+0.15 (local, 1 articles)[0m
[32m2026-09-09 18:03:30.418[0m | [34m[1mDEBUG   [0m | [36msrc.analysis.sentiment[0m:[36manalyse_sentiment[0m:[36m1571[0m - [34m[1mAAOI sentiment scaled +0.15 \u2192 +0.05 (count=1, sources=1, scale=0.32)[0m
[32m2026-09-09 18:03:32.093[0m | [1mINFO    [0m | [36msrc.analysis.sentiment[0m:[36manalyse_sentiment[0m:[36m1515[0m - [1mAAOI raw_sentiment=+0.25 (local, 1 articles)[0m
[32m2026-09-09 18:03:32.093[0m | [34m[1mDEBUG   [0m | [36msrc.analysis.sentiment[0m:[36manalyse_sentiment[0m:[36m1571[0m - [34m[1mAAOI sentiment scaled +0.25 \u2192 +0.08 (count=1, sources=1, scale=0.32)[0m
[32m2026-09-09 18:03:34.220[0m | [1mINFO    [0m | [36msrc.analysis.sentiment[0m:[36manalyse_sentiment[0m:[36m1515[0m - [1mAAOI raw_sentiment=+0.25 (local, 1 articles)[0m
[32m2026-09-09 18:03:34.221[0m | [34m[1mDEBUG   [0m | [36msrc.analysis.sentiment[0m:[36manalyse_sentiment[0m:[36m1571[0m - [34m[1mAAOI sentiment scaled +0.25 \u2192 +0.08 (count=1, sources=1, scale=0.32)[0m
[32m2026-09-09 18:03:36.004[0m | [1mINFO    [0m | [36msrc.analysis.sentiment[0m:[36manalyse_sentiment[0m:[36m1515[0m - [1mAAOI raw_sentiment=+0.25 (local, 1 articles)[0m
[32m2026-09-09 18:03:36.004[0m | [34m[1mDEBUG   [0m | [36msrc.analysis.sentiment[0m:[36manalyse_sentiment[0m:[36m1571[0m - [34m[1mAAOI sentiment scaled +0.25 \u2192 +0.08 (count=1, sources=1, scale=0.32)[0m
[32m2026-09-09 18:03:38.614[0m | [1mINFO    [0m | [36msrc.analysis.sentiment[0m:[36manalyse_sentiment[0m:[36m1515[0m - [1mALK raw_sentiment=+0.00 (local, 1 articles)[0m
[32m2026-09-09 18:03:38.614[0m | [34m[1mDEBUG   [0m | [36msrc.analysis.sentiment[0m:[36manalyse_sentiment[0m:[36m1571[0m - [34m[1mALK sentiment scaled +0.00 \u2192 +0.00 (count=1, sources=1, scale=0.32)[0m
[32m2026-09-09 18:03:40.510[0m | [1mINFO    [0m | [36msrc.analysis.sentiment[0m:[36manalyse_sentiment[0m:[36m1515[0m - [1mALK raw_sentiment=-0.05 (local, 1 articles)[0m
[32m2026-09-09 18:03:40.510[0m | [34m[1mDEBUG   [0m | [36msrc.analysis.sentiment[0m:[36manalyse_sentiment[0m:[36m1571[0m - [34m[1mALK sentiment scaled -0.05 \u2192 -0.02 (count=1, sources=1, scale=0.32)[0m
[32m2026-09-09 18:03:42.291[0m | [1mINFO    [0m | [36msrc.analysis.sentiment[0m:[36manalyse_sentiment[0m:[36m1515[0m - [1mALK raw_sentiment=+0.05 (local, 1 articles)[0m
[32m2026-09-09 18:03:42.292[0m | [34m[1mDEBUG   [0m | [36msrc.analysis.sentiment[0m:[36manalyse_sentiment[0m:[36m1571[0m - [34m[1mALK sentiment scaled +0.05 \u2192 +0.02 (count=1, sources=1, scale=0.32)[0m
[32m2026-09-09 18:03:44.254[0m | [1mINFO    [0m | [36msrc.analysis.sentiment[0m:[36manalyse_sentiment[0m:[36m1515[0m - [1mALK raw_sentiment=+0.15 (local, 1 articles)[0m
[32m2026-09-09 18:03:44.254[0m | [34m[1mDEBUG   [0m | [36msrc.analysis.sentiment[0m:[36manalyse_sentiment[0m:[36m1571[0m - [34m[1mALK sentiment scaled +0.15 \u2192 +0.05 (count=1, sources=1, scale=0.32)[0m
[32m2026-09-09 18:03:46.335[0m | [1mINFO    [0m | [36msrc.analysis.sentiment[0m:[36manalyse_sentiment[0m:[36m1515[0m - [1mALK raw_sentiment=-0.25 (local, 1 articles)[0m
[32m2026-09-09 18:03:46.336[0m | [34m[1mDEBUG   [0m | [36msrc.analysis.sentiment[0m:[36manalyse_sentiment[0m:[36m1571[0m - [34m[1mALK sentiment scaled -0.25 \u2192 -0.08 (count=1, sources=1, scale=0.32)[0m
  2026-07-21: 2 tickers in 24s
[32m2026-09-09 18:03:50.308[0m | [1mINFO    [0m | [36msrc.analysis.sentiment[0m:[36manalyse_sentiment[0m:[36m1515[0m - [1mAAPL raw_sentiment=-0.25 (local, 2 articles)[0m
[32m2026-09-09 18:03:50.309[0m | [34m[1mDEBUG   [0m | [36msrc.analysis.sentiment[0m:[36manalyse_sentiment[0m:[36m1571[0m - [34m[1mAAPL sentiment scaled -0.25 \u2192 -0.16 (count=2, sources=2, scale=0.63)[0m
[32m2026-09-09 18:03:52.135[0m | [1mINFO    [0m | [36msrc.analysis.sentiment[0m:[36manalyse_sentiment[0m:[36m1515[0m - [1mAAPL raw_sentiment=-0.15 (local, 1 articles)[0m
[32m2026-09-09 18:03:52.135[0m | [34m[1mDEBUG   [0m | [36msrc.analysis.sentiment[0m:[36manalyse_sentiment[0m:[36m1571[0m - [34m[1mAAPL sentiment scaled -0.15 \u2192 -0.06 (count=1, sources=1, scale=0.42)[0m
[32m2026-09-09 18:03:54.103[0m | [1mINFO    [0m | [36msrc.analysis.sentiment[0m:[36manalyse_sentiment[0m:[36m1515[0m - [1mAAPL raw_sentiment=-0.05 (local, 2 articles)[0m
[32m2026-09-09 18:03:54.103[0m | [34m[1mDEBUG   [0m | [36msrc.analysis.sentiment[0m:[36manalyse_sentiment[0m:[36m1571[0m - [34m[1mAAPL sentiment scaled -0.05 \u2192 -0.03 (count=2, sources=2, scale=0.58)[0m
[32m2026-09-09 18:03:55.951[0m | [1mINFO    [0m | [36msrc.analysis.sentiment[0m:[36manalyse_sentiment[0m:[36m1515[0m - [1mAAPL raw_sentiment=+0.65 (local, 1 articles)[0m
[32m2026-09-09 18:03:55.952[0m | [34m[1mDEBUG   [0m | [36msrc.analysis.sentiment[0m:[36manalyse_sentiment[0m:[36m1571[0m - [34m[1mAAPL sentiment scaled +0.65 \u2192 +0.27 (count=1, sources=1, scale=0.41)[0m
[32m2026-09-09 18:03:57.793[0m | [1mINFO    [0m | [36msrc.analysis.sentiment[0m:[36manalyse_sentiment[0m:[36m1515[0m - [1mAAPL raw_sentiment=+0.00 (local, 1 articles)[0m
[32m2026-09-09 18:03:57.793[0m | [34m[1mDEBUG   [0m | [36msrc.analysis.sentiment[0m:[36manalyse_sentiment[0m:[36m1571[0m - [34m[1mAAPL sentiment scaled +0.00 \u2192 +0.00 (count=1, sources=1, scale=0.41)[0m
[32m2026-09-09 18:03:59.878[0m | [1mINFO    [0m | [36msrc.analysis.sentiment[0m:[36manalyse_sentiment[0m:[36m1515[0m - [1mAAPL raw_sentiment=+0.05 (local, 1 articles)[0m
[32m2026-09-09 18:03:59.878[0m | [34m[1mDEBUG   [0m | [36msrc.analysis.sentiment[0m:[36manalyse_sentiment[0m:[36m1571[0m - [34m[1mAAPL sentiment scaled +0.05 \u2192 +0.02 (count=1, sources=1, scale=0.40)[0m
[32m2026-09-09 18:04:01.705[0m | [1mINFO    [0m | [36msrc.analysis.sentiment[0m:[36manalyse_sentiment[0m:[36m1515[0m - [1mAAPL raw_sentiment=-0.15 (local, 1 articles)[0m
[32m2026-09-09 18:04:01.705[0m | [34m[1mDEBUG   [0m | [36msrc.analysis.sentiment[0m:[36manalyse_sentiment[0m:[36m1571[0m - [34m[1mAAPL sentiment scaled -0.15 \u2192 -0.06 (count=1, sources=1, scale=0.40)[0m
[32m2026-09-09 18:04:03.434[0m | [1mINFO    [0m | [36msrc.analysis.sentiment[0m:[36manalyse_sentiment[0m:[36m1515[0m - [1mAAPL raw_sentiment=+0.05 (local, 1 articles)[0m
[32m2026-09-09 18:04:03.434[0m | [34m[1mDEBUG   [0m | [36msrc.analysis.sentiment[0m:[36manalyse_sentiment[0m:[36m1571[0m - [34m[1mAAPL sentiment scaled +0.05 \u2192 +0.02 (count=1, sources=1, scale=0.39)[0m
[32m2026-09-09 18:04:05.580[0m | [1mINFO    [0m | [36msrc.analysis.sentiment[0m:[36manalyse_sentiment[0m:[36m1515[0m - [1mAAPL raw_sentiment=-0.35 (local, 1 articles)[0m
[32m2026-09-09 18:04:05.580[0m | [34m[1mDEBUG   [0m | [36msrc.analysis.sentiment[0m:[36manalyse_sentiment[0m:[36m1571[0m - [34m[1mAAPL sentiment scaled -0.35 \u2192 -0.13 (count=1, sources=1, scale=0.38)[0m
[32m2026-09-09 18:04:07.430[0m | [1mINFO    [0m | [36msrc.analysis.sentiment[0m:[36manalyse_sentiment[0m:[36m1515[0m - [1mAAPL raw_sentiment=+0.15 (local, 2 articles)[0m
[32m2026-09-09 18:04:07.430[0m | [34m[1mDEBUG   [0m | [36msrc.analysis.sentiment[0m:[36manalyse_sentiment[0m:[36m1571[0m - [34m[1mAAPL sentiment scaled +0.15 \u2192 +0.08 (count=2, sources=2, scale=0.51)[0m
[32m2026-09-09 18:04:09.413[0m | [1mINFO    [0m | [36msrc.analysis.sentiment[0m:[36manalyse_sentiment[0m:[36m1515[0m - [1mAAPL raw_sentiment=+0.05 (local, 1 articles)[0m
[32m2026-09-09 18:04:09.413[0m | [34m[1mDEBUG   [0m | [36msrc.analysis.sentiment[0m:[36manalyse_sentiment[0m:[36m1571[0m - [34m[1mAAPL sentiment scaled +0.05 \u2192 +0.02 (count=1, sources=1, scale=0.36)[0m
[32m2026-09-09 18:04:10.871[0m | [1mINFO    [0m | [36msrc.analysis.sentiment[0m:[36manalyse_sentiment[0m:[36m1515[0m - [1mAAPL raw_sentiment=+0.00 (local, 1 articles)[0m
[32m2026-09-09 18:04:10.871[0m | [34m[1mDEBUG   [0m | [36msrc.analysis.sentiment[0m:[36manalyse_sentiment[0m:[36m1571[0m - [34m[1mAAPL sentiment scaled +0.00 \u2192 +0.00 (count=1, sources=1, scale=0.36)[0m
[32m2026-09-09 18:04:12.777[0m | [1mINFO    [0m | [36msrc.analysis.sentiment[0m:[36manalyse_sentiment[0m:[36m1515[0m - [1mAAPL raw_sentiment=-0.15 (local, 1 articles)[0m
[32m2026-09-09 18:04:12.777[0m | [34m[1mDEBUG   [0m | [36msrc.analysis.sentiment[0m:[36manalyse_sentiment[0m:[36m1571[0m - [34m[1mAAPL sentiment scaled -0.15 \u2192 -0.05 (count=1, sources=1, scale=0.35)[0m
[32m2026-09-09 18:04:14.909[0m | [1mINFO    [0m | [36msrc.analysis.sentiment[0m:[36manalyse_sentiment[0m:[36m1515[0m - [1mAAPL raw_sentiment=-0.05 (local, 1 articles)[0m
[32m2026-09-09 18:04:14.909[0m | [34m[1mDEBUG   [0m | [36msrc.analysis.sentiment[0m:[36manalyse_sentiment[0m:[36m1571[0m - [34m[1mAAPL sentiment scaled -0.05 \u2192 -0.02 (count=1, sources=1, scale=0.35)[0m
[32m2026-09-09 18:04:17.667[0m | [1mINFO    [0m | [36msrc.analysis.sentiment[0m:[36manalyse_sentiment[0m:[36m1515[0m - [1mAAPL raw_sentiment=-0.15 (local, 2 articles)[0m
[32m2026-09-09 18:04:17.667[0m | [34m[1mDEBUG   [0m | [36msrc.analysis.sentiment[0m:[36manalyse_sentiment[0m:[36m1571[0m - [34m[1mAAPL sentiment scaled -0.15 \u2192 -0.07 (count=2, sources=2, scale=0.46)[0m
[32m2026-09-09 18:04:59.925[0m | [1mINFO    [0m | [36msrc.analysis.sentiment[0m:[36manalyse_sentiment[0m:[36m1515[0m - [1mAAPL raw_sentiment=-0.05 (local, 1 articles)[0m
[32m2026-09-09 18:04:59.926[0m | [34m[1mDEBUG   [0m | [36msrc.analysis.sentiment[0m:[36manalyse_sentiment[0m:[36m1571[0m - [34m[1mAAPL sentiment scaled -0.05 \u2192 -0.02 (count=1, sources=1, scale=0.35)[0m
[32m2026-09-09 18:05:07.085[0m | [1mINFO    [0m | [36msrc.analysis.sentiment[0m:[36manalyse_sentiment[0m:[36m1515[0m - [1mAPP raw_sentiment=-0.35 (local, 2 articles)[0m
[32m2026-09-09 18:05:07.085[0m | [34m[1mDEBUG   [0m | [36msrc.analysis.sentiment[0m:[36manalyse_sentiment[0m:[36m1571[0m - [34m[1mAPP sentiment scaled -0.35 \u2192 -0.16 (count=2, sources=2, scale=0.45)[0m
[32m2026-09-09 18:05:12.625[0m | [1mINFO    [0m | [36msrc.analysis.sentiment[0m:[36manalyse_sentiment[0m:[36m1515[0m - [1mAPP raw_sentiment=-0.15 (local, 1 articles)[0m
[32m2026-09-09 18:05:12.625[0m | [34m[1mDEBUG   [0m | [36msrc.analysis.sentiment[0m:[36manalyse_sentiment[0m:[36m1571[0m - [34m[1mAPP sentiment scaled -0.15 \u2192 -0.05 (count=1, sources=1, scale=0.33)[0m
[32m2026-09-09 18:05:16.607[0m | [1mINFO    [0m | [36msrc.analysis.sentiment[0m:[36manalyse_sentiment[0m:[36m1515[0m - [1mAPP raw_sentiment=-0.05 (local, 1 articles)[0m
[32m2026-09-09 18:05:16.607[0m | [34m[1mDEBUG   [0m | [36msrc.analysis.sentiment[0m:[36manalyse_sentiment[0m:[36m1571[0m - [34m[1mAPP sentiment scaled -0.05 \u2192 -0.02 (count=1, sources=1, scale=0.32)[0m
  2026-07-24: 2 tickers in 89s
[32m2026-09-09 18:05:22.577[0m | [1mINFO    [0m | [36msrc.analysis.sentiment[0m:[36manalyse_sentiment[0m:[36m1515[0m - [1mABBV raw_sentiment=+0.05 (local, 2 articles)[0m
[32m2026-09-09 18:05:22.578[0m | [34m[1mDEBUG   [0m | [36msrc.analysis.sentiment[0m:[36manalyse_sentiment[0m:[36m1571[0m - [34m[1mABBV sentiment scaled +0.05 \u2192 +0.02 (count=2, sources=2, scale=0.49)[0m
[32m2026-09-09 18:05:29.061[0m | [1mINFO    [0m | [36msrc.analysis.sentiment[0m:[36manalyse_sentiment[0m:[36m1515[0m - [1mABBV raw_sentiment=-0.65 (local, 1 articles)[0m
[32m2026-09-09 18:05:29.061[0m | [34m[1mDEBUG   [0m | [36msrc.analysis.sentiment[0m:[36manalyse_sentiment[0m:[36m1571[0m - [34m[1mABBV sentiment scaled -0.65 \u2192 -0.21 (count=1, sources=1, scale=0.33)[0m
[32m2026-09-09 18:05:36.309[0m | [1mINFO    [0m | [36msrc.analysis.sentiment[0m:[36manalyse_sentiment[0m:[36m1515[0m - [1mABBV raw_sentiment=+0.05 (local, 1 articles)[0m
[32m2026-09-09 18:05:36.309[0m | [34m[1mDEBUG   [0m | [36msrc.analysis.sentiment[0m:[36manalyse_sentiment[0m:[36m1571[0m - [34m[1mABBV sentiment scaled +0.05 \u2192 +0.02 (count=1, sources=1, scale=0.32)[0m
[32m2026-09-09 18:05:38.704[0m | [1mINFO    [0m | [36msrc.analysis.sentiment[0m:[36manalyse_sentiment[0m:[36m1515[0m - [1mABBV raw_sentiment=-0.25 (local, 1 articles)[0m
[32m2026-09-09 18:05:38.704[0m | [34m[1mDEBUG   [0m | [36msrc.analysis.sentiment[0m:[36manalyse_sentiment[0m:[36m1571[0m - [34m[1mABBV sentiment scaled -0.25 \u2192 -0.08 (count=1, sources=1, scale=0.32)[0m
[32m2026-09-09 18:05:46.464[0m | [1mINFO    [0m | [36msrc.analysis.sentiment[0m:[36manalyse_sentiment[0m:[36m1515[0m - [1mABBV raw_sentiment=+0.25 (local, 1 articles)[0m
[32m2026-09-09 18:05:46.465[0m | [34m[1mDEBUG   [0m | [36msrc.analysis.sentiment[0m:[36manalyse_sentiment[0m:[36m1571[0m - [34m[1mABBV sentiment scaled +0.25 \u2192 +0.08 (count=1, sources=1, scale=0.32)[0m
[32m2026-09-09 18:05:52.640[0m | [1mINFO    [0m | [36msrc.analysis.sentiment[0m:[36manalyse_sentiment[0m:[36m1515[0m - [1mABBV raw_sentiment=+0.05 (local, 1 articles)[0m
[32m2026-09-09 18:05:52.641[0m | [34m[1mDEBUG   [0m | [36msrc.analysis.sentiment[0m:[36manalyse_sentiment[0m:[36m1571[0m - [34m[1mABBV sentiment scaled +0.05 \u2192 +0.02 (count=1, sources=1, scale=0.32)[0m
[32m2026-09-09 18:06:09.783[0m | [1mINFO    [0m | [36msrc.analysis.sentiment[0m:[36manalyse_sentiment[0m:[36m1515[0m - [1mABBV raw_sentiment=+0.15 (local, 1 articles)[0m
[32m2026-09-09 18:06:09.783[0m | [34m[1mDEBUG   [0m | [36msrc.analysis.sentiment[0m:[36manalyse_sentiment[0m:[36m1571[0m - [34m[1mABBV sentiment scaled +0.15 \u2192 +0.05 (count=1, sources=1, scale=0.32)[0m
[32m2026-09-09 18:06:19.759[0m | [1mINFO    [0m | [36msrc.analysis.sentiment[0m:[36manalyse_sentiment[0m:[36m1515[0m - [1mAMZN raw_sentiment=-0.05 (local, 1 articles)[0m
[32m2026-09-09 18:06:19.759[0m | [34m[1mDEBUG   [0m | [36msrc.analysis.sentiment[0m:[36manalyse_sentiment[0m:[36m1571[0m - [34m[1mAMZN sentiment scaled -0.05 \u2192 -0.02 (count=1, sources=1, scale=0.46)[0m
[32m2026-09-09 18:06:35.177[0m | [1mINFO    [0m | [36msrc.analysis.sentiment[0m:[36manalyse_sentiment[0m:[36m1515[0m - [1mAMZN raw_sentiment=-0.35 (local, 1 articles)[0m
[32m2026-09-09 18:06:35.177[0m | [34m[1mDEBUG   [0m | [36msrc.analysis.sentiment[0m:[36manalyse_sentiment[0m:[36m1571[0m - [34m[1mAMZN sentiment scaled -0.35 \u2192 -0.15 (count=1, sources=1, scale=0.43)[0m
[32m2026-09-09 18:06:50.917[0m | [1mINFO    [0m | [36msrc.analysis.sentiment[0m:[36manalyse_sentiment[0m:[36m1515[0m - [1mAMZN raw_sentiment=+0.25 (local, 1 articles)[0m
[32m2026-09-09 18:06:50.918[0m | [34m[1mDEBUG   [0m | [36msrc.analysis.sentiment[0m:[36manalyse_sentiment[0m:[36m1571[0m - [34m[1mAMZN sentiment scaled +0.25 \u2192 +0.11 (count=1, sources=1, scale=0.43)[0m
[32m2026-09-09 18:07:02.297[0m | [1mINFO    [0m | [36msrc.analysis.sentiment[0m:[36manalyse_sentiment[0m:[36m1515[0m - [1mAMZN raw_sentiment=+0.00 (local, 1 articles)[0m
[32m2026-09-09 18:07:02.297[0m | [34m[1mDEBUG   [0m | [36msrc.analysis.sentiment[0m:[36manalyse_sentiment[0m:[36m1571[0m - [34m[1mAMZN sentiment scaled +0.00 \u2192 +0.00 (count=1, sources=1, scale=0.42)[0m
[32m2026-09-09 18:07:08.468[0m | [1mINFO    [0m | [36msrc.analysis.sentiment[0m:[36manalyse_sentiment[0m:[36m1515[0m - [1mAMZN raw_sentiment=+0.25 (local, 2 articles)[0m
[32m2026-09-09 18:07:08.468[0m | [34m[1mDEBUG   [0m | [36msrc.analysis.sentiment[0m:[36manalyse_sentiment[0m:[36m1571[0m - [34m[1mAMZN sentiment scaled +0.25 \u2192 +0.15 (count=2, sources=2, scale=0.59)[0m
[32m2026-09-09 18:07:13.788[0m | [1mINFO    [0m | [36msrc.analysis.sentiment[0m:[36manalyse_sentiment[0m:[36m1515[0m - [1mAMZN raw_sentiment=-0.05 (local, 1 articles)[0m
[32m2026-09-09 18:07:13.788[0m | [34m[1mDEBUG   [0m | [36msrc.analysis.sentiment[0m:[36manalyse_sentiment[0m:[36m1571[0m - [34m[1mAMZN sentiment scaled -0.05 \u2192 -0.02 (count=1, sources=1, scale=0.42)[0m
[32m2026-09-09 18:07:23.968[0m | [1mINFO    [0m | [36msrc.analysis.sentiment[0m:[36manalyse_sentiment[0m:[36m1515[0m - [1mAMZN raw_sentiment=+0.15 (local, 1 articles)[0m
[32m2026-09-09 18:07:23.968[0m | [34m[1mDEBUG   [0m | [36msrc.analysis.sentiment[0m:[36manalyse_sentiment[0m:[36m1571[0m - [34m[1mAMZN sentiment scaled +0.15 \u2192 +0.06 (count=1, sources=1, scale=0.41)[0m
[32m2026-09-09 18:07:29.373[0m | [1mINFO    [0m | [36msrc.analysis.sentiment[0m:[36manalyse_sentiment[0m:[36m1515[0m - [1mAMZN raw_sentiment=+0.00 (local, 1 articles)[0m
[32m2026-09-09 18:07:29.373[0m | [34m[1mDEBUG   [0m | [36msrc.analysis.sentiment[0m:[36manalyse_sentiment[0m:[36m1571[0m - [34m[1mAMZN sentiment scaled +0.00 \u2192 +0.00 (count=1, sources=1, scale=0.39)[0m
[32m2026-09-09 18:07:34.659[0m | [1mINFO    [0m | [36msrc.analysis.sentiment[0m:[36manalyse_sentiment[0m:[36m1515[0m - [1mAMZN raw_sentiment=+0.00 (local, 1 articles)[0m
[32m2026-09-09 18:07:34.659[0m | [34m[1mDEBUG   [0m | [36msrc.analysis.sentiment[0m:[36manalyse_sentiment[0m:[36m1571[0m - [34m[1mAMZN sentiment scaled +0.00 \u2192 +0.00 (count=1, sources=1, scale=0.38)[0m
[32m2026-09-09 18:07:39.184[0m | [1mINFO    [0m | [36msrc.analysis.sentiment[0m:[36manalyse_sentiment[0m:[36m1515[0m - [1mAMZN raw_sentiment=-0.05 (local, 1 articles)[0m
[32m2026-09-09 18:07:39.184[0m | [34m[1mDEBUG   [0m | [36msrc.analysis.sentiment[0m:[36manalyse_sentiment[0m:[36m1571[0m - [34m[1mAMZN sentiment scaled -0.05 \u2192 -0.02 (count=1, sources=1, scale=0.37)[0m
[32m2026-09-09 18:07:45.854[0m | [1mINFO    [0m | [36msrc.analysis.sentiment[0m:[36manalyse_sentiment[0m:[36m1515[0m - [1mAMZN raw_sentiment=-0.05 (local, 1 articles)[0m
[32m2026-09-09 18:07:45.854[0m | [34m[1mDEBUG   [0m | [36msrc.analysis.sentiment[0m:[36manalyse_sentiment[0m:[36m1571[0m - [34m[1mAMZN sentiment scaled -0.05 \u2192 -0.02 (count=1, sources=1, scale=0.37)[0m
[32m2026-09-09 18:07:54.474[0m | [1mINFO    [0m | [36msrc.analysis.sentiment[0m:[36manalyse_sentiment[0m:[36m1515[0m - [1mAMZN raw_sentiment=+0.15 (local, 1 articles)[0m
[32m2026-09-09 18:07:54.474[0m | [34m[1mDEBUG   [0m | [36msrc.analysis.sentiment[0m:[36manalyse_sentiment[0m:[36m1571[0m - [34m[1mAMZN sentiment scaled +0.15 \u2192 +0.05 (count=1, sources=1, scale=0.35)[0m
[32m2026-09-09 18:07:58.503[0m | [1mINFO    [0m | [36msrc.analysis.sentiment[0m:[36manalyse_sentiment[0m:[36m1515[0m - [1mAMZN raw_sentiment=+0.05 (local, 1 articles)[0m
[32m2026-09-09 18:07:58.503[0m | [34m[1mDEBUG   [0m | [36msrc.analysis.sentiment[0m:[36manalyse_sentiment[0m:[36m1571[0m - [34m[1mAMZN sentiment scaled +0.05 \u2192 +0.02 (count=1, sources=1, scale=0.35)[0m
[32m2026-09-09 18:08:02.982[0m | [1mINFO    [0m | [36msrc.analysis.sentiment[0m:[36manalyse_sentiment[0m:[36m1515[0m - [1mAMZN raw_sentiment=+0.00 (local, 1 articles)[0m
[32m2026-09-09 18:08:02.982[0m | [34m[1mDEBUG   [0m | [36msrc.analysis.sentiment[0m:[36manalyse_sentiment[0m:[36m1571[0m - [34m[1mAMZN sentiment scaled +0.00 \u2192 +0.00 (count=1, sources=1, scale=0.34)[0m
[32m2026-09-09 18:08:11.749[0m | [1mINFO    [0m | [36msrc.analysis.sentiment[0m:[36manalyse_sentiment[0m:[36m1515[0m - [1mAMZN raw_sentiment=-0.05 (local, 1 articles)[0m
[32m2026-09-09 18:08:11.749[0m | [34m[1mDEBUG   [0m | [36msrc.analysis.sentiment[0m:[36manalyse_sentiment[0m:[36m1571[0m - [34m[1mAMZN sentiment scaled -0.05 \u2192 -0.02 (count=1, sources=1, scale=0.34)[0m
[32m2026-09-09 18:08:20.910[0m | [1mINFO    [0m | [36msrc.analysis.sentiment[0m:[36manalyse_sentiment[0m:[36m1515[0m - [1mAMZN raw_sentiment=+0.00 (local, 1 articles)[0m
[32m2026-09-09 18:08:20.910[0m | [34m[1mDEBUG   [0m | [36msrc.analysis.sentiment[0m:[36manalyse_sentiment[0m:[36m1571[0m - [34m[1mAMZN sentiment scaled +0.00 \u2192 +0.00 (count=1, sources=1, scale=0.34)[0m
[32m2026-09-09 18:08:27.066[0m | [1mINFO    [0m | [36msrc.analysis.sentiment[0m:[36manalyse_sentiment[0m:[36m1515[0m - [1mAMZN raw_sentiment=-0.15 (local, 1 articles)[0m
[32m2026-09-09 18:08:27.066[0m | [34m[1mDEBUG   [0m | [36msrc.analysis.sentiment[0m:[36manalyse_sentiment[0m:[36m1571[0m - [34m[1mAMZN sentiment scaled -0.15 \u2192 -0.05 (count=1, sources=1, scale=0.34)[0m
[32m2026-09-09 18:08:35.492[0m | [1mINFO    [0m | [36msrc.analysis.sentiment[0m:[36manalyse_sentiment[0m:[36m1515[0m - [1mAMZN raw_sentiment=-0.15 (local, 1 articles)[0m
[32m2026-09-09 18:08:35.492[0m | [34m[1mDEBUG   [0m | [36msrc.analysis.sentiment[0m:[36manalyse_sentiment[0m:[36m1571[0m - [34m[1mAMZN sentiment scaled -0.15 \u2192 -0.05 (count=1, sources=1, scale=0.34)[0m
[32m2026-09-09 18:08:44.958[0m | [1mINFO    [0m | [36msrc.analysis.sentiment[0m:[36manalyse_sentiment[0m:[36m1515[0m - [1mAMZN raw_sentiment=+0.25 (local, 1 articles)[0m
[32m2026-09-09 18:08:44.959[0m | [34m[1mDEBUG   [0m | [36msrc.analysis.sentiment[0m:[36manalyse_sentiment[0m:[36m1571[0m - [34m[1mAMZN sentiment scaled +0.25 \u2192 +0.08 (count=1, sources=1, scale=0.34)[0m
  2026-07-26: 2 tickers in 207s
[32m2026-09-09 18:09:03.736[0m | [1mINFO    [0m | [36msrc.analysis.sentiment[0m:[36manalyse_sentiment[0m:[36m1515[0m - [1mABBV raw_sentiment=+0.15 (local, 2 articles)[0m
[32m2026-09-09 18:09:03.736[0m | [34m[1mDEBUG   [0m | [36msrc.analysis.sentiment[0m:[36manalyse_sentiment[0m:[36m1571[0m - [34m[1mABBV sentiment scaled +0.15 \u2192 +0.07 (count=2, sources=2, scale=0.47)[0m
[32m2026-09-09 18:09:10.240[0m | [1mINFO    [0m | [36msrc.analysis.sentiment[0m:[36manalyse_sentiment[0m:[36m1515[0m - [1mABBV raw_sentiment=-0.65 (local, 1 articles)[0m
[32m2026-09-09 18:09:10.240[0m | [34m[1mDEBUG   [0m | [36msrc.analysis.sentiment[0m:[36manalyse_sentiment[0m:[36m1571[0m - [34m[1mABBV sentiment scaled -0.65 \u2192 -0.21 (count=1, sources=1, scale=0.32)[0m
[32m2026-09-09 18:09:16.780[0m | [1mINFO    [0m | [36msrc.analysis.sentiment[0m:[36manalyse_sentiment[0m:[36m1515[0m - [1mABBV raw_sentiment=+0.15 (local, 1 articles)[0m
[32m2026-09-09 18:09:16.780[0m | [34m[1mDEBUG   [0m | [36msrc.analysis.sentiment[0m:[36manalyse_sentiment[0m:[36m1571[0m - [34m[1mABBV sentiment scaled +0.15 \u2192 +0.05 (count=1, sources=1, scale=0.32)[0m
[32m2026-09-09 18:09:23.753[0m | [1mINFO    [0m | [36msrc.analysis.sentiment[0m:[36manalyse_sentiment[0m:[36m1515[0m - [1mABBV raw_sentiment=-0.15 (local, 1 articles)[0m
[32m2026-09-09 18:09:23.753[0m | [34m[1mDEBUG   [0m | [36msrc.analysis.sentiment[0m:[36manalyse_sentiment[0m:[36m1571[0m - [34m[1mABBV sentiment scaled -0.15 \u2192 -0.05 (count=1, sources=1, scale=0.32)[0m
[32m2026-09-09 18:09:29.558[0m | [1mINFO    [0m | [36msrc.analysis.sentiment[0m:[36manalyse_sentiment[0m:[36m1515[0m - [1mABBV raw_sentiment=+0.25 (local, 1 articles)[0m
[32m2026-09-09 18:09:29.558[0m | [34m[1mDEBUG   [0m | [36msrc.analysis.sentiment[0m:[36manalyse_sentiment[0m:[36m1571[0m - [34m[1mABBV sentiment scaled +0.25 \u2192 +0.08 (count=1, sources=1, scale=0.32)[0m
[32m2026-09-09 18:09:33.834[0m | [1mINFO    [0m | [36msrc.analysis.sentiment[0m:[36manalyse_sentiment[0m:[36m1515[0m - [1mACI raw_sentiment=-0.35 (local, 1 articles)[0m
[32m2026-09-09 18:09:33.834[0m | [34m[1mDEBUG   [0m | [36msrc.analysis.sentiment[0m:[36manalyse_sentiment[0m:[36m1571[0m - [34m[1mACI sentiment scaled -0.35 \u2192 -0.12 (count=1, sources=1, scale=0.33)[0m
[32m2026-09-09 18:09:36.632[0m | [1mINFO    [0m | [36msrc.analysis.sentiment[0m:[36manalyse_sentiment[0m:[36m1515[0m - [1mACI raw_sentiment=+0.00 (local, 1 articles)[0m
[32m2026-09-09 18:09:36.632[0m | [34m[1mDEBUG   [0m | [36msrc.analysis.sentiment[0m:[36manalyse_sentiment[0m:[36m1571[0m - [34m[1mACI sentiment scaled +0.00 \u2192 +0.00 (count=1, sources=1, scale=0.33)[0m
[32m2026-09-09 18:09:41.856[0m | [1mINFO    [0m | [36msrc.analysis.sentiment[0m:[36manalyse_sentiment[0m:[36m1515[0m - [1mACI raw_sentiment=+0.15 (local, 1 articles)[0m
[32m2026-09-09 18:09:41.856[0m | [34m[1mDEBUG   [0m | [36msrc.analysis.sentiment[0m:[36manalyse_sentiment[0m:[36m1571[0m - [34m[1mACI sentiment scaled +0.15 \u2192 +0.05 (count=1, sources=1, scale=0.33)[0m
[32m2026-09-09 18:09:45.918[0m | [1mINFO    [0m | [36msrc.analysis.sentiment[0m:[36manalyse_sentiment[0m:[36m1515[0m - [1mACI raw_sentiment=-0.15 (local, 1 articles)[0m
[32m2026-09-09 18:09:45.918[0m | [34m[1mDEBUG   [0m | [36msrc.analysis.sentiment[0m:[36manalyse_sentiment[0m:[36m1571[0m - [34m[1mACI sentiment scaled -0.15 \u2192 -0.05 (count=1, sources=1, scale=0.33)[0m
[32m2026-09-09 18:09:50.466[0m | [1mINFO    [0m | [36msrc.analysis.sentiment[0m:[36manalyse_sentiment[0m:[36m1515[0m - [1mACI raw_sentiment=-0.05 (local, 1 articles)[0m
[32m2026-09-09 18:09:50.466[0m | [34m[1mDEBUG   [0m | [36msrc.analysis.sentiment[0m:[36manalyse_sentiment[0m:[36m1571[0m - [34m[1mACI sentiment scaled -0.05 \u2192 -0.02 (count=1, sources=1, scale=0.33)[0m
[32m2026-09-09 18:09:55.146[0m | [1mINFO    [0m | [36msrc.analysis.sentiment[0m:[36manalyse_sentiment[0m:[36m1515[0m - [1mACI raw_sentiment=+0.15 (local, 1 articles)[0m
[32m2026-09-09 18:09:55.146[0m | [34m[1mDEBUG   [0m | [36msrc.analysis.sentiment[0m:[36manalyse_sentiment[0m:[36m1571[0m - [34m[1mACI sentiment scaled +0.15 \u2192 +0.05 (count=1, sources=1, scale=0.33)[0m
[32m2026-09-09 18:09:59.956[0m | [1mINFO    [0m | [36msrc.analysis.sentiment[0m:[36manalyse_sentiment[0m:[36m1515[0m - [1mACI raw_sentiment=-0.05 (local, 1 articles)[0m
[32m2026-09-09 18:09:59.957[0m | [34m[1mDEBUG   [0m | [36msrc.analysis.sentiment[0m:[36manalyse_sentiment[0m:[36m1571[0m - [34m[1mACI sentiment scaled -0.05 \u2192 -0.02 (count=1, sources=1, scale=0.32)[0m
[32m2026-09-09 18:10:03.365[0m | [1mINFO    [0m | [36msrc.analysis.sentiment[0m:[36manalyse_sentiment[0m:[36m1515[0m - [1mACI raw_sentiment=-0.65 (local, 1 articles)[0m
[32m2026-09-09 18:10:03.365[0m | [34m[1mDEBUG   [0m | [36msrc.analysis.sentiment[0m:[36manalyse_sentiment[0m:[36m1571[0m - [34m[1mACI sentiment scaled -0.65 \u2192 -0.21 (count=1, sources=1, scale=0.32)[0m
[32m2026-09-09 18:10:06.810[0m | [1mINFO    [0m | [36msrc.analysis.sentiment[0m:[36manalyse_sentiment[0m:[36m1515[0m - [1mACI raw_sentiment=-0.45 (local, 1 articles)[0m
[32m2026-09-09 18:10:06.810[0m | [34m[1mDEBUG   [0m | [36msrc.analysis.sentiment[0m:[36manalyse_sentiment[0m:[36m1571[0m - [34m[1mACI sentiment scaled -0.45 \u2192 -0.15 (count=1, sources=1, scale=0.32)[0m
[32m2026-09-09 18:10:11.836[0m | [1mINFO    [0m | [36msrc.analysis.sentiment[0m:[36manalyse_sentiment[0m:[36m1515[0m - [1mACI raw_sentiment=-0.25 (local, 1 articles)[0m
[32m2026-09-09 18:10:11.836[0m | [34m[1mDEBUG   [0m | [36msrc.analysis.sentiment[0m:[36manalyse_sentiment[0m:[36m1571[0m - [34m[1mACI sentiment scaled -0.25 \u2192 -0.08 (count=1, sources=1, scale=0.32)[0m
[32m2026-09-09 18:10:14.176[0m | [1mINFO    [0m | [36msrc.analysis.sentiment[0m:[36manalyse_sentiment[0m:[36m1515[0m - [1mACI raw_sentiment=-0.65 (local, 2 articles)[0m
[32m2026-09-09 18:10:14.176[0m | [34m[1mDEBUG   [0m | [36msrc.analysis.sentiment[0m:[36manalyse_sentiment[0m:[36m1571[0m - [34m[1mACI sentiment scaled -0.65 \u2192 -0.21 (count=2, sources=1, scale=0.33)[0m
[32m2026-09-09 18:10:16.113[0m | [1mINFO    [0m | [36msrc.analysis.sentiment[0m:[36manalyse_sentiment[0m:[36m1515[0m - [1mACI raw_sentiment=-0.65 (local, 1 articles)[0m
[32m2026-09-09 18:10:16.113[0m | [34m[1mDEBUG   [0m | [36msrc.analysis.sentiment[0m:[36manalyse_sentiment[0m:[36m1571[0m - [34m[1mACI sentiment scaled -0.65 \u2192 -0.21 (count=1, sources=1, scale=0.32)[0m
[32m2026-09-09 18:10:17.782[0m | [1mINFO    [0m | [36msrc.analysis.sentiment[0m:[36manalyse_sentiment[0m:[36m1515[0m - [1mACI raw_sentiment=-0.85 (local, 1 articles)[0m
[32m2026-09-09 18:10:17.782[0m | [34m[1mDEBUG   [0m | [36msrc.analysis.sentiment[0m:[36manalyse_sentiment[0m:[36m1571[0m - [34m[1mACI sentiment scaled -0.85 \u2192 -0.27 (count=1, sources=1, scale=0.32)[0m
[32m2026-09-09 18:10:19.360[0m | [1mINFO    [0m | [36msrc.analysis.sentiment[0m:[36manalyse_sentiment[0m:[36m1515[0m - [1mACI raw_sentiment=-0.05 (local, 1 articles)[0m
[32m2026-09-09 18:10:19.360[0m | [34m[1mDEBUG   [0m | [36msrc.analysis.sentiment[0m:[36manalyse_sentiment[0m:[36m1571[0m - [34m[1mACI sentiment scaled -0.05 \u2192 -0.02 (count=1, sources=1, scale=0.32)[0m
[32m2026-09-09 18:10:21.280[0m | [1mINFO    [0m | [36msrc.analysis.sentiment[0m:[36manalyse_sentiment[0m:[36m1515[0m - [1mACI raw_sentiment=-0.45 (local, 1 articles)[0m
[32m2026-09-09 18:10:21.280[0m | [34m[1mDEBUG   [0m | [36msrc.analysis.sentiment[0m:[36manalyse_sentiment[0m:[36m1571[0m - [34m[1mACI sentiment scaled -0.45 \u2192 -0.14 (count=1, sources=1, scale=0.32)[0m
[32m2026-09-09 18:10:23.142[0m | [1mINFO    [0m | [36msrc.analysis.sentiment[0m:[36manalyse_sentiment[0m:[36m1515[0m - [1mACI raw_sentiment=-0.65 (local, 1 articles)[0m
[32m2026-09-09 18:10:23.142[0m | [34m[1mDEBUG   [0m | [36msrc.analysis.sentiment[0m:[36manalyse_sentiment[0m:[36m1571[0m - [34m[1mACI sentiment scaled -0.65 \u2192 -0.21 (count=1, sources=1, scale=0.32)[0m
[32m2026-09-09 18:10:24.990[0m | [1mINFO    [0m | [36msrc.analysis.sentiment[0m:[36manalyse_sentiment[0m:[36m1515[0m - [1mACI raw_sentiment=-0.65 (local, 1 articles)[0m
[32m2026-09-09 18:10:24.990[0m | [34m[1mDEBUG   [0m | [36msrc.analysis.sentiment[0m:[36manalyse_sentiment[0m:[36m1571[0m - [34m[1mACI sentiment scaled -0.65 \u2192 -0.21 (count=1, sources=1, scale=0.32)[0m
[32m2026-09-09 18:10:26.608[0m | [1mINFO    [0m | [36msrc.analysis.sentiment[0m:[36manalyse_sentiment[0m:[36m1515[0m - [1mACI raw_sentiment=-0.65 (local, 1 articles)[0m
[32m2026-09-09 18:10:26.609[0m | [34m[1mDEBUG   [0m | [36msrc.analysis.sentiment[0m:[36manalyse_sentiment[0m:[36m1571[0m - [34m[1mACI sentiment scaled -0.65 \u2192 -0.21 (count=1, sources=1, scale=0.32)[0m
[32m2026-09-09 18:10:28.745[0m | [1mINFO    [0m | [36msrc.analysis.sentiment[0m:[36manalyse_sentiment[0m:[36m1515[0m - [1mACI raw_sentiment=-0.35 (local, 1 articles)[0m
[32m2026-09-09 18:10:28.745[0m | [34m[1mDEBUG   [0m | [36msrc.analysis.sentiment[0m:[36manalyse_sentiment[0m:[36m1571[0m - [34m[1mACI sentiment scaled -0.35 \u2192 -0.11 (count=1, sources=1, scale=0.32)[0m
[32m2026-09-09 18:10:31.050[0m | [1mINFO    [0m | [36msrc.analysis.sentiment[0m:[36manalyse_sentiment[0m:[36m1515[0m - [1mAMC raw_sentiment=+0.15 (local, 1 articles)[0m
[32m2026-09-09 18:10:31.050[0m | [34m[1mDEBUG   [0m | [36msrc.analysis.sentiment[0m:[36manalyse_sentiment[0m:[36m1571[0m - [34m[1mAMC sentiment scaled +0.15 \u2192 +0.05 (count=1, sources=1, scale=0.32)[0m
[32m2026-09-09 18:10:33.726[0m | [1mINFO    [0m | [36msrc.analysis.sentiment[0m:[36manalyse_sentiment[0m:[36m1515[0m - [1mAMC raw_sentiment=+0.05 (local, 2 articles)[0m
[32m2026-09-09 18:10:33.726[0m | [34m[1mDEBUG   [0m | [36msrc.analysis.sentiment[0m:[36manalyse_sentiment[0m:[36m1571[0m - [34m[1mAMC sentiment scaled +0.05 \u2192 +0.02 (count=2, sources=1, scale=0.32)[0m
[32m2026-09-09 18:10:35.327[0m | [1mINFO    [0m | [36msrc.analysis.sentiment[0m:[36manalyse_sentiment[0m:[36m1515[0m - [1mAMC raw_sentiment=+0.00 (local, 1 articles)[0m
[32m2026-09-09 18:10:35.327[0m | [34m[1mDEBUG   [0m | [36msrc.analysis.sentiment[0m:[36manalyse_sentiment[0m:[36m1571[0m - [34m[1mAMC sentiment scaled +0.00 \u2192 +0.00 (count=1, sources=1, scale=0.32)[0m
[32m2026-09-09 18:10:36.676[0m | [1mINFO    [0m | [36msrc.analysis.sentiment[0m:[36manalyse_sentiment[0m:[36m1515[0m - [1mAMC raw_sentiment=+0.65 (local, 1 articles)[0m
[32m2026-09-09 18:10:36.676[0m | [34m[1mDEBUG   [0m | [36msrc.analysis.sentiment[0m:[36manalyse_sentiment[0m:[36m1571[0m - [34m[1mAMC sentiment scaled +0.65 \u2192 +0.21 (count=1, sources=1, scale=0.32)[0m
[32m2026-09-09 18:10:39.092[0m | [1mINFO    [0m | [36msrc.analysis.sentiment[0m:[36manalyse_sentiment[0m:[36m1515[0m - [1mAMC raw_sentiment=+0.15 (local, 1 articles)[0m
[32m2026-09-09 18:10:39.092[0m | [34m[1mDEBUG   [0m | [36msrc.analysis.sentiment[0m:[36manalyse_sentiment[0m:[36m1571[0m - [34m[1mAMC sentiment scaled +0.15 \u2192 +0.05 (count=1, sources=1, scale=0.32)[0m
[32m2026-09-09 18:10:41.224[0m | [1mINFO    [0m | [36msrc.analysis.sentiment[0m:[36manalyse_sentiment[0m:[36m1515[0m - [1mAMC raw_sentiment=+0.15 (local, 1 articles)[0m
[32m2026-09-09 18:10:41.224[0m | [34m[1mDEBUG   [0m | [36msrc.analysis.sentiment[0m:[36manalyse_sentiment[0m:[36m1571[0m - [34m[1mAMC sentiment scaled +0.15 \u2192 +0.05 (count=1, sources=1, scale=0.32)[0m
[32m2026-09-09 18:10:42.782[0m | [1mINFO    [0m | [36msrc.analysis.sentiment[0m:[36manalyse_sentiment[0m:[36m1515[0m - [1mAMC raw_sentiment=+0.75 (local, 1 articles)[0m
[32m2026-09-09 18:10:42.782[0m | [34m[1mDEBUG   [0m | [36msrc.analysis.sentiment[0m:[36manalyse_sentiment[0m:[36m1571[0m - [34m[1mAMC sentiment scaled +0.75 \u2192 +0.24 (count=1, sources=1, scale=0.32)[0m
[32m2026-09-09 18:10:44.520[0m | [1mINFO    [0m | [36msrc.analysis.sentiment[0m:[36manalyse_sentiment[0m:[36m1515[0m - [1mAMC raw_sentiment=-0.01 (local, 1 articles)[0m
[32m2026-09-09 18:10:44.520[0m | [34m[1mDEBUG   [0m | [36msrc.analysis.sentiment[0m:[36manalyse_sentiment[0m:[36m1571[0m - [34m[1mAMC sentiment scaled -0.01 \u2192 -0.00 (count=1, sources=1, scale=0.32)[0m
[32m2026-09-09 18:10:46.089[0m | [1mINFO    [0m | [36msrc.analysis.sentiment[0m:[36manalyse_sentiment[0m:[36m1515[0m - [1mAMC raw_sentiment=+0.15 (local, 1 articles)[0m
[32m2026-09-09 18:10:46.089[0m | [34m[1mDEBUG   [0m | [36msrc.analysis.sentiment[0m:[36manalyse_sentiment[0m:[36m1571[0m - [34m[1mAMC sentiment scaled +0.15 \u2192 +0.05 (count=1, sources=1, scale=0.32)[0m
[32m2026-09-09 18:10:47.778[0m | [1mINFO    [0m | [36msrc.analysis.sentiment[0m:[36manalyse_sentiment[0m:[36m1515[0m - [1mAMC raw_sentiment=+0.85 (local, 1 articles)[0m
[32m2026-09-09 18:10:47.779[0m | [34m[1mDEBUG   [0m | [36msrc.analysis.sentiment[0m:[36manalyse_sentiment[0m:[36m1571[0m - [34m[1mAMC sentiment scaled +0.85 \u2192 +0.27 (count=1, sources=1, scale=0.32)[0m
[32m2026-09-09 18:10:50.053[0m | [1mINFO    [0m | [36msrc.analysis.sentiment[0m:[36manalyse_sentiment[0m:[36m1515[0m - [1mAMC raw_sentiment=+0.65 (local, 1 articles)[0m
[32m2026-09-09 18:10:50.053[0m | [34m[1mDEBUG   [0m | [36msrc.analysis.sentiment[0m:[36manalyse_sentiment[0m:[36m1571[0m - [34m[1mAMC sentiment scaled +0.65 \u2192 +0.21 (count=1, sources=1, scale=0.32)[0m
[32m2026-09-09 18:10:51.747[0m | [1mINFO    [0m | [36msrc.analysis.sentiment[0m:[36manalyse_sentiment[0m:[36m1515[0m - [1mAMC raw_sentiment=+0.15 (local, 1 articles)[0m
[32m2026-09-09 18:10:51.747[0m | [34m[1mDEBUG   [0m | [36msrc.analysis.sentiment[0m:[36manalyse_sentiment[0m:[36m1571[0m - [34m[1mAMC sentiment scaled +0.15 \u2192 +0.05 (count=1, sources=1, scale=0.32)[0m
[32m2026-09-09 18:10:53.648[0m | [1mINFO    [0m | [36msrc.analysis.sentiment[0m:[36manalyse_sentiment[0m:[36m1515[0m - [1mAMC raw_sentiment=+0.05 (local, 1 articles)[0m
[32m2026-09-09 18:10:53.649[0m | [34m[1mDEBUG   [0m | [36msrc.analysis.sentiment[0m:[36manalyse_sentiment[0m:[36m1571[0m - [34m[1mAMC sentiment scaled +0.05 \u2192 +0.02 (count=1, sources=1, scale=0.32)[0m
[32m2026-09-09 18:10:55.641[0m | [1mINFO    [0m | [36msrc.analysis.sentiment[0m:[36manalyse_sentiment[0m:[36m1515[0m - [1mAMC raw_sentiment=-0.15 (local, 1 articles)[0m
[32m2026-09-09 18:10:55.641[0m | [34m[1mDEBUG   [0m | [36msrc.analysis.sentiment[0m:[36manalyse_sentiment[0m:[36m1571[0m - [34m[1mAMC sentiment scaled -0.15 \u2192 -0.05 (count=1, sources=1, scale=0.32)[0m
[32m2026-09-09 18:10:57.427[0m | [1mINFO    [0m | [36msrc.analysis.sentiment[0m:[36manalyse_sentiment[0m:[36m1515[0m - [1mAMC raw_sentiment=+0.35 (local, 1 articles)[0m
[32m2026-09-09 18:10:57.427[0m | [34m[1mDEBUG   [0m | [36msrc.analysis.sentiment[0m:[36manalyse_sentiment[0m:[36m1571[0m - [34m[1mAMC sentiment scaled +0.35 \u2192 +0.11 (count=1, sources=1, scale=0.32)[0m
[32m2026-09-09 18:10:59.046[0m | [1mINFO    [0m | [36msrc.analysis.sentiment[0m:[36manalyse_sentiment[0m:[36m1515[0m - [1mAMC raw_sentiment=+0.65 (local, 1 articles)[0m
[32m2026-09-09 18:10:59.047[0m | [34m[1mDEBUG   [0m | [36msrc.analysis.sentiment[0m:[36manalyse_sentiment[0m:[36m1571[0m - [34m[1mAMC sentiment scaled +0.65 \u2192 +0.21 (count=1, sources=1, scale=0.32)[0m
[32m2026-09-09 18:11:00.661[0m | [1mINFO    [0m | [36msrc.analysis.sentiment[0m:[36manalyse_sentiment[0m:[36m1515[0m - [1mAMC raw_sentiment=-0.05 (local, 1 articles)[0m
[32m2026-09-09 18:11:00.661[0m | [34m[1mDEBUG   [0m | [36msrc.analysis.sentiment[0m:[36manalyse_sentiment[0m:[36m1571[0m - [34m[1mAMC sentiment scaled -0.05 \u2192 -0.02 (count=1, sources=1, scale=0.32)[0m
[32m2026-09-09 18:11:02.578[0m | [1mINFO    [0m | [36msrc.analysis.sentiment[0m:[36manalyse_sentiment[0m:[36m1515[0m - [1mAMC raw_sentiment=+0.65 (local, 1 articles)[0m
[32m2026-09-09 18:11:02.578[0m | [34m[1mDEBUG   [0m | [36msrc.analysis.sentiment[0m:[36manalyse_sentiment[0m:[36m1571[0m - [34m[1mAMC sentiment scaled +0.65 \u2192 +0.21 (count=1, sources=1, scale=0.32)[0m
[32m2026-09-09 18:11:04.627[0m | [1mINFO    [0m | [36msrc.analysis.sentiment[0m:[36manalyse_sentiment[0m:[36m1515[0m - [1mAMC raw_sentiment=+0.25 (local, 1 articles)[0m
[32m2026-09-09 18:11:04.627[0m | [34m[1mDEBUG   [0m | [36msrc.analysis.sentiment[0m:[36manalyse_sentiment[0m:[36m1571[0m - [34m[1mAMC sentiment scaled +0.25 \u2192 +0.08 (count=1, sources=1, scale=0.32)[0m
  2026-07-27: 3 tickers in 138s
[32m2026-09-09 18:11:07.790[0m | [1mINFO    [0m | [36msrc.analysis.sentiment[0m:[36manalyse_sentiment[0m:[36m1515[0m - [1mABG raw_sentiment=+0.05 (local, 1 articles)[0m
[32m2026-09-09 18:11:07.790[0m | [34m[1mDEBUG   [0m | [36msrc.analysis.sentiment[0m:[36manalyse_sentiment[0m:[36m1571[0m - [34m[1mABG sentiment scaled +0.05 \u2192 +0.02 (count=1, sources=1, scale=0.45)[0m
[32m2026-09-09 18:11:10.116[0m | [1mINFO    [0m | [36msrc.analysis.sentiment[0m:[36manalyse_sentiment[0m:[36m1515[0m - [1mABG raw_sentiment=+0.35 (local, 1 articles)[0m
[32m2026-09-09 18:11:10.117[0m | [34m[1mDEBUG   [0m | [36msrc.analysis.sentiment[0m:[36manalyse_sentiment[0m:[36m1571[0m - [34m[1mABG sentiment scaled +0.35 \u2192 +0.15 (count=1, sources=1, scale=0.43)[0m
[32m2026-09-09 18:11:12.088[0m | [1mINFO    [0m | [36msrc.analysis.sentiment[0m:[36manalyse_sentiment[0m:[36m1515[0m - [1mABG raw_sentiment=+0.25 (local, 1 articles)[0m
[32m2026-09-09 18:11:12.088[0m | [34m[1mDEBUG   [0m | [36msrc.analysis.sentiment[0m:[36manalyse_sentiment[0m:[36m1571[0m - [34m[1mABG sentiment scaled +0.25 \u2192 +0.11 (count=1, sources=1, scale=0.43)[0m
[32m2026-09-09 18:11:13.901[0m | [1mINFO    [0m | [36msrc.analysis.sentiment[0m:[36manalyse_sentiment[0m:[36m1515[0m - [1mABG raw_sentiment=+0.35 (local, 1 articles)[0m
[32m2026-09-09 18:11:13.901[0m | [34m[1mDEBUG   [0m | [36msrc.analysis.sentiment[0m:[36manalyse_sentiment[0m:[36m1571[0m - [34m[1mABG sentiment scaled +0.35 \u2192 +0.14 (count=1, sources=1, scale=0.41)[0m
[32m2026-09-09 18:11:15.505[0m | [1mINFO    [0m | [36msrc.analysis.sentiment[0m:[36manalyse_sentiment[0m:[36m1515[0m - [1mABG raw_sentiment=-0.05 (local, 1 articles)[0m
[32m2026-09-09 18:11:15.506[0m | [34m[1mDEBUG   [0m | [36msrc.analysis.sentiment[0m:[36manalyse_sentiment[0m:[36m1571[0m - [34m[1mABG sentiment scaled -0.05 \u2192 -0.02 (count=1, sources=1, scale=0.40)[0m
[32m2026-09-09 18:11:17.713[0m | [1mINFO    [0m | [36msrc.analysis.sentiment[0m:[36manalyse_sentiment[0m:[36m1515[0m - [1mABG raw_sentiment=+0.65 (local, 1 articles)[0m
[32m2026-09-09 18:11:17.714[0m | [34m[1mDEBUG   [0m | [36msrc.analysis.sentiment[0m:[36manalyse_sentiment[0m:[36m1571[0m - [34m[1mABG sentiment scaled +0.65 \u2192 +0.26 (count=1, sources=1, scale=0.40)[0m
[32m2026-09-09 18:11:19.724[0m | [1mINFO    [0m | [36msrc.analysis.sentiment[0m:[36manalyse_sentiment[0m:[36m1515[0m - [1mABG raw_sentiment=-0.15 (local, 1 articles)[0m
[32m2026-09-09 18:11:19.724[0m | [34m[1mDEBUG   [0m | [36msrc.analysis.sentiment[0m:[36manalyse_sentiment[0m:[36m1571[0m - [34m[1mABG sentiment scaled -0.15 \u2192 -0.05 (count=1, sources=1, scale=0.36)[0m
[32m2026-09-09 18:11:22.481[0m | [1mINFO    [0m | [36msrc.analysis.sentiment[0m:[36manalyse_sentiment[0m:[36m1515[0m - [1mADP raw_sentiment=-0.10 (local, 1 articles)[0m
[32m2026-09-09 18:11:22.482[0m | [34m[1mDEBUG   [0m | [36msrc.analysis.sentiment[0m:[36manalyse_sentiment[0m:[36m1571[0m - [34m[1mADP sentiment scaled -0.10 \u2192 -0.04 (count=1, sources=1, scale=0.38)[0m
[32m2026-09-09 18:11:24.239[0m | [1mINFO    [0m | [36msrc.analysis.sentiment[0m:[36manalyse_sentiment[0m:[36m1515[0m - [1mADP raw_sentiment=-0.05 (local, 1 articles)[0m
[32m2026-09-09 18:11:24.239[0m | [34m[1mDEBUG   [0m | [36msrc.analysis.sentiment[0m:[36manalyse_sentiment[0m:[36m1571[0m - [34m[1mADP sentiment scaled -0.05 \u2192 -0.02 (count=1, sources=1, scale=0.36)[0m
[32m2026-09-09 18:11:25.952[0m | [1mINFO    [0m | [36msrc.analysis.sentiment[0m:[36manalyse_sentiment[0m:[36m1515[0m - [1mADP raw_sentiment=+0.65 (local, 1 articles)[0m
[32m2026-09-09 18:11:25.952[0m | [34m[1mDEBUG   [0m | [36msrc.analysis.sentiment[0m:[36manalyse_sentiment[0m:[36m1571[0m - [34m[1mADP sentiment scaled +0.65 \u2192 +0.23 (count=1, sources=1, scale=0.36)[0m
[32m2026-09-09 18:11:27.627[0m | [1mINFO    [0m | [36msrc.analysis.sentiment[0m:[36manalyse_sentiment[0m:[36m1515[0m - [1mADP raw_sentiment=-0.05 (local, 1 articles)[0m
[32m2026-09-09 18:11:27.627[0m | [34m[1mDEBUG   [0m | [36msrc.analysis.sentiment[0m:[36manalyse_sentiment[0m:[36m1571[0m - [34m[1mADP sentiment scaled -0.05 \u2192 -0.02 (count=1, sources=1, scale=0.32)[0m
[32m2026-09-09 18:11:29.637[0m | [1mINFO    [0m | [36msrc.analysis.sentiment[0m:[36manalyse_sentiment[0m:[36m1515[0m - [1mADP raw_sentiment=+0.25 (local, 1 articles)[0m
[32m2026-09-09 18:11:29.637[0m | [34m[1mDEBUG   [0m | [36msrc.analysis.sentiment[0m:[36manalyse_sentiment[0m:[36m1571[0m - [34m[1mADP sentiment scaled +0.25 \u2192 +0.08 (count=1, sources=1, scale=0.32)[0m
[32m2026-09-09 18:11:32.990[0m | [1mINFO    [0m | [36msrc.analysis.sentiment[0m:[36manalyse_sentiment[0m:[36m1515[0m - [1mAGX raw_sentiment=+0.35 (local, 2 articles)[0m
[32m2026-09-09 18:11:32.990[0m | [34m[1mDEBUG   [0m | [36msrc.analysis.sentiment[0m:[36manalyse_sentiment[0m:[36m1571[0m - [34m[1mAGX sentiment scaled +0.35 \u2192 +0.14 (count=2, sources=1, scale=0.39)[0m
[32m2026-09-09 18:11:34.989[0m | [1mINFO    [0m | [36msrc.analysis.sentiment[0m:[36manalyse_sentiment[0m:[36m1515[0m - [1mAGX raw_sentiment=+0.15 (local, 1 articles)[0m
[32m2026-09-09 18:11:34.989[0m | [34m[1mDEBUG   [0m | [36msrc.analysis.sentiment[0m:[36manalyse_sentiment[0m:[36m1571[0m - [34m[1mAGX sentiment scaled +0.15 \u2192 +0.05 (count=1, sources=1, scale=0.32)[0m
[32m2026-09-09 18:11:37.398[0m | [1mINFO    [0m | [36msrc.analysis.sentiment[0m:[36manalyse_sentiment[0m:[36m1515[0m - [1mAGX raw_sentiment=-0.15 (local, 1 articles)[0m
[32m2026-09-09 18:11:37.398[0m | [34m[1mDEBUG   [0m | [36msrc.analysis.sentiment[0m:[36manalyse_sentiment[0m:[36m1571[0m - [34m[1mAGX sentiment scaled -0.15 \u2192 -0.05 (count=1, sources=1, scale=0.32)[0m
[32m2026-09-09 18:11:39.580[0m | [1mINFO    [0m | [36msrc.analysis.sentiment[0m:[36manalyse_sentiment[0m:[36m1515[0m - [1mAGX raw_sentiment=+0.05 (local, 1 articles)[0m
[32m2026-09-09 18:11:39.580[0m | [34m[1mDEBUG   [0m | [36msrc.analysis.sentiment[0m:[36manalyse_sentiment[0m:[36m1571[0m - [34m[1mAGX sentiment scaled +0.05 \u2192 +0.02 (count=1, sources=1, scale=0.32)[0m
  2026-07-29: 3 tickers in 34s
[32m2026-09-09 18:11:39.598[0m | [34m[1mDEBUG   [0m | [36msrc.analysis.news_replay[0m:[36mbuild_tick_pool[0m:[36m296[0m - [34m[1m[news-replay] news_2026-07-30_05.json: dropped 1 article(s) published within 30 min after 05:00:29 (fetched during the run itself)[0m
[32m2026-09-09 18:11:43.768[0m | [1mINFO    [0m | [36msrc.analysis.sentiment[0m:[36manalyse_sentiment[0m:[36m1515[0m - [1mABBV raw_sentiment=+0.15 (local, 1 articles)[0m
[32m2026-09-09 18:11:43.769[0m | [34m[1mDEBUG   [0m | [36msrc.analysis.sentiment[0m:[36manalyse_sentiment[0m:[36m1571[0m - [34m[1mABBV sentiment scaled +0.15 \u2192 +0.06 (count=1, sources=1, scale=0.43)[0m
[32m2026-09-09 18:11:45.732[0m | [1mINFO    [0m | [36msrc.analysis.sentiment[0m:[36manalyse_sentiment[0m:[36m1515[0m - [1mABBV raw_sentiment=+0.05 (local, 1 articles)[0m
[32m2026-09-09 18:11:45.732[0m | [34m[1mDEBUG   [0m | [36msrc.analysis.sentiment[0m:[36manalyse_sentiment[0m:[36m1571[0m - [34m[1mABBV sentiment scaled +0.05 \u2192 +0.02 (count=1, sources=1, scale=0.42)[0m
[32m2026-09-09 18:11:47.304[0m | [1mINFO    [0m | [36msrc.analysis.sentiment[0m:[36manalyse_sentiment[0m:[36m1515[0m - [1mABBV raw_sentiment=+0.05 (local, 1 articles)[0m
[32m2026-09-09 18:11:47.304[0m | [34m[1mDEBUG   [0m | [36msrc.analysis.sentiment[0m:[36manalyse_sentiment[0m:[36m1571[0m - [34m[1mABBV sentiment scaled +0.05 \u2192 +0.02 (count=1, sources=1, scale=0.41)[0m
[32m2026-09-09 18:11:49.358[0m | [1mINFO    [0m | [36msrc.analysis.sentiment[0m:[36manalyse_sentiment[0m:[36m1515[0m - [1mABBV raw_sentiment=-0.05 (local, 1 articles)[0m
[32m2026-09-09 18:11:49.358[0m | [34m[1mDEBUG   [0m | [36msrc.analysis.sentiment[0m:[36manalyse_sentiment[0m:[36m1571[0m - [34m[1mABBV sentiment scaled -0.05 \u2192 -0.02 (count=1, sources=1, scale=0.39)[0m
[32m2026-09-09 18:11:51.414[0m | [1mINFO    [0m | [36msrc.analysis.sentiment[0m:[36manalyse_sentiment[0m:[36m1515[0m - [1mABBV raw_sentiment=+0.45 (local, 1 articles)[0m
[32m2026-09-09 18:11:51.415[0m | [34m[1mDEBUG   [0m | [36msrc.analysis.sentiment[0m:[36manalyse_sentiment[0m:[36m1571[0m - [34m[1mABBV sentiment scaled +0.45 \u2192 +0.17 (count=1, sources=1, scale=0.38)[0m
[32m2026-09-09 18:11:53.544[0m | [1mINFO    [0m | [36msrc.analysis.sentiment[0m:[36manalyse_sentiment[0m:[36m1515[0m - [1mABBV raw_sentiment=-0.15 (local, 1 articles)[0m
[32m2026-09-09 18:11:53.544[0m | [34m[1mDEBUG   [0m | [36msrc.analysis.sentiment[0m:[36manalyse_sentiment[0m:[36m1571[0m - [34m[1mABBV sentiment scaled -0.15 \u2192 -0.05 (count=1, sources=1, scale=0.36)[0m
[32m2026-09-09 18:11:55.954[0m | [1mINFO    [0m | [36msrc.analysis.sentiment[0m:[36manalyse_sentiment[0m:[36m1515[0m - [1mABBV raw_sentiment=+0.25 (local, 1 articles)[0m
[32m2026-09-09 18:11:55.954[0m | [34m[1mDEBUG   [0m | [36msrc.analysis.sentiment[0m:[36manalyse_sentiment[0m:[36m1571[0m - [34m[1mABBV sentiment scaled +0.25 \u2192 +0.09 (count=1, sources=1, scale=0.36)[0m
[32m2026-09-09 18:11:58.340[0m | [1mINFO    [0m | [36msrc.analysis.sentiment[0m:[36manalyse_sentiment[0m:[36m1515[0m - [1mABBV raw_sentiment=+0.25 (local, 1 articles)[0m
[32m2026-09-09 18:11:58.340[0m | [34m[1mDEBUG   [0m | [36msrc.analysis.sentiment[0m:[36manalyse_sentiment[0m:[36m1571[0m - [34m[1mABBV sentiment scaled +0.25 \u2192 +0.09 (count=1, sources=1, scale=0.36)[0m
[32m2026-09-09 18:12:00.422[0m | [1mINFO    [0m | [36msrc.analysis.sentiment[0m:[36manalyse_sentiment[0m:[36m1515[0m - [1mABBV raw_sentiment=-0.15 (local, 1 articles)[0m
[32m2026-09-09 18:12:00.422[0m | [34m[1mDEBUG   [0m | [36msrc.analysis.sentiment[0m:[36manalyse_sentiment[0m:[36m1571[0m - [34m[1mABBV sentiment scaled -0.15 \u2192 -0.05 (count=1, sources=1, scale=0.34)[0m
[32m2026-09-09 18:12:01.752[0m | [1mINFO    [0m | [36msrc.analysis.sentiment[0m:[36manalyse_sentiment[0m:[36m1515[0m - [1mABBV raw_sentiment=-0.15 (local, 1 articles)[0m
[32m2026-09-09 18:12:01.752[0m | [34m[1mDEBUG   [0m | [36msrc.analysis.sentiment[0m:[36manalyse_sentiment[0m:[36m1571[0m - [34m[1mABBV sentiment scaled -0.15 \u2192 -0.05 (count=1, sources=1, scale=0.34)[0m
[32m2026-09-09 18:12:03.871[0m | [1mINFO    [0m | [36msrc.analysis.sentiment[0m:[36manalyse_sentiment[0m:[36m1515[0m - [1mABBV raw_sentiment=+0.15 (local, 2 articles)[0m
[32m2026-09-09 18:12:03.871[0m | [34m[1mDEBUG   [0m | [36msrc.analysis.sentiment[0m:[36manalyse_sentiment[0m:[36m1571[0m - [34m[1mABBV sentiment scaled +0.15 \u2192 +0.06 (count=2, sources=2, scale=0.39)[0m
[32m2026-09-09 18:12:06.208[0m | [1mINFO    [0m | [36msrc.analysis.sentiment[0m:[36manalyse_sentiment[0m:[36m1515[0m - [1mABBV raw_sentiment=-0.65 (local, 1 articles)[0m
[32m2026-09-09 18:12:06.209[0m | [34m[1mDEBUG   [0m | [36msrc.analysis.sentiment[0m:[36manalyse_sentiment[0m:[36m1571[0m - [34m[1mABBV sentiment scaled -0.65 \u2192 -0.21 (count=1, sources=1, scale=0.32)[0m
[32m2026-09-09 18:12:08.532[0m | [1mINFO    [0m | [36msrc.analysis.sentiment[0m:[36manalyse_sentiment[0m:[36m1515[0m - [1mABBV raw_sentiment=+0.15 (local, 1 articles)[0m
[32m2026-09-09 18:12:08.532[0m | [34m[1mDEBUG   [0m | [36msrc.analysis.sentiment[0m:[36manalyse_sentiment[0m:[36m1571[0m - [34m[1mABBV sentiment scaled +0.15 \u2192 +0.05 (count=1, sources=1, scale=0.32)[0m
[32m2026-09-09 18:12:11.328[0m | [1mINFO    [0m | [36msrc.analysis.sentiment[0m:[36manalyse_sentiment[0m:[36m1515[0m - [1mACN raw_sentiment=+0.15 (local, 1 articles)[0m
[32m2026-09-09 18:12:11.328[0m | [34m[1mDEBUG   [0m | [36msrc.analysis.sentiment[0m:[36manalyse_sentiment[0m:[36m1571[0m - [34m[1mACN sentiment scaled +0.15 \u2192 +0.06 (count=1, sources=1, scale=0.41)[0m
[32m2026-09-09 18:12:12.998[0m | [1mINFO    [0m | [36msrc.analysis.sentiment[0m:[36manalyse_sentiment[0m:[36m1515[0m - [1mACN raw_sentiment=+0.00 (local, 1 articles)[0m
[32m2026-09-09 18:12:12.998[0m | [34m[1mDEBUG   [0m | [36msrc.analysis.sentiment[0m:[36manalyse_sentiment[0m:[36m1571[0m - [34m[1mACN sentiment scaled +0.00 \u2192 +0.00 (count=1, sources=1, scale=0.35)[0m
[32m2026-09-09 18:12:15.085[0m | [1mINFO    [0m | [36msrc.analysis.sentiment[0m:[36manalyse_sentiment[0m:[36m1515[0m - [1mACN raw_sentiment=+0.15 (local, 1 articles)[0m
[32m2026-09-09 18:12:15.085[0m | [34m[1mDEBUG   [0m | [36msrc.analysis.sentiment[0m:[36manalyse_sentiment[0m:[36m1571[0m - [34m[1mACN sentiment scaled +0.15 \u2192 +0.05 (count=1, sources=1, scale=0.32)[0m
[32m2026-09-09 18:12:17.203[0m | [1mINFO    [0m | [36msrc.analysis.sentiment[0m:[36manalyse_sentiment[0m:[36m1515[0m - [1mACN raw_sentiment=-0.05 (local, 1 articles)[0m
[32m2026-09-09 18:12:17.203[0m | [34m[1mDEBUG   [0m | [36msrc.analysis.sentiment[0m:[36manalyse_sentiment[0m:[36m1571[0m - [34m[1mACN sentiment scaled -0.05 \u2192 -0.02 (count=1, sources=1, scale=0.32)[0m
[32m2026-09-09 18:12:19.056[0m | [1mINFO    [0m | [36msrc.analysis.sentiment[0m:[36manalyse_sentiment[0m:[36m1515[0m - [1mACN raw_sentiment=+0.00 (local, 1 articles)[0m
[32m2026-09-09 18:12:19.056[0m | [34m[1mDEBUG   [0m | [36msrc.analysis.sentiment[0m:[36manalyse_sentiment[0m:[36m1571[0m - [34m[1mACN sentiment scaled +0.00 \u2192 +0.00 (count=1, sources=1, scale=0.32)[0m
[32m2026-09-09 18:12:20.984[0m | [1mINFO    [0m | [36msrc.analysis.sentiment[0m:[36manalyse_sentiment[0m:[36m1515[0m - [1mACN raw_sentiment=+0.35 (local, 1 articles)[0m
[32m2026-09-09 18:12:20.984[0m | [34m[1mDEBUG   [0m | [36msrc.analysis.sentiment[0m:[36manalyse_sentiment[0m:[36m1571[0m - [34m[1mACN sentiment scaled +0.35 \u2192 +0.11 (count=1, sources=1, scale=0.32)[0m
  2026-07-30: 2 tickers in 40s
[32m2026-09-09 18:12:24.962[0m | [1mINFO    [0m | [36msrc.analysis.sentiment[0m:[36manalyse_sentiment[0m:[36m1515[0m - [1mABBV raw_sentiment=-0.10 (local, 1 articles)[0m
[32m2026-09-09 18:12:24.962[0m | [34m[1mDEBUG   [0m | [36msrc.analysis.sentiment[0m:[36manalyse_sentiment[0m:[36m1571[0m - [34m[1mABBV sentiment scaled -0.10 \u2192 -0.04 (count=1, sources=1, scale=0.43)[0m
[32m2026-09-09 18:12:27.864[0m | [1mINFO    [0m | [36msrc.analysis.sentiment[0m:[36manalyse_sentiment[0m:[36m1515[0m - [1mABBV raw_sentiment=+0.15 (local, 1 articles)[0m
[32m2026-09-09 18:12:27.864[0m | [34m[1mDEBUG   [0m | [36msrc.analysis.sentiment[0m:[36manalyse_sentiment[0m:[36m1571[0m - [34m[1mABBV sentiment scaled +0.15 \u2192 +0.06 (count=1, sources=1, scale=0.41)[0m
[32m2026-09-09 18:12:30.092[0m | [1mINFO    [0m | [36msrc.analysis.sentiment[0m:[36manalyse_sentiment[0m:[36m1515[0m - [1mABBV raw_sentiment=-0.10 (local, 1 articles)[0m
[32m2026-09-09 18:12:30.092[0m | [34m[1mDEBUG   [0m | [36msrc.analysis.sentiment[0m:[36manalyse_sentiment[0m:[36m1571[0m - [34m[1mABBV sentiment scaled -0.10 \u2192 -0.04 (count=1, sources=1, scale=0.41)[0m
[32m2026-09-09 18:12:32.601[0m | [1mINFO    [0m | [36msrc.analysis.sentiment[0m:[36manalyse_sentiment[0m:[36m1515[0m - [1mABBV raw_sentiment=+0.15 (local, 1 articles)[0m
[32m2026-09-09 18:12:32.602[0m | [34m[1mDEBUG   [0m | [36msrc.analysis.sentiment[0m:[36manalyse_sentiment[0m:[36m1571[0m - [34m[1mABBV sentiment scaled +0.15 \u2192 +0.06 (count=1, sources=1, scale=0.37)[0m
[32m2026-09-09 18:12:34.573[0m | [1mINFO    [0m | [36msrc.analysis.sentiment[0m:[36manalyse_sentiment[0m:[36m1515[0m - [1mABBV raw_sentiment=-0.05 (local, 1 articles)[0m
[32m2026-09-09 18:12:34.574[0m | [34m[1mDEBUG   [0m | [36msrc.analysis.sentiment[0m:[36manalyse_sentiment[0m:[36m1571[0m - [34m[1mABBV sentiment scaled -0.05 \u2192 -0.02 (count=1, sources=1, scale=0.36)[0m
[32m2026-09-09 18:12:36.149[0m | [1mINFO    [0m | [36msrc.analysis.sentiment[0m:[36manalyse_sentiment[0m:[36m1515[0m - [1mABBV raw_sentiment=+0.05 (local, 1 articles)[0m
[32m2026-09-09 18:12:36.149[0m | [34m[1mDEBUG   [0m | [36msrc.analysis.sentiment[0m:[36manalyse_sentiment[0m:[36m1571[0m - [34m[1mABBV sentiment scaled +0.05 \u2192 +0.02 (count=1, sources=1, scale=0.36)[0m
[32m2026-09-09 18:12:38.378[0m | [1mINFO    [0m | [36msrc.analysis.sentiment[0m:[36manalyse_sentiment[0m:[36m1515[0m - [1mABBV raw_sentiment=+0.05 (local, 1 articles)[0m
[32m2026-09-09 18:12:38.378[0m | [34m[1mDEBUG   [0m | [36msrc.analysis.sentiment[0m:[36manalyse_sentiment[0m:[36m1571[0m - [34m[1mABBV sentiment scaled +0.05 \u2192 +0.02 (count=1, sources=1, scale=0.35)[0m
[32m2026-09-09 18:12:40.450[0m | [1mINFO    [0m | [36msrc.analysis.sentiment[0m:[36manalyse_sentiment[0m:[36m1515[0m - [1mABBV raw_sentiment=+0.35 (local, 1 articles)[0m
[32m2026-09-09 18:12:40.450[0m | [34m[1mDEBUG   [0m | [36msrc.analysis.sentiment[0m:[36manalyse_sentiment[0m:[36m1571[0m - [34m[1mABBV sentiment scaled +0.35 \u2192 +0.12 (count=1, sources=1, scale=0.34)[0m
[32m2026-09-09 18:12:42.468[0m | [1mINFO    [0m | [36msrc.analysis.sentiment[0m:[36manalyse_sentiment[0m:[36m1515[0m - [1mABBV raw_sentiment=+0.65 (local, 1 articles)[0m
[32m2026-09-09 18:12:42.468[0m | [34m[1mDEBUG   [0m | [36msrc.analysis.sentiment[0m:[36manalyse_sentiment[0m:[36m1571[0m - [34m[1mABBV sentiment scaled +0.65 \u2192 +0.22 (count=1, sources=1, scale=0.34)[0m
[32m2026-09-09 18:12:44.328[0m | [1mINFO    [0m | [36msrc.analysis.sentiment[0m:[36manalyse_sentiment[0m:[36m1515[0m - [1mABBV raw_sentiment=+0.65 (local, 1 articles)[0m
[32m2026-09-09 18:12:44.328[0m | [34m[1mDEBUG   [0m | [36msrc.analysis.sentiment[0m:[36manalyse_sentiment[0m:[36m1571[0m - [34m[1mABBV sentiment scaled +0.65 \u2192 +0.22 (count=1, sources=1, scale=0.33)[0m
[32m2026-09-09 18:12:46.620[0m | [1mINFO    [0m | [36msrc.analysis.sentiment[0m:[36manalyse_sentiment[0m:[36m1515[0m - [1mABBV raw_sentiment=+0.25 (local, 1 articles)[0m
[32m2026-09-09 18:12:46.620[0m | [34m[1mDEBUG   [0m | [36msrc.analysis.sentiment[0m:[36manalyse_sentiment[0m:[36m1571[0m - [34m[1mABBV sentiment scaled +0.25 \u2192 +0.08 (count=1, sources=1, scale=0.33)[0m
[32m2026-09-09 18:12:48.712[0m | [1mINFO    [0m | [36msrc.analysis.sentiment[0m:[36manalyse_sentiment[0m:[36m1515[0m - [1mABBV raw_sentiment=-0.15 (local, 1 articles)[0m
[32m2026-09-09 18:12:48.712[0m | [34m[1mDEBUG   [0m | [36msrc.analysis.sentiment[0m:[36manalyse_sentiment[0m:[36m1571[0m - [34m[1mABBV sentiment scaled -0.15 \u2192 -0.05 (count=1, sources=1, scale=0.32)[0m
[32m2026-09-09 18:12:50.588[0m | [1mINFO    [0m | [36msrc.analysis.sentiment[0m:[36manalyse_sentiment[0m:[36m1515[0m - [1mABBV raw_sentiment=-0.15 (local, 1 articles)[0m
[32m2026-09-09 18:12:50.588[0m | [34m[1mDEBUG   [0m | [36msrc.analysis.sentiment[0m:[36manalyse_sentiment[0m:[36m1571[0m - [34m[1mABBV sentiment scaled -0.15 \u2192 -0.05 (count=1, sources=1, scale=0.32)[0m
[32m2026-09-09 18:12:52.696[0m | [1mINFO    [0m | [36msrc.analysis.sentiment[0m:[36manalyse_sentiment[0m:[36m1515[0m - [1mABBV raw_sentiment=+0.15 (local, 2 articles)[0m
[32m2026-09-09 18:12:52.696[0m | [34m[1mDEBUG   [0m | [36msrc.analysis.sentiment[0m:[36manalyse_sentiment[0m:[36m1571[0m - [34m[1mABBV sentiment scaled +0.15 \u2192 +0.06 (count=2, sources=2, scale=0.39)[0m
[32m2026-09-09 18:12:55.208[0m | [1mINFO    [0m | [36msrc.analysis.sentiment[0m:[36manalyse_sentiment[0m:[36m1515[0m - [1mAER raw_sentiment=+0.35 (local, 1 articles)[0m
[32m2026-09-09 18:12:55.208[0m | [34m[1mDEBUG   [0m | [36msrc.analysis.sentiment[0m:[36manalyse_sentiment[0m:[36m1571[0m - [34m[1mAER sentiment scaled +0.35 \u2192 +0.13 (count=1, sources=1, scale=0.37)[0m
[32m2026-09-09 18:12:57.263[0m | [1mINFO    [0m | [36msrc.analysis.sentiment[0m:[36manalyse_sentiment[0m:[36m1515[0m - [1mAER raw_sentiment=+0.65 (local, 1 articles)[0m
[32m2026-09-09 18:12:57.263[0m | [34m[1mDEBUG   [0m | [36msrc.analysis.sentiment[0m:[36manalyse_sentiment[0m:[36m1571[0m - [34m[1mAER sentiment scaled +0.65 \u2192 +0.24 (count=1, sources=1, scale=0.36)[0m
[32m2026-09-09 18:12:59.422[0m | [1mINFO    [0m | [36msrc.analysis.sentiment[0m:[36manalyse_sentiment[0m:[36m1515[0m - [1mAER raw_sentiment=-0.15 (local, 1 articles)[0m
[32m2026-09-09 18:12:59.422[0m | [34m[1mDEBUG   [0m | [36msrc.analysis.sentiment[0m:[36manalyse_sentiment[0m:[36m1571[0m - [34m[1mAER sentiment scaled -0.15 \u2192 -0.05 (count=1, sources=1, scale=0.36)[0m
[32m2026-09-09 18:13:00.849[0m | [1mINFO    [0m | [36msrc.analysis.sentiment[0m:[36manalyse_sentiment[0m:[36m1515[0m - [1mAER raw_sentiment=-0.05 (local, 1 articles)[0m
[32m2026-09-09 18:13:00.849[0m | [34m[1mDEBUG   [0m | [36msrc.analysis.sentiment[0m:[36manalyse_sentiment[0m:[36m1571[0m - [34m[1mAER sentiment scaled -0.05 \u2192 -0.02 (count=1, sources=1, scale=0.35)[0m
[32m2026-09-09 18:13:02.419[0m | [1mINFO    [0m | [36msrc.analysis.sentiment[0m:[36manalyse_sentiment[0m:[36m1515[0m - [1mAER raw_sentiment=+0.15 (local, 1 articles)[0m
[32m2026-09-09 18:13:02.419[0m | [34m[1mDEBUG   [0m | [36msrc.analysis.sentiment[0m:[36manalyse_sentiment[0m:[36m1571[0m - [34m[1mAER sentiment scaled +0.15 \u2192 +0.05 (count=1, sources=1, scale=0.35)[0m
[32m2026-09-09 18:13:04.041[0m | [1mINFO    [0m | [36msrc.analysis.sentiment[0m:[36manalyse_sentiment[0m:[36m1515[0m - [1mAER raw_sentiment=+0.05 (local, 1 articles)[0m
[32m2026-09-09 18:13:04.041[0m | [34m[1mDEBUG   [0m | [36msrc.analysis.sentiment[0m:[36manalyse_sentiment[0m:[36m1571[0m - [34m[1mAER sentiment scaled +0.05 \u2192 +0.02 (count=1, sources=1, scale=0.32)[0m
[32m2026-09-09 18:13:06.671[0m | [1mINFO    [0m | [36msrc.analysis.sentiment[0m:[36manalyse_sentiment[0m:[36m1515[0m - [1mAPLD raw_sentiment=+0.15 (local, 2 articles)[0m
[32m2026-09-09 18:13:06.671[0m | [34m[1mDEBUG   [0m | [36msrc.analysis.sentiment[0m:[36manalyse_sentiment[0m:[36m1571[0m - [34m[1mAPLD sentiment scaled +0.15 \u2192 +0.09 (count=2, sources=2, scale=0.63)[0m
[32m2026-09-09 18:13:08.352[0m | [1mINFO    [0m | [36msrc.analysis.sentiment[0m:[36manalyse_sentiment[0m:[36m1515[0m - [1mAPLD raw_sentiment=-0.05 (local, 1 articles)[0m
[32m2026-09-09 18:13:08.352[0m | [34m[1mDEBUG   [0m | [36msrc.analysis.sentiment[0m:[36manalyse_sentiment[0m:[36m1571[0m - [34m[1mAPLD sentiment scaled -0.05 \u2192 -0.02 (count=1, sources=1, scale=0.36)[0m
[32m2026-09-09 18:13:10.103[0m | [1mINFO    [0m | [36msrc.analysis.sentiment[0m:[36manalyse_sentiment[0m:[36m1515[0m - [1mAPLD raw_sentiment=-0.15 (local, 1 articles)[0m
[32m2026-09-09 18:13:10.104[0m | [34m[1mDEBUG   [0m | [36msrc.analysis.sentiment[0m:[36manalyse_sentiment[0m:[36m1571[0m - [34m[1mAPLD sentiment scaled -0.15 \u2192 -0.05 (count=1, sources=1, scale=0.33)[0m
[32m2026-09-09 18:13:11.895[0m | [1mINFO    [0m | [36msrc.analysis.sentiment[0m:[36manalyse_sentiment[0m:[36m1515[0m - [1mAPLD raw_sentiment=+0.25 (local, 1 articles)[0m
[32m2026-09-09 18:13:11.895[0m | [34m[1mDEBUG   [0m | [36msrc.analysis.sentiment[0m:[36manalyse_sentiment[0m:[36m1571[0m - [34m[1mAPLD sentiment scaled +0.25 \u2192 +0.08 (count=1, sources=1, scale=0.33)[0m
[32m2026-09-09 18:13:13.453[0m | [1mINFO    [0m | [36msrc.analysis.sentiment[0m:[36manalyse_sentiment[0m:[36m1515[0m - [1mAPLD raw_sentiment=+0.15 (local, 1 articles)[0m
[32m2026-09-09 18:13:13.454[0m | [34m[1mDEBUG   [0m | [36msrc.analysis.sentiment[0m:[36manalyse_sentiment[0m:[36m1571[0m - [34m[1mAPLD sentiment scaled +0.15 \u2192 +0.05 (count=1, sources=1, scale=0.33)[0m
[32m2026-09-09 18:13:15.005[0m | [1mINFO    [0m | [36msrc.analysis.sentiment[0m:[36manalyse_sentiment[0m:[36m1515[0m - [1mAPLD raw_sentiment=+0.00 (local, 1 articles)[0m
[32m2026-09-09 18:13:15.005[0m | [34m[1mDEBUG   [0m | [36msrc.analysis.sentiment[0m:[36manalyse_sentiment[0m:[36m1571[0m - [34m[1mAPLD sentiment scaled +0.00 \u2192 +0.00 (count=1, sources=1, scale=0.33)[0m
[32m2026-09-09 18:13:16.838[0m | [1mINFO    [0m | [36msrc.analysis.sentiment[0m:[36manalyse_sentiment[0m:[36m1515[0m - [1mAPLD raw_sentiment=+0.65 (local, 1 articles)[0m
[32m2026-09-09 18:13:16.838[0m | [34m[1mDEBUG   [0m | [36msrc.analysis.sentiment[0m:[36manalyse_sentiment[0m:[36m1571[0m - [34m[1mAPLD sentiment scaled +0.65 \u2192 +0.21 (count=1, sources=1, scale=0.32)[0m
[32m2026-09-09 18:13:18.945[0m | [1mINFO    [0m | [36msrc.analysis.sentiment[0m:[36manalyse_sentiment[0m:[36m1515[0m - [1mAPLD raw_sentiment=+0.65 (local, 1 articles)[0m
[32m2026-09-09 18:13:18.945[0m | [34m[1mDEBUG   [0m | [36msrc.analysis.sentiment[0m:[36manalyse_sentiment[0m:[36m1571[0m - [34m[1mAPLD sentiment scaled +0.65 \u2192 +0.21 (count=1, sources=1, scale=0.32)[0m
[32m2026-09-09 18:13:20.836[0m | [1mINFO    [0m | [36msrc.analysis.sentiment[0m:[36manalyse_sentiment[0m:[36m1515[0m - [1mAPLD raw_sentiment=+0.25 (local, 1 articles)[0m
[32m2026-09-09 18:13:20.836[0m | [34m[1mDEBUG   [0m | [36msrc.analysis.sentiment[0m:[36manalyse_sentiment[0m:[36m1571[0m - [34m[1mAPLD sentiment scaled +0.25 \u2192 +0.08 (count=1, sources=1, scale=0.32)[0m
[32m2026-09-09 18:13:22.882[0m | [1mINFO    [0m | [36msrc.analysis.sentiment[0m:[36manalyse_sentiment[0m:[36m1515[0m - [1mAPLD raw_sentiment=+0.25 (local, 1 articles)[0m
[32m2026-09-09 18:13:22.882[0m | [34m[1mDEBUG   [0m | [36msrc.analysis.sentiment[0m:[36manalyse_sentiment[0m:[36m1571[0m - [34m[1mAPLD sentiment scaled +0.25 \u2192 +0.08 (count=1, sources=1, scale=0.32)[0m
[32m2026-09-09 18:13:24.827[0m | [1mINFO    [0m | [36msrc.analysis.sentiment[0m:[36manalyse_sentiment[0m:[36m1515[0m - [1mAPLD raw_sentiment=-0.10 (local, 1 articles)[0m
[32m2026-09-09 18:13:24.827[0m | [34m[1mDEBUG   [0m | [36msrc.analysis.sentiment[0m:[36manalyse_sentiment[0m:[36m1571[0m - [34m[1mAPLD sentiment scaled -0.10 \u2192 -0.03 (count=1, sources=1, scale=0.32)[0m
  2026-07-31: 3 tickers in 62s
[32m2026-09-09 18:13:28.883[0m | [1mINFO    [0m | [36msrc.analysis.sentiment[0m:[36manalyse_sentiment[0m:[36m1515[0m - [1mAAPL raw_sentiment=-0.05 (local, 1 articles)[0m
[32m2026-09-09 18:13:28.883[0m | [34m[1mDEBUG   [0m | [36msrc.analysis.sentiment[0m:[36manalyse_sentiment[0m:[36m1571[0m - [34m[1mAAPL sentiment scaled -0.05 \u2192 -0.02 (count=1, sources=1, scale=0.45)[0m
[32m2026-09-09 18:13:30.587[0m | [1mINFO    [0m | [36msrc.analysis.sentiment[0m:[36manalyse_sentiment[0m:[36m1515[0m - [1mAAPL raw_sentiment=-0.05 (local, 1 articles)[0m
[32m2026-09-09 18:13:30.587[0m | [34m[1mDEBUG   [0m | [36msrc.analysis.sentiment[0m:[36manalyse_sentiment[0m:[36m1571[0m - [34m[1mAAPL sentiment scaled -0.05 \u2192 -0.02 (count=1, sources=1, scale=0.45)[0m
[32m2026-09-09 18:13:32.527[0m | [1mINFO    [0m | [36msrc.analysis.sentiment[0m:[36manalyse_sentiment[0m:[36m1515[0m - [1mAAPL raw_sentiment=+0.05 (local, 1 articles)[0m
[32m2026-09-09 18:13:32.527[0m | [34m[1mDEBUG   [0m | [36msrc.analysis.sentiment[0m:[36manalyse_sentiment[0m:[36m1571[0m - [34m[1mAAPL sentiment scaled +0.05 \u2192 +0.02 (count=1, sources=1, scale=0.44)[0m
[32m2026-09-09 18:13:34.848[0m | [1mINFO    [0m | [36msrc.analysis.sentiment[0m:[36manalyse_sentiment[0m:[36m1515[0m - [1mAAPL raw_sentiment=+0.25 (local, 1 articles)[0m
[32m2026-09-09 18:13:34.849[0m | [34m[1mDEBUG   [0m | [36msrc.analysis.sentiment[0m:[36manalyse_sentiment[0m:[36m1571[0m - [34m[1mAAPL sentiment scaled +0.25 \u2192 +0.11 (count=1, sources=1, scale=0.43)[0m
[32m2026-09-09 18:13:36.698[0m | [1mINFO    [0m | [36msrc.analysis.sentiment[0m:[36manalyse_sentiment[0m:[36m1515[0m - [1mAAPL raw_sentiment=-0.05 (local, 1 articles)[0m
[32m2026-09-09 18:13:36.698[0m | [34m[1mDEBUG   [0m | [36msrc.analysis.sentiment[0m:[36manalyse_sentiment[0m:[36m1571[0m - [34m[1mAAPL sentiment scaled -0.05 \u2192 -0.02 (count=1, sources=1, scale=0.42)[0m
[32m2026-09-09 18:13:38.299[0m | [1mINFO    [0m | [36msrc.analysis.sentiment[0m:[36manalyse_sentiment[0m:[36m1515[0m - [1mAAPL raw_sentiment=+0.15 (local, 1 articles)[0m
[32m2026-09-09 18:13:38.299[0m | [34m[1mDEBUG   [0m | [36msrc.analysis.sentiment[0m:[36manalyse_sentiment[0m:[36m1571[0m - [34m[1mAAPL sentiment scaled +0.15 \u2192 +0.06 (count=1, sources=1, scale=0.42)[0m
[32m2026-09-09 18:13:40.461[0m | [1mINFO    [0m | [36msrc.analysis.sentiment[0m:[36manalyse_sentiment[0m:[36m1515[0m - [1mAAPL raw_sentiment=-0.25 (local, 2 articles)[0m
[32m2026-09-09 18:13:40.461[0m | [34m[1mDEBUG   [0m | [36msrc.analysis.sentiment[0m:[36manalyse_sentiment[0m:[36m1571[0m - [34m[1mAAPL sentiment scaled -0.25 \u2192 -0.15 (count=2, sources=2, scale=0.58)[0m
[32m2026-09-09 18:13:42.069[0m | [1mINFO    [0m | [36msrc.analysis.sentiment[0m:[36manalyse_sentiment[0m:[36m1515[0m - [1mAAPL raw_sentiment=+0.25 (local, 1 articles)[0m
[32m2026-09-09 18:13:42.069[0m | [34m[1mDEBUG   [0m | [36msrc.analysis.sentiment[0m:[36manalyse_sentiment[0m:[36m1571[0m - [34m[1mAAPL sentiment scaled +0.25 \u2192 +0.10 (count=1, sources=1, scale=0.38)[0m
[32m2026-09-09 18:13:43.390[0m | [1mINFO    [0m | [36msrc.analysis.sentiment[0m:[36manalyse_sentiment[0m:[36m1515[0m - [1mAAPL raw_sentiment=+0.00 (local, 1 articles)[0m
[32m2026-09-09 18:13:43.391[0m | [34m[1mDEBUG   [0m | [36msrc.analysis.sentiment[0m:[36manalyse_sentiment[0m:[36m1571[0m - [34m[1mAAPL sentiment scaled +0.00 \u2192 +0.00 (count=1, sources=1, scale=0.38)[0m
[32m2026-09-09 18:13:45.380[0m | [1mINFO    [0m | [36msrc.analysis.sentiment[0m:[36manalyse_sentiment[0m:[36m1515[0m - [1mAAPL raw_sentiment=-0.15 (local, 1 articles)[0m
[32m2026-09-09 18:13:45.380[0m | [34m[1mDEBUG   [0m | [36msrc.analysis.sentiment[0m:[36manalyse_sentiment[0m:[36m1571[0m - [34m[1mAAPL sentiment scaled -0.15 \u2192 -0.06 (count=1, sources=1, scale=0.37)[0m
[32m2026-09-09 18:13:47.510[0m | [1mINFO    [0m | [36msrc.analysis.sentiment[0m:[36manalyse_sentiment[0m:[36m1515[0m - [1mAAPL raw_sentiment=-0.05 (local, 1 articles)[0m
[32m2026-09-09 18:13:47.510[0m | [34m[1mDEBUG   [0m | [36msrc.analysis.sentiment[0m:[36manalyse_sentiment[0m:[36m1571[0m - [34m[1mAAPL sentiment scaled -0.05 \u2192 -0.02 (count=1, sources=1, scale=0.37)[0m
[32m2026-09-09 18:13:49.437[0m | [1mINFO    [0m | [36msrc.analysis.sentiment[0m:[36manalyse_sentiment[0m:[36m1515[0m - [1mAAPL raw_sentiment=-0.35 (local, 1 articles)[0m
[32m2026-09-09 18:13:49.437[0m | [34m[1mDEBUG   [0m | [36msrc.analysis.sentiment[0m:[36manalyse_sentiment[0m:[36m1571[0m - [34m[1mAAPL sentiment scaled -0.35 \u2192 -0.13 (count=1, sources=1, scale=0.37)[0m
[32m2026-09-09 18:13:51.177[0m | [1mINFO    [0m | [36msrc.analysis.sentiment[0m:[36manalyse_sentiment[0m:[36m1515[0m - [1mAAPL raw_sentiment=-0.25 (local, 1 articles)[0m
[32m2026-09-09 18:13:51.177[0m | [34m[1mDEBUG   [0m | [36msrc.analysis.sentiment[0m:[36manalyse_sentiment[0m:[36m1571[0m - [34m[1mAAPL sentiment scaled -0.25 \u2192 -0.09 (count=1, sources=1, scale=0.36)[0m
[32m2026-09-09 18:13:53.475[0m | [1mINFO    [0m | [36msrc.analysis.sentiment[0m:[36manalyse_sentiment[0m:[36m1515[0m - [1mAAPL raw_sentiment=+0.00 (local, 1 articles)[0m
[32m2026-09-09 18:13:53.475[0m | [34m[1mDEBUG   [0m | [36msrc.analysis.sentiment[0m:[36manalyse_sentiment[0m:[36m1571[0m - [34m[1mAAPL sentiment scaled +0.00 \u2192 +0.00 (count=1, sources=1, scale=0.36)[0m
[32m2026-09-09 18:13:54.910[0m | [1mINFO    [0m | [36msrc.analysis.sentiment[0m:[36manalyse_sentiment[0m:[36m1515[0m - [1mAAPL raw_sentiment=-0.65 (local, 1 articles)[0m
[32m2026-09-09 18:13:54.911[0m | [34m[1mDEBUG   [0m | [36msrc.analysis.sentiment[0m:[36manalyse_sentiment[0m:[36m1571[0m - [34m[1mAAPL sentiment scaled -0.65 \u2192 -0.23 (count=1, sources=1, scale=0.35)[0m
[32m2026-09-09 18:13:56.855[0m | [1mINFO    [0m | [36msrc.analysis.sentiment[0m:[36manalyse_sentiment[0m:[36m1515[0m - [1mAAPL raw_sentiment=+0.00 (local, 1 articles)[0m
[32m2026-09-09 18:13:56.855[0m | [34m[1mDEBUG   [0m | [36msrc.analysis.sentiment[0m:[36manalyse_sentiment[0m:[36m1571[0m - [34m[1mAAPL sentiment scaled +0.00 \u2192 +0.00 (count=1, sources=1, scale=0.34)[0m
[32m2026-09-09 18:13:58.475[0m | [1mINFO    [0m | [36msrc.analysis.sentiment[0m:[36manalyse_sentiment[0m:[36m1515[0m - [1mAAPL raw_sentiment=-0.65 (local, 1 articles)[0m
[32m2026-09-09 18:13:58.476[0m | [34m[1mDEBUG   [0m | [36msrc.analysis.sentiment[0m:[36manalyse_sentiment[0m:[36m1571[0m - [34m[1mAAPL sentiment scaled -0.65 \u2192 -0.22 (count=1, sources=1, scale=0.34)[0m
[32m2026-09-09 18:14:00.772[0m | [1mINFO    [0m | [36msrc.analysis.sentiment[0m:[36manalyse_sentiment[0m:[36m1515[0m - [1mAAPL raw_sentiment=-0.65 (local, 1 articles)[0m
[32m2026-09-09 18:14:00.772[0m | [34m[1mDEBUG   [0m | [36msrc.analysis.sentiment[0m:[36manalyse_sentiment[0m:[36m1571[0m - [34m[1mAAPL sentiment scaled -0.65 \u2192 -0.22 (count=1, sources=1, scale=0.34)[0m
[32m2026-09-09 18:14:02.562[0m | [1mINFO    [0m | [36msrc.analysis.sentiment[0m:[36manalyse_sentiment[0m:[36m1515[0m - [1mAAPL raw_sentiment=-0.15 (local, 1 articles)[0m
[32m2026-09-09 18:14:02.562[0m | [34m[1mDEBUG   [0m | [36msrc.analysis.sentiment[0m:[36manalyse_sentiment[0m:[36m1571[0m - [34m[1mAAPL sentiment scaled -0.15 \u2192 -0.05 (count=1, sources=1, scale=0.34)[0m
[32m2026-09-09 18:14:04.898[0m | [1mINFO    [0m | [36msrc.analysis.sentiment[0m:[36manalyse_sentiment[0m:[36m1515[0m - [1mALG raw_sentiment=-0.10 (local, 1 articles)[0m
[32m2026-09-09 18:14:04.898[0m | [34m[1mDEBUG   [0m | [36msrc.analysis.sentiment[0m:[36manalyse_sentiment[0m:[36m1571[0m - [34m[1mALG sentiment scaled -0.10 \u2192 -0.04 (count=1, sources=1, scale=0.39)[0m
[32m2026-09-09 18:14:07.167[0m | [1mINFO    [0m | [36msrc.analysis.sentiment[0m:[36manalyse_sentiment[0m:[36m1515[0m - [1mALG raw_sentiment=+0.25 (local, 1 articles)[0m
[32m2026-09-09 18:14:07.167[0m | [34m[1mDEBUG   [0m | [36msrc.analysis.sentiment[0m:[36manalyse_sentiment[0m:[36m1571[0m - [34m[1mALG sentiment scaled +0.25 \u2192 +0.09 (count=1, sources=1, scale=0.35)[0m
[32m2026-09-09 18:14:08.781[0m | [1mINFO    [0m | [36msrc.analysis.sentiment[0m:[36manalyse_sentiment[0m:[36m1515[0m - [1mALG raw_sentiment=+0.00 (local, 1 articles)[0m
[32m2026-09-09 18:14:08.781[0m | [34m[1mDEBUG   [0m | [36msrc.analysis.sentiment[0m:[36manalyse_sentiment[0m:[36m1571[0m - [34m[1mALG sentiment scaled +0.00 \u2192 +0.00 (count=1, sources=1, scale=0.34)[0m
[32m2026-09-09 18:14:10.469[0m | [1mINFO    [0m | [36msrc.analysis.sentiment[0m:[36manalyse_sentiment[0m:[36m1515[0m - [1mALG raw_sentiment=+0.00 (local, 1 articles)[0m
[32m2026-09-09 18:14:10.470[0m | [34m[1mDEBUG   [0m | [36msrc.analysis.sentiment[0m:[36manalyse_sentiment[0m:[36m1571[0m - [34m[1mALG sentiment scaled +0.00 \u2192 +0.00 (count=1, sources=1, scale=0.32)[0m
  2026-08-02: 2 tickers in 44s
[32m2026-09-09 18:14:13.958[0m | [1mINFO    [0m | [36msrc.analysis.sentiment[0m:[36manalyse_sentiment[0m:[36m1515[0m - [1mABBV raw_sentiment=-0.25 (local, 1 articles)[0m
[32m2026-09-09 18:14:13.958[0m | [34m[1mDEBUG   [0m | [36msrc.analysis.sentiment[0m:[36manalyse_sentiment[0m:[36m1571[0m - [34m[1mABBV sentiment scaled -0.25 \u2192 -0.10 (count=1, sources=1, scale=0.41)[0m
[32m2026-09-09 18:14:15.669[0m | [1mINFO    [0m | [36msrc.analysis.sentiment[0m:[36manalyse_sentiment[0m:[36m1515[0m - [1mABBV raw_sentiment=+0.00 (local, 1 articles)[0m
[32m2026-09-09 18:14:15.669[0m | [34m[1mDEBUG   [0m | [36msrc.analysis.sentiment[0m:[36manalyse_sentiment[0m:[36m1571[0m - [34m[1mABBV sentiment scaled +0.00 \u2192 +0.00 (count=1, sources=1, scale=0.39)[0m
[32m2026-09-09 18:14:17.451[0m | [1mINFO    [0m | [36msrc.analysis.sentiment[0m:[36manalyse_sentiment[0m:[36m1515[0m - [1mABBV raw_sentiment=+0.15 (local, 1 articles)[0m
[32m2026-09-09 18:14:17.451[0m | [34m[1mDEBUG   [0m | [36msrc.analysis.sentiment[0m:[36manalyse_sentiment[0m:[36m1571[0m - [34m[1mABBV sentiment scaled +0.15 \u2192 +0.06 (count=1, sources=1, scale=0.39)[0m
[32m2026-09-09 18:14:19.419[0m | [1mINFO    [0m | [36msrc.analysis.sentiment[0m:[36manalyse_sentiment[0m:[36m1515[0m - [1mABBV raw_sentiment=+0.45 (local, 1 articles)[0m
[32m2026-09-09 18:14:19.419[0m | [34m[1mDEBUG   [0m | [36msrc.analysis.sentiment[0m:[36manalyse_sentiment[0m:[36m1571[0m - [34m[1mABBV sentiment scaled +0.45 \u2192 +0.17 (count=1, sources=1, scale=0.39)[0m
[32m2026-09-09 18:14:21.499[0m | [1mINFO    [0m | [36msrc.analysis.sentiment[0m:[36manalyse_sentiment[0m:[36m1515[0m - [1mABBV raw_sentiment=+0.65 (local, 1 articles)[0m
[32m2026-09-09 18:14:21.499[0m | [34m[1mDEBUG   [0m | [36msrc.analysis.sentiment[0m:[36manalyse_sentiment[0m:[36m1571[0m - [34m[1mABBV sentiment scaled +0.65 \u2192 +0.23 (count=1, sources=1, scale=0.35)[0m
[32m2026-09-09 18:14:23.465[0m | [1mINFO    [0m | [36msrc.analysis.sentiment[0m:[36manalyse_sentiment[0m:[36m1515[0m - [1mABBV raw_sentiment=+0.00 (local, 1 articles)[0m
[32m2026-09-09 18:14:23.465[0m | [34m[1mDEBUG   [0m | [36msrc.analysis.sentiment[0m:[36manalyse_sentiment[0m:[36m1571[0m - [34m[1mABBV sentiment scaled +0.00 \u2192 +0.00 (count=1, sources=1, scale=0.32)[0m
[32m2026-09-09 18:14:25.275[0m | [1mINFO    [0m | [36msrc.analysis.sentiment[0m:[36manalyse_sentiment[0m:[36m1515[0m - [1mABBV raw_sentiment=+0.15 (local, 1 articles)[0m
[32m2026-09-09 18:14:25.275[0m | [34m[1mDEBUG   [0m | [36msrc.analysis.sentiment[0m:[36manalyse_sentiment[0m:[36m1571[0m - [34m[1mABBV sentiment scaled +0.15 \u2192 +0.05 (count=1, sources=1, scale=0.32)[0m
[32m2026-09-09 18:14:26.971[0m | [1mINFO    [0m | [36msrc.analysis.sentiment[0m:[36manalyse_sentiment[0m:[36m1515[0m - [1mABBV raw_sentiment=+0.00 (local, 1 articles)[0m
[32m2026-09-09 18:14:26.971[0m | [34m[1mDEBUG   [0m | [36msrc.analysis.sentiment[0m:[36manalyse_sentiment[0m:[36m1571[0m - [34m[1mABBV sentiment scaled +0.00 \u2192 +0.00 (count=1, sources=1, scale=0.32)[0m
[32m2026-09-09 18:14:28.913[0m | [1mINFO    [0m | [36msrc.analysis.sentiment[0m:[36manalyse_sentiment[0m:[36m1515[0m - [1mABBV raw_sentiment=+0.65 (local, 1 articles)[0m
[32m2026-09-09 18:14:28.913[0m | [34m[1mDEBUG   [0m | [36msrc.analysis.sentiment[0m:[36manalyse_sentiment[0m:[36m1571[0m - [34m[1mABBV sentiment scaled +0.65 \u2192 +0.21 (count=1, sources=1, scale=0.32)[0m
[32m2026-09-09 18:14:31.013[0m | [1mINFO    [0m | [36msrc.analysis.sentiment[0m:[36manalyse_sentiment[0m:[36m1515[0m - [1mABBV raw_sentiment=-0.45 (local, 2 articles)[0m
[32m2026-09-09 18:14:31.013[0m | [34m[1mDEBUG   [0m | [36msrc.analysis.sentiment[0m:[36manalyse_sentiment[0m:[36m1571[0m - [34m[1mABBV sentiment scaled -0.45 \u2192 -0.18 (count=2, sources=2, scale=0.40)[0m
[32m2026-09-09 18:14:32.959[0m | [1mINFO    [0m | [36msrc.analysis.sentiment[0m:[36manalyse_sentiment[0m:[36m1515[0m - [1mABBV raw_sentiment=-0.05 (local, 1 articles)[0m
[32m2026-09-09 18:14:32.960[0m | [34m[1mDEBUG   [0m | [36msrc.analysis.sentiment[0m:[36manalyse_sentiment[0m:[36m1571[0m - [34m[1mABBV sentiment scaled -0.05 \u2192 -0.02 (count=1, sources=1, scale=0.32)[0m
[32m2026-09-09 18:14:35.062[0m | [1mINFO    [0m | [36msrc.analysis.sentiment[0m:[36manalyse_sentiment[0m:[36m1515[0m - [1mABBV raw_sentiment=-0.45 (local, 1 articles)[0m
[32m2026-09-09 18:14:35.063[0m | [34m[1mDEBUG   [0m | [36msrc.analysis.sentiment[0m:[36manalyse_sentiment[0m:[36m1571[0m - [34m[1mABBV sentiment scaled -0.45 \u2192 -0.14 (count=1, sources=1, scale=0.32)[0m
[32m2026-09-09 18:14:36.911[0m | [1mINFO    [0m | [36msrc.analysis.sentiment[0m:[36manalyse_sentiment[0m:[36m1515[0m - [1mABBV raw_sentiment=+0.65 (local, 1 articles)[0m
[32m2026-09-09 18:14:36.911[0m | [34m[1mDEBUG   [0m | [36msrc.analysis.sentiment[0m:[36manalyse_sentiment[0m:[36m1571[0m - [34m[1mABBV sentiment scaled +0.65 \u2192 +0.21 (count=1, sources=1, scale=0.32)[0m
[32m2026-09-09 18:14:38.543[0m | [1mINFO    [0m | [36msrc.analysis.sentiment[0m:[36manalyse_sentiment[0m:[36m1515[0m - [1mABBV raw_sentiment=-0.45 (local, 1 articles)[0m
[32m2026-09-09 18:14:38.543[0m | [34m[1mDEBUG   [0m | [36msrc.analysis.sentiment[0m:[36manalyse_sentiment[0m:[36m1571[0m - [34m[1mABBV sentiment scaled -0.45 \u2192 -0.14 (count=1, sources=1, scale=0.32)[0m
[32m2026-09-09 18:14:40.156[0m | [1mINFO    [0m | [36msrc.analysis.sentiment[0m:[36manalyse_sentiment[0m:[36m1515[0m - [1mABBV raw_sentiment=-0.05 (local, 1 articles)[0m
[32m2026-09-09 18:14:40.156[0m | [34m[1mDEBUG   [0m | [36msrc.analysis.sentiment[0m:[36manalyse_sentiment[0m:[36m1571[0m - [34m[1mABBV sentiment scaled -0.05 \u2192 -0.02 (count=1, sources=1, scale=0.32)[0m
[32m2026-09-09 18:14:42.379[0m | [1mINFO    [0m | [36msrc.analysis.sentiment[0m:[36manalyse_sentiment[0m:[36m1515[0m - [1mABBV raw_sentiment=+0.15 (local, 1 articles)[0m
[32m2026-09-09 18:14:42.379[0m | [34m[1mDEBUG   [0m | [36msrc.analysis.sentiment[0m:[36manalyse_sentiment[0m:[36m1571[0m - [34m[1mABBV sentiment scaled +0.15 \u2192 +0.05 (count=1, sources=1, scale=0.32)[0m
[32m2026-09-09 18:14:43.864[0m | [1mINFO    [0m | [36msrc.analysis.sentiment[0m:[36manalyse_sentiment[0m:[36m1515[0m - [1mABBV raw_sentiment=+0.25 (local, 1 articles)[0m
[32m2026-09-09 18:14:43.864[0m | [34m[1mDEBUG   [0m | [36msrc.analysis.sentiment[0m:[36manalyse_sentiment[0m:[36m1571[0m - [34m[1mABBV sentiment scaled +0.25 \u2192 +0.08 (count=1, sources=1, scale=0.32)[0m
[32m2026-09-09 18:14:45.782[0m | [1mINFO    [0m | [36msrc.analysis.sentiment[0m:[36manalyse_sentiment[0m:[36m1515[0m - [1mABBV raw_sentiment=-0.65 (local, 1 articles)[0m
[32m2026-09-09 18:14:45.782[0m | [34m[1mDEBUG   [0m | [36msrc.analysis.sentiment[0m:[36manalyse_sentiment[0m:[36m1571[0m - [34m[1mABBV sentiment scaled -0.65 \u2192 -0.21 (count=1, sources=1, scale=0.32)[0m
[32m2026-09-09 18:14:47.512[0m | [1mINFO    [0m | [36msrc.analysis.sentiment[0m:[36manalyse_sentiment[0m:[36m1515[0m - [1mABBV raw_sentiment=-0.35 (local, 1 articles)[0m
[32m2026-09-09 18:14:47.513[0m | [34m[1mDEBUG   [0m | [36msrc.analysis.sentiment[0m:[36manalyse_sentiment[0m:[36m1571[0m - [34m[1mABBV sentiment scaled -0.35 \u2192 -0.11 (count=1, sources=1, scale=0.32)[0m
[32m2026-09-09 18:14:50.611[0m | [1mINFO    [0m | [36msrc.analysis.sentiment[0m:[36manalyse_sentiment[0m:[36m1515[0m - [1mADMA raw_sentiment=-0.75 (local, 8 articles)[0m
[32m2026-09-09 18:14:50.611[0m | [34m[1mDEBUG   [0m | [36msrc.analysis.sentiment[0m:[36manalyse_sentiment[0m:[36m1571[0m - [34m[1mADMA sentiment scaled -0.75 \u2192 -0.38 (count=8, sources=1, scale=0.51)[0m
[32m2026-09-09 18:14:52.505[0m | [1mINFO    [0m | [36msrc.analysis.sentiment[0m:[36manalyse_sentiment[0m:[36m1515[0m - [1mADMA raw_sentiment=-0.65 (local, 1 articles)[0m
[32m2026-09-09 18:14:52.505[0m | [34m[1mDEBUG   [0m | [36msrc.analysis.sentiment[0m:[36manalyse_sentiment[0m:[36m1571[0m - [34m[1mADMA sentiment scaled -0.65 \u2192 -0.21 (count=1, sources=1, scale=0.32)[0m
  2026-08-04: 2 tickers in 41s
[32m2026-09-09 18:14:57.764[0m | [1mINFO    [0m | [36msrc.analysis.sentiment[0m:[36manalyse_sentiment[0m:[36m1515[0m - [1mADM raw_sentiment=+0.75 (local, 1 articles)[0m
[32m2026-09-09 18:14:57.764[0m | [34m[1mDEBUG   [0m | [36msrc.analysis.sentiment[0m:[36manalyse_sentiment[0m:[36m1571[0m - [34m[1mADM sentiment scaled +0.75 \u2192 +0.31 (count=1, sources=1, scale=0.41)[0m
[32m2026-09-09 18:15:00.222[0m | [1mINFO    [0m | [36msrc.analysis.sentiment[0m:[36manalyse_sentiment[0m:[36m1515[0m - [1mADM raw_sentiment=+0.15 (local, 1 articles)[0m
[32m2026-09-09 18:15:00.223[0m | [34m[1mDEBUG   [0m | [36msrc.analysis.sentiment[0m:[36manalyse_sentiment[0m:[36m1571[0m - [34m[1mADM sentiment scaled +0.15 \u2192 +0.06 (count=1, sources=1, scale=0.41)[0m
[32m2026-09-09 18:15:02.045[0m | [1mINFO    [0m | [36msrc.analysis.sentiment[0m:[36manalyse_sentiment[0m:[36m1515[0m - [1mADM raw_sentiment=+0.75 (local, 2 articles)[0m
[32m2026-09-09 18:15:02.045[0m | [34m[1mDEBUG   [0m | [36msrc.analysis.sentiment[0m:[36manalyse_sentiment[0m:[36m1571[0m - [34m[1mADM sentiment scaled +0.75 \u2192 +0.30 (count=2, sources=1, scale=0.41)[0m
[32m2026-09-09 18:15:03.866[0m | [1mINFO    [0m | [36msrc.analysis.sentiment[0m:[36manalyse_sentiment[0m:[36m1515[0m - [1mADM raw_sentiment=-0.05 (local, 1 articles)[0m
[32m2026-09-09 18:15:03.866[0m | [34m[1mDEBUG   [0m | [36msrc.analysis.sentiment[0m:[36manalyse_sentiment[0m:[36m1571[0m - [34m[1mADM sentiment scaled -0.05 \u2192 -0.02 (count=1, sources=1, scale=0.39)[0m
[32m2026-09-09 18:15:05.603[0m | [1mINFO    [0m | [36msrc.analysis.sentiment[0m:[36manalyse_sentiment[0m:[36m1515[0m - [1mADM raw_sentiment=+0.75 (local, 1 articles)[0m
[32m2026-09-09 18:15:05.603[0m | [34m[1mDEBUG   [0m | [36msrc.analysis.sentiment[0m:[36manalyse_sentiment[0m:[36m1571[0m - [34m[1mADM sentiment scaled +0.75 \u2192 +0.29 (count=1, sources=1, scale=0.39)[0m
[32m2026-09-09 18:15:07.617[0m | [1mINFO    [0m | [36msrc.analysis.sentiment[0m:[36manalyse_sentiment[0m:[36m1515[0m - [1mADM raw_sentiment=+0.65 (local, 1 articles)[0m
[32m2026-09-09 18:15:07.617[0m | [34m[1mDEBUG   [0m | [36msrc.analysis.sentiment[0m:[36manalyse_sentiment[0m:[36m1571[0m - [34m[1mADM sentiment scaled +0.65 \u2192 +0.25 (count=1, sources=1, scale=0.39)[0m
[32m2026-09-09 18:15:09.534[0m | [1mINFO    [0m | [36msrc.analysis.sentiment[0m:[36manalyse_sentiment[0m:[36m1515[0m - [1mADM raw_sentiment=+0.65 (local, 1 articles)[0m
[32m2026-09-09 18:15:09.534[0m | [34m[1mDEBUG   [0m | [36msrc.analysis.sentiment[0m:[36manalyse_sentiment[0m:[36m1571[0m - [34m[1mADM sentiment scaled +0.65 \u2192 +0.25 (count=1, sources=1, scale=0.39)[0m
[32m2026-09-09 18:15:11.572[0m | [1mINFO    [0m | [36msrc.analysis.sentiment[0m:[36manalyse_sentiment[0m:[36m1515[0m - [1mADM raw_sentiment=+0.25 (local, 2 articles)[0m
[32m2026-09-09 18:15:11.572[0m | [34m[1mDEBUG   [0m | [36msrc.analysis.sentiment[0m:[36manalyse_sentiment[0m:[36m1571[0m - [34m[1mADM sentiment scaled +0.25 \u2192 +0.10 (count=2, sources=1, scale=0.41)[0m
[32m2026-09-09 18:15:13.397[0m | [1mINFO    [0m | [36msrc.analysis.sentiment[0m:[36manalyse_sentiment[0m:[36m1515[0m - [1mADM raw_sentiment=-0.05 (local, 1 articles)[0m
[32m2026-09-09 18:15:13.397[0m | [34m[1mDEBUG   [0m | [36msrc.analysis.sentiment[0m:[36manalyse_sentiment[0m:[36m1571[0m - [34m[1mADM sentiment scaled -0.05 \u2192 -0.02 (count=1, sources=1, scale=0.38)[0m
[32m2026-09-09 18:15:15.777[0m | [1mINFO    [0m | [36msrc.analysis.sentiment[0m:[36manalyse_sentiment[0m:[36m1515[0m - [1mADM raw_sentiment=-0.15 (local, 1 articles)[0m
[32m2026-09-09 18:15:15.778[0m | [34m[1mDEBUG   [0m | [36msrc.analysis.sentiment[0m:[36manalyse_sentiment[0m:[36m1571[0m - [34m[1mADM sentiment scaled -0.15 \u2192 -0.05 (count=1, sources=1, scale=0.33)[0m
[32m2026-09-09 18:15:18.023[0m | [1mINFO    [0m | [36msrc.analysis.sentiment[0m:[36manalyse_sentiment[0m:[36m1515[0m - [1mADM raw_sentiment=+0.00 (local, 2 articles)[0m
[32m2026-09-09 18:15:18.023[0m | [34m[1mDEBUG   [0m | [36msrc.analysis.sentiment[0m:[36manalyse_sentiment[0m:[36m1571[0m - [34m[1mADM sentiment scaled +0.00 \u2192 +0.00 (count=2, sources=1, scale=0.32)[0m
[32m2026-09-09 18:15:21.557[0m | [1mINFO    [0m | [36msrc.analysis.sentiment[0m:[36manalyse_sentiment[0m:[36m1515[0m - [1mADMA raw_sentiment=-0.35 (local, 9 articles)[0m
[32m2026-09-09 18:15:21.557[0m | [34m[1mDEBUG   [0m | [36msrc.analysis.sentiment[0m:[36manalyse_sentiment[0m:[36m1571[0m - [34m[1mADMA sentiment scaled -0.35 \u2192 -0.19 (count=9, sources=1, scale=0.56)[0m
[32m2026-09-09 18:15:23.618[0m | [1mINFO    [0m | [36msrc.analysis.sentiment[0m:[36manalyse_sentiment[0m:[36m1515[0m - [1mADMA raw_sentiment=-0.05 (local, 1 articles)[0m
[32m2026-09-09 18:15:23.618[0m | [34m[1mDEBUG   [0m | [36msrc.analysis.sentiment[0m:[36manalyse_sentiment[0m:[36m1571[0m - [34m[1mADMA sentiment scaled -0.05 \u2192 -0.02 (count=1, sources=1, scale=0.32)[0m
[32m2026-09-09 18:15:25.486[0m | [1mINFO    [0m | [36msrc.analysis.sentiment[0m:[36manalyse_sentiment[0m:[36m1515[0m - [1mADMA raw_sentiment=-0.65 (local, 1 articles)[0m
[32m2026-09-09 18:15:25.486[0m | [34m[1mDEBUG   [0m | [36msrc.analysis.sentiment[0m:[36manalyse_sentiment[0m:[36m1571[0m - [34m[1mADMA sentiment scaled -0.65 \u2192 -0.21 (count=1, sources=1, scale=0.32)[0m
[32m2026-09-09 18:15:27.576[0m | [1mINFO    [0m | [36msrc.analysis.sentiment[0m:[36manalyse_sentiment[0m:[36m1515[0m - [1mADMA raw_sentiment=+0.15 (local, 1 articles)[0m
[32m2026-09-09 18:15:27.576[0m | [34m[1mDEBUG   [0m | [36msrc.analysis.sentiment[0m:[36manalyse_sentiment[0m:[36m1571[0m - [34m[1mADMA sentiment scaled +0.15 \u2192 +0.05 (count=1, sources=1, scale=0.32)[0m
[32m2026-09-09 18:15:30.268[0m | [1mINFO    [0m | [36msrc.analysis.sentiment[0m:[36manalyse_sentiment[0m:[36m1515[0m - [1mAEIS raw_sentiment=+0.75 (local, 1 articles)[0m
[32m2026-09-09 18:15:30.268[0m | [34m[1mDEBUG   [0m | [36msrc.analysis.sentiment[0m:[36manalyse_sentiment[0m:[36m1571[0m - [34m[1mAEIS sentiment scaled +0.75 \u2192 +0.27 (count=1, sources=1, scale=0.36)[0m
[32m2026-09-09 18:15:31.683[0m | [1mINFO    [0m | [36msrc.analysis.sentiment[0m:[36manalyse_sentiment[0m:[36m1515[0m - [1mAEIS raw_sentiment=-0.05 (local, 1 articles)[0m
[32m2026-09-09 18:15:31.683[0m | [34m[1mDEBUG   [0m | [36msrc.analysis.sentiment[0m:[36manalyse_sentiment[0m:[36m1571[0m - [34m[1mAEIS sentiment scaled -0.05 \u2192 -0.02 (count=1, sources=1, scale=0.36)[0m
[32m2026-09-09 18:15:33.080[0m | [1mINFO    [0m | [36msrc.analysis.sentiment[0m:[36manalyse_sentiment[0m:[36m1515[0m - [1mAEIS raw_sentiment=+0.65 (local, 1 articles)[0m
[32m2026-09-09 18:15:33.081[0m | [34m[1mDEBUG   [0m | [36msrc.analysis.sentiment[0m:[36manalyse_sentiment[0m:[36m1571[0m - [34m[1mAEIS sentiment scaled +0.65 \u2192 +0.23 (count=1, sources=1, scale=0.36)[0m
[32m2026-09-09 18:15:34.961[0m | [1mINFO    [0m | [36msrc.analysis.sentiment[0m:[36manalyse_sentiment[0m:[36m1515[0m - [1mAEIS raw_sentiment=+0.85 (local, 2 articles)[0m
[32m2026-09-09 18:15:34.961[0m | [34m[1mDEBUG   [0m | [36msrc.analysis.sentiment[0m:[36manalyse_sentiment[0m:[36m1571[0m - [34m[1mAEIS sentiment scaled +0.85 \u2192 +0.31 (count=2, sources=1, scale=0.37)[0m
[32m2026-09-09 18:15:36.593[0m | [1mINFO    [0m | [36msrc.analysis.sentiment[0m:[36manalyse_sentiment[0m:[36m1515[0m - [1mAEIS raw_sentiment=-0.05 (local, 1 articles)[0m
[32m2026-09-09 18:15:36.593[0m | [34m[1mDEBUG   [0m | [36msrc.analysis.sentiment[0m:[36manalyse_sentiment[0m:[36m1571[0m - [34m[1mAEIS sentiment scaled -0.05 \u2192 -0.02 (count=1, sources=1, scale=0.32)[0m
[32m2026-09-09 18:15:38.365[0m | [1mINFO    [0m | [36msrc.analysis.sentiment[0m:[36manalyse_sentiment[0m:[36m1515[0m - [1mAEIS raw_sentiment=-0.15 (local, 1 articles)[0m
[32m2026-09-09 18:15:38.365[0m | [34m[1mDEBUG   [0m | [36msrc.analysis.sentiment[0m:[36manalyse_sentiment[0m:[36m1571[0m - [34m[1mAEIS sentiment scaled -0.15 \u2192 -0.05 (count=1, sources=1, scale=0.32)[0m
[32m2026-09-09 18:15:40.353[0m | [1mINFO    [0m | [36msrc.analysis.sentiment[0m:[36manalyse_sentiment[0m:[36m1515[0m - [1mAEIS raw_sentiment=-0.15 (local, 1 articles)[0m
[32m2026-09-09 18:15:40.354[0m | [34m[1mDEBUG   [0m | [36msrc.analysis.sentiment[0m:[36manalyse_sentiment[0m:[36m1571[0m - [34m[1mAEIS sentiment scaled -0.15 \u2192 -0.05 (count=1, sources=1, scale=0.32)[0m
[32m2026-09-09 18:15:42.114[0m | [1mINFO    [0m | [36msrc.analysis.sentiment[0m:[36manalyse_sentiment[0m:[36m1515[0m - [1mAEIS raw_sentiment=-0.05 (local, 1 articles)[0m
[32m2026-09-09 18:15:42.114[0m | [34m[1mDEBUG   [0m | [36msrc.analysis.sentiment[0m:[36manalyse_sentiment[0m:[36m1571[0m - [34m[1mAEIS sentiment scaled -0.05 \u2192 -0.02 (count=1, sources=1, scale=0.32)[0m
  2026-08-05: 3 tickers in 48s
[32m2026-09-09 18:15:45.471[0m | [1mINFO    [0m | [36msrc.analysis.sentiment[0m:[36manalyse_sentiment[0m:[36m1515[0m - [1mAMD raw_sentiment=+0.45 (local, 1 articles)[0m
[32m2026-09-09 18:15:45.471[0m | [34m[1mDEBUG   [0m | [36msrc.analysis.sentiment[0m:[36manalyse_sentiment[0m:[36m1571[0m - [34m[1mAMD sentiment scaled +0.45 \u2192 +0.20 (count=1, sources=1, scale=0.43)[0m
[32m2026-09-09 18:15:47.582[0m | [1mINFO    [0m | [36msrc.analysis.sentiment[0m:[36manalyse_sentiment[0m:[36m1515[0m - [1mAMD raw_sentiment=+0.25 (local, 1 articles)[0m
[32m2026-09-09 18:15:47.582[0m | [34m[1mDEBUG   [0m | [36msrc.analysis.sentiment[0m:[36manalyse_sentiment[0m:[36m1571[0m - [34m[1mAMD sentiment scaled +0.25 \u2192 +0.11 (count=1, sources=1, scale=0.43)[0m
[32m2026-09-09 18:15:49.933[0m | [1mINFO    [0m | [36msrc.analysis.sentiment[0m:[36manalyse_sentiment[0m:[36m1515[0m - [1mAMD raw_sentiment=+0.75 (local, 1 articles)[0m
[32m2026-09-09 18:15:49.933[0m | [34m[1mDEBUG   [0m | [36msrc.analysis.sentiment[0m:[36manalyse_sentiment[0m:[36m1571[0m - [34m[1mAMD sentiment scaled +0.75 \u2192 +0.32 (count=1, sources=1, scale=0.43)[0m
[32m2026-09-09 18:15:52.298[0m | [1mINFO    [0m | [36msrc.analysis.sentiment[0m:[36manalyse_sentiment[0m:[36m1515[0m - [1mAMD raw_sentiment=-0.05 (local, 1 articles)[0m
[32m2026-09-09 18:15:52.298[0m | [34m[1mDEBUG   [0m | [36msrc.analysis.sentiment[0m:[36manalyse_sentiment[0m:[36m1571[0m - [34m[1mAMD sentiment scaled -0.05 \u2192 -0.02 (count=1, sources=1, scale=0.43)[0m
[32m2026-09-09 18:15:54.808[0m | [1mINFO    [0m | [36msrc.analysis.sentiment[0m:[36manalyse_sentiment[0m:[36m1515[0m - [1mAMD raw_sentiment=+0.15 (local, 1 articles)[0m
[32m2026-09-09 18:15:54.808[0m | [34m[1mDEBUG   [0m | [36msrc.analysis.sentiment[0m:[36manalyse_sentiment[0m:[36m1571[0m - [34m[1mAMD sentiment scaled +0.15 \u2192 +0.06 (count=1, sources=1, scale=0.42)[0m
[32m2026-09-09 18:15:56.734[0m | [1mINFO    [0m | [36msrc.analysis.sentiment[0m:[36manalyse_sentiment[0m:[36m1515[0m - [1mAMD raw_sentiment=-0.15 (local, 2 articles)[0m
[32m2026-09-09 18:15:56.734[0m | [34m[1mDEBUG   [0m | [36msrc.analysis.sentiment[0m:[36manalyse_sentiment[0m:[36m1571[0m - [34m[1mAMD sentiment scaled -0.15 \u2192 -0.09 (count=2, sources=2, scale=0.60)[0m
[32m2026-09-09 18:15:58.942[0m | [1mINFO    [0m | [36msrc.analysis.sentiment[0m:[36manalyse_sentiment[0m:[36m1515[0m - [1mAMD raw_sentiment=+0.25 (local, 1 articles)[0m
[32m2026-09-09 18:15:58.942[0m | [34m[1mDEBUG   [0m | [36msrc.analysis.sentiment[0m:[36manalyse_sentiment[0m:[36m1571[0m - [34m[1mAMD sentiment scaled +0.25 \u2192 +0.10 (count=1, sources=1, scale=0.42)[0m
[32m2026-09-09 18:16:01.131[0m | [1mINFO    [0m | [36msrc.analysis.sentiment[0m:[36manalyse_sentiment[0m:[36m1515[0m - [1mAMD raw_sentiment=-0.15 (local, 1 articles)[0m
[32m2026-09-09 18:16:01.132[0m | [34m[1mDEBUG   [0m | [36msrc.analysis.sentiment[0m:[36manalyse_sentiment[0m:[36m1571[0m - [34m[1mAMD sentiment scaled -0.15 \u2192 -0.06 (count=1, sources=1, scale=0.42)[0m
[32m2026-09-09 18:16:02.972[0m | [1mINFO    [0m | [36msrc.analysis.sentiment[0m:[36manalyse_sentiment[0m:[36m1515[0m - [1mAMD raw_sentiment=+0.25 (local, 1 articles)[0m
[32m2026-09-09 18:16:02.972[0m | [34m[1mDEBUG   [0m | [36msrc.analysis.sentiment[0m:[36manalyse_sentiment[0m:[36m1571[0m - [34m[1mAMD sentiment scaled +0.25 \u2192 +0.10 (count=1, sources=1, scale=0.41)[0m
[32m2026-09-09 18:16:05.032[0m | [1mINFO    [0m | [36msrc.analysis.sentiment[0m:[36manalyse_sentiment[0m:[36m1515[0m - [1mAMD raw_sentiment=-0.05 (local, 1 articles)[0m
[32m2026-09-09 18:16:05.032[0m | [34m[1mDEBUG   [0m | [36msrc.analysis.sentiment[0m:[36manalyse_sentiment[0m:[36m1571[0m - [34m[1mAMD sentiment scaled -0.05 \u2192 -0.02 (count=1, sources=1, scale=0.41)[0m
[32m2026-09-09 18:16:07.350[0m | [1mINFO    [0m | [36msrc.analysis.sentiment[0m:[36manalyse_sentiment[0m:[36m1515[0m - [1mAMD raw_sentiment=+0.15 (local, 1 articles)[0m
[32m2026-09-09 18:16:07.350[0m | [34m[1mDEBUG   [0m | [36msrc.analysis.sentiment[0m:[36manalyse_sentiment[0m:[36m1571[0m - [34m[1mAMD sentiment scaled +0.15 \u2192 +0.06 (count=1, sources=1, scale=0.40)[0m
[32m2026-09-09 18:16:09.229[0m | [1mINFO    [0m | [36msrc.analysis.sentiment[0m:[36manalyse_sentiment[0m:[36m1515[0m - [1mAMD raw_sentiment=+0.15 (local, 1 articles)[0m
[32m2026-09-09 18:16:09.229[0m | [34m[1mDEBUG   [0m | [36msrc.analysis.sentiment[0m:[36manalyse_sentiment[0m:[36m1571[0m - [34m[1mAMD sentiment scaled +0.15 \u2192 +0.06 (count=1, sources=1, scale=0.40)[0m
[32m2026-09-09 18:16:11.084[0m | [1mINFO    [0m | [36msrc.analysis.sentiment[0m:[36manalyse_sentiment[0m:[36m1515[0m - [1mAMD raw_sentiment=+0.05 (local, 1 articles)[0m
[32m2026-09-09 18:16:11.084[0m | [34m[1mDEBUG   [0m | [36msrc.analysis.sentiment[0m:[36manalyse_sentiment[0m:[36m1571[0m - [34m[1mAMD sentiment scaled +0.05 \u2192 +0.02 (count=1, sources=1, scale=0.40)[0m
[32m2026-09-09 18:16:12.915[0m | [1mINFO    [0m | [36msrc.analysis.sentiment[0m:[36manalyse_sentiment[0m:[36m1515[0m - [1mAMD raw_sentiment=-0.35 (local, 1 articles)[0m
[32m2026-09-09 18:16:12.916[0m | [34m[1mDEBUG   [0m | [36msrc.analysis.sentiment[0m:[36manalyse_sentiment[0m:[36m1571[0m - [34m[1mAMD sentiment scaled -0.35 \u2192 -0.14 (count=1, sources=1, scale=0.39)[0m
[32m2026-09-09 18:16:15.433[0m | [1mINFO    [0m | [36msrc.analysis.sentiment[0m:[36manalyse_sentiment[0m:[36m1515[0m - [1mAMD raw_sentiment=+0.00 (local, 1 articles)[0m
[32m2026-09-09 18:16:15.434[0m | [34m[1mDEBUG   [0m | [36msrc.analysis.sentiment[0m:[36manalyse_sentiment[0m:[36m1571[0m - [34m[1mAMD sentiment scaled +0.00 \u2192 +0.00 (count=1, sources=1, scale=0.38)[0m
[32m2026-09-09 18:16:17.269[0m | [1mINFO    [0m | [36msrc.analysis.sentiment[0m:[36manalyse_sentiment[0m:[36m1515[0m - [1mAMD raw_sentiment=-0.45 (local, 1 articles)[0m
[32m2026-09-09 18:16:17.269[0m | [34m[1mDEBUG   [0m | [36msrc.analysis.sentiment[0m:[36manalyse_sentiment[0m:[36m1571[0m - [34m[1mAMD sentiment scaled -0.45 \u2192 -0.17 (count=1, sources=1, scale=0.38)[0m
[32m2026-09-09 18:16:19.061[0m | [1mINFO    [0m | [36msrc.analysis.sentiment[0m:[36manalyse_sentiment[0m:[36m1515[0m - [1mAMD raw_sentiment=-0.65 (local, 1 articles)[0m
[32m2026-09-09 18:16:19.061[0m | [34m[1mDEBUG   [0m | [36msrc.analysis.sentiment[0m:[36manalyse_sentiment[0m:[36m1571[0m - [34m[1mAMD sentiment scaled -0.65 \u2192 -0.24 (count=1, sources=1, scale=0.37)[0m
[32m2026-09-09 18:16:20.936[0m | [1mINFO    [0m | [36msrc.analysis.sentiment[0m:[36manalyse_sentiment[0m:[36m1515[0m - [1mAMD raw_sentiment=-0.05 (local, 1 articles)[0m
[32m2026-09-09 18:16:20.936[0m | [34m[1mDEBUG   [0m | [36msrc.analysis.sentiment[0m:[36manalyse_sentiment[0m:[36m1571[0m - [34m[1mAMD sentiment scaled -0.05 \u2192 -0.02 (count=1, sources=1, scale=0.37)[0m
[32m2026-09-09 18:16:22.631[0m | [1mINFO    [0m | [36msrc.analysis.sentiment[0m:[36manalyse_sentiment[0m:[36m1515[0m - [1mAMD raw_sentiment=-0.10 (local, 1 articles)[0m
[32m2026-09-09 18:16:22.631[0m | [34m[1mDEBUG   [0m | [36msrc.analysis.sentiment[0m:[36manalyse_sentiment[0m:[36m1571[0m - [34m[1mAMD sentiment scaled -0.10 \u2192 -0.04 (count=1, sources=1, scale=0.37)[0m
  2026-08-07: 1 tickers in 39s
[32m2026-09-09 18:16:27.112[0m | [1mINFO    [0m | [36msrc.analysis.sentiment[0m:[36manalyse_sentiment[0m:[36m1515[0m - [1mAMN raw_sentiment=+0.15 (local, 1 articles)[0m
[32m2026-09-09 18:16:27.113[0m | [34m[1mDEBUG   [0m | [36msrc.analysis.sentiment[0m:[36manalyse_sentiment[0m:[36m1571[0m - [34m[1mAMN sentiment scaled +0.15 \u2192 +0.06 (count=1, sources=1, scale=0.40)[0m
[32m2026-09-09 18:16:29.040[0m | [1mINFO    [0m | [36msrc.analysis.sentiment[0m:[36manalyse_sentiment[0m:[36m1515[0m - [1mAMN raw_sentiment=+0.15 (local, 2 articles)[0m
[32m2026-09-09 18:16:29.040[0m | [34m[1mDEBUG   [0m | [36msrc.analysis.sentiment[0m:[36manalyse_sentiment[0m:[36m1571[0m - [34m[1mAMN sentiment scaled +0.15 \u2192 +0.06 (count=2, sources=1, scale=0.39)[0m
[32m2026-09-09 18:16:31.213[0m | [1mINFO    [0m | [36msrc.analysis.sentiment[0m:[36manalyse_sentiment[0m:[36m1515[0m - [1mAMN raw_sentiment=+0.15 (local, 1 articles)[0m
[32m2026-09-09 18:16:31.213[0m | [34m[1mDEBUG   [0m | [36msrc.analysis.sentiment[0m:[36manalyse_sentiment[0m:[36m1571[0m - [34m[1mAMN sentiment scaled +0.15 \u2192 +0.05 (count=1, sources=1, scale=0.33)[0m
[32m2026-09-09 18:16:33.652[0m | [1mINFO    [0m | [36msrc.analysis.sentiment[0m:[36manalyse_sentiment[0m:[36m1515[0m - [1mAMN raw_sentiment=+0.65 (local, 1 articles)[0m
[32m2026-09-09 18:16:33.652[0m | [34m[1mDEBUG   [0m | [36msrc.analysis.sentiment[0m:[36manalyse_sentiment[0m:[36m1571[0m - [34m[1mAMN sentiment scaled +0.65 \u2192 +0.21 (count=1, sources=1, scale=0.33)[0m
[32m2026-09-09 18:16:35.608[0m | [1mINFO    [0m | [36msrc.analysis.sentiment[0m:[36manalyse_sentiment[0m:[36m1515[0m - [1mAMN raw_sentiment=+0.65 (local, 1 articles)[0m
[32m2026-09-09 18:16:35.608[0m | [34m[1mDEBUG   [0m | [36msrc.analysis.sentiment[0m:[36manalyse_sentiment[0m:[36m1571[0m - [34m[1mAMN sentiment scaled +0.65 \u2192 +0.21 (count=1, sources=1, scale=0.32)[0m
[32m2026-09-09 18:16:37.158[0m | [1mINFO    [0m | [36msrc.analysis.sentiment[0m:[36manalyse_sentiment[0m:[36m1515[0m - [1mAMN raw_sentiment=+0.25 (local, 1 articles)[0m
[32m2026-09-09 18:16:37.159[0m | [34m[1mDEBUG   [0m | [36msrc.analysis.sentiment[0m:[36manalyse_sentiment[0m:[36m1571[0m - [34m[1mAMN sentiment scaled +0.25 \u2192 +0.08 (count=1, sources=1, scale=0.32)[0m
[32m2026-09-09 18:16:38.961[0m | [1mINFO    [0m | [36msrc.analysis.sentiment[0m:[36manalyse_sentiment[0m:[36m1515[0m - [1mAMN raw_sentiment=+0.65 (local, 1 articles)[0m
[32m2026-09-09 18:16:38.961[0m | [34m[1mDEBUG   [0m | [36msrc.analysis.sentiment[0m:[36manalyse_sentiment[0m:[36m1571[0m - [34m[1mAMN sentiment scaled +0.65 \u2192 +0.21 (count=1, sources=1, scale=0.32)[0m
[32m2026-09-09 18:16:40.605[0m | [1mINFO    [0m | [36msrc.analysis.sentiment[0m:[36manalyse_sentiment[0m:[36m1515[0m - [1mAMN raw_sentiment=-0.05 (local, 1 articles)[0m
[32m2026-09-09 18:16:40.605[0m | [34m[1mDEBUG   [0m | [36msrc.analysis.sentiment[0m:[36manalyse_sentiment[0m:[36m1571[0m - [34m[1mAMN sentiment scaled -0.05 \u2192 -0.02 (count=1, sources=1, scale=0.32)[0m
[32m2026-09-09 18:16:42.508[0m | [1mINFO    [0m | [36msrc.analysis.sentiment[0m:[36manalyse_sentiment[0m:[36m1515[0m - [1mAMN raw_sentiment=+0.65 (local, 1 articles)[0m
[32m2026-09-09 18:16:42.509[0m | [34m[1mDEBUG   [0m | [36msrc.analysis.sentiment[0m:[36manalyse_sentiment[0m:[36m1571[0m - [34m[1mAMN sentiment scaled +0.65 \u2192 +0.21 (count=1, sources=1, scale=0.32)[0m
  2026-08-12: 1 tickers in 19s
[32m2026-09-09 18:16:46.694[0m | [1mINFO    [0m | [36msrc.analysis.sentiment[0m:[36manalyse_sentiment[0m:[36m1515[0m - [1mACM raw_sentiment=-0.25 (local, 1 articles)[0m
[32m2026-09-09 18:16:46.695[0m | [34m[1mDEBUG   [0m | [36msrc.analysis.sentiment[0m:[36manalyse_sentiment[0m:[36m1571[0m - [34m[1mACM sentiment scaled -0.25 \u2192 -0.09 (count=1, sources=1, scale=0.36)[0m
[32m2026-09-09 18:16:48.979[0m | [1mINFO    [0m | [36msrc.analysis.sentiment[0m:[36manalyse_sentiment[0m:[36m1515[0m - [1mACM raw_sentiment=-0.85 (local, 2 articles)[0m
[32m2026-09-09 18:16:48.979[0m | [34m[1mDEBUG   [0m | [36msrc.analysis.sentiment[0m:[36manalyse_sentiment[0m:[36m1571[0m - [34m[1mACM sentiment scaled -0.85 \u2192 -0.41 (count=2, sources=2, scale=0.48)[0m
[32m2026-09-09 18:16:51.144[0m | [1mINFO    [0m | [36msrc.analysis.sentiment[0m:[36manalyse_sentiment[0m:[36m1515[0m - [1mACM raw_sentiment=-0.65 (local, 1 articles)[0m
[32m2026-09-09 18:16:51.144[0m | [34m[1mDEBUG   [0m | [36msrc.analysis.sentiment[0m:[36manalyse_sentiment[0m:[36m1571[0m - [34m[1mACM sentiment scaled -0.65 \u2192 -0.23 (count=1, sources=1, scale=0.35)[0m
[32m2026-09-09 18:16:52.940[0m | [1mINFO    [0m | [36msrc.analysis.sentiment[0m:[36manalyse_sentiment[0m:[36m1515[0m - [1mACM raw_sentiment=-0.15 (local, 1 articles)[0m
[32m2026-09-09 18:16:52.940[0m | [34m[1mDEBUG   [0m | [36msrc.analysis.sentiment[0m:[36manalyse_sentiment[0m:[36m1571[0m - [34m[1mACM sentiment scaled -0.15 \u2192 -0.05 (count=1, sources=1, scale=0.35)[0m
[32m2026-09-09 18:16:54.712[0m | [1mINFO    [0m | [36msrc.analysis.sentiment[0m:[36manalyse_sentiment[0m:[36m1515[0m - [1mACM raw_sentiment=-0.65 (local, 1 articles)[0m
[32m2026-09-09 18:16:54.712[0m | [34m[1mDEBUG   [0m | [36msrc.analysis.sentiment[0m:[36manalyse_sentiment[0m:[36m1571[0m - [34m[1mACM sentiment scaled -0.65 \u2192 -0.23 (count=1, sources=1, scale=0.35)[0m
[32m2026-09-09 18:16:56.552[0m | [1mINFO    [0m | [36msrc.analysis.sentiment[0m:[36manalyse_sentiment[0m:[36m1515[0m - [1mACM raw_sentiment=-0.45 (local, 2 articles)[0m
[32m2026-09-09 18:16:56.552[0m | [34m[1mDEBUG   [0m | [36msrc.analysis.sentiment[0m:[36manalyse_sentiment[0m:[36m1571[0m - [34m[1mACM sentiment scaled -0.45 \u2192 -0.15 (count=2, sources=1, scale=0.34)[0m
[32m2026-09-09 18:16:58.472[0m | [1mINFO    [0m | [36msrc.analysis.sentiment[0m:[36manalyse_sentiment[0m:[36m1515[0m - [1mACM raw_sentiment=-0.65 (local, 1 articles)[0m
[32m2026-09-09 18:16:58.472[0m | [34m[1mDEBUG   [0m | [36msrc.analysis.sentiment[0m:[36manalyse_sentiment[0m:[36m1571[0m - [34m[1mACM sentiment scaled -0.65 \u2192 -0.22 (count=1, sources=1, scale=0.34)[0m
[32m2026-09-09 18:17:00.790[0m | [1mINFO    [0m | [36msrc.analysis.sentiment[0m:[36manalyse_sentiment[0m:[36m1515[0m - [1mACM raw_sentiment=+0.25 (local, 1 articles)[0m
[32m2026-09-09 18:17:00.790[0m | [34m[1mDEBUG   [0m | [36msrc.analysis.sentiment[0m:[36manalyse_sentiment[0m:[36m1571[0m - [34m[1mACM sentiment scaled +0.25 \u2192 +0.08 (count=1, sources=1, scale=0.32)[0m
  2026-08-13: 1 tickers in 17s
[32m2026-09-09 18:17:05.354[0m | [1mINFO    [0m | [36msrc.analysis.sentiment[0m:[36manalyse_sentiment[0m:[36m1515[0m - [1mAMBQ raw_sentiment=+0.65 (local, 1 articles)[0m
[32m2026-09-09 18:17:05.355[0m | [34m[1mDEBUG   [0m | [36msrc.analysis.sentiment[0m:[36manalyse_sentiment[0m:[36m1571[0m - [34m[1mAMBQ sentiment scaled +0.65 \u2192 +0.22 (count=1, sources=1, scale=0.34)[0m
[32m2026-09-09 18:17:07.294[0m | [1mINFO    [0m | [36msrc.analysis.sentiment[0m:[36manalyse_sentiment[0m:[36m1515[0m - [1mAMBQ raw_sentiment=+0.45 (local, 1 articles)[0m
[32m2026-09-09 18:17:07.294[0m | [34m[1mDEBUG   [0m | [36msrc.analysis.sentiment[0m:[36manalyse_sentiment[0m:[36m1571[0m - [34m[1mAMBQ sentiment scaled +0.45 \u2192 +0.15 (count=1, sources=1, scale=0.34)[0m
[32m2026-09-09 18:17:08.842[0m | [1mINFO    [0m | [36msrc.analysis.sentiment[0m:[36manalyse_sentiment[0m:[36m1515[0m - [1mAMBQ raw_sentiment=-0.05 (local, 1 articles)[0m
[32m2026-09-09 18:17:08.842[0m | [34m[1mDEBUG   [0m | [36msrc.analysis.sentiment[0m:[36manalyse_sentiment[0m:[36m1571[0m - [34m[1mAMBQ sentiment scaled -0.05 \u2192 -0.02 (count=1, sources=1, scale=0.34)[0m
[32m2026-09-09 18:17:10.953[0m | [1mINFO    [0m | [36msrc.analysis.sentiment[0m:[36manalyse_sentiment[0m:[36m1515[0m - [1mAMBQ raw_sentiment=+0.65 (local, 1 articles)[0m
[32m2026-09-09 18:17:10.953[0m | [34m[1mDEBUG   [0m | [36msrc.analysis.sentiment[0m:[36manalyse_sentiment[0m:[36m1571[0m - [34m[1mAMBQ sentiment scaled +0.65 \u2192 +0.22 (count=1, sources=1, scale=0.33)[0m
[32m2026-09-09 18:17:12.881[0m | [1mINFO    [0m | [36msrc.analysis.sentiment[0m:[36manalyse_sentiment[0m:[36m1515[0m - [1mAMBQ raw_sentiment=+0.35 (local, 1 articles)[0m
[32m2026-09-09 18:17:12.881[0m | [34m[1mDEBUG   [0m | [36msrc.analysis.sentiment[0m:[36manalyse_sentiment[0m:[36m1571[0m - [34m[1mAMBQ sentiment scaled +0.35 \u2192 +0.12 (count=1, sources=1, scale=0.33)[0m
[32m2026-09-09 18:17:14.643[0m | [1mINFO    [0m | [36msrc.analysis.sentiment[0m:[36manalyse_sentiment[0m:[36m1515[0m - [1mAMBQ raw_sentiment=+0.35 (local, 1 articles)[0m
[32m2026-09-09 18:17:14.643[0m | [34m[1mDEBUG   [0m | [36msrc.analysis.sentiment[0m:[36manalyse_sentiment[0m:[36m1571[0m - [34m[1mAMBQ sentiment scaled +0.35 \u2192 +0.12 (count=1, sources=1, scale=0.33)[0m
[32m2026-09-09 18:17:17.361[0m | [1mINFO    [0m | [36msrc.analysis.sentiment[0m:[36manalyse_sentiment[0m:[36m1515[0m - [1mAPOS raw_sentiment=+0.15 (local, 1 articles)[0m
[32m2026-09-09 18:17:17.361[0m | [34m[1mDEBUG   [0m | [36msrc.analysis.sentiment[0m:[36manalyse_sentiment[0m:[36m1571[0m - [34m[1mAPOS sentiment scaled +0.15 \u2192 +0.05 (count=1, sources=1, scale=0.34)[0m
[32m2026-09-09 18:17:19.932[0m | [1mINFO    [0m | [36msrc.analysis.sentiment[0m:[36manalyse_sentiment[0m:[36m1515[0m - [1mAPOS raw_sentiment=+0.65 (local, 1 articles)[0m
[32m2026-09-09 18:17:19.932[0m | [34m[1mDEBUG   [0m | [36msrc.analysis.sentiment[0m:[36manalyse_sentiment[0m:[36m1571[0m - [34m[1mAPOS sentiment scaled +0.65 \u2192 +0.22 (count=1, sources=1, scale=0.33)[0m
[32m2026-09-09 18:17:22.468[0m | [1mINFO    [0m | [36msrc.analysis.sentiment[0m:[36manalyse_sentiment[0m:[36m1515[0m - [1mAPOS raw_sentiment=+0.65 (local, 4 articles)[0m
[32m2026-09-09 18:17:22.468[0m | [34m[1mDEBUG   [0m | [36msrc.analysis.sentiment[0m:[36manalyse_sentiment[0m:[36m1571[0m - [34m[1mAPOS sentiment scaled +0.65 \u2192 +0.32 (count=4, sources=4, scale=0.50)[0m
[32m2026-09-09 18:17:24.297[0m | [1mINFO    [0m | [36msrc.analysis.sentiment[0m:[36manalyse_sentiment[0m:[36m1515[0m - [1mAPOS raw_sentiment=+0.75 (local, 1 articles)[0m
[32m2026-09-09 18:17:24.297[0m | [34m[1mDEBUG   [0m | [36msrc.analysis.sentiment[0m:[36manalyse_sentiment[0m:[36m1571[0m - [34m[1mAPOS sentiment scaled +0.75 \u2192 +0.24 (count=1, sources=1, scale=0.33)[0m
[32m2026-09-09 18:17:26.657[0m | [1mINFO    [0m | [36msrc.analysis.sentiment[0m:[36manalyse_sentiment[0m:[36m1515[0m - [1mAPOS raw_sentiment=+0.00 (local, 1 articles)[0m
[32m2026-09-09 18:17:26.657[0m | [34m[1mDEBUG   [0m | [36msrc.analysis.sentiment[0m:[36manalyse_sentiment[0m:[36m1571[0m - [34m[1mAPOS sentiment scaled +0.00 \u2192 +0.00 (count=1, sources=1, scale=0.32)[0m
  2026-08-14: 2 tickers in 25s
[32m2026-09-09 18:17:30.054[0m | [1mINFO    [0m | [36msrc.analysis.sentiment[0m:[36manalyse_sentiment[0m:[36m1515[0m - [1mABBV raw_sentiment=+0.15 (local, 1 articles)[0m
[32m2026-09-09 18:17:30.054[0m | [34m[1mDEBUG   [0m | [36msrc.analysis.sentiment[0m:[36manalyse_sentiment[0m:[36m1571[0m - [34m[1mABBV sentiment scaled +0.15 \u2192 +0.05 (count=1, sources=1, scale=0.34)[0m
[32m2026-09-09 18:17:31.780[0m | [1mINFO    [0m | [36msrc.analysis.sentiment[0m:[36manalyse_sentiment[0m:[36m1515[0m - [1mABBV raw_sentiment=+0.00 (local, 1 articles)[0m
[32m2026-09-09 18:17:31.780[0m | [34m[1mDEBUG   [0m | [36msrc.analysis.sentiment[0m:[36manalyse_sentiment[0m:[36m1571[0m - [34m[1mABBV sentiment scaled +0.00 \u2192 +0.00 (count=1, sources=1, scale=0.32)[0m
[32m2026-09-09 18:17:33.538[0m | [1mINFO    [0m | [36msrc.analysis.sentiment[0m:[36manalyse_sentiment[0m:[36m1515[0m - [1mABBV raw_sentiment=+0.05 (local, 2 articles)[0m
[32m2026-09-09 18:17:33.538[0m | [34m[1mDEBUG   [0m | [36msrc.analysis.sentiment[0m:[36manalyse_sentiment[0m:[36m1571[0m - [34m[1mABBV sentiment scaled +0.05 \u2192 +0.02 (count=2, sources=2, scale=0.39)[0m
[32m2026-09-09 18:17:35.568[0m | [1mINFO    [0m | [36msrc.analysis.sentiment[0m:[36manalyse_sentiment[0m:[36m1515[0m - [1mABBV raw_sentiment=+0.05 (local, 1 articles)[0m
[32m2026-09-09 18:17:35.568[0m | [34m[1mDEBUG   [0m | [36msrc.analysis.sentiment[0m:[36manalyse_sentiment[0m:[36m1571[0m - [34m[1mABBV sentiment scaled +0.05 \u2192 +0.02 (count=1, sources=1, scale=0.32)[0m
[32m2026-09-09 18:17:37.579[0m | [1mINFO    [0m | [36msrc.analysis.sentiment[0m:[36manalyse_sentiment[0m:[36m1515[0m - [1mABBV raw_sentiment=+0.25 (local, 1 articles)[0m
[32m2026-09-09 18:17:37.579[0m | [34m[1mDEBUG   [0m | [36msrc.analysis.sentiment[0m:[36manalyse_sentiment[0m:[36m1571[0m - [34m[1mABBV sentiment scaled +0.25 \u2192 +0.08 (count=1, sources=1, scale=0.32)[0m
  2026-08-16: 1 tickers in 10s
[32m2026-09-09 18:17:41.348[0m | [1mINFO    [0m | [36msrc.analysis.sentiment[0m:[36manalyse_sentiment[0m:[36m1515[0m - [1mABCL raw_sentiment=-0.05 (local, 2 articles)[0m
[32m2026-09-09 18:17:41.348[0m | [34m[1mDEBUG   [0m | [36msrc.analysis.sentiment[0m:[36manalyse_sentiment[0m:[36m1571[0m - [34m[1mABCL sentiment scaled -0.05 \u2192 -0.02 (count=2, sources=1, scale=0.36)[0m
[32m2026-09-09 18:17:43.802[0m | [1mINFO    [0m | [36msrc.analysis.sentiment[0m:[36manalyse_sentiment[0m:[36m1515[0m - [1mABCL raw_sentiment=+0.45 (local, 1 articles)[0m
[32m2026-09-09 18:17:43.802[0m | [34m[1mDEBUG   [0m | [36msrc.analysis.sentiment[0m:[36manalyse_sentiment[0m:[36m1571[0m - [34m[1mABCL sentiment scaled +0.45 \u2192 +0.15 (count=1, sources=1, scale=0.33)[0m
[32m2026-09-09 18:17:45.969[0m | [1mINFO    [0m | [36msrc.analysis.sentiment[0m:[36manalyse_sentiment[0m:[36m1515[0m - [1mABCL raw_sentiment=+0.15 (local, 1 articles)[0m
[32m2026-09-09 18:17:45.969[0m | [34m[1mDEBUG   [0m | [36msrc.analysis.sentiment[0m:[36manalyse_sentiment[0m:[36m1571[0m - [34m[1mABCL sentiment scaled +0.15 \u2192 +0.05 (count=1, sources=1, scale=0.32)[0m
[32m2026-09-09 18:17:48.036[0m | [1mINFO    [0m | [36msrc.analysis.sentiment[0m:[36manalyse_sentiment[0m:[36m1515[0m - [1mABCL raw_sentiment=-0.15 (local, 3 articles)[0m
[32m2026-09-09 18:17:48.036[0m | [34m[1mDEBUG   [0m | [36msrc.analysis.sentiment[0m:[36manalyse_sentiment[0m:[36m1571[0m - [34m[1mABCL sentiment scaled -0.15 \u2192 -0.06 (count=3, sources=2, scale=0.39)[0m
[32m2026-09-09 18:17:50.089[0m | [1mINFO    [0m | [36msrc.analysis.sentiment[0m:[36manalyse_sentiment[0m:[36m1515[0m - [1mABCL raw_sentiment=+0.35 (local, 1 articles)[0m
[32m2026-09-09 18:17:50.089[0m | [34m[1mDEBUG   [0m | [36msrc.analysis.sentiment[0m:[36manalyse_sentiment[0m:[36m1571[0m - [34m[1mABCL sentiment scaled +0.35 \u2192 +0.11 (count=1, sources=1, scale=0.32)[0m
[32m2026-09-09 18:17:52.200[0m | [1mINFO    [0m | [36msrc.analysis.sentiment[0m:[36manalyse_sentiment[0m:[36m1515[0m - [1mABCL raw_sentiment=+0.65 (local, 1 articles)[0m
[32m2026-09-09 18:17:52.200[0m | [34m[1mDEBUG   [0m | [36msrc.analysis.sentiment[0m:[36manalyse_sentiment[0m:[36m1571[0m - [34m[1mABCL sentiment scaled +0.65 \u2192 +0.21 (count=1, sources=1, scale=0.32)[0m
[32m2026-09-09 18:17:54.098[0m | [1mINFO    [0m | [36msrc.analysis.sentiment[0m:[36manalyse_sentiment[0m:[36m1515[0m - [1mABCL raw_sentiment=-0.15 (local, 1 articles)[0m
[32m2026-09-09 18:17:54.098[0m | [34m[1mDEBUG   [0m | [36msrc.analysis.sentiment[0m:[36manalyse_sentiment[0m:[36m1571[0m - [34m[1mABCL sentiment scaled -0.15 \u2192 -0.05 (count=1, sources=1, scale=0.32)[0m
[32m2026-09-09 18:17:55.510[0m | [1mINFO    [0m | [36msrc.analysis.sentiment[0m:[36manalyse_sentiment[0m:[36m1515[0m - [1mABCL raw_sentiment=+0.00 (local, 1 articles)[0m
[32m2026-09-09 18:17:55.511[0m | [34m[1mDEBUG   [0m | [36msrc.analysis.sentiment[0m:[36manalyse_sentiment[0m:[36m1571[0m - [34m[1mABCL sentiment scaled +0.00 \u2192 +0.00 (count=1, sources=1, scale=0.32)[0m
[32m2026-09-09 18:17:57.592[0m | [1mINFO    [0m | [36msrc.analysis.sentiment[0m:[36manalyse_sentiment[0m:[36m1515[0m - [1mABCL raw_sentiment=+0.25 (local, 1 articles)[0m
[32m2026-09-09 18:17:57.592[0m | [34m[1mDEBUG   [0m | [36msrc.analysis.sentiment[0m:[36manalyse_sentiment[0m:[36m1571[0m - [34m[1mABCL sentiment scaled +0.25 \u2192 +0.08 (count=1, sources=1, scale=0.32)[0m
[32m2026-09-09 18:17:59.627[0m | [1mINFO    [0m | [36msrc.analysis.sentiment[0m:[36manalyse_sentiment[0m:[36m1515[0m - [1mABCL raw_sentiment=+0.15 (local, 1 articles)[0m
[32m2026-09-09 18:17:59.627[0m | [34m[1mDEBUG   [0m | [36msrc.analysis.sentiment[0m:[36manalyse_sentiment[0m:[36m1571[0m - [34m[1mABCL sentiment scaled +0.15 \u2192 +0.05 (count=1, sources=1, scale=0.32)[0m
[32m2026-09-09 18:18:01.819[0m | [1mINFO    [0m | [36msrc.analysis.sentiment[0m:[36manalyse_sentiment[0m:[36m1515[0m - [1mABCL raw_sentiment=+0.00 (local, 1 articles)[0m
[32m2026-09-09 18:18:01.819[0m | [34m[1mDEBUG   [0m | [36msrc.analysis.sentiment[0m:[36manalyse_sentiment[0m:[36m1571[0m - [34m[1mABCL sentiment scaled +0.00 \u2192 +0.00 (count=1, sources=1, scale=0.32)[0m
[32m2026-09-09 18:18:03.802[0m | [1mINFO    [0m | [36msrc.analysis.sentiment[0m:[36manalyse_sentiment[0m:[36m1515[0m - [1mABCL raw_sentiment=+0.15 (local, 1 articles)[0m
[32m2026-09-09 18:18:03.803[0m | [34m[1mDEBUG   [0m | [36msrc.analysis.sentiment[0m:[36manalyse_sentiment[0m:[36m1571[0m - [34m[1mABCL sentiment scaled +0.15 \u2192 +0.05 (count=1, sources=1, scale=0.32)[0m
[32m2026-09-09 18:18:05.637[0m | [1mINFO    [0m | [36msrc.analysis.sentiment[0m:[36manalyse_sentiment[0m:[36m1515[0m - [1mABCL raw_sentiment=+0.15 (local, 1 articles)[0m
[32m2026-09-09 18:18:05.637[0m | [34m[1mDEBUG   [0m | [36msrc.analysis.sentiment[0m:[36manalyse_sentiment[0m:[36m1571[0m - [34m[1mABCL sentiment scaled +0.15 \u2192 +0.05 (count=1, sources=1, scale=0.32)[0m
  2026-08-17: 1 tickers in 27s

done -> runs/cluster_ab.jsonl
