resuming: 0 done
[32m2026-09-10 05:17:35.165[0m | [1mINFO    [0m | [36msrc.analysis.sentiment[0m:[36manalyse_sentiment[0m:[36m1515[0m - [1mADPT raw_sentiment=+0.15 (local, 1 articles)[0m
[32m2026-09-10 05:17:35.165[0m | [34m[1mDEBUG   [0m | [36msrc.analysis.sentiment[0m:[36manalyse_sentiment[0m:[36m1571[0m - [34m[1mADPT sentiment scaled +0.15 \u2192 +0.07 (count=1, sources=1, scale=0.44)[0m
[32m2026-09-10 05:17:37.914[0m | [1mINFO    [0m | [36msrc.analysis.sentiment[0m:[36manalyse_sentiment[0m:[36m1515[0m - [1mADPT raw_sentiment=-0.35 (local, 3 articles)[0m
[32m2026-09-10 05:17:37.924[0m | [34m[1mDEBUG   [0m | [36msrc.analysis.sentiment[0m:[36manalyse_sentiment[0m:[36m1571[0m - [34m[1mADPT sentiment scaled -0.35 \u2192 -0.21 (count=3, sources=3, scale=0.59)[0m
[32m2026-09-10 05:17:40.428[0m | [1mINFO    [0m | [36msrc.analysis.sentiment[0m:[36manalyse_sentiment[0m:[36m1515[0m - [1mADPT raw_sentiment=-0.05 (local, 2 articles)[0m
[32m2026-09-10 05:17:40.429[0m | [34m[1mDEBUG   [0m | [36msrc.analysis.sentiment[0m:[36manalyse_sentiment[0m:[36m1571[0m - [34m[1mADPT sentiment scaled -0.05 \u2192 -0.02 (count=2, sources=2, scale=0.42)[0m
[32m2026-09-10 05:17:42.022[0m | [1mINFO    [0m | [36msrc.analysis.sentiment[0m:[36manalyse_sentiment[0m:[36m1515[0m - [1mADPT raw_sentiment=+0.25 (local, 1 articles)[0m
[32m2026-09-10 05:17:42.022[0m | [34m[1mDEBUG   [0m | [36msrc.analysis.sentiment[0m:[36manalyse_sentiment[0m:[36m1571[0m - [34m[1mADPT sentiment scaled +0.25 \u2192 +0.08 (count=1, sources=1, scale=0.32)[0m
  2026-06-17: 1 tickers in 10s
[32m2026-09-10 05:17:44.870[0m | [1mINFO    [0m | [36msrc.analysis.sentiment[0m:[36manalyse_sentiment[0m:[36m1515[0m - [1mAMKR raw_sentiment=+0.15 (local, 2 articles)[0m
[32m2026-09-10 05:17:44.870[0m | [34m[1mDEBUG   [0m | [36msrc.analysis.sentiment[0m:[36manalyse_sentiment[0m:[36m1571[0m - [34m[1mAMKR sentiment scaled +0.15 \u2192 +0.06 (count=2, sources=1, scale=0.40)[0m
[32m2026-09-10 05:17:47.241[0m | [1mINFO    [0m | [36msrc.analysis.sentiment[0m:[36manalyse_sentiment[0m:[36m1515[0m - [1mAMKR raw_sentiment=+0.25 (local, 1 articles)[0m
[32m2026-09-10 05:17:47.241[0m | [34m[1mDEBUG   [0m | [36msrc.analysis.sentiment[0m:[36manalyse_sentiment[0m:[36m1571[0m - [34m[1mAMKR sentiment scaled +0.25 \u2192 +0.10 (count=1, sources=1, scale=0.39)[0m
[32m2026-09-10 05:17:49.403[0m | [1mINFO    [0m | [36msrc.analysis.sentiment[0m:[36manalyse_sentiment[0m:[36m1515[0m - [1mAMKR raw_sentiment=+0.45 (local, 3 articles)[0m
[32m2026-09-10 05:17:49.403[0m | [34m[1mDEBUG   [0m | [36msrc.analysis.sentiment[0m:[36manalyse_sentiment[0m:[36m1571[0m - [34m[1mAMKR sentiment scaled +0.45 \u2192 +0.27 (count=3, sources=3, scale=0.59)[0m
[32m2026-09-10 05:17:50.984[0m | [1mINFO    [0m | [36msrc.analysis.sentiment[0m:[36manalyse_sentiment[0m:[36m1515[0m - [1mAMKR raw_sentiment=+0.05 (local, 1 articles)[0m
[32m2026-09-10 05:17:50.984[0m | [34m[1mDEBUG   [0m | [36msrc.analysis.sentiment[0m:[36manalyse_sentiment[0m:[36m1571[0m - [34m[1mAMKR sentiment scaled +0.05 \u2192 +0.02 (count=1, sources=1, scale=0.36)[0m
[32m2026-09-10 05:17:52.907[0m | [1mINFO    [0m | [36msrc.analysis.sentiment[0m:[36manalyse_sentiment[0m:[36m1515[0m - [1mAMKR raw_sentiment=-0.05 (local, 1 articles)[0m
[32m2026-09-10 05:17:52.907[0m | [34m[1mDEBUG   [0m | [36msrc.analysis.sentiment[0m:[36manalyse_sentiment[0m:[36m1571[0m - [34m[1mAMKR sentiment scaled -0.05 \u2192 -0.02 (count=1, sources=1, scale=0.33)[0m
[32m2026-09-10 05:17:54.719[0m | [1mINFO    [0m | [36msrc.analysis.sentiment[0m:[36manalyse_sentiment[0m:[36m1515[0m - [1mAMKR raw_sentiment=+0.15 (local, 1 articles)[0m
[32m2026-09-10 05:17:54.719[0m | [34m[1mDEBUG   [0m | [36msrc.analysis.sentiment[0m:[36manalyse_sentiment[0m:[36m1571[0m - [34m[1mAMKR sentiment scaled +0.15 \u2192 +0.05 (count=1, sources=1, scale=0.33)[0m
[32m2026-09-10 05:17:56.874[0m | [1mINFO    [0m | [36msrc.analysis.sentiment[0m:[36manalyse_sentiment[0m:[36m1515[0m - [1mAMKR raw_sentiment=+0.05 (local, 1 articles)[0m
[32m2026-09-10 05:17:56.874[0m | [34m[1mDEBUG   [0m | [36msrc.analysis.sentiment[0m:[36manalyse_sentiment[0m:[36m1571[0m - [34m[1mAMKR sentiment scaled +0.05 \u2192 +0.02 (count=1, sources=1, scale=0.32)[0m
[32m2026-09-10 05:17:59.097[0m | [1mINFO    [0m | [36msrc.analysis.sentiment[0m:[36manalyse_sentiment[0m:[36m1515[0m - [1mAMKR raw_sentiment=+0.00 (local, 2 articles)[0m
[32m2026-09-10 05:17:59.098[0m | [34m[1mDEBUG   [0m | [36msrc.analysis.sentiment[0m:[36manalyse_sentiment[0m:[36m1571[0m - [34m[1mAMKR sentiment scaled +0.00 \u2192 +0.00 (count=2, sources=1, scale=0.32)[0m
[32m2026-09-10 05:18:01.438[0m | [1mINFO    [0m | [36msrc.analysis.sentiment[0m:[36manalyse_sentiment[0m:[36m1515[0m - [1mAMKR raw_sentiment=-0.15 (local, 1 articles)[0m
[32m2026-09-10 05:18:01.438[0m | [34m[1mDEBUG   [0m | [36msrc.analysis.sentiment[0m:[36manalyse_sentiment[0m:[36m1571[0m - [34m[1mAMKR sentiment scaled -0.15 \u2192 -0.05 (count=1, sources=1, scale=0.32)[0m
  2026-06-18: 1 tickers in 19s
[32m2026-09-10 05:18:03.763[0m | [1mINFO    [0m | [36msrc.analysis.sentiment[0m:[36manalyse_sentiment[0m:[36m1515[0m - [1mAVGO raw_sentiment=+0.25 (local, 1 articles)[0m
[32m2026-09-10 05:18:03.763[0m | [34m[1mDEBUG   [0m | [36msrc.analysis.sentiment[0m:[36manalyse_sentiment[0m:[36m1571[0m - [34m[1mAVGO sentiment scaled +0.25 \u2192 +0.11 (count=1, sources=1, scale=0.44)[0m
[32m2026-09-10 05:18:06.131[0m | [1mINFO    [0m | [36msrc.analysis.sentiment[0m:[36manalyse_sentiment[0m:[36m1515[0m - [1mAVGO raw_sentiment=+0.35 (local, 2 articles)[0m
[32m2026-09-10 05:18:06.132[0m | [34m[1mDEBUG   [0m | [36msrc.analysis.sentiment[0m:[36manalyse_sentiment[0m:[36m1571[0m - [34m[1mAVGO sentiment scaled +0.35 \u2192 +0.15 (count=2, sources=2, scale=0.43)[0m
[32m2026-09-10 05:18:08.352[0m | [1mINFO    [0m | [36msrc.analysis.sentiment[0m:[36manalyse_sentiment[0m:[36m1515[0m - [1mAVGO raw_sentiment=+0.05 (local, 1 articles)[0m
[32m2026-09-10 05:18:08.352[0m | [34m[1mDEBUG   [0m | [36msrc.analysis.sentiment[0m:[36manalyse_sentiment[0m:[36m1571[0m - [34m[1mAVGO sentiment scaled +0.05 \u2192 +0.02 (count=1, sources=1, scale=0.33)[0m
[32m2026-09-10 05:18:10.339[0m | [1mINFO    [0m | [36msrc.analysis.sentiment[0m:[36manalyse_sentiment[0m:[36m1515[0m - [1mAVGO raw_sentiment=+0.15 (local, 1 articles)[0m
[32m2026-09-10 05:18:10.339[0m | [34m[1mDEBUG   [0m | [36msrc.analysis.sentiment[0m:[36manalyse_sentiment[0m:[36m1571[0m - [34m[1mAVGO sentiment scaled +0.15 \u2192 +0.05 (count=1, sources=1, scale=0.33)[0m
[32m2026-09-10 05:18:12.352[0m | [1mINFO    [0m | [36msrc.analysis.sentiment[0m:[36manalyse_sentiment[0m:[36m1515[0m - [1mAVGO raw_sentiment=+0.15 (local, 1 articles)[0m
[32m2026-09-10 05:18:12.352[0m | [34m[1mDEBUG   [0m | [36msrc.analysis.sentiment[0m:[36manalyse_sentiment[0m:[36m1571[0m - [34m[1mAVGO sentiment scaled +0.15 \u2192 +0.05 (count=1, sources=1, scale=0.32)[0m
[32m2026-09-10 05:18:14.112[0m | [1mINFO    [0m | [36msrc.analysis.sentiment[0m:[36manalyse_sentiment[0m:[36m1515[0m - [1mAVGO raw_sentiment=-0.05 (local, 1 articles)[0m
[32m2026-09-10 05:18:14.112[0m | [34m[1mDEBUG   [0m | [36msrc.analysis.sentiment[0m:[36manalyse_sentiment[0m:[36m1571[0m - [34m[1mAVGO sentiment scaled -0.05 \u2192 -0.02 (count=1, sources=1, scale=0.32)[0m
[32m2026-09-10 05:18:16.298[0m | [1mINFO    [0m | [36msrc.analysis.sentiment[0m:[36manalyse_sentiment[0m:[36m1515[0m - [1mAVGO raw_sentiment=+0.25 (local, 2 articles)[0m
[32m2026-09-10 05:18:16.298[0m | [34m[1mDEBUG   [0m | [36msrc.analysis.sentiment[0m:[36manalyse_sentiment[0m:[36m1571[0m - [34m[1mAVGO sentiment scaled +0.25 \u2192 +0.10 (count=2, sources=2, scale=0.39)[0m
[32m2026-09-10 05:18:17.779[0m | [1mINFO    [0m | [36msrc.analysis.sentiment[0m:[36manalyse_sentiment[0m:[36m1515[0m - [1mAVGO raw_sentiment=-0.05 (local, 1 articles)[0m
[32m2026-09-10 05:18:17.780[0m | [34m[1mDEBUG   [0m | [36msrc.analysis.sentiment[0m:[36manalyse_sentiment[0m:[36m1571[0m - [34m[1mAVGO sentiment scaled -0.05 \u2192 -0.02 (count=1, sources=1, scale=0.32)[0m
[32m2026-09-10 05:18:19.954[0m | [1mINFO    [0m | [36msrc.analysis.sentiment[0m:[36manalyse_sentiment[0m:[36m1515[0m - [1mAVGO raw_sentiment=-0.15 (local, 1 articles)[0m
[32m2026-09-10 05:18:19.954[0m | [34m[1mDEBUG   [0m | [36msrc.analysis.sentiment[0m:[36manalyse_sentiment[0m:[36m1571[0m - [34m[1mAVGO sentiment scaled -0.15 \u2192 -0.05 (count=1, sources=1, scale=0.32)[0m
[32m2026-09-10 05:18:21.549[0m | [1mINFO    [0m | [36msrc.analysis.sentiment[0m:[36manalyse_sentiment[0m:[36m1515[0m - [1mAVGO raw_sentiment=-0.05 (local, 1 articles)[0m
[32m2026-09-10 05:18:21.549[0m | [34m[1mDEBUG   [0m | [36msrc.analysis.sentiment[0m:[36manalyse_sentiment[0m:[36m1571[0m - [34m[1mAVGO sentiment scaled -0.05 \u2192 -0.02 (count=1, sources=1, scale=0.32)[0m
[32m2026-09-10 05:18:23.654[0m | [1mINFO    [0m | [36msrc.analysis.sentiment[0m:[36manalyse_sentiment[0m:[36m1515[0m - [1mAVGO raw_sentiment=+0.15 (local, 1 articles)[0m
[32m2026-09-10 05:18:23.654[0m | [34m[1mDEBUG   [0m | [36msrc.analysis.sentiment[0m:[36manalyse_sentiment[0m:[36m1571[0m - [34m[1mAVGO sentiment scaled +0.15 \u2192 +0.05 (count=1, sources=1, scale=0.32)[0m
[32m2026-09-10 05:18:25.830[0m | [1mINFO    [0m | [36msrc.analysis.sentiment[0m:[36manalyse_sentiment[0m:[36m1515[0m - [1mAVGO raw_sentiment=+0.25 (local, 1 articles)[0m
[32m2026-09-10 05:18:25.831[0m | [34m[1mDEBUG   [0m | [36msrc.analysis.sentiment[0m:[36manalyse_sentiment[0m:[36m1571[0m - [34m[1mAVGO sentiment scaled +0.25 \u2192 +0.08 (count=1, sources=1, scale=0.32)[0m
[32m2026-09-10 05:18:28.495[0m | [1mINFO    [0m | [36msrc.analysis.sentiment[0m:[36manalyse_sentiment[0m:[36m1515[0m - [1mAVGO raw_sentiment=+0.15 (local, 2 articles)[0m
[32m2026-09-10 05:18:28.495[0m | [34m[1mDEBUG   [0m | [36msrc.analysis.sentiment[0m:[36manalyse_sentiment[0m:[36m1571[0m - [34m[1mAVGO sentiment scaled +0.15 \u2192 +0.06 (count=2, sources=2, scale=0.39)[0m
[32m2026-09-10 05:18:30.671[0m | [1mINFO    [0m | [36msrc.analysis.sentiment[0m:[36manalyse_sentiment[0m:[36m1515[0m - [1mAVGO raw_sentiment=-0.10 (local, 2 articles)[0m
[32m2026-09-10 05:18:30.672[0m | [34m[1mDEBUG   [0m | [36msrc.analysis.sentiment[0m:[36manalyse_sentiment[0m:[36m1571[0m - [34m[1mAVGO sentiment scaled -0.10 \u2192 -0.04 (count=2, sources=2, scale=0.39)[0m
[32m2026-09-10 05:18:32.282[0m | [1mINFO    [0m | [36msrc.analysis.sentiment[0m:[36manalyse_sentiment[0m:[36m1515[0m - [1mAVGO raw_sentiment=-0.15 (local, 1 articles)[0m
[32m2026-09-10 05:18:32.282[0m | [34m[1mDEBUG   [0m | [36msrc.analysis.sentiment[0m:[36manalyse_sentiment[0m:[36m1571[0m - [34m[1mAVGO sentiment scaled -0.15 \u2192 -0.05 (count=1, sources=1, scale=0.32)[0m
[32m2026-09-10 05:18:34.337[0m | [1mINFO    [0m | [36msrc.analysis.sentiment[0m:[36manalyse_sentiment[0m:[36m1515[0m - [1mAVGO raw_sentiment=+0.15 (local, 1 articles)[0m
[32m2026-09-10 05:18:34.337[0m | [34m[1mDEBUG   [0m | [36msrc.analysis.sentiment[0m:[36manalyse_sentiment[0m:[36m1571[0m - [34m[1mAVGO sentiment scaled +0.15 \u2192 +0.05 (count=1, sources=1, scale=0.32)[0m
  2026-06-22: 1 tickers in 32s
[32m2026-09-10 05:18:37.095[0m | [1mINFO    [0m | [36msrc.analysis.sentiment[0m:[36manalyse_sentiment[0m:[36m1515[0m - [1mAMZN raw_sentiment=-0.60 (local, 1 articles)[0m
[32m2026-09-10 05:18:37.095[0m | [34m[1mDEBUG   [0m | [36msrc.analysis.sentiment[0m:[36manalyse_sentiment[0m:[36m1571[0m - [34m[1mAMZN sentiment scaled -0.60 \u2192 -0.27 (count=1, sources=1, scale=0.45)[0m
[32m2026-09-10 05:18:39.348[0m | [1mINFO    [0m | [36msrc.analysis.sentiment[0m:[36manalyse_sentiment[0m:[36m1515[0m - [1mAMZN raw_sentiment=-0.01 (local, 2 articles)[0m
[32m2026-09-10 05:18:39.348[0m | [34m[1mDEBUG   [0m | [36msrc.analysis.sentiment[0m:[36manalyse_sentiment[0m:[36m1571[0m - [34m[1mAMZN sentiment scaled -0.01 \u2192 -0.01 (count=2, sources=2, scale=0.65)[0m
[32m2026-09-10 05:18:41.513[0m | [1mINFO    [0m | [36msrc.analysis.sentiment[0m:[36manalyse_sentiment[0m:[36m1515[0m - [1mAMZN raw_sentiment=-0.05 (local, 1 articles)[0m
[32m2026-09-10 05:18:41.513[0m | [34m[1mDEBUG   [0m | [36msrc.analysis.sentiment[0m:[36manalyse_sentiment[0m:[36m1571[0m - [34m[1mAMZN sentiment scaled -0.05 \u2192 -0.02 (count=1, sources=1, scale=0.45)[0m
[32m2026-09-10 05:18:43.001[0m | [1mINFO    [0m | [36msrc.analysis.sentiment[0m:[36manalyse_sentiment[0m:[36m1515[0m - [1mAMZN raw_sentiment=+0.25 (local, 2 articles)[0m
[32m2026-09-10 05:18:43.001[0m | [34m[1mDEBUG   [0m | [36msrc.analysis.sentiment[0m:[36manalyse_sentiment[0m:[36m1571[0m - [34m[1mAMZN sentiment scaled +0.25 \u2192 +0.16 (count=2, sources=2, scale=0.64)[0m
[32m2026-09-10 05:18:45.318[0m | [1mINFO    [0m | [36msrc.analysis.sentiment[0m:[36manalyse_sentiment[0m:[36m1515[0m - [1mAMZN raw_sentiment=-0.25 (local, 1 articles)[0m
[32m2026-09-10 05:18:45.318[0m | [34m[1mDEBUG   [0m | [36msrc.analysis.sentiment[0m:[36manalyse_sentiment[0m:[36m1571[0m - [34m[1mAMZN sentiment scaled -0.25 \u2192 -0.11 (count=1, sources=1, scale=0.43)[0m
[32m2026-09-10 05:18:47.597[0m | [1mINFO    [0m | [36msrc.analysis.sentiment[0m:[36manalyse_sentiment[0m:[36m1515[0m - [1mAMZN raw_sentiment=-0.05 (local, 2 articles)[0m
[32m2026-09-10 05:18:47.597[0m | [34m[1mDEBUG   [0m | [36msrc.analysis.sentiment[0m:[36manalyse_sentiment[0m:[36m1571[0m - [34m[1mAMZN sentiment scaled -0.05 \u2192 -0.03 (count=2, sources=2, scale=0.58)[0m
[32m2026-09-10 05:18:50.035[0m | [1mINFO    [0m | [36msrc.analysis.sentiment[0m:[36manalyse_sentiment[0m:[36m1515[0m - [1mAMZN raw_sentiment=+0.15 (local, 1 articles)[0m
[32m2026-09-10 05:18:50.035[0m | [34m[1mDEBUG   [0m | [36msrc.analysis.sentiment[0m:[36manalyse_sentiment[0m:[36m1571[0m - [34m[1mAMZN sentiment scaled +0.15 \u2192 +0.06 (count=1, sources=1, scale=0.41)[0m
[32m2026-09-10 05:18:51.680[0m | [1mINFO    [0m | [36msrc.analysis.sentiment[0m:[36manalyse_sentiment[0m:[36m1515[0m - [1mAMZN raw_sentiment=+0.00 (local, 1 articles)[0m
[32m2026-09-10 05:18:51.680[0m | [34m[1mDEBUG   [0m | [36msrc.analysis.sentiment[0m:[36manalyse_sentiment[0m:[36m1571[0m - [34m[1mAMZN sentiment scaled +0.00 \u2192 +0.00 (count=1, sources=1, scale=0.41)[0m
[32m2026-09-10 05:18:54.377[0m | [1mINFO    [0m | [36msrc.analysis.sentiment[0m:[36manalyse_sentiment[0m:[36m1515[0m - [1mAMZN raw_sentiment=-0.15 (local, 3 articles)[0m
[32m2026-09-10 05:18:54.377[0m | [34m[1mDEBUG   [0m | [36msrc.analysis.sentiment[0m:[36manalyse_sentiment[0m:[36m1571[0m - [34m[1mAMZN sentiment scaled -0.15 \u2192 -0.10 (count=3, sources=3, scale=0.68)[0m
[32m2026-09-10 05:18:56.021[0m | [1mINFO    [0m | [36msrc.analysis.sentiment[0m:[36manalyse_sentiment[0m:[36m1515[0m - [1mAMZN raw_sentiment=-0.25 (local, 1 articles)[0m
[32m2026-09-10 05:18:56.021[0m | [34m[1mDEBUG   [0m | [36msrc.analysis.sentiment[0m:[36manalyse_sentiment[0m:[36m1571[0m - [34m[1mAMZN sentiment scaled -0.25 \u2192 -0.10 (count=1, sources=1, scale=0.41)[0m
[32m2026-09-10 05:18:58.854[0m | [1mINFO    [0m | [36msrc.analysis.sentiment[0m:[36manalyse_sentiment[0m:[36m1515[0m - [1mAMZN raw_sentiment=-0.05 (local, 1 articles)[0m
[32m2026-09-10 05:18:58.854[0m | [34m[1mDEBUG   [0m | [36msrc.analysis.sentiment[0m:[36manalyse_sentiment[0m:[36m1571[0m - [34m[1mAMZN sentiment scaled -0.05 \u2192 -0.02 (count=1, sources=1, scale=0.41)[0m
[32m2026-09-10 05:19:01.189[0m | [1mINFO    [0m | [36msrc.analysis.sentiment[0m:[36manalyse_sentiment[0m:[36m1515[0m - [1mAMZN raw_sentiment=+0.15 (local, 1 articles)[0m
[32m2026-09-10 05:19:01.189[0m | [34m[1mDEBUG   [0m | [36msrc.analysis.sentiment[0m:[36manalyse_sentiment[0m:[36m1571[0m - [34m[1mAMZN sentiment scaled +0.15 \u2192 +0.06 (count=1, sources=1, scale=0.40)[0m
[32m2026-09-10 05:19:03.765[0m | [1mINFO    [0m | [36msrc.analysis.sentiment[0m:[36manalyse_sentiment[0m:[36m1515[0m - [1mAMZN raw_sentiment=-0.15 (local, 1 articles)[0m
[32m2026-09-10 05:19:03.765[0m | [34m[1mDEBUG   [0m | [36msrc.analysis.sentiment[0m:[36manalyse_sentiment[0m:[36m1571[0m - [34m[1mAMZN sentiment scaled -0.15 \u2192 -0.06 (count=1, sources=1, scale=0.40)[0m
[32m2026-09-10 05:19:05.827[0m | [1mINFO    [0m | [36msrc.analysis.sentiment[0m:[36manalyse_sentiment[0m:[36m1515[0m - [1mAMZN raw_sentiment=-0.35 (local, 1 articles)[0m
[32m2026-09-10 05:19:05.827[0m | [34m[1mDEBUG   [0m | [36msrc.analysis.sentiment[0m:[36manalyse_sentiment[0m:[36m1571[0m - [34m[1mAMZN sentiment scaled -0.35 \u2192 -0.14 (count=1, sources=1, scale=0.40)[0m
[32m2026-09-10 05:19:07.852[0m | [1mINFO    [0m | [36msrc.analysis.sentiment[0m:[36manalyse_sentiment[0m:[36m1515[0m - [1mAMZN raw_sentiment=+0.15 (local, 1 articles)[0m
[32m2026-09-10 05:19:07.852[0m | [34m[1mDEBUG   [0m | [36msrc.analysis.sentiment[0m:[36manalyse_sentiment[0m:[36m1571[0m - [34m[1mAMZN sentiment scaled +0.15 \u2192 +0.06 (count=1, sources=1, scale=0.40)[0m
[32m2026-09-10 05:19:10.409[0m | [1mINFO    [0m | [36msrc.analysis.sentiment[0m:[36manalyse_sentiment[0m:[36m1515[0m - [1mASTS raw_sentiment=-0.15 (local, 1 articles)[0m
[32m2026-09-10 05:19:10.409[0m | [34m[1mDEBUG   [0m | [36msrc.analysis.sentiment[0m:[36manalyse_sentiment[0m:[36m1571[0m - [34m[1mASTS sentiment scaled -0.15 \u2192 -0.06 (count=1, sources=1, scale=0.40)[0m
[32m2026-09-10 05:19:12.776[0m | [1mINFO    [0m | [36msrc.analysis.sentiment[0m:[36manalyse_sentiment[0m:[36m1515[0m - [1mASTS raw_sentiment=+0.05 (local, 1 articles)[0m
[32m2026-09-10 05:19:12.776[0m | [34m[1mDEBUG   [0m | [36msrc.analysis.sentiment[0m:[36manalyse_sentiment[0m:[36m1571[0m - [34m[1mASTS sentiment scaled +0.05 \u2192 +0.02 (count=1, sources=1, scale=0.37)[0m
[32m2026-09-10 05:19:14.731[0m | [1mINFO    [0m | [36msrc.analysis.sentiment[0m:[36manalyse_sentiment[0m:[36m1515[0m - [1mASTS raw_sentiment=+0.45 (local, 8 articles)[0m
[32m2026-09-10 05:19:14.732[0m | [34m[1mDEBUG   [0m | [36msrc.analysis.sentiment[0m:[36manalyse_sentiment[0m:[36m1571[0m - [34m[1mASTS sentiment scaled +0.45 \u2192 +0.21 (count=8, sources=7, scale=0.47)[0m
[32m2026-09-10 05:19:16.604[0m | [1mINFO    [0m | [36msrc.analysis.sentiment[0m:[36manalyse_sentiment[0m:[36m1515[0m - [1mASTS raw_sentiment=+0.05 (local, 1 articles)[0m
[32m2026-09-10 05:19:16.605[0m | [34m[1mDEBUG   [0m | [36msrc.analysis.sentiment[0m:[36manalyse_sentiment[0m:[36m1571[0m - [34m[1mASTS sentiment scaled +0.05 \u2192 +0.02 (count=1, sources=1, scale=0.32)[0m
[32m2026-09-10 05:19:18.706[0m | [1mINFO    [0m | [36msrc.analysis.sentiment[0m:[36manalyse_sentiment[0m:[36m1515[0m - [1mASTS raw_sentiment=+0.05 (local, 2 articles)[0m
[32m2026-09-10 05:19:18.707[0m | [34m[1mDEBUG   [0m | [36msrc.analysis.sentiment[0m:[36manalyse_sentiment[0m:[36m1571[0m - [34m[1mASTS sentiment scaled +0.05 \u2192 +0.02 (count=2, sources=2, scale=0.39)[0m
[32m2026-09-10 05:19:20.808[0m | [1mINFO    [0m | [36msrc.analysis.sentiment[0m:[36manalyse_sentiment[0m:[36m1515[0m - [1mASTS raw_sentiment=+0.25 (local, 3 articles)[0m
[32m2026-09-10 05:19:20.808[0m | [34m[1mDEBUG   [0m | [36msrc.analysis.sentiment[0m:[36manalyse_sentiment[0m:[36m1571[0m - [34m[1mASTS sentiment scaled +0.25 \u2192 +0.11 (count=3, sources=3, scale=0.42)[0m
[32m2026-09-10 05:19:22.508[0m | [1mINFO    [0m | [36msrc.analysis.sentiment[0m:[36manalyse_sentiment[0m:[36m1515[0m - [1mASTS raw_sentiment=+0.25 (local, 1 articles)[0m
[32m2026-09-10 05:19:22.508[0m | [34m[1mDEBUG   [0m | [36msrc.analysis.sentiment[0m:[36manalyse_sentiment[0m:[36m1571[0m - [34m[1mASTS sentiment scaled +0.25 \u2192 +0.08 (count=1, sources=1, scale=0.32)[0m
[32m2026-09-10 05:19:24.406[0m | [1mINFO    [0m | [36msrc.analysis.sentiment[0m:[36manalyse_sentiment[0m:[36m1515[0m - [1mASTS raw_sentiment=+0.15 (local, 1 articles)[0m
[32m2026-09-10 05:19:24.406[0m | [34m[1mDEBUG   [0m | [36msrc.analysis.sentiment[0m:[36manalyse_sentiment[0m:[36m1571[0m - [34m[1mASTS sentiment scaled +0.15 \u2192 +0.05 (count=1, sources=1, scale=0.32)[0m
[32m2026-09-10 05:19:26.025[0m | [1mINFO    [0m | [36msrc.analysis.sentiment[0m:[36manalyse_sentiment[0m:[36m1515[0m - [1mASTS raw_sentiment=+0.00 (local, 1 articles)[0m
[32m2026-09-10 05:19:26.025[0m | [34m[1mDEBUG   [0m | [36msrc.analysis.sentiment[0m:[36manalyse_sentiment[0m:[36m1571[0m - [34m[1mASTS sentiment scaled +0.00 \u2192 +0.00 (count=1, sources=1, scale=0.32)[0m
[32m2026-09-10 05:19:27.924[0m | [1mINFO    [0m | [36msrc.analysis.sentiment[0m:[36manalyse_sentiment[0m:[36m1515[0m - [1mASTS raw_sentiment=-0.05 (local, 1 articles)[0m
[32m2026-09-10 05:19:27.925[0m | [34m[1mDEBUG   [0m | [36msrc.analysis.sentiment[0m:[36manalyse_sentiment[0m:[36m1571[0m - [34m[1mASTS sentiment scaled -0.05 \u2192 -0.02 (count=1, sources=1, scale=0.32)[0m
[32m2026-09-10 05:19:31.084[0m | [1mINFO    [0m | [36msrc.analysis.sentiment[0m:[36manalyse_sentiment[0m:[36m1515[0m - [1mBEN raw_sentiment=+0.45 (local, 8 articles)[0m
[32m2026-09-10 05:19:31.084[0m | [34m[1mDEBUG   [0m | [36msrc.analysis.sentiment[0m:[36manalyse_sentiment[0m:[36m1571[0m - [34m[1mBEN sentiment scaled +0.45 \u2192 +0.25 (count=8, sources=5, scale=0.55)[0m
[32m2026-09-10 05:19:33.808[0m | [1mINFO    [0m | [36msrc.analysis.sentiment[0m:[36manalyse_sentiment[0m:[36m1515[0m - [1mBEN raw_sentiment=+0.15 (local, 5 articles)[0m
[32m2026-09-10 05:19:33.808[0m | [34m[1mDEBUG   [0m | [36msrc.analysis.sentiment[0m:[36manalyse_sentiment[0m:[36m1571[0m - [34m[1mBEN sentiment scaled +0.15 \u2192 +0.08 (count=5, sources=4, scale=0.52)[0m
[32m2026-09-10 05:19:35.816[0m | [1mINFO    [0m | [36msrc.analysis.sentiment[0m:[36manalyse_sentiment[0m:[36m1515[0m - [1mBEN raw_sentiment=-0.05 (local, 1 articles)[0m
[32m2026-09-10 05:19:35.816[0m | [34m[1mDEBUG   [0m | [36msrc.analysis.sentiment[0m:[36manalyse_sentiment[0m:[36m1571[0m - [34m[1mBEN sentiment scaled -0.05 \u2192 -0.02 (count=1, sources=1, scale=0.34)[0m
[32m2026-09-10 05:19:38.006[0m | [1mINFO    [0m | [36msrc.analysis.sentiment[0m:[36manalyse_sentiment[0m:[36m1515[0m - [1mBEN raw_sentiment=+0.15 (local, 1 articles)[0m
[32m2026-09-10 05:19:38.006[0m | [34m[1mDEBUG   [0m | [36msrc.analysis.sentiment[0m:[36manalyse_sentiment[0m:[36m1571[0m - [34m[1mBEN sentiment scaled +0.15 \u2192 +0.05 (count=1, sources=1, scale=0.32)[0m
[32m2026-09-10 05:19:40.083[0m | [1mINFO    [0m | [36msrc.analysis.sentiment[0m:[36manalyse_sentiment[0m:[36m1515[0m - [1mBEN raw_sentiment=+0.15 (local, 1 articles)[0m
[32m2026-09-10 05:19:40.083[0m | [34m[1mDEBUG   [0m | [36msrc.analysis.sentiment[0m:[36manalyse_sentiment[0m:[36m1571[0m - [34m[1mBEN sentiment scaled +0.15 \u2192 +0.05 (count=1, sources=1, scale=0.32)[0m
  2026-06-23: 3 tickers in 65s
[32m2026-09-10 05:19:42.559[0m | [1mINFO    [0m | [36msrc.analysis.sentiment[0m:[36manalyse_sentiment[0m:[36m1515[0m - [1mAMZN raw_sentiment=-0.05 (local, 1 articles)[0m
[32m2026-09-10 05:19:42.559[0m | [34m[1mDEBUG   [0m | [36msrc.analysis.sentiment[0m:[36manalyse_sentiment[0m:[36m1571[0m - [34m[1mAMZN sentiment scaled -0.05 \u2192 -0.02 (count=1, sources=1, scale=0.45)[0m
[32m2026-09-10 05:19:44.621[0m | [1mINFO    [0m | [36msrc.analysis.sentiment[0m:[36manalyse_sentiment[0m:[36m1515[0m - [1mAMZN raw_sentiment=+0.05 (local, 1 articles)[0m
[32m2026-09-10 05:19:44.621[0m | [34m[1mDEBUG   [0m | [36msrc.analysis.sentiment[0m:[36manalyse_sentiment[0m:[36m1571[0m - [34m[1mAMZN sentiment scaled +0.05 \u2192 +0.02 (count=1, sources=1, scale=0.45)[0m
[32m2026-09-10 05:19:46.923[0m | [1mINFO    [0m | [36msrc.analysis.sentiment[0m:[36manalyse_sentiment[0m:[36m1515[0m - [1mAMZN raw_sentiment=+0.15 (local, 1 articles)[0m
[32m2026-09-10 05:19:46.923[0m | [34m[1mDEBUG   [0m | [36msrc.analysis.sentiment[0m:[36manalyse_sentiment[0m:[36m1571[0m - [34m[1mAMZN sentiment scaled +0.15 \u2192 +0.06 (count=1, sources=1, scale=0.43)[0m
[32m2026-09-10 05:19:48.977[0m | [1mINFO    [0m | [36msrc.analysis.sentiment[0m:[36manalyse_sentiment[0m:[36m1515[0m - [1mAMZN raw_sentiment=+0.15 (local, 1 articles)[0m
[32m2026-09-10 05:19:48.978[0m | [34m[1mDEBUG   [0m | [36msrc.analysis.sentiment[0m:[36manalyse_sentiment[0m:[36m1571[0m - [34m[1mAMZN sentiment scaled +0.15 \u2192 +0.06 (count=1, sources=1, scale=0.42)[0m
[32m2026-09-10 05:19:51.266[0m | [1mINFO    [0m | [36msrc.analysis.sentiment[0m:[36manalyse_sentiment[0m:[36m1515[0m - [1mAMZN raw_sentiment=+0.00 (local, 1 articles)[0m
[32m2026-09-10 05:19:51.266[0m | [34m[1mDEBUG   [0m | [36msrc.analysis.sentiment[0m:[36manalyse_sentiment[0m:[36m1571[0m - [34m[1mAMZN sentiment scaled +0.00 \u2192 +0.00 (count=1, sources=1, scale=0.42)[0m
[32m2026-09-10 05:19:53.154[0m | [1mINFO    [0m | [36msrc.analysis.sentiment[0m:[36manalyse_sentiment[0m:[36m1515[0m - [1mAMZN raw_sentiment=-0.25 (local, 1 articles)[0m
[32m2026-09-10 05:19:53.154[0m | [34m[1mDEBUG   [0m | [36msrc.analysis.sentiment[0m:[36manalyse_sentiment[0m:[36m1571[0m - [34m[1mAMZN sentiment scaled -0.25 \u2192 -0.10 (count=1, sources=1, scale=0.41)[0m
[32m2026-09-10 05:19:55.322[0m | [1mINFO    [0m | [36msrc.analysis.sentiment[0m:[36manalyse_sentiment[0m:[36m1515[0m - [1mAMZN raw_sentiment=+0.15 (local, 3 articles)[0m
[32m2026-09-10 05:19:55.323[0m | [34m[1mDEBUG   [0m | [36msrc.analysis.sentiment[0m:[36manalyse_sentiment[0m:[36m1571[0m - [34m[1mAMZN sentiment scaled +0.15 \u2192 +0.10 (count=3, sources=3, scale=0.65)[0m
[32m2026-09-10 05:19:57.598[0m | [1mINFO    [0m | [36msrc.analysis.sentiment[0m:[36manalyse_sentiment[0m:[36m1515[0m - [1mAMZN raw_sentiment=+0.15 (local, 1 articles)[0m
[32m2026-09-10 05:19:57.598[0m | [34m[1mDEBUG   [0m | [36msrc.analysis.sentiment[0m:[36manalyse_sentiment[0m:[36m1571[0m - [34m[1mAMZN sentiment scaled +0.15 \u2192 +0.06 (count=1, sources=1, scale=0.40)[0m
[32m2026-09-10 05:19:58.765[0m | [1mINFO    [0m | [36msrc.analysis.sentiment[0m:[36manalyse_sentiment[0m:[36m1515[0m - [1mAMZN raw_sentiment=+0.00 (local, 1 articles)[0m
[32m2026-09-10 05:19:58.765[0m | [34m[1mDEBUG   [0m | [36msrc.analysis.sentiment[0m:[36manalyse_sentiment[0m:[36m1571[0m - [34m[1mAMZN sentiment scaled +0.00 \u2192 +0.00 (count=1, sources=1, scale=0.40)[0m
[32m2026-09-10 05:20:01.122[0m | [1mINFO    [0m | [36msrc.analysis.sentiment[0m:[36manalyse_sentiment[0m:[36m1515[0m - [1mAMZN raw_sentiment=-0.05 (local, 1 articles)[0m
[32m2026-09-10 05:20:01.122[0m | [34m[1mDEBUG   [0m | [36msrc.analysis.sentiment[0m:[36manalyse_sentiment[0m:[36m1571[0m - [34m[1mAMZN sentiment scaled -0.05 \u2192 -0.02 (count=1, sources=1, scale=0.40)[0m
[32m2026-09-10 05:20:03.153[0m | [1mINFO    [0m | [36msrc.analysis.sentiment[0m:[36manalyse_sentiment[0m:[36m1515[0m - [1mAMZN raw_sentiment=-0.05 (local, 1 articles)[0m
[32m2026-09-10 05:20:03.153[0m | [34m[1mDEBUG   [0m | [36msrc.analysis.sentiment[0m:[36manalyse_sentiment[0m:[36m1571[0m - [34m[1mAMZN sentiment scaled -0.05 \u2192 -0.02 (count=1, sources=1, scale=0.39)[0m
[32m2026-09-10 05:20:04.792[0m | [1mINFO    [0m | [36msrc.analysis.sentiment[0m:[36manalyse_sentiment[0m:[36m1515[0m - [1mAMZN raw_sentiment=-0.05 (local, 2 articles)[0m
[32m2026-09-10 05:20:04.792[0m | [34m[1mDEBUG   [0m | [36msrc.analysis.sentiment[0m:[36manalyse_sentiment[0m:[36m1571[0m - [34m[1mAMZN sentiment scaled -0.05 \u2192 -0.03 (count=2, sources=2, scale=0.53)[0m
[32m2026-09-10 05:20:06.987[0m | [1mINFO    [0m | [36msrc.analysis.sentiment[0m:[36manalyse_sentiment[0m:[36m1515[0m - [1mAMZN raw_sentiment=-0.05 (local, 1 articles)[0m
[32m2026-09-10 05:20:06.988[0m | [34m[1mDEBUG   [0m | [36msrc.analysis.sentiment[0m:[36manalyse_sentiment[0m:[36m1571[0m - [34m[1mAMZN sentiment scaled -0.05 \u2192 -0.02 (count=1, sources=1, scale=0.38)[0m
[32m2026-09-10 05:20:08.640[0m | [1mINFO    [0m | [36msrc.analysis.sentiment[0m:[36manalyse_sentiment[0m:[36m1515[0m - [1mAMZN raw_sentiment=+0.25 (local, 2 articles)[0m
[32m2026-09-10 05:20:08.641[0m | [34m[1mDEBUG   [0m | [36msrc.analysis.sentiment[0m:[36manalyse_sentiment[0m:[36m1571[0m - [34m[1mAMZN sentiment scaled +0.25 \u2192 +0.13 (count=2, sources=2, scale=0.52)[0m
[32m2026-09-10 05:20:10.197[0m | [1mINFO    [0m | [36msrc.analysis.sentiment[0m:[36manalyse_sentiment[0m:[36m1515[0m - [1mAMZN raw_sentiment=+0.00 (local, 1 articles)[0m
[32m2026-09-10 05:20:10.197[0m | [34m[1mDEBUG   [0m | [36msrc.analysis.sentiment[0m:[36manalyse_sentiment[0m:[36m1571[0m - [34m[1mAMZN sentiment scaled +0.00 \u2192 +0.00 (count=1, sources=1, scale=0.36)[0m
[32m2026-09-10 05:20:12.594[0m | [1mINFO    [0m | [36msrc.analysis.sentiment[0m:[36manalyse_sentiment[0m:[36m1515[0m - [1mAMZN raw_sentiment=-0.05 (local, 1 articles)[0m
[32m2026-09-10 05:20:12.594[0m | [34m[1mDEBUG   [0m | [36msrc.analysis.sentiment[0m:[36manalyse_sentiment[0m:[36m1571[0m - [34m[1mAMZN sentiment scaled -0.05 \u2192 -0.02 (count=1, sources=1, scale=0.36)[0m
[32m2026-09-10 05:20:14.153[0m | [1mINFO    [0m | [36msrc.analysis.sentiment[0m:[36manalyse_sentiment[0m:[36m1515[0m - [1mBE raw_sentiment=+0.00 (local, 1 articles)[0m
[32m2026-09-10 05:20:14.153[0m | [34m[1mDEBUG   [0m | [36msrc.analysis.sentiment[0m:[36manalyse_sentiment[0m:[36m1571[0m - [34m[1mBE sentiment scaled +0.00 \u2192 +0.00 (count=1, sources=1, scale=0.42)[0m
[32m2026-09-10 05:20:15.856[0m | [1mINFO    [0m | [36msrc.analysis.sentiment[0m:[36manalyse_sentiment[0m:[36m1515[0m - [1mBE raw_sentiment=-0.05 (local, 1 articles)[0m
[32m2026-09-10 05:20:15.856[0m | [34m[1mDEBUG   [0m | [36msrc.analysis.sentiment[0m:[36manalyse_sentiment[0m:[36m1571[0m - [34m[1mBE sentiment scaled -0.05 \u2192 -0.02 (count=1, sources=1, scale=0.41)[0m
[32m2026-09-10 05:20:17.845[0m | [1mINFO    [0m | [36msrc.analysis.sentiment[0m:[36manalyse_sentiment[0m:[36m1515[0m - [1mBE raw_sentiment=-0.35 (local, 1 articles)[0m
[32m2026-09-10 05:20:17.845[0m | [34m[1mDEBUG   [0m | [36msrc.analysis.sentiment[0m:[36manalyse_sentiment[0m:[36m1571[0m - [34m[1mBE sentiment scaled -0.35 \u2192 -0.14 (count=1, sources=1, scale=0.41)[0m
[32m2026-09-10 05:20:19.985[0m | [1mINFO    [0m | [36msrc.analysis.sentiment[0m:[36manalyse_sentiment[0m:[36m1515[0m - [1mBE raw_sentiment=-0.05 (local, 1 articles)[0m
[32m2026-09-10 05:20:19.986[0m | [34m[1mDEBUG   [0m | [36msrc.analysis.sentiment[0m:[36manalyse_sentiment[0m:[36m1571[0m - [34m[1mBE sentiment scaled -0.05 \u2192 -0.02 (count=1, sources=1, scale=0.40)[0m
[32m2026-09-10 05:20:22.307[0m | [1mINFO    [0m | [36msrc.analysis.sentiment[0m:[36manalyse_sentiment[0m:[36m1515[0m - [1mBE raw_sentiment=+0.15 (local, 4 articles)[0m
[32m2026-09-10 05:20:22.307[0m | [34m[1mDEBUG   [0m | [36msrc.analysis.sentiment[0m:[36manalyse_sentiment[0m:[36m1571[0m - [34m[1mBE sentiment scaled +0.15 \u2192 +0.09 (count=4, sources=4, scale=0.61)[0m
[32m2026-09-10 05:20:24.190[0m | [1mINFO    [0m | [36msrc.analysis.sentiment[0m:[36manalyse_sentiment[0m:[36m1515[0m - [1mBE raw_sentiment=+0.00 (local, 1 articles)[0m
[32m2026-09-10 05:20:24.190[0m | [34m[1mDEBUG   [0m | [36msrc.analysis.sentiment[0m:[36manalyse_sentiment[0m:[36m1571[0m - [34m[1mBE sentiment scaled +0.00 \u2192 +0.00 (count=1, sources=1, scale=0.38)[0m
[32m2026-09-10 05:20:26.460[0m | [1mINFO    [0m | [36msrc.analysis.sentiment[0m:[36manalyse_sentiment[0m:[36m1515[0m - [1mBE raw_sentiment=+0.35 (local, 1 articles)[0m
[32m2026-09-10 05:20:26.460[0m | [34m[1mDEBUG   [0m | [36msrc.analysis.sentiment[0m:[36manalyse_sentiment[0m:[36m1571[0m - [34m[1mBE sentiment scaled +0.35 \u2192 +0.12 (count=1, sources=1, scale=0.35)[0m
[32m2026-09-10 05:20:29.207[0m | [1mINFO    [0m | [36msrc.analysis.sentiment[0m:[36manalyse_sentiment[0m:[36m1515[0m - [1mBE raw_sentiment=-0.05 (local, 1 articles)[0m
[32m2026-09-10 05:20:29.207[0m | [34m[1mDEBUG   [0m | [36msrc.analysis.sentiment[0m:[36manalyse_sentiment[0m:[36m1571[0m - [34m[1mBE sentiment scaled -0.05 \u2192 -0.02 (count=1, sources=1, scale=0.32)[0m
[32m2026-09-10 05:20:30.948[0m | [1mINFO    [0m | [36msrc.analysis.sentiment[0m:[36manalyse_sentiment[0m:[36m1515[0m - [1mBE raw_sentiment=+0.00 (local, 1 articles)[0m
[32m2026-09-10 05:20:30.948[0m | [34m[1mDEBUG   [0m | [36msrc.analysis.sentiment[0m:[36manalyse_sentiment[0m:[36m1571[0m - [34m[1mBE sentiment scaled +0.00 \u2192 +0.00 (count=1, sources=1, scale=0.32)[0m
[32m2026-09-10 05:20:32.806[0m | [1mINFO    [0m | [36msrc.analysis.sentiment[0m:[36manalyse_sentiment[0m:[36m1515[0m - [1mBE raw_sentiment=+0.05 (local, 1 articles)[0m
[32m2026-09-10 05:20:32.806[0m | [34m[1mDEBUG   [0m | [36msrc.analysis.sentiment[0m:[36manalyse_sentiment[0m:[36m1571[0m - [34m[1mBE sentiment scaled +0.05 \u2192 +0.02 (count=1, sources=1, scale=0.32)[0m
  2026-06-24: 2 tickers in 52s
[32m2026-09-10 05:20:36.351[0m | [1mINFO    [0m | [36msrc.analysis.sentiment[0m:[36manalyse_sentiment[0m:[36m1515[0m - [1mADMA raw_sentiment=-0.35 (local, 8 articles)[0m
[32m2026-09-10 05:20:36.351[0m | [34m[1mDEBUG   [0m | [36msrc.analysis.sentiment[0m:[36manalyse_sentiment[0m:[36m1571[0m - [34m[1mADMA sentiment scaled -0.35 \u2192 -0.18 (count=8, sources=1, scale=0.52)[0m
[32m2026-09-10 05:20:38.529[0m | [1mINFO    [0m | [36msrc.analysis.sentiment[0m:[36manalyse_sentiment[0m:[36m1515[0m - [1mADMA raw_sentiment=-0.85 (local, 8 articles)[0m
[32m2026-09-10 05:20:38.529[0m | [34m[1mDEBUG   [0m | [36msrc.analysis.sentiment[0m:[36manalyse_sentiment[0m:[36m1571[0m - [34m[1mADMA sentiment scaled -0.85 \u2192 -0.44 (count=8, sources=1, scale=0.52)[0m
[32m2026-09-10 05:20:42.298[0m | [1mINFO    [0m | [36msrc.analysis.sentiment[0m:[36manalyse_sentiment[0m:[36m1515[0m - [1mARM raw_sentiment=-0.25 (local, 12 articles)[0m
[32m2026-09-10 05:20:42.298[0m | [34m[1mDEBUG   [0m | [36msrc.analysis.sentiment[0m:[36manalyse_sentiment[0m:[36m1571[0m - [34m[1mARM sentiment scaled -0.25 \u2192 -0.22 (count=12, sources=7, scale=0.90)[0m
[32m2026-09-10 05:20:44.322[0m | [1mINFO    [0m | [36msrc.analysis.sentiment[0m:[36manalyse_sentiment[0m:[36m1515[0m - [1mARM raw_sentiment=+0.25 (local, 1 articles)[0m
[32m2026-09-10 05:20:44.322[0m | [34m[1mDEBUG   [0m | [36msrc.analysis.sentiment[0m:[36manalyse_sentiment[0m:[36m1571[0m - [34m[1mARM sentiment scaled +0.25 \u2192 +0.08 (count=1, sources=1, scale=0.32)[0m
[32m2026-09-10 05:20:46.330[0m | [1mINFO    [0m | [36msrc.analysis.sentiment[0m:[36manalyse_sentiment[0m:[36m1515[0m - [1mARM raw_sentiment=+0.15 (local, 1 articles)[0m
[32m2026-09-10 05:20:46.330[0m | [34m[1mDEBUG   [0m | [36msrc.analysis.sentiment[0m:[36manalyse_sentiment[0m:[36m1571[0m - [34m[1mARM sentiment scaled +0.15 \u2192 +0.06 (count=1, sources=1, scale=0.42)[0m
[32m2026-09-10 05:20:48.702[0m | [1mINFO    [0m | [36msrc.analysis.sentiment[0m:[36manalyse_sentiment[0m:[36m1515[0m - [1mARM raw_sentiment=+0.65 (local, 1 articles)[0m
[32m2026-09-10 05:20:48.703[0m | [34m[1mDEBUG   [0m | [36msrc.analysis.sentiment[0m:[36manalyse_sentiment[0m:[36m1571[0m - [34m[1mARM sentiment scaled +0.65 \u2192 +0.27 (count=1, sources=1, scale=0.41)[0m
[32m2026-09-10 05:20:50.795[0m | [1mINFO    [0m | [36msrc.analysis.sentiment[0m:[36manalyse_sentiment[0m:[36m1515[0m - [1mARM raw_sentiment=+0.35 (local, 1 articles)[0m
[32m2026-09-10 05:20:50.795[0m | [34m[1mDEBUG   [0m | [36msrc.analysis.sentiment[0m:[36manalyse_sentiment[0m:[36m1571[0m - [34m[1mARM sentiment scaled +0.35 \u2192 +0.14 (count=1, sources=1, scale=0.39)[0m
[32m2026-09-10 05:20:52.727[0m | [1mINFO    [0m | [36msrc.analysis.sentiment[0m:[36manalyse_sentiment[0m:[36m1515[0m - [1mARM raw_sentiment=-0.15 (local, 1 articles)[0m
[32m2026-09-10 05:20:52.727[0m | [34m[1mDEBUG   [0m | [36msrc.analysis.sentiment[0m:[36manalyse_sentiment[0m:[36m1571[0m - [34m[1mARM sentiment scaled -0.15 \u2192 -0.06 (count=1, sources=1, scale=0.39)[0m
[32m2026-09-10 05:20:54.255[0m | [1mINFO    [0m | [36msrc.analysis.sentiment[0m:[36manalyse_sentiment[0m:[36m1515[0m - [1mARM raw_sentiment=+0.00 (local, 3 articles)[0m
[32m2026-09-10 05:20:54.255[0m | [34m[1mDEBUG   [0m | [36msrc.analysis.sentiment[0m:[36manalyse_sentiment[0m:[36m1571[0m - [34m[1mARM sentiment scaled +0.00 \u2192 +0.00 (count=3, sources=1, scale=0.42)[0m
[32m2026-09-10 05:20:56.315[0m | [1mINFO    [0m | [36msrc.analysis.sentiment[0m:[36manalyse_sentiment[0m:[36m1515[0m - [1mARM raw_sentiment=+0.00 (local, 1 articles)[0m
[32m2026-09-10 05:20:56.315[0m | [34m[1mDEBUG   [0m | [36msrc.analysis.sentiment[0m:[36manalyse_sentiment[0m:[36m1571[0m - [34m[1mARM sentiment scaled +0.00 \u2192 +0.00 (count=1, sources=1, scale=0.36)[0m
[32m2026-09-10 05:20:58.578[0m | [1mINFO    [0m | [36msrc.analysis.sentiment[0m:[36manalyse_sentiment[0m:[36m1515[0m - [1mARM raw_sentiment=-0.05 (local, 1 articles)[0m
[32m2026-09-10 05:20:58.578[0m | [34m[1mDEBUG   [0m | [36msrc.analysis.sentiment[0m:[36manalyse_sentiment[0m:[36m1571[0m - [34m[1mARM sentiment scaled -0.05 \u2192 -0.02 (count=1, sources=1, scale=0.36)[0m
[32m2026-09-10 05:21:00.581[0m | [1mINFO    [0m | [36msrc.analysis.sentiment[0m:[36manalyse_sentiment[0m:[36m1515[0m - [1mARM raw_sentiment=-0.15 (local, 1 articles)[0m
[32m2026-09-10 05:21:00.581[0m | [34m[1mDEBUG   [0m | [36msrc.analysis.sentiment[0m:[36manalyse_sentiment[0m:[36m1571[0m - [34m[1mARM sentiment scaled -0.15 \u2192 -0.05 (count=1, sources=1, scale=0.36)[0m
[32m2026-09-10 05:21:02.712[0m | [1mINFO    [0m | [36msrc.analysis.sentiment[0m:[36manalyse_sentiment[0m:[36m1515[0m - [1mARM raw_sentiment=+0.15 (local, 1 articles)[0m
[32m2026-09-10 05:21:02.712[0m | [34m[1mDEBUG   [0m | [36msrc.analysis.sentiment[0m:[36manalyse_sentiment[0m:[36m1571[0m - [34m[1mARM sentiment scaled +0.15 \u2192 +0.05 (count=1, sources=1, scale=0.35)[0m
[32m2026-09-10 05:21:04.346[0m | [1mINFO    [0m | [36msrc.analysis.sentiment[0m:[36manalyse_sentiment[0m:[36m1515[0m - [1mARM raw_sentiment=+0.65 (local, 1 articles)[0m
[32m2026-09-10 05:21:04.346[0m | [34m[1mDEBUG   [0m | [36msrc.analysis.sentiment[0m:[36manalyse_sentiment[0m:[36m1571[0m - [34m[1mARM sentiment scaled +0.65 \u2192 +0.22 (count=1, sources=1, scale=0.33)[0m
[32m2026-09-10 05:21:06.347[0m | [1mINFO    [0m | [36msrc.analysis.sentiment[0m:[36manalyse_sentiment[0m:[36m1515[0m - [1mARM raw_sentiment=+0.25 (local, 1 articles)[0m
[32m2026-09-10 05:21:06.347[0m | [34m[1mDEBUG   [0m | [36msrc.analysis.sentiment[0m:[36manalyse_sentiment[0m:[36m1571[0m - [34m[1mARM sentiment scaled +0.25 \u2192 +0.08 (count=1, sources=1, scale=0.32)[0m
[32m2026-09-10 05:21:08.177[0m | [1mINFO    [0m | [36msrc.analysis.sentiment[0m:[36manalyse_sentiment[0m:[36m1515[0m - [1mASTS raw_sentiment=-0.15 (local, 2 articles)[0m
[32m2026-09-10 05:21:08.177[0m | [34m[1mDEBUG   [0m | [36msrc.analysis.sentiment[0m:[36manalyse_sentiment[0m:[36m1571[0m - [34m[1mASTS sentiment scaled -0.15 \u2192 -0.07 (count=2, sources=2, scale=0.49)[0m
[32m2026-09-10 05:21:10.260[0m | [1mINFO    [0m | [36msrc.analysis.sentiment[0m:[36manalyse_sentiment[0m:[36m1515[0m - [1mASTS raw_sentiment=+0.25 (local, 1 articles)[0m
[32m2026-09-10 05:21:10.260[0m | [34m[1mDEBUG   [0m | [36msrc.analysis.sentiment[0m:[36manalyse_sentiment[0m:[36m1571[0m - [34m[1mASTS sentiment scaled +0.25 \u2192 +0.09 (count=1, sources=1, scale=0.36)[0m
[32m2026-09-10 05:21:12.354[0m | [1mINFO    [0m | [36msrc.analysis.sentiment[0m:[36manalyse_sentiment[0m:[36m1515[0m - [1mASTS raw_sentiment=+0.25 (local, 1 articles)[0m
[32m2026-09-10 05:21:12.354[0m | [34m[1mDEBUG   [0m | [36msrc.analysis.sentiment[0m:[36manalyse_sentiment[0m:[36m1571[0m - [34m[1mASTS sentiment scaled +0.25 \u2192 +0.09 (count=1, sources=1, scale=0.36)[0m
[32m2026-09-10 05:21:14.341[0m | [1mINFO    [0m | [36msrc.analysis.sentiment[0m:[36manalyse_sentiment[0m:[36m1515[0m - [1mASTS raw_sentiment=-0.15 (local, 1 articles)[0m
[32m2026-09-10 05:21:14.341[0m | [34m[1mDEBUG   [0m | [36msrc.analysis.sentiment[0m:[36manalyse_sentiment[0m:[36m1571[0m - [34m[1mASTS sentiment scaled -0.15 \u2192 -0.05 (count=1, sources=1, scale=0.33)[0m
[32m2026-09-10 05:21:16.437[0m | [1mINFO    [0m | [36msrc.analysis.sentiment[0m:[36manalyse_sentiment[0m:[36m1515[0m - [1mASTS raw_sentiment=+0.05 (local, 1 articles)[0m
[32m2026-09-10 05:21:16.437[0m | [34m[1mDEBUG   [0m | [36msrc.analysis.sentiment[0m:[36manalyse_sentiment[0m:[36m1571[0m - [34m[1mASTS sentiment scaled +0.05 \u2192 +0.02 (count=1, sources=1, scale=0.33)[0m
[32m2026-09-10 05:21:18.725[0m | [1mINFO    [0m | [36msrc.analysis.sentiment[0m:[36manalyse_sentiment[0m:[36m1515[0m - [1mASTS raw_sentiment=+0.35 (local, 2 articles)[0m
[32m2026-09-10 05:21:18.726[0m | [34m[1mDEBUG   [0m | [36msrc.analysis.sentiment[0m:[36manalyse_sentiment[0m:[36m1571[0m - [34m[1mASTS sentiment scaled +0.35 \u2192 +0.13 (count=2, sources=2, scale=0.38)[0m
[32m2026-09-10 05:21:20.705[0m | [1mINFO    [0m | [36msrc.analysis.sentiment[0m:[36manalyse_sentiment[0m:[36m1515[0m - [1mASTS raw_sentiment=-0.05 (local, 1 articles)[0m
[32m2026-09-10 05:21:20.706[0m | [34m[1mDEBUG   [0m | [36msrc.analysis.sentiment[0m:[36manalyse_sentiment[0m:[36m1571[0m - [34m[1mASTS sentiment scaled -0.05 \u2192 -0.02 (count=1, sources=1, scale=0.32)[0m
[32m2026-09-10 05:21:23.353[0m | [1mINFO    [0m | [36msrc.analysis.sentiment[0m:[36manalyse_sentiment[0m:[36m1515[0m - [1mASTS raw_sentiment=+0.05 (local, 1 articles)[0m
[32m2026-09-10 05:21:23.354[0m | [34m[1mDEBUG   [0m | [36msrc.analysis.sentiment[0m:[36manalyse_sentiment[0m:[36m1571[0m - [34m[1mASTS sentiment scaled +0.05 \u2192 +0.02 (count=1, sources=1, scale=0.32)[0m
  2026-06-25: 3 tickers in 50s
[32m2026-09-10 05:21:27.557[0m | [1mINFO    [0m | [36msrc.analysis.sentiment[0m:[36manalyse_sentiment[0m:[36m1515[0m - [1mAVAV raw_sentiment=-0.85 (local, 18 articles)[0m
[32m2026-09-10 05:21:29.803[0m | [1mINFO    [0m | [36msrc.analysis.sentiment[0m:[36manalyse_sentiment[0m:[36m1515[0m - [1mAVAV raw_sentiment=-0.15 (local, 1 articles)[0m
[32m2026-09-10 05:21:29.803[0m | [34m[1mDEBUG   [0m | [36msrc.analysis.sentiment[0m:[36manalyse_sentiment[0m:[36m1571[0m - [34m[1mAVAV sentiment scaled -0.15 \u2192 -0.06 (count=1, sources=1, scale=0.42)[0m
[32m2026-09-10 05:21:32.753[0m | [1mINFO    [0m | [36msrc.analysis.sentiment[0m:[36manalyse_sentiment[0m:[36m1515[0m - [1mAVAV raw_sentiment=-0.75 (local, 10 articles)[0m
[32m2026-09-10 05:21:32.754[0m | [34m[1mDEBUG   [0m | [36msrc.analysis.sentiment[0m:[36manalyse_sentiment[0m:[36m1571[0m - [34m[1mAVAV sentiment scaled -0.75 \u2192 -0.52 (count=10, sources=3, scale=0.70)[0m
[32m2026-09-10 05:21:34.858[0m | [1mINFO    [0m | [36msrc.analysis.sentiment[0m:[36manalyse_sentiment[0m:[36m1515[0m - [1mAVAV raw_sentiment=+0.15 (local, 1 articles)[0m
[32m2026-09-10 05:21:34.858[0m | [34m[1mDEBUG   [0m | [36msrc.analysis.sentiment[0m:[36manalyse_sentiment[0m:[36m1571[0m - [34m[1mAVAV sentiment scaled +0.15 \u2192 +0.06 (count=1, sources=1, scale=0.40)[0m
[32m2026-09-10 05:21:36.758[0m | [1mINFO    [0m | [36msrc.analysis.sentiment[0m:[36manalyse_sentiment[0m:[36m1515[0m - [1mAVAV raw_sentiment=+0.15 (local, 1 articles)[0m
[32m2026-09-10 05:21:36.758[0m | [34m[1mDEBUG   [0m | [36msrc.analysis.sentiment[0m:[36manalyse_sentiment[0m:[36m1571[0m - [34m[1mAVAV sentiment scaled +0.15 \u2192 +0.06 (count=1, sources=1, scale=0.40)[0m
[32m2026-09-10 05:21:38.521[0m | [1mINFO    [0m | [36msrc.analysis.sentiment[0m:[36manalyse_sentiment[0m:[36m1515[0m - [1mAVAV raw_sentiment=+0.00 (local, 1 articles)[0m
[32m2026-09-10 05:21:38.522[0m | [34m[1mDEBUG   [0m | [36msrc.analysis.sentiment[0m:[36manalyse_sentiment[0m:[36m1571[0m - [34m[1mAVAV sentiment scaled +0.00 \u2192 +0.00 (count=1, sources=1, scale=0.35)[0m
[32m2026-09-10 05:21:40.483[0m | [1mINFO    [0m | [36msrc.analysis.sentiment[0m:[36manalyse_sentiment[0m:[36m1515[0m - [1mAVAV raw_sentiment=-0.05 (local, 1 articles)[0m
[32m2026-09-10 05:21:40.483[0m | [34m[1mDEBUG   [0m | [36msrc.analysis.sentiment[0m:[36manalyse_sentiment[0m:[36m1571[0m - [34m[1mAVAV sentiment scaled -0.05 \u2192 -0.02 (count=1, sources=1, scale=0.35)[0m
[32m2026-09-10 05:21:42.544[0m | [1mINFO    [0m | [36msrc.analysis.sentiment[0m:[36manalyse_sentiment[0m:[36m1515[0m - [1mAVAV raw_sentiment=+0.05 (local, 1 articles)[0m
[32m2026-09-10 05:21:42.544[0m | [34m[1mDEBUG   [0m | [36msrc.analysis.sentiment[0m:[36manalyse_sentiment[0m:[36m1571[0m - [34m[1mAVAV sentiment scaled +0.05 \u2192 +0.02 (count=1, sources=1, scale=0.33)[0m
[32m2026-09-10 05:21:45.070[0m | [1mINFO    [0m | [36msrc.analysis.sentiment[0m:[36manalyse_sentiment[0m:[36m1515[0m - [1mAVAV raw_sentiment=+0.25 (local, 1 articles)[0m
[32m2026-09-10 05:21:45.070[0m | [34m[1mDEBUG   [0m | [36msrc.analysis.sentiment[0m:[36manalyse_sentiment[0m:[36m1571[0m - [34m[1mAVAV sentiment scaled +0.25 \u2192 +0.08 (count=1, sources=1, scale=0.32)[0m
[32m2026-09-10 05:21:47.040[0m | [1mINFO    [0m | [36msrc.analysis.sentiment[0m:[36manalyse_sentiment[0m:[36m1515[0m - [1mAVAV raw_sentiment=+0.05 (local, 1 articles)[0m
[32m2026-09-10 05:21:47.040[0m | [34m[1mDEBUG   [0m | [36msrc.analysis.sentiment[0m:[36manalyse_sentiment[0m:[36m1571[0m - [34m[1mAVAV sentiment scaled +0.05 \u2192 +0.02 (count=1, sources=1, scale=0.32)[0m
  2026-06-26: 1 tickers in 23s
[32m2026-09-10 05:21:49.776[0m | [1mINFO    [0m | [36msrc.analysis.sentiment[0m:[36manalyse_sentiment[0m:[36m1515[0m - [1mABBV raw_sentiment=-0.65 (local, 2 articles)[0m
[32m2026-09-10 05:21:49.776[0m | [34m[1mDEBUG   [0m | [36msrc.analysis.sentiment[0m:[36manalyse_sentiment[0m:[36m1571[0m - [34m[1mABBV sentiment scaled -0.65 \u2192 -0.37 (count=2, sources=2, scale=0.57)[0m
[32m2026-09-10 05:21:52.856[0m | [1mINFO    [0m | [36msrc.analysis.sentiment[0m:[36manalyse_sentiment[0m:[36m1515[0m - [1mABBV raw_sentiment=+0.15 (local, 11 articles)[0m
[32m2026-09-10 05:21:52.856[0m | [34m[1mDEBUG   [0m | [36msrc.analysis.sentiment[0m:[36manalyse_sentiment[0m:[36m1571[0m - [34m[1mABBV sentiment scaled +0.15 \u2192 +0.10 (count=11, sources=8, scale=0.63)[0m
[32m2026-09-10 05:21:54.695[0m | [1mINFO    [0m | [36msrc.analysis.sentiment[0m:[36manalyse_sentiment[0m:[36m1515[0m - [1mABBV raw_sentiment=-0.35 (local, 1 articles)[0m
[32m2026-09-10 05:21:54.695[0m | [34m[1mDEBUG   [0m | [36msrc.analysis.sentiment[0m:[36manalyse_sentiment[0m:[36m1571[0m - [34m[1mABBV sentiment scaled -0.35 \u2192 -0.14 (count=1, sources=1, scale=0.41)[0m
[32m2026-09-10 05:21:56.540[0m | [1mINFO    [0m | [36msrc.analysis.sentiment[0m:[36manalyse_sentiment[0m:[36m1515[0m - [1mABBV raw_sentiment=-0.15 (local, 1 articles)[0m
[32m2026-09-10 05:21:56.540[0m | [34m[1mDEBUG   [0m | [36msrc.analysis.sentiment[0m:[36manalyse_sentiment[0m:[36m1571[0m - [34m[1mABBV sentiment scaled -0.15 \u2192 -0.06 (count=1, sources=1, scale=0.40)[0m
[32m2026-09-10 05:21:58.635[0m | [1mINFO    [0m | [36msrc.analysis.sentiment[0m:[36manalyse_sentiment[0m:[36m1515[0m - [1mABBV raw_sentiment=+0.15 (local, 2 articles)[0m
[32m2026-09-10 05:21:58.635[0m | [34m[1mDEBUG   [0m | [36msrc.analysis.sentiment[0m:[36manalyse_sentiment[0m:[36m1571[0m - [34m[1mABBV sentiment scaled +0.15 \u2192 +0.07 (count=2, sources=2, scale=0.44)[0m
[32m2026-09-10 05:22:00.602[0m | [1mINFO    [0m | [36msrc.analysis.sentiment[0m:[36manalyse_sentiment[0m:[36m1515[0m - [1mABBV raw_sentiment=+0.15 (local, 3 articles)[0m
[32m2026-09-10 05:22:00.602[0m | [34m[1mDEBUG   [0m | [36msrc.analysis.sentiment[0m:[36manalyse_sentiment[0m:[36m1571[0m - [34m[1mABBV sentiment scaled +0.15 \u2192 +0.07 (count=3, sources=2, scale=0.47)[0m
[32m2026-09-10 05:22:02.403[0m | [1mINFO    [0m | [36msrc.analysis.sentiment[0m:[36manalyse_sentiment[0m:[36m1515[0m - [1mABBV raw_sentiment=+0.65 (local, 1 articles)[0m
[32m2026-09-10 05:22:02.404[0m | [34m[1mDEBUG   [0m | [36msrc.analysis.sentiment[0m:[36manalyse_sentiment[0m:[36m1571[0m - [34m[1mABBV sentiment scaled +0.65 \u2192 +0.23 (count=1, sources=1, scale=0.35)[0m
[32m2026-09-10 05:22:04.332[0m | [1mINFO    [0m | [36msrc.analysis.sentiment[0m:[36manalyse_sentiment[0m:[36m1515[0m - [1mABBV raw_sentiment=-0.15 (local, 2 articles)[0m
[32m2026-09-10 05:22:04.332[0m | [34m[1mDEBUG   [0m | [36msrc.analysis.sentiment[0m:[36manalyse_sentiment[0m:[36m1571[0m - [34m[1mABBV sentiment scaled -0.15 \u2192 -0.05 (count=2, sources=1, scale=0.32)[0m
[32m2026-09-10 05:22:06.738[0m | [1mINFO    [0m | [36msrc.analysis.sentiment[0m:[36manalyse_sentiment[0m:[36m1515[0m - [1mABBV raw_sentiment=+0.35 (local, 1 articles)[0m
[32m2026-09-10 05:22:06.738[0m | [34m[1mDEBUG   [0m | [36msrc.analysis.sentiment[0m:[36manalyse_sentiment[0m:[36m1571[0m - [34m[1mABBV sentiment scaled +0.35 \u2192 +0.11 (count=1, sources=1, scale=0.32)[0m
[32m2026-09-10 05:22:08.726[0m | [1mINFO    [0m | [36msrc.analysis.sentiment[0m:[36manalyse_sentiment[0m:[36m1515[0m - [1mABBV raw_sentiment=+0.15 (local, 1 articles)[0m
[32m2026-09-10 05:22:08.726[0m | [34m[1mDEBUG   [0m | [36msrc.analysis.sentiment[0m:[36manalyse_sentiment[0m:[36m1571[0m - [34m[1mABBV sentiment scaled +0.15 \u2192 +0.05 (count=1, sources=1, scale=0.32)[0m
[32m2026-09-10 05:22:11.510[0m | [1mINFO    [0m | [36msrc.analysis.sentiment[0m:[36manalyse_sentiment[0m:[36m1515[0m - [1mABBV raw_sentiment=+0.15 (local, 1 articles)[0m
[32m2026-09-10 05:22:11.511[0m | [34m[1mDEBUG   [0m | [36msrc.analysis.sentiment[0m:[36manalyse_sentiment[0m:[36m1571[0m - [34m[1mABBV sentiment scaled +0.15 \u2192 +0.05 (count=1, sources=1, scale=0.32)[0m
  2026-07-01: 1 tickers in 24s
[32m2026-09-10 05:22:15.098[0m | [1mINFO    [0m | [36msrc.analysis.sentiment[0m:[36manalyse_sentiment[0m:[36m1515[0m - [1mAA raw_sentiment=-0.75 (local, 7 articles)[0m
[32m2026-09-10 05:22:15.098[0m | [34m[1mDEBUG   [0m | [36msrc.analysis.sentiment[0m:[36manalyse_sentiment[0m:[36m1571[0m - [34m[1mAA sentiment scaled -0.75 \u2192 -0.67 (count=7, sources=5, scale=0.89)[0m
[32m2026-09-10 05:22:17.364[0m | [1mINFO    [0m | [36msrc.analysis.sentiment[0m:[36manalyse_sentiment[0m:[36m1515[0m - [1mAA raw_sentiment=+0.00 (local, 1 articles)[0m
[32m2026-09-10 05:22:17.364[0m | [34m[1mDEBUG   [0m | [36msrc.analysis.sentiment[0m:[36manalyse_sentiment[0m:[36m1571[0m - [34m[1mAA sentiment scaled +0.00 \u2192 +0.00 (count=1, sources=1, scale=0.43)[0m
[32m2026-09-10 05:22:19.666[0m | [1mINFO    [0m | [36msrc.analysis.sentiment[0m:[36manalyse_sentiment[0m:[36m1515[0m - [1mAA raw_sentiment=-0.15 (local, 1 articles)[0m
[32m2026-09-10 05:22:19.666[0m | [34m[1mDEBUG   [0m | [36msrc.analysis.sentiment[0m:[36manalyse_sentiment[0m:[36m1571[0m - [34m[1mAA sentiment scaled -0.15 \u2192 -0.05 (count=1, sources=1, scale=0.32)[0m
[32m2026-09-10 05:22:21.839[0m | [1mINFO    [0m | [36msrc.analysis.sentiment[0m:[36manalyse_sentiment[0m:[36m1515[0m - [1mAMBA raw_sentiment=+0.05 (local, 1 articles)[0m
[32m2026-09-10 05:22:21.839[0m | [34m[1mDEBUG   [0m | [36msrc.analysis.sentiment[0m:[36manalyse_sentiment[0m:[36m1571[0m - [34m[1mAMBA sentiment scaled +0.05 \u2192 +0.02 (count=1, sources=1, scale=0.40)[0m
[32m2026-09-10 05:22:23.659[0m | [1mINFO    [0m | [36msrc.analysis.sentiment[0m:[36manalyse_sentiment[0m:[36m1515[0m - [1mAMBA raw_sentiment=+0.75 (local, 1 articles)[0m
[32m2026-09-10 05:22:23.659[0m | [34m[1mDEBUG   [0m | [36msrc.analysis.sentiment[0m:[36manalyse_sentiment[0m:[36m1571[0m - [34m[1mAMBA sentiment scaled +0.75 \u2192 +0.27 (count=1, sources=1, scale=0.37)[0m
[32m2026-09-10 05:22:25.842[0m | [1mINFO    [0m | [36msrc.analysis.sentiment[0m:[36manalyse_sentiment[0m:[36m1515[0m - [1mAMBA raw_sentiment=+0.25 (local, 1 articles)[0m
[32m2026-09-10 05:22:25.843[0m | [34m[1mDEBUG   [0m | [36msrc.analysis.sentiment[0m:[36manalyse_sentiment[0m:[36m1571[0m - [34m[1mAMBA sentiment scaled +0.25 \u2192 +0.09 (count=1, sources=1, scale=0.36)[0m
[32m2026-09-10 05:22:28.403[0m | [1mINFO    [0m | [36msrc.analysis.sentiment[0m:[36manalyse_sentiment[0m:[36m1515[0m - [1mAMBA raw_sentiment=+0.05 (local, 1 articles)[0m
[32m2026-09-10 05:22:28.403[0m | [34m[1mDEBUG   [0m | [36msrc.analysis.sentiment[0m:[36manalyse_sentiment[0m:[36m1571[0m - [34m[1mAMBA sentiment scaled +0.05 \u2192 +0.02 (count=1, sources=1, scale=0.34)[0m
[32m2026-09-10 05:22:30.111[0m | [1mINFO    [0m | [36msrc.analysis.sentiment[0m:[36manalyse_sentiment[0m:[36m1515[0m - [1mAMBA raw_sentiment=+0.25 (local, 1 articles)[0m
[32m2026-09-10 05:22:30.111[0m | [34m[1mDEBUG   [0m | [36msrc.analysis.sentiment[0m:[36manalyse_sentiment[0m:[36m1571[0m - [34m[1mAMBA sentiment scaled +0.25 \u2192 +0.08 (count=1, sources=1, scale=0.33)[0m
[32m2026-09-10 05:22:31.911[0m | [1mINFO    [0m | [36msrc.analysis.sentiment[0m:[36manalyse_sentiment[0m:[36m1515[0m - [1mAMBA raw_sentiment=+0.05 (local, 1 articles)[0m
[32m2026-09-10 05:22:31.911[0m | [34m[1mDEBUG   [0m | [36msrc.analysis.sentiment[0m:[36manalyse_sentiment[0m:[36m1571[0m - [34m[1mAMBA sentiment scaled +0.05 \u2192 +0.02 (count=1, sources=1, scale=0.32)[0m
  2026-07-02: 2 tickers in 20s
[32m2026-09-10 05:22:34.593[0m | [1mINFO    [0m | [36msrc.analysis.sentiment[0m:[36manalyse_sentiment[0m:[36m1515[0m - [1mAVGO raw_sentiment=+0.25 (local, 1 articles)[0m
[32m2026-09-10 05:22:34.593[0m | [34m[1mDEBUG   [0m | [36msrc.analysis.sentiment[0m:[36manalyse_sentiment[0m:[36m1571[0m - [34m[1mAVGO sentiment scaled +0.25 \u2192 +0.11 (count=1, sources=1, scale=0.43)[0m
[32m2026-09-10 05:22:36.892[0m | [1mINFO    [0m | [36msrc.analysis.sentiment[0m:[36manalyse_sentiment[0m:[36m1515[0m - [1mAVGO raw_sentiment=-0.15 (local, 1 articles)[0m
[32m2026-09-10 05:22:36.892[0m | [34m[1mDEBUG   [0m | [36msrc.analysis.sentiment[0m:[36manalyse_sentiment[0m:[36m1571[0m - [34m[1mAVGO sentiment scaled -0.15 \u2192 -0.06 (count=1, sources=1, scale=0.41)[0m
[32m2026-09-10 05:22:38.775[0m | [1mINFO    [0m | [36msrc.analysis.sentiment[0m:[36manalyse_sentiment[0m:[36m1515[0m - [1mAVGO raw_sentiment=+0.05 (local, 3 articles)[0m
[32m2026-09-10 05:22:38.775[0m | [34m[1mDEBUG   [0m | [36msrc.analysis.sentiment[0m:[36manalyse_sentiment[0m:[36m1571[0m - [34m[1mAVGO sentiment scaled +0.05 \u2192 +0.03 (count=3, sources=2, scale=0.60)[0m
[32m2026-09-10 05:22:41.022[0m | [1mINFO    [0m | [36msrc.analysis.sentiment[0m:[36manalyse_sentiment[0m:[36m1515[0m - [1mAVGO raw_sentiment=+0.25 (local, 2 articles)[0m
[32m2026-09-10 05:22:41.023[0m | [34m[1mDEBUG   [0m | [36msrc.analysis.sentiment[0m:[36manalyse_sentiment[0m:[36m1571[0m - [34m[1mAVGO sentiment scaled +0.25 \u2192 +0.14 (count=2, sources=2, scale=0.55)[0m
[32m2026-09-10 05:22:43.360[0m | [1mINFO    [0m | [36msrc.analysis.sentiment[0m:[36manalyse_sentiment[0m:[36m1515[0m - [1mAVGO raw_sentiment=+0.15 (local, 1 articles)[0m
[32m2026-09-10 05:22:43.360[0m | [34m[1mDEBUG   [0m | [36msrc.analysis.sentiment[0m:[36manalyse_sentiment[0m:[36m1571[0m - [34m[1mAVGO sentiment scaled +0.15 \u2192 +0.06 (count=1, sources=1, scale=0.38)[0m
[32m2026-09-10 05:22:45.608[0m | [1mINFO    [0m | [36msrc.analysis.sentiment[0m:[36manalyse_sentiment[0m:[36m1515[0m - [1mAVGO raw_sentiment=+0.05 (local, 1 articles)[0m
[32m2026-09-10 05:22:45.608[0m | [34m[1mDEBUG   [0m | [36msrc.analysis.sentiment[0m:[36manalyse_sentiment[0m:[36m1571[0m - [34m[1mAVGO sentiment scaled +0.05 \u2192 +0.02 (count=1, sources=1, scale=0.38)[0m
[32m2026-09-10 05:22:47.629[0m | [1mINFO    [0m | [36msrc.analysis.sentiment[0m:[36manalyse_sentiment[0m:[36m1515[0m - [1mAVGO raw_sentiment=+0.05 (local, 1 articles)[0m
[32m2026-09-10 05:22:47.629[0m | [34m[1mDEBUG   [0m | [36msrc.analysis.sentiment[0m:[36manalyse_sentiment[0m:[36m1571[0m - [34m[1mAVGO sentiment scaled +0.05 \u2192 +0.02 (count=1, sources=1, scale=0.38)[0m
[32m2026-09-10 05:22:48.813[0m | [1mINFO    [0m | [36msrc.analysis.sentiment[0m:[36manalyse_sentiment[0m:[36m1515[0m - [1mAVGO raw_sentiment=-0.65 (local, 1 articles)[0m
[32m2026-09-10 05:22:48.813[0m | [34m[1mDEBUG   [0m | [36msrc.analysis.sentiment[0m:[36manalyse_sentiment[0m:[36m1571[0m - [34m[1mAVGO sentiment scaled -0.65 \u2192 -0.24 (count=1, sources=1, scale=0.37)[0m
[32m2026-09-10 05:22:50.846[0m | [1mINFO    [0m | [36msrc.analysis.sentiment[0m:[36manalyse_sentiment[0m:[36m1515[0m - [1mAVGO raw_sentiment=-0.25 (local, 1 articles)[0m
[32m2026-09-10 05:22:50.846[0m | [34m[1mDEBUG   [0m | [36msrc.analysis.sentiment[0m:[36manalyse_sentiment[0m:[36m1571[0m - [34m[1mAVGO sentiment scaled -0.25 \u2192 -0.09 (count=1, sources=1, scale=0.37)[0m
[32m2026-09-10 05:22:52.647[0m | [1mINFO    [0m | [36msrc.analysis.sentiment[0m:[36manalyse_sentiment[0m:[36m1515[0m - [1mAVGO raw_sentiment=+0.15 (local, 1 articles)[0m
[32m2026-09-10 05:22:52.647[0m | [34m[1mDEBUG   [0m | [36msrc.analysis.sentiment[0m:[36manalyse_sentiment[0m:[36m1571[0m - [34m[1mAVGO sentiment scaled +0.15 \u2192 +0.05 (count=1, sources=1, scale=0.36)[0m
[32m2026-09-10 05:22:54.905[0m | [1mINFO    [0m | [36msrc.analysis.sentiment[0m:[36manalyse_sentiment[0m:[36m1515[0m - [1mAVGO raw_sentiment=+0.15 (local, 1 articles)[0m
[32m2026-09-10 05:22:54.905[0m | [34m[1mDEBUG   [0m | [36msrc.analysis.sentiment[0m:[36manalyse_sentiment[0m:[36m1571[0m - [34m[1mAVGO sentiment scaled +0.15 \u2192 +0.05 (count=1, sources=1, scale=0.35)[0m
[32m2026-09-10 05:22:57.617[0m | [1mINFO    [0m | [36msrc.analysis.sentiment[0m:[36manalyse_sentiment[0m:[36m1515[0m - [1mAVGO raw_sentiment=+0.15 (local, 3 articles)[0m
[32m2026-09-10 05:22:57.617[0m | [34m[1mDEBUG   [0m | [36msrc.analysis.sentiment[0m:[36manalyse_sentiment[0m:[36m1571[0m - [34m[1mAVGO sentiment scaled +0.15 \u2192 +0.06 (count=3, sources=1, scale=0.40)[0m
[32m2026-09-10 05:22:59.635[0m | [1mINFO    [0m | [36msrc.analysis.sentiment[0m:[36manalyse_sentiment[0m:[36m1515[0m - [1mAVGO raw_sentiment=+0.15 (local, 1 articles)[0m
[32m2026-09-10 05:22:59.635[0m | [34m[1mDEBUG   [0m | [36msrc.analysis.sentiment[0m:[36manalyse_sentiment[0m:[36m1571[0m - [34m[1mAVGO sentiment scaled +0.15 \u2192 +0.05 (count=1, sources=1, scale=0.35)[0m
[32m2026-09-10 05:23:02.061[0m | [1mINFO    [0m | [36msrc.analysis.sentiment[0m:[36manalyse_sentiment[0m:[36m1515[0m - [1mAVGO raw_sentiment=+0.25 (local, 1 articles)[0m
[32m2026-09-10 05:23:02.061[0m | [34m[1mDEBUG   [0m | [36msrc.analysis.sentiment[0m:[36manalyse_sentiment[0m:[36m1571[0m - [34m[1mAVGO sentiment scaled +0.25 \u2192 +0.09 (count=1, sources=1, scale=0.34)[0m
[32m2026-09-10 05:23:04.282[0m | [1mINFO    [0m | [36msrc.analysis.sentiment[0m:[36manalyse_sentiment[0m:[36m1515[0m - [1mAVGO raw_sentiment=-0.35 (local, 1 articles)[0m
[32m2026-09-10 05:23:04.282[0m | [34m[1mDEBUG   [0m | [36msrc.analysis.sentiment[0m:[36manalyse_sentiment[0m:[36m1571[0m - [34m[1mAVGO sentiment scaled -0.35 \u2192 -0.12 (count=1, sources=1, scale=0.34)[0m
  2026-07-03: 1 tickers in 32s
[32m2026-09-10 05:23:06.887[0m | [1mINFO    [0m | [36msrc.analysis.sentiment[0m:[36manalyse_sentiment[0m:[36m1515[0m - [1mAVGO raw_sentiment=+0.00 (local, 1 articles)[0m
[32m2026-09-10 05:23:06.888[0m | [34m[1mDEBUG   [0m | [36msrc.analysis.sentiment[0m:[36manalyse_sentiment[0m:[36m1571[0m - [34m[1mAVGO sentiment scaled +0.00 \u2192 +0.00 (count=1, sources=1, scale=0.42)[0m
[32m2026-09-10 05:23:08.917[0m | [1mINFO    [0m | [36msrc.analysis.sentiment[0m:[36manalyse_sentiment[0m:[36m1515[0m - [1mAVGO raw_sentiment=+0.25 (local, 1 articles)[0m
[32m2026-09-10 05:23:08.917[0m | [34m[1mDEBUG   [0m | [36msrc.analysis.sentiment[0m:[36manalyse_sentiment[0m:[36m1571[0m - [34m[1mAVGO sentiment scaled +0.25 \u2192 +0.10 (count=1, sources=1, scale=0.41)[0m
[32m2026-09-10 05:23:11.107[0m | [1mINFO    [0m | [36msrc.analysis.sentiment[0m:[36manalyse_sentiment[0m:[36m1515[0m - [1mAVGO raw_sentiment=-0.05 (local, 1 articles)[0m
[32m2026-09-10 05:23:11.107[0m | [34m[1mDEBUG   [0m | [36msrc.analysis.sentiment[0m:[36manalyse_sentiment[0m:[36m1571[0m - [34m[1mAVGO sentiment scaled -0.05 \u2192 -0.02 (count=1, sources=1, scale=0.41)[0m
[32m2026-09-10 05:23:13.742[0m | [1mINFO    [0m | [36msrc.analysis.sentiment[0m:[36manalyse_sentiment[0m:[36m1515[0m - [1mAVGO raw_sentiment=+0.45 (local, 1 articles)[0m
[32m2026-09-10 05:23:13.742[0m | [34m[1mDEBUG   [0m | [36msrc.analysis.sentiment[0m:[36manalyse_sentiment[0m:[36m1571[0m - [34m[1mAVGO sentiment scaled +0.45 \u2192 +0.16 (count=1, sources=1, scale=0.36)[0m
[32m2026-09-10 05:23:16.047[0m | [1mINFO    [0m | [36msrc.analysis.sentiment[0m:[36manalyse_sentiment[0m:[36m1515[0m - [1mAVGO raw_sentiment=+0.15 (local, 1 articles)[0m
[32m2026-09-10 05:23:16.048[0m | [34m[1mDEBUG   [0m | [36msrc.analysis.sentiment[0m:[36manalyse_sentiment[0m:[36m1571[0m - [34m[1mAVGO sentiment scaled +0.15 \u2192 +0.05 (count=1, sources=1, scale=0.36)[0m
[32m2026-09-10 05:23:18.864[0m | [1mINFO    [0m | [36msrc.analysis.sentiment[0m:[36manalyse_sentiment[0m:[36m1515[0m - [1mAVGO raw_sentiment=+0.15 (local, 1 articles)[0m
[32m2026-09-10 05:23:18.865[0m | [34m[1mDEBUG   [0m | [36msrc.analysis.sentiment[0m:[36manalyse_sentiment[0m:[36m1571[0m - [34m[1mAVGO sentiment scaled +0.15 \u2192 +0.05 (count=1, sources=1, scale=0.34)[0m
[32m2026-09-10 05:23:21.380[0m | [1mINFO    [0m | [36msrc.analysis.sentiment[0m:[36manalyse_sentiment[0m:[36m1515[0m - [1mAVGO raw_sentiment=+0.05 (local, 1 articles)[0m
[32m2026-09-10 05:23:21.380[0m | [34m[1mDEBUG   [0m | [36msrc.analysis.sentiment[0m:[36manalyse_sentiment[0m:[36m1571[0m - [34m[1mAVGO sentiment scaled +0.05 \u2192 +0.02 (count=1, sources=1, scale=0.34)[0m
[32m2026-09-10 05:23:23.067[0m | [1mINFO    [0m | [36msrc.analysis.sentiment[0m:[36manalyse_sentiment[0m:[36m1515[0m - [1mAVGO raw_sentiment=+0.25 (local, 1 articles)[0m
[32m2026-09-10 05:23:23.067[0m | [34m[1mDEBUG   [0m | [36msrc.analysis.sentiment[0m:[36manalyse_sentiment[0m:[36m1571[0m - [34m[1mAVGO sentiment scaled +0.25 \u2192 +0.08 (count=1, sources=1, scale=0.33)[0m
[32m2026-09-10 05:23:24.887[0m | [1mINFO    [0m | [36msrc.analysis.sentiment[0m:[36manalyse_sentiment[0m:[36m1515[0m - [1mAVGO raw_sentiment=-0.15 (local, 1 articles)[0m
[32m2026-09-10 05:23:24.888[0m | [34m[1mDEBUG   [0m | [36msrc.analysis.sentiment[0m:[36manalyse_sentiment[0m:[36m1571[0m - [34m[1mAVGO sentiment scaled -0.15 \u2192 -0.05 (count=1, sources=1, scale=0.33)[0m
[32m2026-09-10 05:23:26.934[0m | [1mINFO    [0m | [36msrc.analysis.sentiment[0m:[36manalyse_sentiment[0m:[36m1515[0m - [1mAVGO raw_sentiment=+0.05 (local, 3 articles)[0m
[32m2026-09-10 05:23:26.934[0m | [34m[1mDEBUG   [0m | [36msrc.analysis.sentiment[0m:[36manalyse_sentiment[0m:[36m1571[0m - [34m[1mAVGO sentiment scaled +0.05 \u2192 +0.02 (count=3, sources=2, scale=0.42)[0m
[32m2026-09-10 05:23:29.072[0m | [1mINFO    [0m | [36msrc.analysis.sentiment[0m:[36manalyse_sentiment[0m:[36m1515[0m - [1mAVGO raw_sentiment=+0.15 (local, 2 articles)[0m
[32m2026-09-10 05:23:29.073[0m | [34m[1mDEBUG   [0m | [36msrc.analysis.sentiment[0m:[36manalyse_sentiment[0m:[36m1571[0m - [34m[1mAVGO sentiment scaled +0.15 \u2192 +0.06 (count=2, sources=2, scale=0.41)[0m
[32m2026-09-10 05:23:31.471[0m | [1mINFO    [0m | [36msrc.analysis.sentiment[0m:[36manalyse_sentiment[0m:[36m1515[0m - [1mAVGO raw_sentiment=+0.15 (local, 1 articles)[0m
[32m2026-09-10 05:23:31.471[0m | [34m[1mDEBUG   [0m | [36msrc.analysis.sentiment[0m:[36manalyse_sentiment[0m:[36m1571[0m - [34m[1mAVGO sentiment scaled +0.15 \u2192 +0.05 (count=1, sources=1, scale=0.32)[0m
[32m2026-09-10 05:23:33.673[0m | [1mINFO    [0m | [36msrc.analysis.sentiment[0m:[36manalyse_sentiment[0m:[36m1515[0m - [1mAVGO raw_sentiment=+0.15 (local, 1 articles)[0m
[32m2026-09-10 05:23:33.673[0m | [34m[1mDEBUG   [0m | [36msrc.analysis.sentiment[0m:[36manalyse_sentiment[0m:[36m1571[0m - [34m[1mAVGO sentiment scaled +0.15 \u2192 +0.05 (count=1, sources=1, scale=0.32)[0m
[32m2026-09-10 05:23:35.383[0m | [1mINFO    [0m | [36msrc.analysis.sentiment[0m:[36manalyse_sentiment[0m:[36m1515[0m - [1mAVGO raw_sentiment=+0.15 (local, 1 articles)[0m
[32m2026-09-10 05:23:35.383[0m | [34m[1mDEBUG   [0m | [36msrc.analysis.sentiment[0m:[36manalyse_sentiment[0m:[36m1571[0m - [34m[1mAVGO sentiment scaled +0.15 \u2192 +0.05 (count=1, sources=1, scale=0.32)[0m
[32m2026-09-10 05:23:36.655[0m | [1mINFO    [0m | [36msrc.analysis.sentiment[0m:[36manalyse_sentiment[0m:[36m1515[0m - [1mAVGO raw_sentiment=-0.65 (local, 1 articles)[0m
[32m2026-09-10 05:23:36.656[0m | [34m[1mDEBUG   [0m | [36msrc.analysis.sentiment[0m:[36manalyse_sentiment[0m:[36m1571[0m - [34m[1mAVGO sentiment scaled -0.65 \u2192 -0.21 (count=1, sources=1, scale=0.32)[0m
[32m2026-09-10 05:23:38.680[0m | [1mINFO    [0m | [36msrc.analysis.sentiment[0m:[36manalyse_sentiment[0m:[36m1515[0m - [1mAVGO raw_sentiment=-0.25 (local, 1 articles)[0m
[32m2026-09-10 05:23:38.680[0m | [34m[1mDEBUG   [0m | [36msrc.analysis.sentiment[0m:[36manalyse_sentiment[0m:[36m1571[0m - [34m[1mAVGO sentiment scaled -0.25 \u2192 -0.08 (count=1, sources=1, scale=0.32)[0m
[32m2026-09-10 05:23:40.638[0m | [1mINFO    [0m | [36msrc.analysis.sentiment[0m:[36manalyse_sentiment[0m:[36m1515[0m - [1mAVGO raw_sentiment=+0.15 (local, 1 articles)[0m
[32m2026-09-10 05:23:40.638[0m | [34m[1mDEBUG   [0m | [36msrc.analysis.sentiment[0m:[36manalyse_sentiment[0m:[36m1571[0m - [34m[1mAVGO sentiment scaled +0.15 \u2192 +0.05 (count=1, sources=1, scale=0.32)[0m
  2026-07-05: 1 tickers in 36s
[32m2026-09-10 05:23:44.007[0m | [1mINFO    [0m | [36msrc.analysis.sentiment[0m:[36manalyse_sentiment[0m:[36m1515[0m - [1mADMA raw_sentiment=-0.65 (local, 7 articles)[0m
[32m2026-09-10 05:23:44.007[0m | [34m[1mDEBUG   [0m | [36msrc.analysis.sentiment[0m:[36manalyse_sentiment[0m:[36m1571[0m - [34m[1mADMA sentiment scaled -0.65 \u2192 -0.31 (count=7, sources=1, scale=0.48)[0m
[32m2026-09-10 05:23:46.446[0m | [1mINFO    [0m | [36msrc.analysis.sentiment[0m:[36manalyse_sentiment[0m:[36m1515[0m - [1mADMA raw_sentiment=-0.65 (local, 7 articles)[0m
[32m2026-09-10 05:23:46.446[0m | [34m[1mDEBUG   [0m | [36msrc.analysis.sentiment[0m:[36manalyse_sentiment[0m:[36m1571[0m - [34m[1mADMA sentiment scaled -0.65 \u2192 -0.31 (count=7, sources=1, scale=0.48)[0m
[32m2026-09-10 05:23:48.884[0m | [1mINFO    [0m | [36msrc.analysis.sentiment[0m:[36manalyse_sentiment[0m:[36m1515[0m - [1mAVGO raw_sentiment=+0.65 (local, 1 articles)[0m
[32m2026-09-10 05:23:48.884[0m | [34m[1mDEBUG   [0m | [36msrc.analysis.sentiment[0m:[36manalyse_sentiment[0m:[36m1571[0m - [34m[1mAVGO sentiment scaled +0.65 \u2192 +0.30 (count=1, sources=1, scale=0.46)[0m
[32m2026-09-10 05:23:51.458[0m | [1mINFO    [0m | [36msrc.analysis.sentiment[0m:[36manalyse_sentiment[0m:[36m1515[0m - [1mAVGO raw_sentiment=+0.00 (local, 2 articles)[0m
[32m2026-09-10 05:23:51.458[0m | [34m[1mDEBUG   [0m | [36msrc.analysis.sentiment[0m:[36manalyse_sentiment[0m:[36m1571[0m - [34m[1mAVGO sentiment scaled +0.00 \u2192 +0.00 (count=2, sources=1, scale=0.49)[0m
[32m2026-09-10 05:23:53.558[0m | [1mINFO    [0m | [36msrc.analysis.sentiment[0m:[36manalyse_sentiment[0m:[36m1515[0m - [1mAVGO raw_sentiment=+0.15 (local, 1 articles)[0m
[32m2026-09-10 05:23:53.558[0m | [34m[1mDEBUG   [0m | [36msrc.analysis.sentiment[0m:[36manalyse_sentiment[0m:[36m1571[0m - [34m[1mAVGO sentiment scaled +0.15 \u2192 +0.06 (count=1, sources=1, scale=0.42)[0m
[32m2026-09-10 05:23:55.527[0m | [1mINFO    [0m | [36msrc.analysis.sentiment[0m:[36manalyse_sentiment[0m:[36m1515[0m - [1mAVGO raw_sentiment=+0.25 (local, 1 articles)[0m
[32m2026-09-10 05:23:55.527[0m | [34m[1mDEBUG   [0m | [36msrc.analysis.sentiment[0m:[36manalyse_sentiment[0m:[36m1571[0m - [34m[1mAVGO sentiment scaled +0.25 \u2192 +0.10 (count=1, sources=1, scale=0.38)[0m
[32m2026-09-10 05:23:57.995[0m | [1mINFO    [0m | [36msrc.analysis.sentiment[0m:[36manalyse_sentiment[0m:[36m1515[0m - [1mAVGO raw_sentiment=+0.05 (local, 1 articles)[0m
[32m2026-09-10 05:23:57.995[0m | [34m[1mDEBUG   [0m | [36msrc.analysis.sentiment[0m:[36manalyse_sentiment[0m:[36m1571[0m - [34m[1mAVGO sentiment scaled +0.05 \u2192 +0.02 (count=1, sources=1, scale=0.38)[0m
[32m2026-09-10 05:24:00.593[0m | [1mINFO    [0m | [36msrc.analysis.sentiment[0m:[36manalyse_sentiment[0m:[36m1515[0m - [1mAVGO raw_sentiment=+0.45 (local, 1 articles)[0m
[32m2026-09-10 05:24:00.593[0m | [34m[1mDEBUG   [0m | [36msrc.analysis.sentiment[0m:[36manalyse_sentiment[0m:[36m1571[0m - [34m[1mAVGO sentiment scaled +0.45 \u2192 +0.16 (count=1, sources=1, scale=0.34)[0m
[32m2026-09-10 05:24:02.694[0m | [1mINFO    [0m | [36msrc.analysis.sentiment[0m:[36manalyse_sentiment[0m:[36m1515[0m - [1mAVGO raw_sentiment=+0.05 (local, 1 articles)[0m
[32m2026-09-10 05:24:02.694[0m | [34m[1mDEBUG   [0m | [36msrc.analysis.sentiment[0m:[36manalyse_sentiment[0m:[36m1571[0m - [34m[1mAVGO sentiment scaled +0.05 \u2192 +0.02 (count=1, sources=1, scale=0.34)[0m
[32m2026-09-10 05:24:05.431[0m | [1mINFO    [0m | [36msrc.analysis.sentiment[0m:[36manalyse_sentiment[0m:[36m1515[0m - [1mAVGO raw_sentiment=+0.15 (local, 1 articles)[0m
[32m2026-09-10 05:24:05.431[0m | [34m[1mDEBUG   [0m | [36msrc.analysis.sentiment[0m:[36manalyse_sentiment[0m:[36m1571[0m - [34m[1mAVGO sentiment scaled +0.15 \u2192 +0.05 (count=1, sources=1, scale=0.33)[0m
[32m2026-09-10 05:24:07.664[0m | [1mINFO    [0m | [36msrc.analysis.sentiment[0m:[36manalyse_sentiment[0m:[36m1515[0m - [1mAVGO raw_sentiment=+0.05 (local, 1 articles)[0m
[32m2026-09-10 05:24:07.664[0m | [34m[1mDEBUG   [0m | [36msrc.analysis.sentiment[0m:[36manalyse_sentiment[0m:[36m1571[0m - [34m[1mAVGO sentiment scaled +0.05 \u2192 +0.02 (count=1, sources=1, scale=0.33)[0m
[32m2026-09-10 05:24:09.436[0m | [1mINFO    [0m | [36msrc.analysis.sentiment[0m:[36manalyse_sentiment[0m:[36m1515[0m - [1mAVGO raw_sentiment=+0.25 (local, 1 articles)[0m
[32m2026-09-10 05:24:09.436[0m | [34m[1mDEBUG   [0m | [36msrc.analysis.sentiment[0m:[36manalyse_sentiment[0m:[36m1571[0m - [34m[1mAVGO sentiment scaled +0.25 \u2192 +0.08 (count=1, sources=1, scale=0.32)[0m
[32m2026-09-10 05:24:11.620[0m | [1mINFO    [0m | [36msrc.analysis.sentiment[0m:[36manalyse_sentiment[0m:[36m1515[0m - [1mAVGO raw_sentiment=-0.15 (local, 1 articles)[0m
[32m2026-09-10 05:24:11.620[0m | [34m[1mDEBUG   [0m | [36msrc.analysis.sentiment[0m:[36manalyse_sentiment[0m:[36m1571[0m - [34m[1mAVGO sentiment scaled -0.15 \u2192 -0.05 (count=1, sources=1, scale=0.32)[0m
[32m2026-09-10 05:24:13.549[0m | [1mINFO    [0m | [36msrc.analysis.sentiment[0m:[36manalyse_sentiment[0m:[36m1515[0m - [1mAVGO raw_sentiment=+0.05 (local, 3 articles)[0m
[32m2026-09-10 05:24:13.549[0m | [34m[1mDEBUG   [0m | [36msrc.analysis.sentiment[0m:[36manalyse_sentiment[0m:[36m1571[0m - [34m[1mAVGO sentiment scaled +0.05 \u2192 +0.02 (count=3, sources=2, scale=0.40)[0m
[32m2026-09-10 05:24:15.474[0m | [1mINFO    [0m | [36msrc.analysis.sentiment[0m:[36manalyse_sentiment[0m:[36m1515[0m - [1mAVGO raw_sentiment=+0.15 (local, 2 articles)[0m
[32m2026-09-10 05:24:15.474[0m | [34m[1mDEBUG   [0m | [36msrc.analysis.sentiment[0m:[36manalyse_sentiment[0m:[36m1571[0m - [34m[1mAVGO sentiment scaled +0.15 \u2192 +0.06 (count=2, sources=2, scale=0.40)[0m
[32m2026-09-10 05:24:17.823[0m | [1mINFO    [0m | [36msrc.analysis.sentiment[0m:[36manalyse_sentiment[0m:[36m1515[0m - [1mAVGO raw_sentiment=+0.15 (local, 1 articles)[0m
[32m2026-09-10 05:24:17.823[0m | [34m[1mDEBUG   [0m | [36msrc.analysis.sentiment[0m:[36manalyse_sentiment[0m:[36m1571[0m - [34m[1mAVGO sentiment scaled +0.15 \u2192 +0.05 (count=1, sources=1, scale=0.32)[0m
[32m2026-09-10 05:24:20.089[0m | [1mINFO    [0m | [36msrc.analysis.sentiment[0m:[36manalyse_sentiment[0m:[36m1515[0m - [1mAVGO raw_sentiment=+0.05 (local, 1 articles)[0m
[32m2026-09-10 05:24:20.090[0m | [34m[1mDEBUG   [0m | [36msrc.analysis.sentiment[0m:[36manalyse_sentiment[0m:[36m1571[0m - [34m[1mAVGO sentiment scaled +0.05 \u2192 +0.02 (count=1, sources=1, scale=0.32)[0m
[32m2026-09-10 05:24:21.958[0m | [1mINFO    [0m | [36msrc.analysis.sentiment[0m:[36manalyse_sentiment[0m:[36m1515[0m - [1mAVGO raw_sentiment=+0.15 (local, 1 articles)[0m
[32m2026-09-10 05:24:21.958[0m | [34m[1mDEBUG   [0m | [36msrc.analysis.sentiment[0m:[36manalyse_sentiment[0m:[36m1571[0m - [34m[1mAVGO sentiment scaled +0.15 \u2192 +0.05 (count=1, sources=1, scale=0.32)[0m
  2026-07-06: 2 tickers in 41s
[32m2026-09-10 05:24:24.356[0m | [1mINFO    [0m | [36msrc.analysis.sentiment[0m:[36manalyse_sentiment[0m:[36m1515[0m - [1mAMAT raw_sentiment=+0.15 (local, 1 articles)[0m
[32m2026-09-10 05:24:24.356[0m | [34m[1mDEBUG   [0m | [36msrc.analysis.sentiment[0m:[36manalyse_sentiment[0m:[36m1571[0m - [34m[1mAMAT sentiment scaled +0.15 \u2192 +0.06 (count=1, sources=1, scale=0.42)[0m
[32m2026-09-10 05:24:26.871[0m | [1mINFO    [0m | [36msrc.analysis.sentiment[0m:[36manalyse_sentiment[0m:[36m1515[0m - [1mAMAT raw_sentiment=+0.45 (local, 5 articles)[0m
[32m2026-09-10 05:24:26.872[0m | [34m[1mDEBUG   [0m | [36msrc.analysis.sentiment[0m:[36manalyse_sentiment[0m:[36m1571[0m - [34m[1mAMAT sentiment scaled +0.45 \u2192 +0.27 (count=5, sources=2, scale=0.60)[0m
[32m2026-09-10 05:24:29.573[0m | [1mINFO    [0m | [36msrc.analysis.sentiment[0m:[36manalyse_sentiment[0m:[36m1515[0m - [1mAMAT raw_sentiment=+0.00 (local, 2 articles)[0m
[32m2026-09-10 05:24:29.573[0m | [34m[1mDEBUG   [0m | [36msrc.analysis.sentiment[0m:[36manalyse_sentiment[0m:[36m1571[0m - [34m[1mAMAT sentiment scaled +0.00 \u2192 +0.00 (count=2, sources=1, scale=0.41)[0m
[32m2026-09-10 05:24:31.765[0m | [1mINFO    [0m | [36msrc.analysis.sentiment[0m:[36manalyse_sentiment[0m:[36m1515[0m - [1mAMAT raw_sentiment=+0.00 (local, 1 articles)[0m
[32m2026-09-10 05:24:31.765[0m | [34m[1mDEBUG   [0m | [36msrc.analysis.sentiment[0m:[36manalyse_sentiment[0m:[36m1571[0m - [34m[1mAMAT sentiment scaled +0.00 \u2192 +0.00 (count=1, sources=1, scale=0.39)[0m
[32m2026-09-10 05:24:34.045[0m | [1mINFO    [0m | [36msrc.analysis.sentiment[0m:[36manalyse_sentiment[0m:[36m1515[0m - [1mAMAT raw_sentiment=-0.05 (local, 1 articles)[0m
[32m2026-09-10 05:24:34.045[0m | [34m[1mDEBUG   [0m | [36msrc.analysis.sentiment[0m:[36manalyse_sentiment[0m:[36m1571[0m - [34m[1mAMAT sentiment scaled -0.05 \u2192 -0.02 (count=1, sources=1, scale=0.32)[0m
[32m2026-09-10 05:24:36.623[0m | [1mINFO    [0m | [36msrc.analysis.sentiment[0m:[36manalyse_sentiment[0m:[36m1515[0m - [1mAMAT raw_sentiment=-0.15 (local, 3 articles)[0m
[32m2026-09-10 05:24:36.623[0m | [34m[1mDEBUG   [0m | [36msrc.analysis.sentiment[0m:[36manalyse_sentiment[0m:[36m1571[0m - [34m[1mAMAT sentiment scaled -0.15 \u2192 -0.06 (count=3, sources=3, scale=0.43)[0m
[32m2026-09-10 05:24:38.537[0m | [1mINFO    [0m | [36msrc.analysis.sentiment[0m:[36manalyse_sentiment[0m:[36m1515[0m - [1mAMAT raw_sentiment=+0.25 (local, 1 articles)[0m
[32m2026-09-10 05:24:38.537[0m | [34m[1mDEBUG   [0m | [36msrc.analysis.sentiment[0m:[36manalyse_sentiment[0m:[36m1571[0m - [34m[1mAMAT sentiment scaled +0.25 \u2192 +0.08 (count=1, sources=1, scale=0.32)[0m
[32m2026-09-10 05:24:40.071[0m | [1mINFO    [0m | [36msrc.analysis.sentiment[0m:[36manalyse_sentiment[0m:[36m1515[0m - [1mAMAT raw_sentiment=+0.00 (local, 1 articles)[0m
[32m2026-09-10 05:24:40.071[0m | [34m[1mDEBUG   [0m | [36msrc.analysis.sentiment[0m:[36manalyse_sentiment[0m:[36m1571[0m - [34m[1mAMAT sentiment scaled +0.00 \u2192 +0.00 (count=1, sources=1, scale=0.32)[0m
[32m2026-09-10 05:24:42.414[0m | [1mINFO    [0m | [36msrc.analysis.sentiment[0m:[36manalyse_sentiment[0m:[36m1515[0m - [1mAMAT raw_sentiment=+0.05 (local, 1 articles)[0m
[32m2026-09-10 05:24:42.414[0m | [34m[1mDEBUG   [0m | [36msrc.analysis.sentiment[0m:[36manalyse_sentiment[0m:[36m1571[0m - [34m[1mAMAT sentiment scaled +0.05 \u2192 +0.02 (count=1, sources=1, scale=0.32)[0m
[32m2026-09-10 05:24:44.430[0m | [1mINFO    [0m | [36msrc.analysis.sentiment[0m:[36manalyse_sentiment[0m:[36m1515[0m - [1mAMAT raw_sentiment=+0.15 (local, 2 articles)[0m
[32m2026-09-10 05:24:44.430[0m | [34m[1mDEBUG   [0m | [36msrc.analysis.sentiment[0m:[36manalyse_sentiment[0m:[36m1571[0m - [34m[1mAMAT sentiment scaled +0.15 \u2192 +0.06 (count=2, sources=2, scale=0.39)[0m
[32m2026-09-10 05:24:46.102[0m | [1mINFO    [0m | [36msrc.analysis.sentiment[0m:[36manalyse_sentiment[0m:[36m1515[0m - [1mAMAT raw_sentiment=-0.10 (local, 1 articles)[0m
[32m2026-09-10 05:24:46.102[0m | [34m[1mDEBUG   [0m | [36msrc.analysis.sentiment[0m:[36manalyse_sentiment[0m:[36m1571[0m - [34m[1mAMAT sentiment scaled -0.10 \u2192 -0.03 (count=1, sources=1, scale=0.32)[0m
[32m2026-09-10 05:24:47.788[0m | [1mINFO    [0m | [36msrc.analysis.sentiment[0m:[36manalyse_sentiment[0m:[36m1515[0m - [1mAMAT raw_sentiment=+0.00 (local, 1 articles)[0m
[32m2026-09-10 05:24:47.789[0m | [34m[1mDEBUG   [0m | [36msrc.analysis.sentiment[0m:[36manalyse_sentiment[0m:[36m1571[0m - [34m[1mAMAT sentiment scaled +0.00 \u2192 +0.00 (count=1, sources=1, scale=0.32)[0m
  2026-07-07: 1 tickers in 25s
[32m2026-09-10 05:24:51.212[0m | [1mINFO    [0m | [36msrc.analysis.sentiment[0m:[36manalyse_sentiment[0m:[36m1515[0m - [1mAMAT raw_sentiment=-0.25 (local, 14 articles)[0m
[32m2026-09-10 05:24:53.743[0m | [1mINFO    [0m | [36msrc.analysis.sentiment[0m:[36manalyse_sentiment[0m:[36m1515[0m - [1mAMAT raw_sentiment=+0.25 (local, 6 articles)[0m
[32m2026-09-10 05:24:53.744[0m | [34m[1mDEBUG   [0m | [36msrc.analysis.sentiment[0m:[36manalyse_sentiment[0m:[36m1571[0m - [34m[1mAMAT sentiment scaled +0.25 \u2192 +0.12 (count=6, sources=5, scale=0.47)[0m
[32m2026-09-10 05:24:55.831[0m | [1mINFO    [0m | [36msrc.analysis.sentiment[0m:[36manalyse_sentiment[0m:[36m1515[0m - [1mAMAT raw_sentiment=-0.25 (local, 2 articles)[0m
[32m2026-09-10 05:24:55.831[0m | [34m[1mDEBUG   [0m | [36msrc.analysis.sentiment[0m:[36manalyse_sentiment[0m:[36m1571[0m - [34m[1mAMAT sentiment scaled -0.25 \u2192 -0.15 (count=2, sources=2, scale=0.59)[0m
[32m2026-09-10 05:24:57.813[0m | [1mINFO    [0m | [36msrc.analysis.sentiment[0m:[36manalyse_sentiment[0m:[36m1515[0m - [1mAMAT raw_sentiment=-0.10 (local, 1 articles)[0m
[32m2026-09-10 05:24:57.813[0m | [34m[1mDEBUG   [0m | [36msrc.analysis.sentiment[0m:[36manalyse_sentiment[0m:[36m1571[0m - [34m[1mAMAT sentiment scaled -0.10 \u2192 -0.04 (count=1, sources=1, scale=0.41)[0m
[32m2026-09-10 05:25:00.184[0m | [1mINFO    [0m | [36msrc.analysis.sentiment[0m:[36manalyse_sentiment[0m:[36m1515[0m - [1mAMAT raw_sentiment=-0.25 (local, 1 articles)[0m
[32m2026-09-10 05:25:00.184[0m | [34m[1mDEBUG   [0m | [36msrc.analysis.sentiment[0m:[36manalyse_sentiment[0m:[36m1571[0m - [34m[1mAMAT sentiment scaled -0.25 \u2192 -0.10 (count=1, sources=1, scale=0.40)[0m
[32m2026-09-10 05:25:02.145[0m | [1mINFO    [0m | [36msrc.analysis.sentiment[0m:[36manalyse_sentiment[0m:[36m1515[0m - [1mAMAT raw_sentiment=-0.15 (local, 1 articles)[0m
[32m2026-09-10 05:25:02.145[0m | [34m[1mDEBUG   [0m | [36msrc.analysis.sentiment[0m:[36manalyse_sentiment[0m:[36m1571[0m - [34m[1mAMAT sentiment scaled -0.15 \u2192 -0.06 (count=1, sources=1, scale=0.40)[0m
[32m2026-09-10 05:25:04.044[0m | [1mINFO    [0m | [36msrc.analysis.sentiment[0m:[36manalyse_sentiment[0m:[36m1515[0m - [1mAMAT raw_sentiment=+0.15 (local, 2 articles)[0m
[32m2026-09-10 05:25:04.044[0m | [34m[1mDEBUG   [0m | [36msrc.analysis.sentiment[0m:[36manalyse_sentiment[0m:[36m1571[0m - [34m[1mAMAT sentiment scaled +0.15 \u2192 +0.08 (count=2, sources=2, scale=0.52)[0m
[32m2026-09-10 05:25:05.863[0m | [1mINFO    [0m | [36msrc.analysis.sentiment[0m:[36manalyse_sentiment[0m:[36m1515[0m - [1mAMAT raw_sentiment=+0.15 (local, 1 articles)[0m
[32m2026-09-10 05:25:05.863[0m | [34m[1mDEBUG   [0m | [36msrc.analysis.sentiment[0m:[36manalyse_sentiment[0m:[36m1571[0m - [34m[1mAMAT sentiment scaled +0.15 \u2192 +0.06 (count=1, sources=1, scale=0.39)[0m
[32m2026-09-10 05:25:07.497[0m | [1mINFO    [0m | [36msrc.analysis.sentiment[0m:[36manalyse_sentiment[0m:[36m1515[0m - [1mAMAT raw_sentiment=+0.15 (local, 1 articles)[0m
[32m2026-09-10 05:25:07.498[0m | [34m[1mDEBUG   [0m | [36msrc.analysis.sentiment[0m:[36manalyse_sentiment[0m:[36m1571[0m - [34m[1mAMAT sentiment scaled +0.15 \u2192 +0.06 (count=1, sources=1, scale=0.39)[0m
[32m2026-09-10 05:25:09.280[0m | [1mINFO    [0m | [36msrc.analysis.sentiment[0m:[36manalyse_sentiment[0m:[36m1515[0m - [1mAMAT raw_sentiment=-0.25 (local, 1 articles)[0m
[32m2026-09-10 05:25:09.280[0m | [34m[1mDEBUG   [0m | [36msrc.analysis.sentiment[0m:[36manalyse_sentiment[0m:[36m1571[0m - [34m[1mAMAT sentiment scaled -0.25 \u2192 -0.09 (count=1, sources=1, scale=0.38)[0m
[32m2026-09-10 05:25:11.380[0m | [1mINFO    [0m | [36msrc.analysis.sentiment[0m:[36manalyse_sentiment[0m:[36m1515[0m - [1mAMAT raw_sentiment=+0.15 (local, 3 articles)[0m
[32m2026-09-10 05:25:11.380[0m | [34m[1mDEBUG   [0m | [36msrc.analysis.sentiment[0m:[36manalyse_sentiment[0m:[36m1571[0m - [34m[1mAMAT sentiment scaled +0.15 \u2192 +0.06 (count=3, sources=1, scale=0.38)[0m
[32m2026-09-10 05:25:14.118[0m | [1mINFO    [0m | [36msrc.analysis.sentiment[0m:[36manalyse_sentiment[0m:[36m1515[0m - [1mAMAT raw_sentiment=+0.00 (local, 2 articles)[0m
[32m2026-09-10 05:25:14.118[0m | [34m[1mDEBUG   [0m | [36msrc.analysis.sentiment[0m:[36manalyse_sentiment[0m:[36m1571[0m - [34m[1mAMAT sentiment scaled +0.00 \u2192 +0.00 (count=2, sources=1, scale=0.35)[0m
[32m2026-09-10 05:25:16.398[0m | [1mINFO    [0m | [36msrc.analysis.sentiment[0m:[36manalyse_sentiment[0m:[36m1515[0m - [1mAMAT raw_sentiment=+0.00 (local, 1 articles)[0m
[32m2026-09-10 05:25:16.398[0m | [34m[1mDEBUG   [0m | [36msrc.analysis.sentiment[0m:[36manalyse_sentiment[0m:[36m1571[0m - [34m[1mAMAT sentiment scaled +0.00 \u2192 +0.00 (count=1, sources=1, scale=0.34)[0m
[32m2026-09-10 05:25:18.356[0m | [1mINFO    [0m | [36msrc.analysis.sentiment[0m:[36manalyse_sentiment[0m:[36m1515[0m - [1mAMAT raw_sentiment=-0.05 (local, 1 articles)[0m
[32m2026-09-10 05:25:18.357[0m | [34m[1mDEBUG   [0m | [36msrc.analysis.sentiment[0m:[36manalyse_sentiment[0m:[36m1571[0m - [34m[1mAMAT sentiment scaled -0.05 \u2192 -0.02 (count=1, sources=1, scale=0.32)[0m
[32m2026-09-10 05:25:20.246[0m | [1mINFO    [0m | [36msrc.analysis.sentiment[0m:[36manalyse_sentiment[0m:[36m1515[0m - [1mAMAT raw_sentiment=+0.25 (local, 1 articles)[0m
[32m2026-09-10 05:25:20.246[0m | [34m[1mDEBUG   [0m | [36msrc.analysis.sentiment[0m:[36manalyse_sentiment[0m:[36m1571[0m - [34m[1mAMAT sentiment scaled +0.25 \u2192 +0.08 (count=1, sources=1, scale=0.32)[0m
[32m2026-09-10 05:25:22.349[0m | [1mINFO    [0m | [36msrc.analysis.sentiment[0m:[36manalyse_sentiment[0m:[36m1515[0m - [1mAMAT raw_sentiment=-0.15 (local, 1 articles)[0m
[32m2026-09-10 05:25:22.349[0m | [34m[1mDEBUG   [0m | [36msrc.analysis.sentiment[0m:[36manalyse_sentiment[0m:[36m1571[0m - [34m[1mAMAT sentiment scaled -0.15 \u2192 -0.05 (count=1, sources=1, scale=0.32)[0m
[32m2026-09-10 05:25:24.309[0m | [1mINFO    [0m | [36msrc.analysis.sentiment[0m:[36manalyse_sentiment[0m:[36m1515[0m - [1mAMAT raw_sentiment=+0.25 (local, 1 articles)[0m
[32m2026-09-10 05:25:24.309[0m | [34m[1mDEBUG   [0m | [36msrc.analysis.sentiment[0m:[36manalyse_sentiment[0m:[36m1571[0m - [34m[1mAMAT sentiment scaled +0.25 \u2192 +0.08 (count=1, sources=1, scale=0.32)[0m
  2026-07-08: 1 tickers in 36s
[32m2026-09-10 05:25:24.315[0m | [34m[1mDEBUG   [0m | [36msrc.analysis.news_replay[0m:[36mbuild_tick_pool[0m:[36m296[0m - [34m[1m[news-replay] news_2026-07-09_05.json: dropped 1 article(s) published within 30 min after 05:00:28 (fetched during the run itself)[0m
[32m2026-09-10 05:25:27.132[0m | [1mINFO    [0m | [36msrc.analysis.sentiment[0m:[36manalyse_sentiment[0m:[36m1515[0m - [1mAAPL raw_sentiment=+0.00 (local, 1 articles)[0m
[32m2026-09-10 05:25:27.132[0m | [34m[1mDEBUG   [0m | [36msrc.analysis.sentiment[0m:[36manalyse_sentiment[0m:[36m1571[0m - [34m[1mAAPL sentiment scaled +0.00 \u2192 +0.00 (count=1, sources=1, scale=0.45)[0m
[32m2026-09-10 05:25:30.107[0m | [1mINFO    [0m | [36msrc.analysis.sentiment[0m:[36manalyse_sentiment[0m:[36m1515[0m - [1mAAPL raw_sentiment=-0.25 (local, 14 articles)[0m
[32m2026-09-10 05:25:31.793[0m | [1mINFO    [0m | [36msrc.analysis.sentiment[0m:[36manalyse_sentiment[0m:[36m1515[0m - [1mAAPL raw_sentiment=+0.25 (local, 1 articles)[0m
[32m2026-09-10 05:25:31.793[0m | [34m[1mDEBUG   [0m | [36msrc.analysis.sentiment[0m:[36manalyse_sentiment[0m:[36m1571[0m - [34m[1mAAPL sentiment scaled +0.25 \u2192 +0.11 (count=1, sources=1, scale=0.44)[0m
[32m2026-09-10 05:25:33.500[0m | [1mINFO    [0m | [36msrc.analysis.sentiment[0m:[36manalyse_sentiment[0m:[36m1515[0m - [1mAAPL raw_sentiment=-0.05 (local, 1 articles)[0m
[32m2026-09-10 05:25:33.501[0m | [34m[1mDEBUG   [0m | [36msrc.analysis.sentiment[0m:[36manalyse_sentiment[0m:[36m1571[0m - [34m[1mAAPL sentiment scaled -0.05 \u2192 -0.02 (count=1, sources=1, scale=0.43)[0m
[32m2026-09-10 05:25:35.560[0m | [1mINFO    [0m | [36msrc.analysis.sentiment[0m:[36manalyse_sentiment[0m:[36m1515[0m - [1mAAPL raw_sentiment=+0.00 (local, 1 articles)[0m
[32m2026-09-10 05:25:35.560[0m | [34m[1mDEBUG   [0m | [36msrc.analysis.sentiment[0m:[36manalyse_sentiment[0m:[36m1571[0m - [34m[1mAAPL sentiment scaled +0.00 \u2192 +0.00 (count=1, sources=1, scale=0.42)[0m
[32m2026-09-10 05:25:37.424[0m | [1mINFO    [0m | [36msrc.analysis.sentiment[0m:[36manalyse_sentiment[0m:[36m1515[0m - [1mAAPL raw_sentiment=+0.65 (local, 1 articles)[0m
[32m2026-09-10 05:25:37.424[0m | [34m[1mDEBUG   [0m | [36msrc.analysis.sentiment[0m:[36manalyse_sentiment[0m:[36m1571[0m - [34m[1mAAPL sentiment scaled +0.65 \u2192 +0.27 (count=1, sources=1, scale=0.41)[0m
[32m2026-09-10 05:25:39.479[0m | [1mINFO    [0m | [36msrc.analysis.sentiment[0m:[36manalyse_sentiment[0m:[36m1515[0m - [1mAAPL raw_sentiment=+0.65 (local, 1 articles)[0m
[32m2026-09-10 05:25:39.479[0m | [34m[1mDEBUG   [0m | [36msrc.analysis.sentiment[0m:[36manalyse_sentiment[0m:[36m1571[0m - [34m[1mAAPL sentiment scaled +0.65 \u2192 +0.27 (count=1, sources=1, scale=0.41)[0m
[32m2026-09-10 05:25:41.559[0m | [1mINFO    [0m | [36msrc.analysis.sentiment[0m:[36manalyse_sentiment[0m:[36m1515[0m - [1mAMD raw_sentiment=-0.15 (local, 1 articles)[0m
[32m2026-09-10 05:25:41.560[0m | [34m[1mDEBUG   [0m | [36msrc.analysis.sentiment[0m:[36manalyse_sentiment[0m:[36m1571[0m - [34m[1mAMD sentiment scaled -0.15 \u2192 -0.07 (count=1, sources=1, scale=0.44)[0m
[32m2026-09-10 05:25:43.697[0m | [1mINFO    [0m | [36msrc.analysis.sentiment[0m:[36manalyse_sentiment[0m:[36m1515[0m - [1mAMD raw_sentiment=+0.45 (local, 1 articles)[0m
[32m2026-09-10 05:25:43.697[0m | [34m[1mDEBUG   [0m | [36msrc.analysis.sentiment[0m:[36manalyse_sentiment[0m:[36m1571[0m - [34m[1mAMD sentiment scaled +0.45 \u2192 +0.19 (count=1, sources=1, scale=0.42)[0m
[32m2026-09-10 05:25:45.988[0m | [1mINFO    [0m | [36msrc.analysis.sentiment[0m:[36manalyse_sentiment[0m:[36m1515[0m - [1mAMD raw_sentiment=-0.15 (local, 1 articles)[0m
[32m2026-09-10 05:25:45.988[0m | [34m[1mDEBUG   [0m | [36msrc.analysis.sentiment[0m:[36manalyse_sentiment[0m:[36m1571[0m - [34m[1mAMD sentiment scaled -0.15 \u2192 -0.06 (count=1, sources=1, scale=0.42)[0m
[32m2026-09-10 05:25:48.099[0m | [1mINFO    [0m | [36msrc.analysis.sentiment[0m:[36manalyse_sentiment[0m:[36m1515[0m - [1mAMD raw_sentiment=+0.05 (local, 1 articles)[0m
[32m2026-09-10 05:25:48.099[0m | [34m[1mDEBUG   [0m | [36msrc.analysis.sentiment[0m:[36manalyse_sentiment[0m:[36m1571[0m - [34m[1mAMD sentiment scaled +0.05 \u2192 +0.02 (count=1, sources=1, scale=0.40)[0m
[32m2026-09-10 05:25:49.967[0m | [1mINFO    [0m | [36msrc.analysis.sentiment[0m:[36manalyse_sentiment[0m:[36m1515[0m - [1mAMD raw_sentiment=-0.35 (local, 1 articles)[0m
[32m2026-09-10 05:25:49.967[0m | [34m[1mDEBUG   [0m | [36msrc.analysis.sentiment[0m:[36manalyse_sentiment[0m:[36m1571[0m - [34m[1mAMD sentiment scaled -0.35 \u2192 -0.13 (count=1, sources=1, scale=0.38)[0m
[32m2026-09-10 05:25:51.958[0m | [1mINFO    [0m | [36msrc.analysis.sentiment[0m:[36manalyse_sentiment[0m:[36m1515[0m - [1mAMD raw_sentiment=-0.65 (local, 1 articles)[0m
[32m2026-09-10 05:25:51.958[0m | [34m[1mDEBUG   [0m | [36msrc.analysis.sentiment[0m:[36manalyse_sentiment[0m:[36m1571[0m - [34m[1mAMD sentiment scaled -0.65 \u2192 -0.24 (count=1, sources=1, scale=0.37)[0m
[32m2026-09-10 05:25:53.696[0m | [1mINFO    [0m | [36msrc.analysis.sentiment[0m:[36manalyse_sentiment[0m:[36m1515[0m - [1mAMD raw_sentiment=-0.15 (local, 2 articles)[0m
[32m2026-09-10 05:25:53.696[0m | [34m[1mDEBUG   [0m | [36msrc.analysis.sentiment[0m:[36manalyse_sentiment[0m:[36m1571[0m - [34m[1mAMD sentiment scaled -0.15 \u2192 -0.08 (count=2, sources=2, scale=0.50)[0m
[32m2026-09-10 05:25:55.475[0m | [1mINFO    [0m | [36msrc.analysis.sentiment[0m:[36manalyse_sentiment[0m:[36m1515[0m - [1mAMD raw_sentiment=-0.05 (local, 1 articles)[0m
[32m2026-09-10 05:25:55.475[0m | [34m[1mDEBUG   [0m | [36msrc.analysis.sentiment[0m:[36manalyse_sentiment[0m:[36m1571[0m - [34m[1mAMD sentiment scaled -0.05 \u2192 -0.02 (count=1, sources=1, scale=0.37)[0m
[32m2026-09-10 05:25:57.856[0m | [1mINFO    [0m | [36msrc.analysis.sentiment[0m:[36manalyse_sentiment[0m:[36m1515[0m - [1mAMD raw_sentiment=+0.25 (local, 1 articles)[0m
[32m2026-09-10 05:25:57.856[0m | [34m[1mDEBUG   [0m | [36msrc.analysis.sentiment[0m:[36manalyse_sentiment[0m:[36m1571[0m - [34m[1mAMD sentiment scaled +0.25 \u2192 +0.09 (count=1, sources=1, scale=0.37)[0m
[32m2026-09-10 05:25:59.551[0m | [1mINFO    [0m | [36msrc.analysis.sentiment[0m:[36manalyse_sentiment[0m:[36m1515[0m - [1mAMD raw_sentiment=+0.00 (local, 1 articles)[0m
[32m2026-09-10 05:25:59.551[0m | [34m[1mDEBUG   [0m | [36msrc.analysis.sentiment[0m:[36manalyse_sentiment[0m:[36m1571[0m - [34m[1mAMD sentiment scaled +0.00 \u2192 +0.00 (count=1, sources=1, scale=0.37)[0m
[32m2026-09-10 05:26:01.673[0m | [1mINFO    [0m | [36msrc.analysis.sentiment[0m:[36manalyse_sentiment[0m:[36m1515[0m - [1mAMD raw_sentiment=-0.05 (local, 1 articles)[0m
[32m2026-09-10 05:26:01.673[0m | [34m[1mDEBUG   [0m | [36msrc.analysis.sentiment[0m:[36manalyse_sentiment[0m:[36m1571[0m - [34m[1mAMD sentiment scaled -0.05 \u2192 -0.02 (count=1, sources=1, scale=0.37)[0m
[32m2026-09-10 05:26:03.679[0m | [1mINFO    [0m | [36msrc.analysis.sentiment[0m:[36manalyse_sentiment[0m:[36m1515[0m - [1mAMD raw_sentiment=-0.35 (local, 2 articles)[0m
[32m2026-09-10 05:26:03.680[0m | [34m[1mDEBUG   [0m | [36msrc.analysis.sentiment[0m:[36manalyse_sentiment[0m:[36m1571[0m - [34m[1mAMD sentiment scaled -0.35 \u2192 -0.17 (count=2, sources=2, scale=0.49)[0m
[32m2026-09-10 05:26:05.621[0m | [1mINFO    [0m | [36msrc.analysis.sentiment[0m:[36manalyse_sentiment[0m:[36m1515[0m - [1mAMD raw_sentiment=-0.05 (local, 2 articles)[0m
[32m2026-09-10 05:26:05.621[0m | [34m[1mDEBUG   [0m | [36msrc.analysis.sentiment[0m:[36manalyse_sentiment[0m:[36m1571[0m - [34m[1mAMD sentiment scaled -0.05 \u2192 -0.02 (count=2, sources=1, scale=0.40)[0m
[32m2026-09-10 05:26:08.021[0m | [1mINFO    [0m | [36msrc.analysis.sentiment[0m:[36manalyse_sentiment[0m:[36m1515[0m - [1mAMD raw_sentiment=+0.15 (local, 2 articles)[0m
[32m2026-09-10 05:26:08.021[0m | [34m[1mDEBUG   [0m | [36msrc.analysis.sentiment[0m:[36manalyse_sentiment[0m:[36m1571[0m - [34m[1mAMD sentiment scaled +0.15 \u2192 +0.07 (count=2, sources=2, scale=0.48)[0m
[32m2026-09-10 05:26:09.777[0m | [1mINFO    [0m | [36msrc.analysis.sentiment[0m:[36manalyse_sentiment[0m:[36m1515[0m - [1mAMD raw_sentiment=+0.25 (local, 1 articles)[0m
[32m2026-09-10 05:26:09.778[0m | [34m[1mDEBUG   [0m | [36msrc.analysis.sentiment[0m:[36manalyse_sentiment[0m:[36m1571[0m - [34m[1mAMD sentiment scaled +0.25 \u2192 +0.09 (count=1, sources=1, scale=0.36)[0m
[32m2026-09-10 05:26:11.812[0m | [1mINFO    [0m | [36msrc.analysis.sentiment[0m:[36manalyse_sentiment[0m:[36m1515[0m - [1mAMD raw_sentiment=-0.05 (local, 1 articles)[0m
[32m2026-09-10 05:26:11.812[0m | [34m[1mDEBUG   [0m | [36msrc.analysis.sentiment[0m:[36manalyse_sentiment[0m:[36m1571[0m - [34m[1mAMD sentiment scaled -0.05 \u2192 -0.02 (count=1, sources=1, scale=0.36)[0m
  2026-07-09: 2 tickers in 47s
[32m2026-09-10 05:26:11.898[0m | [34m[1mDEBUG   [0m | [36msrc.analysis.news_replay[0m:[36mbuild_tick_pool[0m:[36m296[0m - [34m[1m[news-replay] news_2026-07-10_05.json: dropped 1 article(s) published within 30 min after 05:00:16 (fetched during the run itself)[0m
[32m2026-09-10 05:26:16.023[0m | [1mINFO    [0m | [36msrc.analysis.sentiment[0m:[36manalyse_sentiment[0m:[36m1515[0m - [1mAGIO raw_sentiment=+0.65 (local, 9 articles)[0m
[32m2026-09-10 05:26:16.023[0m | [34m[1mDEBUG   [0m | [36msrc.analysis.sentiment[0m:[36manalyse_sentiment[0m:[36m1571[0m - [34m[1mAGIO sentiment scaled +0.65 \u2192 +0.49 (count=9, sources=7, scale=0.76)[0m
[32m2026-09-10 05:26:18.787[0m | [1mINFO    [0m | [36msrc.analysis.sentiment[0m:[36manalyse_sentiment[0m:[36m1515[0m - [1mAGIO raw_sentiment=+0.15 (local, 7 articles)[0m
[32m2026-09-10 05:26:18.787[0m | [34m[1mDEBUG   [0m | [36msrc.analysis.sentiment[0m:[36manalyse_sentiment[0m:[36m1571[0m - [34m[1mAGIO sentiment scaled +0.15 \u2192 +0.11 (count=7, sources=6, scale=0.72)[0m
[32m2026-09-10 05:26:20.543[0m | [1mINFO    [0m | [36msrc.analysis.sentiment[0m:[36manalyse_sentiment[0m:[36m1515[0m - [1mAGIO raw_sentiment=-0.05 (local, 1 articles)[0m
[32m2026-09-10 05:26:20.543[0m | [34m[1mDEBUG   [0m | [36msrc.analysis.sentiment[0m:[36manalyse_sentiment[0m:[36m1571[0m - [34m[1mAGIO sentiment scaled -0.05 \u2192 -0.02 (count=1, sources=1, scale=0.36)[0m
[32m2026-09-10 05:26:22.863[0m | [1mINFO    [0m | [36msrc.analysis.sentiment[0m:[36manalyse_sentiment[0m:[36m1515[0m - [1mAGIO raw_sentiment=-0.05 (local, 1 articles)[0m
[32m2026-09-10 05:26:22.864[0m | [34m[1mDEBUG   [0m | [36msrc.analysis.sentiment[0m:[36manalyse_sentiment[0m:[36m1571[0m - [34m[1mAGIO sentiment scaled -0.05 \u2192 -0.02 (count=1, sources=1, scale=0.33)[0m
[32m2026-09-10 05:26:25.019[0m | [1mINFO    [0m | [36msrc.analysis.sentiment[0m:[36manalyse_sentiment[0m:[36m1515[0m - [1mAMAT raw_sentiment=+0.05 (local, 1 articles)[0m
[32m2026-09-10 05:26:25.019[0m | [34m[1mDEBUG   [0m | [36msrc.analysis.sentiment[0m:[36manalyse_sentiment[0m:[36m1571[0m - [34m[1mAMAT sentiment scaled +0.05 \u2192 +0.02 (count=1, sources=1, scale=0.43)[0m
[32m2026-09-10 05:26:27.136[0m | [1mINFO    [0m | [36msrc.analysis.sentiment[0m:[36manalyse_sentiment[0m:[36m1515[0m - [1mAMAT raw_sentiment=+0.65 (local, 2 articles)[0m
[32m2026-09-10 05:26:27.136[0m | [34m[1mDEBUG   [0m | [36msrc.analysis.sentiment[0m:[36manalyse_sentiment[0m:[36m1571[0m - [34m[1mAMAT sentiment scaled +0.65 \u2192 +0.31 (count=2, sources=1, scale=0.48)[0m
[32m2026-09-10 05:26:29.584[0m | [1mINFO    [0m | [36msrc.analysis.sentiment[0m:[36manalyse_sentiment[0m:[36m1515[0m - [1mAMAT raw_sentiment=-0.15 (local, 2 articles)[0m
[32m2026-09-10 05:26:29.584[0m | [34m[1mDEBUG   [0m | [36msrc.analysis.sentiment[0m:[36manalyse_sentiment[0m:[36m1571[0m - [34m[1mAMAT sentiment scaled -0.15 \u2192 -0.07 (count=2, sources=1, scale=0.43)[0m
[32m2026-09-10 05:26:31.577[0m | [1mINFO    [0m | [36msrc.analysis.sentiment[0m:[36manalyse_sentiment[0m:[36m1515[0m - [1mAMAT raw_sentiment=+0.15 (local, 1 articles)[0m
[32m2026-09-10 05:26:31.577[0m | [34m[1mDEBUG   [0m | [36msrc.analysis.sentiment[0m:[36manalyse_sentiment[0m:[36m1571[0m - [34m[1mAMAT sentiment scaled +0.15 \u2192 +0.06 (count=1, sources=1, scale=0.41)[0m
[32m2026-09-10 05:26:33.459[0m | [1mINFO    [0m | [36msrc.analysis.sentiment[0m:[36manalyse_sentiment[0m:[36m1515[0m - [1mAMAT raw_sentiment=+0.85 (local, 1 articles)[0m
[32m2026-09-10 05:26:33.459[0m | [34m[1mDEBUG   [0m | [36msrc.analysis.sentiment[0m:[36manalyse_sentiment[0m:[36m1571[0m - [34m[1mAMAT sentiment scaled +0.85 \u2192 +0.34 (count=1, sources=1, scale=0.40)[0m
[32m2026-09-10 05:26:35.602[0m | [1mINFO    [0m | [36msrc.analysis.sentiment[0m:[36manalyse_sentiment[0m:[36m1515[0m - [1mAMAT raw_sentiment=+0.05 (local, 1 articles)[0m
[32m2026-09-10 05:26:35.602[0m | [34m[1mDEBUG   [0m | [36msrc.analysis.sentiment[0m:[36manalyse_sentiment[0m:[36m1571[0m - [34m[1mAMAT sentiment scaled +0.05 \u2192 +0.02 (count=1, sources=1, scale=0.40)[0m
[32m2026-09-10 05:26:37.610[0m | [1mINFO    [0m | [36msrc.analysis.sentiment[0m:[36manalyse_sentiment[0m:[36m1515[0m - [1mAMAT raw_sentiment=+0.15 (local, 1 articles)[0m
[32m2026-09-10 05:26:37.610[0m | [34m[1mDEBUG   [0m | [36msrc.analysis.sentiment[0m:[36manalyse_sentiment[0m:[36m1571[0m - [34m[1mAMAT sentiment scaled +0.15 \u2192 +0.05 (count=1, sources=1, scale=0.36)[0m
[32m2026-09-10 05:26:39.939[0m | [1mINFO    [0m | [36msrc.analysis.sentiment[0m:[36manalyse_sentiment[0m:[36m1515[0m - [1mAMAT raw_sentiment=+0.35 (local, 1 articles)[0m
[32m2026-09-10 05:26:39.940[0m | [34m[1mDEBUG   [0m | [36msrc.analysis.sentiment[0m:[36manalyse_sentiment[0m:[36m1571[0m - [34m[1mAMAT sentiment scaled +0.35 \u2192 +0.13 (count=1, sources=1, scale=0.36)[0m
[32m2026-09-10 05:26:42.286[0m | [1mINFO    [0m | [36msrc.analysis.sentiment[0m:[36manalyse_sentiment[0m:[36m1515[0m - [1mAMAT raw_sentiment=+0.25 (local, 1 articles)[0m
[32m2026-09-10 05:26:42.286[0m | [34m[1mDEBUG   [0m | [36msrc.analysis.sentiment[0m:[36manalyse_sentiment[0m:[36m1571[0m - [34m[1mAMAT sentiment scaled +0.25 \u2192 +0.09 (count=1, sources=1, scale=0.36)[0m
[32m2026-09-10 05:26:44.196[0m | [1mINFO    [0m | [36msrc.analysis.sentiment[0m:[36manalyse_sentiment[0m:[36m1515[0m - [1mAMAT raw_sentiment=-0.25 (local, 2 articles)[0m
[32m2026-09-10 05:26:44.197[0m | [34m[1mDEBUG   [0m | [36msrc.analysis.sentiment[0m:[36manalyse_sentiment[0m:[36m1571[0m - [34m[1mAMAT sentiment scaled -0.25 \u2192 -0.11 (count=2, sources=2, scale=0.44)[0m
[32m2026-09-10 05:26:46.214[0m | [1mINFO    [0m | [36msrc.analysis.sentiment[0m:[36manalyse_sentiment[0m:[36m1515[0m - [1mAMAT raw_sentiment=-0.05 (local, 1 articles)[0m
[32m2026-09-10 05:26:46.214[0m | [34m[1mDEBUG   [0m | [36msrc.analysis.sentiment[0m:[36manalyse_sentiment[0m:[36m1571[0m - [34m[1mAMAT sentiment scaled -0.05 \u2192 -0.02 (count=1, sources=1, scale=0.34)[0m
[32m2026-09-10 05:26:48.387[0m | [1mINFO    [0m | [36msrc.analysis.sentiment[0m:[36manalyse_sentiment[0m:[36m1515[0m - [1mAMAT raw_sentiment=-0.35 (local, 1 articles)[0m
[32m2026-09-10 05:26:48.387[0m | [34m[1mDEBUG   [0m | [36msrc.analysis.sentiment[0m:[36manalyse_sentiment[0m:[36m1571[0m - [34m[1mAMAT sentiment scaled -0.35 \u2192 -0.12 (count=1, sources=1, scale=0.34)[0m
[32m2026-09-10 05:26:50.302[0m | [1mINFO    [0m | [36msrc.analysis.sentiment[0m:[36manalyse_sentiment[0m:[36m1515[0m - [1mAMAT raw_sentiment=+0.15 (local, 2 articles)[0m
[32m2026-09-10 05:26:50.303[0m | [34m[1mDEBUG   [0m | [36msrc.analysis.sentiment[0m:[36manalyse_sentiment[0m:[36m1571[0m - [34m[1mAMAT sentiment scaled +0.15 \u2192 +0.06 (count=2, sources=2, scale=0.42)[0m
[32m2026-09-10 05:26:52.022[0m | [1mINFO    [0m | [36msrc.analysis.sentiment[0m:[36manalyse_sentiment[0m:[36m1515[0m - [1mAMAT raw_sentiment=-0.15 (local, 1 articles)[0m
[32m2026-09-10 05:26:52.023[0m | [34m[1mDEBUG   [0m | [36msrc.analysis.sentiment[0m:[36manalyse_sentiment[0m:[36m1571[0m - [34m[1mAMAT sentiment scaled -0.15 \u2192 -0.05 (count=1, sources=1, scale=0.33)[0m
[32m2026-09-10 05:26:53.936[0m | [1mINFO    [0m | [36msrc.analysis.sentiment[0m:[36manalyse_sentiment[0m:[36m1515[0m - [1mAMAT raw_sentiment=+0.00 (local, 1 articles)[0m
[32m2026-09-10 05:26:53.937[0m | [34m[1mDEBUG   [0m | [36msrc.analysis.sentiment[0m:[36manalyse_sentiment[0m:[36m1571[0m - [34m[1mAMAT sentiment scaled +0.00 \u2192 +0.00 (count=1, sources=1, scale=0.33)[0m
[32m2026-09-10 05:26:56.095[0m | [1mINFO    [0m | [36msrc.analysis.sentiment[0m:[36manalyse_sentiment[0m:[36m1515[0m - [1mAMAT raw_sentiment=-0.10 (local, 1 articles)[0m
[32m2026-09-10 05:26:56.095[0m | [34m[1mDEBUG   [0m | [36msrc.analysis.sentiment[0m:[36manalyse_sentiment[0m:[36m1571[0m - [34m[1mAMAT sentiment scaled -0.10 \u2192 -0.03 (count=1, sources=1, scale=0.33)[0m
[32m2026-09-10 05:26:58.454[0m | [1mINFO    [0m | [36msrc.analysis.sentiment[0m:[36manalyse_sentiment[0m:[36m1515[0m - [1mAMZN raw_sentiment=+0.15 (local, 3 articles)[0m
[32m2026-09-10 05:26:58.454[0m | [34m[1mDEBUG   [0m | [36msrc.analysis.sentiment[0m:[36manalyse_sentiment[0m:[36m1571[0m - [34m[1mAMZN sentiment scaled +0.15 \u2192 +0.10 (count=3, sources=2, scale=0.67)[0m
[32m2026-09-10 05:27:00.990[0m | [1mINFO    [0m | [36msrc.analysis.sentiment[0m:[36manalyse_sentiment[0m:[36m1515[0m - [1mAMZN raw_sentiment=+0.05 (local, 1 articles)[0m
[32m2026-09-10 05:27:00.991[0m | [34m[1mDEBUG   [0m | [36msrc.analysis.sentiment[0m:[36manalyse_sentiment[0m:[36m1571[0m - [34m[1mAMZN sentiment scaled +0.05 \u2192 +0.02 (count=1, sources=1, scale=0.43)[0m
[32m2026-09-10 05:27:02.726[0m | [1mINFO    [0m | [36msrc.analysis.sentiment[0m:[36manalyse_sentiment[0m:[36m1515[0m - [1mAMZN raw_sentiment=+0.05 (local, 1 articles)[0m
[32m2026-09-10 05:27:02.726[0m | [34m[1mDEBUG   [0m | [36msrc.analysis.sentiment[0m:[36manalyse_sentiment[0m:[36m1571[0m - [34m[1mAMZN sentiment scaled +0.05 \u2192 +0.02 (count=1, sources=1, scale=0.42)[0m
[32m2026-09-10 05:27:04.627[0m | [1mINFO    [0m | [36msrc.analysis.sentiment[0m:[36manalyse_sentiment[0m:[36m1515[0m - [1mAMZN raw_sentiment=-0.15 (local, 1 articles)[0m
[32m2026-09-10 05:27:04.627[0m | [34m[1mDEBUG   [0m | [36msrc.analysis.sentiment[0m:[36manalyse_sentiment[0m:[36m1571[0m - [34m[1mAMZN sentiment scaled -0.15 \u2192 -0.06 (count=1, sources=1, scale=0.41)[0m
[32m2026-09-10 05:27:06.549[0m | [1mINFO    [0m | [36msrc.analysis.sentiment[0m:[36manalyse_sentiment[0m:[36m1515[0m - [1mAMZN raw_sentiment=+0.15 (local, 1 articles)[0m
[32m2026-09-10 05:27:06.549[0m | [34m[1mDEBUG   [0m | [36msrc.analysis.sentiment[0m:[36manalyse_sentiment[0m:[36m1571[0m - [34m[1mAMZN sentiment scaled +0.15 \u2192 +0.06 (count=1, sources=1, scale=0.40)[0m
[32m2026-09-10 05:27:08.513[0m | [1mINFO    [0m | [36msrc.analysis.sentiment[0m:[36manalyse_sentiment[0m:[36m1515[0m - [1mAMZN raw_sentiment=+0.45 (local, 1 articles)[0m
[32m2026-09-10 05:27:08.513[0m | [34m[1mDEBUG   [0m | [36msrc.analysis.sentiment[0m:[36manalyse_sentiment[0m:[36m1571[0m - [34m[1mAMZN sentiment scaled +0.45 \u2192 +0.18 (count=1, sources=1, scale=0.39)[0m
[32m2026-09-10 05:27:10.683[0m | [1mINFO    [0m | [36msrc.analysis.sentiment[0m:[36manalyse_sentiment[0m:[36m1515[0m - [1mAMZN raw_sentiment=+0.00 (local, 1 articles)[0m
[32m2026-09-10 05:27:10.683[0m | [34m[1mDEBUG   [0m | [36msrc.analysis.sentiment[0m:[36manalyse_sentiment[0m:[36m1571[0m - [34m[1mAMZN sentiment scaled +0.00 \u2192 +0.00 (count=1, sources=1, scale=0.39)[0m
[32m2026-09-10 05:27:12.355[0m | [1mINFO    [0m | [36msrc.analysis.sentiment[0m:[36manalyse_sentiment[0m:[36m1515[0m - [1mAMZN raw_sentiment=+0.00 (local, 1 articles)[0m
[32m2026-09-10 05:27:12.356[0m | [34m[1mDEBUG   [0m | [36msrc.analysis.sentiment[0m:[36manalyse_sentiment[0m:[36m1571[0m - [34m[1mAMZN sentiment scaled +0.00 \u2192 +0.00 (count=1, sources=1, scale=0.39)[0m
[32m2026-09-10 05:27:14.244[0m | [1mINFO    [0m | [36msrc.analysis.sentiment[0m:[36manalyse_sentiment[0m:[36m1515[0m - [1mAMZN raw_sentiment=+0.05 (local, 1 articles)[0m
[32m2026-09-10 05:27:14.244[0m | [34m[1mDEBUG   [0m | [36msrc.analysis.sentiment[0m:[36manalyse_sentiment[0m:[36m1571[0m - [34m[1mAMZN sentiment scaled +0.05 \u2192 +0.02 (count=1, sources=1, scale=0.39)[0m
[32m2026-09-10 05:27:16.622[0m | [1mINFO    [0m | [36msrc.analysis.sentiment[0m:[36manalyse_sentiment[0m:[36m1515[0m - [1mAMZN raw_sentiment=-0.15 (local, 1 articles)[0m
[32m2026-09-10 05:27:16.622[0m | [34m[1mDEBUG   [0m | [36msrc.analysis.sentiment[0m:[36manalyse_sentiment[0m:[36m1571[0m - [34m[1mAMZN sentiment scaled -0.15 \u2192 -0.06 (count=1, sources=1, scale=0.39)[0m
[32m2026-09-10 05:27:18.804[0m | [1mINFO    [0m | [36msrc.analysis.sentiment[0m:[36manalyse_sentiment[0m:[36m1515[0m - [1mAMZN raw_sentiment=+0.05 (local, 1 articles)[0m
[32m2026-09-10 05:27:18.804[0m | [34m[1mDEBUG   [0m | [36msrc.analysis.sentiment[0m:[36manalyse_sentiment[0m:[36m1571[0m - [34m[1mAMZN sentiment scaled +0.05 \u2192 +0.02 (count=1, sources=1, scale=0.38)[0m
[32m2026-09-10 05:27:21.217[0m | [1mINFO    [0m | [36msrc.analysis.sentiment[0m:[36manalyse_sentiment[0m:[36m1515[0m - [1mAMZN raw_sentiment=+0.05 (local, 1 articles)[0m
[32m2026-09-10 05:27:21.217[0m | [34m[1mDEBUG   [0m | [36msrc.analysis.sentiment[0m:[36manalyse_sentiment[0m:[36m1571[0m - [34m[1mAMZN sentiment scaled +0.05 \u2192 +0.02 (count=1, sources=1, scale=0.37)[0m
[32m2026-09-10 05:27:22.977[0m | [1mINFO    [0m | [36msrc.analysis.sentiment[0m:[36manalyse_sentiment[0m:[36m1515[0m - [1mAMZN raw_sentiment=-0.05 (local, 1 articles)[0m
[32m2026-09-10 05:27:22.977[0m | [34m[1mDEBUG   [0m | [36msrc.analysis.sentiment[0m:[36manalyse_sentiment[0m:[36m1571[0m - [34m[1mAMZN sentiment scaled -0.05 \u2192 -0.02 (count=1, sources=1, scale=0.36)[0m
[32m2026-09-10 05:27:24.862[0m | [1mINFO    [0m | [36msrc.analysis.sentiment[0m:[36manalyse_sentiment[0m:[36m1515[0m - [1mAMZN raw_sentiment=+0.15 (local, 1 articles)[0m
[32m2026-09-10 05:27:24.862[0m | [34m[1mDEBUG   [0m | [36msrc.analysis.sentiment[0m:[36manalyse_sentiment[0m:[36m1571[0m - [34m[1mAMZN sentiment scaled +0.15 \u2192 +0.05 (count=1, sources=1, scale=0.36)[0m
[32m2026-09-10 05:27:26.860[0m | [1mINFO    [0m | [36msrc.analysis.sentiment[0m:[36manalyse_sentiment[0m:[36m1515[0m - [1mAMZN raw_sentiment=-0.25 (local, 1 articles)[0m
[32m2026-09-10 05:27:26.860[0m | [34m[1mDEBUG   [0m | [36msrc.analysis.sentiment[0m:[36manalyse_sentiment[0m:[36m1571[0m - [34m[1mAMZN sentiment scaled -0.25 \u2192 -0.09 (count=1, sources=1, scale=0.36)[0m
[32m2026-09-10 05:27:29.251[0m | [1mINFO    [0m | [36msrc.analysis.sentiment[0m:[36manalyse_sentiment[0m:[36m1515[0m - [1mAMZN raw_sentiment=-0.15 (local, 1 articles)[0m
[32m2026-09-10 05:27:29.252[0m | [34m[1mDEBUG   [0m | [36msrc.analysis.sentiment[0m:[36manalyse_sentiment[0m:[36m1571[0m - [34m[1mAMZN sentiment scaled -0.15 \u2192 -0.05 (count=1, sources=1, scale=0.36)[0m
[32m2026-09-10 05:27:31.323[0m | [1mINFO    [0m | [36msrc.analysis.sentiment[0m:[36manalyse_sentiment[0m:[36m1515[0m - [1mAMZN raw_sentiment=+0.05 (local, 2 articles)[0m
[32m2026-09-10 05:27:31.323[0m | [34m[1mDEBUG   [0m | [36msrc.analysis.sentiment[0m:[36manalyse_sentiment[0m:[36m1571[0m - [34m[1mAMZN sentiment scaled +0.05 \u2192 +0.02 (count=2, sources=2, scale=0.48)[0m
[32m2026-09-10 05:27:33.751[0m | [1mINFO    [0m | [36msrc.analysis.sentiment[0m:[36manalyse_sentiment[0m:[36m1515[0m - [1mAVGO raw_sentiment=+0.15 (local, 1 articles)[0m
[32m2026-09-10 05:27:33.751[0m | [34m[1mDEBUG   [0m | [36msrc.analysis.sentiment[0m:[36manalyse_sentiment[0m:[36m1571[0m - [34m[1mAVGO sentiment scaled +0.15 \u2192 +0.07 (count=1, sources=1, scale=0.45)[0m
[32m2026-09-10 05:27:35.237[0m | [1mINFO    [0m | [36msrc.analysis.sentiment[0m:[36manalyse_sentiment[0m:[36m1515[0m - [1mAVGO raw_sentiment=-0.05 (local, 1 articles)[0m
[32m2026-09-10 05:27:35.237[0m | [34m[1mDEBUG   [0m | [36msrc.analysis.sentiment[0m:[36manalyse_sentiment[0m:[36m1571[0m - [34m[1mAVGO sentiment scaled -0.05 \u2192 -0.02 (count=1, sources=1, scale=0.43)[0m
[32m2026-09-10 05:27:37.406[0m | [1mINFO    [0m | [36msrc.analysis.sentiment[0m:[36manalyse_sentiment[0m:[36m1515[0m - [1mAVGO raw_sentiment=+0.15 (local, 1 articles)[0m
[32m2026-09-10 05:27:37.406[0m | [34m[1mDEBUG   [0m | [36msrc.analysis.sentiment[0m:[36manalyse_sentiment[0m:[36m1571[0m - [34m[1mAVGO sentiment scaled +0.15 \u2192 +0.06 (count=1, sources=1, scale=0.43)[0m
[32m2026-09-10 05:27:39.522[0m | [1mINFO    [0m | [36msrc.analysis.sentiment[0m:[36manalyse_sentiment[0m:[36m1515[0m - [1mAVGO raw_sentiment=+0.35 (local, 3 articles)[0m
[32m2026-09-10 05:27:39.522[0m | [34m[1mDEBUG   [0m | [36msrc.analysis.sentiment[0m:[36manalyse_sentiment[0m:[36m1571[0m - [34m[1mAVGO sentiment scaled +0.35 \u2192 +0.18 (count=3, sources=1, scale=0.53)[0m
[32m2026-09-10 05:27:41.829[0m | [1mINFO    [0m | [36msrc.analysis.sentiment[0m:[36manalyse_sentiment[0m:[36m1515[0m - [1mAVGO raw_sentiment=+0.25 (local, 1 articles)[0m
[32m2026-09-10 05:27:41.829[0m | [34m[1mDEBUG   [0m | [36msrc.analysis.sentiment[0m:[36manalyse_sentiment[0m:[36m1571[0m - [34m[1mAVGO sentiment scaled +0.25 \u2192 +0.10 (count=1, sources=1, scale=0.41)[0m
[32m2026-09-10 05:27:43.930[0m | [1mINFO    [0m | [36msrc.analysis.sentiment[0m:[36manalyse_sentiment[0m:[36m1515[0m - [1mAVGO raw_sentiment=+0.45 (local, 7 articles)[0m
[32m2026-09-10 05:27:45.638[0m | [1mINFO    [0m | [36msrc.analysis.sentiment[0m:[36manalyse_sentiment[0m:[36m1515[0m - [1mAVGO raw_sentiment=+0.15 (local, 1 articles)[0m
[32m2026-09-10 05:27:45.638[0m | [34m[1mDEBUG   [0m | [36msrc.analysis.sentiment[0m:[36manalyse_sentiment[0m:[36m1571[0m - [34m[1mAVGO sentiment scaled +0.15 \u2192 +0.06 (count=1, sources=1, scale=0.41)[0m
[32m2026-09-10 05:27:47.699[0m | [1mINFO    [0m | [36msrc.analysis.sentiment[0m:[36manalyse_sentiment[0m:[36m1515[0m - [1mAVGO raw_sentiment=-0.05 (local, 1 articles)[0m
[32m2026-09-10 05:27:47.699[0m | [34m[1mDEBUG   [0m | [36msrc.analysis.sentiment[0m:[36manalyse_sentiment[0m:[36m1571[0m - [34m[1mAVGO sentiment scaled -0.05 \u2192 -0.02 (count=1, sources=1, scale=0.41)[0m
[32m2026-09-10 05:27:49.801[0m | [1mINFO    [0m | [36msrc.analysis.sentiment[0m:[36manalyse_sentiment[0m:[36m1515[0m - [1mAVGO raw_sentiment=+0.35 (local, 1 articles)[0m
[32m2026-09-10 05:27:49.802[0m | [34m[1mDEBUG   [0m | [36msrc.analysis.sentiment[0m:[36manalyse_sentiment[0m:[36m1571[0m - [34m[1mAVGO sentiment scaled +0.35 \u2192 +0.14 (count=1, sources=1, scale=0.41)[0m
[32m2026-09-10 05:27:51.859[0m | [1mINFO    [0m | [36msrc.analysis.sentiment[0m:[36manalyse_sentiment[0m:[36m1515[0m - [1mAVGO raw_sentiment=-0.15 (local, 1 articles)[0m
[32m2026-09-10 05:27:51.859[0m | [34m[1mDEBUG   [0m | [36msrc.analysis.sentiment[0m:[36manalyse_sentiment[0m:[36m1571[0m - [34m[1mAVGO sentiment scaled -0.15 \u2192 -0.06 (count=1, sources=1, scale=0.40)[0m
[32m2026-09-10 05:27:53.961[0m | [1mINFO    [0m | [36msrc.analysis.sentiment[0m:[36manalyse_sentiment[0m:[36m1515[0m - [1mAVGO raw_sentiment=-0.15 (local, 1 articles)[0m
[32m2026-09-10 05:27:53.961[0m | [34m[1mDEBUG   [0m | [36msrc.analysis.sentiment[0m:[36manalyse_sentiment[0m:[36m1571[0m - [34m[1mAVGO sentiment scaled -0.15 \u2192 -0.06 (count=1, sources=1, scale=0.40)[0m
[32m2026-09-10 05:27:55.720[0m | [1mINFO    [0m | [36msrc.analysis.sentiment[0m:[36manalyse_sentiment[0m:[36m1515[0m - [1mAVGO raw_sentiment=+0.75 (local, 1 articles)[0m
[32m2026-09-10 05:27:55.720[0m | [34m[1mDEBUG   [0m | [36msrc.analysis.sentiment[0m:[36manalyse_sentiment[0m:[36m1571[0m - [34m[1mAVGO sentiment scaled +0.75 \u2192 +0.30 (count=1, sources=1, scale=0.40)[0m
  2026-07-10: 4 tickers in 103s
[32m2026-09-10 05:27:59.172[0m | [1mINFO    [0m | [36msrc.analysis.sentiment[0m:[36manalyse_sentiment[0m:[36m1515[0m - [1mAAPL raw_sentiment=-0.05 (local, 5 articles)[0m
[32m2026-09-10 05:27:59.172[0m | [34m[1mDEBUG   [0m | [36msrc.analysis.sentiment[0m:[36manalyse_sentiment[0m:[36m1571[0m - [34m[1mAAPL sentiment scaled -0.05 \u2192 -0.04 (count=5, sources=3, scale=0.72)[0m
[32m2026-09-10 05:28:01.441[0m | [1mINFO    [0m | [36msrc.analysis.sentiment[0m:[36manalyse_sentiment[0m:[36m1515[0m - [1mAAPL raw_sentiment=+0.00 (local, 1 articles)[0m
[32m2026-09-10 05:28:01.441[0m | [34m[1mDEBUG   [0m | [36msrc.analysis.sentiment[0m:[36manalyse_sentiment[0m:[36m1571[0m - [34m[1mAAPL sentiment scaled +0.00 \u2192 +0.00 (count=1, sources=1, scale=0.41)[0m
[32m2026-09-10 05:28:03.852[0m | [1mINFO    [0m | [36msrc.analysis.sentiment[0m:[36manalyse_sentiment[0m:[36m1515[0m - [1mAAPL raw_sentiment=-0.05 (local, 4 articles)[0m
[32m2026-09-10 05:28:03.852[0m | [34m[1mDEBUG   [0m | [36msrc.analysis.sentiment[0m:[36manalyse_sentiment[0m:[36m1571[0m - [34m[1mAAPL sentiment scaled -0.05 \u2192 -0.03 (count=4, sources=3, scale=0.55)[0m
[32m2026-09-10 05:28:05.391[0m | [1mINFO    [0m | [36msrc.analysis.sentiment[0m:[36manalyse_sentiment[0m:[36m1515[0m - [1mAAPL raw_sentiment=-0.15 (local, 1 articles)[0m
[32m2026-09-10 05:28:05.391[0m | [34m[1mDEBUG   [0m | [36msrc.analysis.sentiment[0m:[36manalyse_sentiment[0m:[36m1571[0m - [34m[1mAAPL sentiment scaled -0.15 \u2192 -0.05 (count=1, sources=1, scale=0.35)[0m
[32m2026-09-10 05:28:07.467[0m | [1mINFO    [0m | [36msrc.analysis.sentiment[0m:[36manalyse_sentiment[0m:[36m1515[0m - [1mAAPL raw_sentiment=+0.35 (local, 1 articles)[0m
[32m2026-09-10 05:28:07.467[0m | [34m[1mDEBUG   [0m | [36msrc.analysis.sentiment[0m:[36manalyse_sentiment[0m:[36m1571[0m - [34m[1mAAPL sentiment scaled +0.35 \u2192 +0.12 (count=1, sources=1, scale=0.34)[0m
[32m2026-09-10 05:28:09.230[0m | [1mINFO    [0m | [36msrc.analysis.sentiment[0m:[36manalyse_sentiment[0m:[36m1515[0m - [1mAAPL raw_sentiment=+0.00 (local, 1 articles)[0m
[32m2026-09-10 05:28:09.230[0m | [34m[1mDEBUG   [0m | [36msrc.analysis.sentiment[0m:[36manalyse_sentiment[0m:[36m1571[0m - [34m[1mAAPL sentiment scaled +0.00 \u2192 +0.00 (count=1, sources=1, scale=0.33)[0m
[32m2026-09-10 05:28:10.874[0m | [1mINFO    [0m | [36msrc.analysis.sentiment[0m:[36manalyse_sentiment[0m:[36m1515[0m - [1mAAPL raw_sentiment=+0.00 (local, 1 articles)[0m
[32m2026-09-10 05:28:10.874[0m | [34m[1mDEBUG   [0m | [36msrc.analysis.sentiment[0m:[36manalyse_sentiment[0m:[36m1571[0m - [34m[1mAAPL sentiment scaled +0.00 \u2192 +0.00 (count=1, sources=1, scale=0.33)[0m
[32m2026-09-10 05:28:13.154[0m | [1mINFO    [0m | [36msrc.analysis.sentiment[0m:[36manalyse_sentiment[0m:[36m1515[0m - [1mAAPL raw_sentiment=+0.05 (local, 1 articles)[0m
[32m2026-09-10 05:28:13.154[0m | [34m[1mDEBUG   [0m | [36msrc.analysis.sentiment[0m:[36manalyse_sentiment[0m:[36m1571[0m - [34m[1mAAPL sentiment scaled +0.05 \u2192 +0.02 (count=1, sources=1, scale=0.33)[0m
[32m2026-09-10 05:28:15.536[0m | [1mINFO    [0m | [36msrc.analysis.sentiment[0m:[36manalyse_sentiment[0m:[36m1515[0m - [1mAAPL raw_sentiment=+0.25 (local, 1 articles)[0m
[32m2026-09-10 05:28:15.536[0m | [34m[1mDEBUG   [0m | [36msrc.analysis.sentiment[0m:[36manalyse_sentiment[0m:[36m1571[0m - [34m[1mAAPL sentiment scaled +0.25 \u2192 +0.08 (count=1, sources=1, scale=0.33)[0m
[32m2026-09-10 05:28:16.867[0m | [1mINFO    [0m | [36msrc.analysis.sentiment[0m:[36manalyse_sentiment[0m:[36m1515[0m - [1mAAPL raw_sentiment=+0.00 (local, 1 articles)[0m
[32m2026-09-10 05:28:16.867[0m | [34m[1mDEBUG   [0m | [36msrc.analysis.sentiment[0m:[36manalyse_sentiment[0m:[36m1571[0m - [34m[1mAAPL sentiment scaled +0.00 \u2192 +0.00 (count=1, sources=1, scale=0.33)[0m
[32m2026-09-10 05:28:18.629[0m | [1mINFO    [0m | [36msrc.analysis.sentiment[0m:[36manalyse_sentiment[0m:[36m1515[0m - [1mAAPL raw_sentiment=+0.15 (local, 1 articles)[0m
[32m2026-09-10 05:28:18.629[0m | [34m[1mDEBUG   [0m | [36msrc.analysis.sentiment[0m:[36manalyse_sentiment[0m:[36m1571[0m - [34m[1mAAPL sentiment scaled +0.15 \u2192 +0.05 (count=1, sources=1, scale=0.33)[0m
[32m2026-09-10 05:28:20.342[0m | [1mINFO    [0m | [36msrc.analysis.sentiment[0m:[36manalyse_sentiment[0m:[36m1515[0m - [1mAAPL raw_sentiment=-0.05 (local, 1 articles)[0m
[32m2026-09-10 05:28:20.342[0m | [34m[1mDEBUG   [0m | [36msrc.analysis.sentiment[0m:[36manalyse_sentiment[0m:[36m1571[0m - [34m[1mAAPL sentiment scaled -0.05 \u2192 -0.02 (count=1, sources=1, scale=0.33)[0m
[32m2026-09-10 05:28:22.318[0m | [1mINFO    [0m | [36msrc.analysis.sentiment[0m:[36manalyse_sentiment[0m:[36m1515[0m - [1mAAPL raw_sentiment=+0.15 (local, 1 articles)[0m
[32m2026-09-10 05:28:22.318[0m | [34m[1mDEBUG   [0m | [36msrc.analysis.sentiment[0m:[36manalyse_sentiment[0m:[36m1571[0m - [34m[1mAAPL sentiment scaled +0.15 \u2192 +0.05 (count=1, sources=1, scale=0.32)[0m
[32m2026-09-10 05:28:25.790[0m | [1mINFO    [0m | [36msrc.analysis.sentiment[0m:[36manalyse_sentiment[0m:[36m1515[0m - [1mADMA raw_sentiment=-0.35 (local, 7 articles)[0m
[32m2026-09-10 05:28:25.790[0m | [34m[1mDEBUG   [0m | [36msrc.analysis.sentiment[0m:[36manalyse_sentiment[0m:[36m1571[0m - [34m[1mADMA sentiment scaled -0.35 \u2192 -0.14 (count=7, sources=1, scale=0.41)[0m
[32m2026-09-10 05:28:27.753[0m | [1mINFO    [0m | [36msrc.analysis.sentiment[0m:[36manalyse_sentiment[0m:[36m1515[0m - [1mAMD raw_sentiment=-0.05 (local, 2 articles)[0m
[32m2026-09-10 05:28:27.754[0m | [34m[1mDEBUG   [0m | [36msrc.analysis.sentiment[0m:[36manalyse_sentiment[0m:[36m1571[0m - [34m[1mAMD sentiment scaled -0.05 \u2192 -0.03 (count=2, sources=2, scale=0.64)[0m
[32m2026-09-10 05:28:29.660[0m | [1mINFO    [0m | [36msrc.analysis.sentiment[0m:[36manalyse_sentiment[0m:[36m1515[0m - [1mAMD raw_sentiment=-0.15 (local, 1 articles)[0m
[32m2026-09-10 05:28:29.660[0m | [34m[1mDEBUG   [0m | [36msrc.analysis.sentiment[0m:[36manalyse_sentiment[0m:[36m1571[0m - [34m[1mAMD sentiment scaled -0.15 \u2192 -0.06 (count=1, sources=1, scale=0.42)[0m
[32m2026-09-10 05:28:31.998[0m | [1mINFO    [0m | [36msrc.analysis.sentiment[0m:[36manalyse_sentiment[0m:[36m1515[0m - [1mAMD raw_sentiment=+0.15 (local, 1 articles)[0m
[32m2026-09-10 05:28:31.998[0m | [34m[1mDEBUG   [0m | [36msrc.analysis.sentiment[0m:[36manalyse_sentiment[0m:[36m1571[0m - [34m[1mAMD sentiment scaled +0.15 \u2192 +0.06 (count=1, sources=1, scale=0.41)[0m
[32m2026-09-10 05:28:33.901[0m | [1mINFO    [0m | [36msrc.analysis.sentiment[0m:[36manalyse_sentiment[0m:[36m1515[0m - [1mAMD raw_sentiment=-0.05 (local, 1 articles)[0m
[32m2026-09-10 05:28:33.901[0m | [34m[1mDEBUG   [0m | [36msrc.analysis.sentiment[0m:[36manalyse_sentiment[0m:[36m1571[0m - [34m[1mAMD sentiment scaled -0.05 \u2192 -0.02 (count=1, sources=1, scale=0.37)[0m
[32m2026-09-10 05:28:35.453[0m | [1mINFO    [0m | [36msrc.analysis.sentiment[0m:[36manalyse_sentiment[0m:[36m1515[0m - [1mAMD raw_sentiment=+0.05 (local, 1 articles)[0m
[32m2026-09-10 05:28:35.454[0m | [34m[1mDEBUG   [0m | [36msrc.analysis.sentiment[0m:[36manalyse_sentiment[0m:[36m1571[0m - [34m[1mAMD sentiment scaled +0.05 \u2192 +0.02 (count=1, sources=1, scale=0.36)[0m
[32m2026-09-10 05:28:37.420[0m | [1mINFO    [0m | [36msrc.analysis.sentiment[0m:[36manalyse_sentiment[0m:[36m1515[0m - [1mAMD raw_sentiment=+0.15 (local, 1 articles)[0m
[32m2026-09-10 05:28:37.420[0m | [34m[1mDEBUG   [0m | [36msrc.analysis.sentiment[0m:[36manalyse_sentiment[0m:[36m1571[0m - [34m[1mAMD sentiment scaled +0.15 \u2192 +0.05 (count=1, sources=1, scale=0.36)[0m
[32m2026-09-10 05:28:39.441[0m | [1mINFO    [0m | [36msrc.analysis.sentiment[0m:[36manalyse_sentiment[0m:[36m1515[0m - [1mAMD raw_sentiment=+0.00 (local, 2 articles)[0m
[32m2026-09-10 05:28:39.441[0m | [34m[1mDEBUG   [0m | [36msrc.analysis.sentiment[0m:[36manalyse_sentiment[0m:[36m1571[0m - [34m[1mAMD sentiment scaled +0.00 \u2192 +0.00 (count=2, sources=2, scale=0.47)[0m
[32m2026-09-10 05:28:41.235[0m | [1mINFO    [0m | [36msrc.analysis.sentiment[0m:[36manalyse_sentiment[0m:[36m1515[0m - [1mAMD raw_sentiment=-0.15 (local, 1 articles)[0m
[32m2026-09-10 05:28:41.235[0m | [34m[1mDEBUG   [0m | [36msrc.analysis.sentiment[0m:[36manalyse_sentiment[0m:[36m1571[0m - [34m[1mAMD sentiment scaled -0.15 \u2192 -0.05 (count=1, sources=1, scale=0.35)[0m
[32m2026-09-10 05:28:43.049[0m | [1mINFO    [0m | [36msrc.analysis.sentiment[0m:[36manalyse_sentiment[0m:[36m1515[0m - [1mAMD raw_sentiment=+0.35 (local, 1 articles)[0m
[32m2026-09-10 05:28:43.049[0m | [34m[1mDEBUG   [0m | [36msrc.analysis.sentiment[0m:[36manalyse_sentiment[0m:[36m1571[0m - [34m[1mAMD sentiment scaled +0.35 \u2192 +0.12 (count=1, sources=1, scale=0.34)[0m
[32m2026-09-10 05:28:45.211[0m | [1mINFO    [0m | [36msrc.analysis.sentiment[0m:[36manalyse_sentiment[0m:[36m1515[0m - [1mAMD raw_sentiment=+0.35 (local, 1 articles)[0m
[32m2026-09-10 05:28:45.211[0m | [34m[1mDEBUG   [0m | [36msrc.analysis.sentiment[0m:[36manalyse_sentiment[0m:[36m1571[0m - [34m[1mAMD sentiment scaled +0.35 \u2192 +0.12 (count=1, sources=1, scale=0.33)[0m
[32m2026-09-10 05:28:46.994[0m | [1mINFO    [0m | [36msrc.analysis.sentiment[0m:[36manalyse_sentiment[0m:[36m1515[0m - [1mAMD raw_sentiment=-0.35 (local, 1 articles)[0m
[32m2026-09-10 05:28:46.995[0m | [34m[1mDEBUG   [0m | [36msrc.analysis.sentiment[0m:[36manalyse_sentiment[0m:[36m1571[0m - [34m[1mAMD sentiment scaled -0.35 \u2192 -0.12 (count=1, sources=1, scale=0.33)[0m
[32m2026-09-10 05:28:48.834[0m | [1mINFO    [0m | [36msrc.analysis.sentiment[0m:[36manalyse_sentiment[0m:[36m1515[0m - [1mAMD raw_sentiment=+0.15 (local, 1 articles)[0m
[32m2026-09-10 05:28:48.834[0m | [34m[1mDEBUG   [0m | [36msrc.analysis.sentiment[0m:[36manalyse_sentiment[0m:[36m1571[0m - [34m[1mAMD sentiment scaled +0.15 \u2192 +0.05 (count=1, sources=1, scale=0.33)[0m
[32m2026-09-10 05:28:50.502[0m | [1mINFO    [0m | [36msrc.analysis.sentiment[0m:[36manalyse_sentiment[0m:[36m1515[0m - [1mAMD raw_sentiment=+0.05 (local, 1 articles)[0m
[32m2026-09-10 05:28:50.503[0m | [34m[1mDEBUG   [0m | [36msrc.analysis.sentiment[0m:[36manalyse_sentiment[0m:[36m1571[0m - [34m[1mAMD sentiment scaled +0.05 \u2192 +0.02 (count=1, sources=1, scale=0.33)[0m
[32m2026-09-10 05:28:52.214[0m | [1mINFO    [0m | [36msrc.analysis.sentiment[0m:[36manalyse_sentiment[0m:[36m1515[0m - [1mAMD raw_sentiment=+0.25 (local, 2 articles)[0m
[32m2026-09-10 05:28:52.214[0m | [34m[1mDEBUG   [0m | [36msrc.analysis.sentiment[0m:[36manalyse_sentiment[0m:[36m1571[0m - [34m[1mAMD sentiment scaled +0.25 \u2192 +0.10 (count=2, sources=2, scale=0.41)[0m
[32m2026-09-10 05:28:53.841[0m | [1mINFO    [0m | [36msrc.analysis.sentiment[0m:[36manalyse_sentiment[0m:[36m1515[0m - [1mAMD raw_sentiment=-0.15 (local, 1 articles)[0m
[32m2026-09-10 05:28:53.841[0m | [34m[1mDEBUG   [0m | [36msrc.analysis.sentiment[0m:[36manalyse_sentiment[0m:[36m1571[0m - [34m[1mAMD sentiment scaled -0.15 \u2192 -0.05 (count=1, sources=1, scale=0.33)[0m
[32m2026-09-10 05:28:56.262[0m | [1mINFO    [0m | [36msrc.analysis.sentiment[0m:[36manalyse_sentiment[0m:[36m1515[0m - [1mAMD raw_sentiment=-0.05 (local, 1 articles)[0m
[32m2026-09-10 05:28:56.262[0m | [34m[1mDEBUG   [0m | [36msrc.analysis.sentiment[0m:[36manalyse_sentiment[0m:[36m1571[0m - [34m[1mAMD sentiment scaled -0.05 \u2192 -0.02 (count=1, sources=1, scale=0.33)[0m
[32m2026-09-10 05:28:58.474[0m | [1mINFO    [0m | [36msrc.analysis.sentiment[0m:[36manalyse_sentiment[0m:[36m1515[0m - [1mAMD raw_sentiment=+0.05 (local, 1 articles)[0m
[32m2026-09-10 05:28:58.474[0m | [34m[1mDEBUG   [0m | [36msrc.analysis.sentiment[0m:[36manalyse_sentiment[0m:[36m1571[0m - [34m[1mAMD sentiment scaled +0.05 \u2192 +0.02 (count=1, sources=1, scale=0.32)[0m
[32m2026-09-10 05:29:00.571[0m | [1mINFO    [0m | [36msrc.analysis.sentiment[0m:[36manalyse_sentiment[0m:[36m1515[0m - [1mAPP raw_sentiment=+0.05 (local, 1 articles)[0m
[32m2026-09-10 05:29:00.571[0m | [34m[1mDEBUG   [0m | [36msrc.analysis.sentiment[0m:[36manalyse_sentiment[0m:[36m1571[0m - [34m[1mAPP sentiment scaled +0.05 \u2192 +0.02 (count=1, sources=1, scale=0.38)[0m
[32m2026-09-10 05:29:02.778[0m | [1mINFO    [0m | [36msrc.analysis.sentiment[0m:[36manalyse_sentiment[0m:[36m1515[0m - [1mAPP raw_sentiment=+0.25 (local, 2 articles)[0m
[32m2026-09-10 05:29:02.779[0m | [34m[1mDEBUG   [0m | [36msrc.analysis.sentiment[0m:[36manalyse_sentiment[0m:[36m1571[0m - [34m[1mAPP sentiment scaled +0.25 \u2192 +0.11 (count=2, sources=2, scale=0.43)[0m
[32m2026-09-10 05:29:04.641[0m | [1mINFO    [0m | [36msrc.analysis.sentiment[0m:[36manalyse_sentiment[0m:[36m1515[0m - [1mAPP raw_sentiment=-0.15 (local, 2 articles)[0m
[32m2026-09-10 05:29:04.641[0m | [34m[1mDEBUG   [0m | [36msrc.analysis.sentiment[0m:[36manalyse_sentiment[0m:[36m1571[0m - [34m[1mAPP sentiment scaled -0.15 \u2192 -0.06 (count=2, sources=2, scale=0.39)[0m
[32m2026-09-10 05:29:06.474[0m | [1mINFO    [0m | [36msrc.analysis.sentiment[0m:[36manalyse_sentiment[0m:[36m1515[0m - [1mAPP raw_sentiment=-0.15 (local, 1 articles)[0m
[32m2026-09-10 05:29:06.474[0m | [34m[1mDEBUG   [0m | [36msrc.analysis.sentiment[0m:[36manalyse_sentiment[0m:[36m1571[0m - [34m[1mAPP sentiment scaled -0.15 \u2192 -0.05 (count=1, sources=1, scale=0.32)[0m
[32m2026-09-10 05:29:08.231[0m | [1mINFO    [0m | [36msrc.analysis.sentiment[0m:[36manalyse_sentiment[0m:[36m1515[0m - [1mAPP raw_sentiment=+0.25 (local, 1 articles)[0m
[32m2026-09-10 05:29:08.231[0m | [34m[1mDEBUG   [0m | [36msrc.analysis.sentiment[0m:[36manalyse_sentiment[0m:[36m1571[0m - [34m[1mAPP sentiment scaled +0.25 \u2192 +0.08 (count=1, sources=1, scale=0.32)[0m
  2026-07-12: 4 tickers in 72s
[32m2026-09-10 05:29:11.484[0m | [1mINFO    [0m | [36msrc.analysis.sentiment[0m:[36manalyse_sentiment[0m:[36m1515[0m - [1mAAPL raw_sentiment=+0.25 (local, 1 articles)[0m
[32m2026-09-10 05:29:11.485[0m | [34m[1mDEBUG   [0m | [36msrc.analysis.sentiment[0m:[36manalyse_sentiment[0m:[36m1571[0m - [34m[1mAAPL sentiment scaled +0.25 \u2192 +0.11 (count=1, sources=1, scale=0.44)[0m
[32m2026-09-10 05:29:13.853[0m | [1mINFO    [0m | [36msrc.analysis.sentiment[0m:[36manalyse_sentiment[0m:[36m1515[0m - [1mAAPL raw_sentiment=+0.05 (local, 5 articles)[0m
[32m2026-09-10 05:29:13.853[0m | [34m[1mDEBUG   [0m | [36msrc.analysis.sentiment[0m:[36manalyse_sentiment[0m:[36m1571[0m - [34m[1mAAPL sentiment scaled +0.05 \u2192 +0.03 (count=5, sources=3, scale=0.68)[0m
[32m2026-09-10 05:29:15.740[0m | [1mINFO    [0m | [36msrc.analysis.sentiment[0m:[36manalyse_sentiment[0m:[36m1515[0m - [1mAAPL raw_sentiment=+0.00 (local, 1 articles)[0m
[32m2026-09-10 05:29:15.741[0m | [34m[1mDEBUG   [0m | [36msrc.analysis.sentiment[0m:[36manalyse_sentiment[0m:[36m1571[0m - [34m[1mAAPL sentiment scaled +0.00 \u2192 +0.00 (count=1, sources=1, scale=0.39)[0m
[32m2026-09-10 05:29:18.063[0m | [1mINFO    [0m | [36msrc.analysis.sentiment[0m:[36manalyse_sentiment[0m:[36m1515[0m - [1mAAPL raw_sentiment=+0.75 (local, 4 articles)[0m
[32m2026-09-10 05:29:18.063[0m | [34m[1mDEBUG   [0m | [36msrc.analysis.sentiment[0m:[36manalyse_sentiment[0m:[36m1571[0m - [34m[1mAAPL sentiment scaled +0.75 \u2192 +0.40 (count=4, sources=3, scale=0.53)[0m
[32m2026-09-10 05:29:19.606[0m | [1mINFO    [0m | [36msrc.analysis.sentiment[0m:[36manalyse_sentiment[0m:[36m1515[0m - [1mAAPL raw_sentiment=-0.15 (local, 1 articles)[0m
[32m2026-09-10 05:29:19.607[0m | [34m[1mDEBUG   [0m | [36msrc.analysis.sentiment[0m:[36manalyse_sentiment[0m:[36m1571[0m - [34m[1mAAPL sentiment scaled -0.15 \u2192 -0.05 (count=1, sources=1, scale=0.34)[0m
[32m2026-09-10 05:29:21.688[0m | [1mINFO    [0m | [36msrc.analysis.sentiment[0m:[36manalyse_sentiment[0m:[36m1515[0m - [1mAAPL raw_sentiment=+0.35 (local, 1 articles)[0m
[32m2026-09-10 05:29:21.688[0m | [34m[1mDEBUG   [0m | [36msrc.analysis.sentiment[0m:[36manalyse_sentiment[0m:[36m1571[0m - [34m[1mAAPL sentiment scaled +0.35 \u2192 +0.12 (count=1, sources=1, scale=0.34)[0m
[32m2026-09-10 05:29:23.566[0m | [1mINFO    [0m | [36msrc.analysis.sentiment[0m:[36manalyse_sentiment[0m:[36m1515[0m - [1mAAPL raw_sentiment=-0.05 (local, 1 articles)[0m
[32m2026-09-10 05:29:23.566[0m | [34m[1mDEBUG   [0m | [36msrc.analysis.sentiment[0m:[36manalyse_sentiment[0m:[36m1571[0m - [34m[1mAAPL sentiment scaled -0.05 \u2192 -0.02 (count=1, sources=1, scale=0.33)[0m
[32m2026-09-10 05:29:25.213[0m | [1mINFO    [0m | [36msrc.analysis.sentiment[0m:[36manalyse_sentiment[0m:[36m1515[0m - [1mAAPL raw_sentiment=+0.00 (local, 1 articles)[0m
[32m2026-09-10 05:29:25.213[0m | [34m[1mDEBUG   [0m | [36msrc.analysis.sentiment[0m:[36manalyse_sentiment[0m:[36m1571[0m - [34m[1mAAPL sentiment scaled +0.00 \u2192 +0.00 (count=1, sources=1, scale=0.33)[0m
[32m2026-09-10 05:29:27.397[0m | [1mINFO    [0m | [36msrc.analysis.sentiment[0m:[36manalyse_sentiment[0m:[36m1515[0m - [1mAAPL raw_sentiment=+0.05 (local, 1 articles)[0m
[32m2026-09-10 05:29:27.397[0m | [34m[1mDEBUG   [0m | [36msrc.analysis.sentiment[0m:[36manalyse_sentiment[0m:[36m1571[0m - [34m[1mAAPL sentiment scaled +0.05 \u2192 +0.02 (count=1, sources=1, scale=0.33)[0m
[32m2026-09-10 05:29:29.280[0m | [1mINFO    [0m | [36msrc.analysis.sentiment[0m:[36manalyse_sentiment[0m:[36m1515[0m - [1mAAPL raw_sentiment=+0.15 (local, 1 articles)[0m
[32m2026-09-10 05:29:29.280[0m | [34m[1mDEBUG   [0m | [36msrc.analysis.sentiment[0m:[36manalyse_sentiment[0m:[36m1571[0m - [34m[1mAAPL sentiment scaled +0.15 \u2192 +0.05 (count=1, sources=1, scale=0.33)[0m
[32m2026-09-10 05:29:30.612[0m | [1mINFO    [0m | [36msrc.analysis.sentiment[0m:[36manalyse_sentiment[0m:[36m1515[0m - [1mAAPL raw_sentiment=+0.00 (local, 1 articles)[0m
[32m2026-09-10 05:29:30.612[0m | [34m[1mDEBUG   [0m | [36msrc.analysis.sentiment[0m:[36manalyse_sentiment[0m:[36m1571[0m - [34m[1mAAPL sentiment scaled +0.00 \u2192 +0.00 (count=1, sources=1, scale=0.32)[0m
[32m2026-09-10 05:29:32.439[0m | [1mINFO    [0m | [36msrc.analysis.sentiment[0m:[36manalyse_sentiment[0m:[36m1515[0m - [1mAAPL raw_sentiment=+0.05 (local, 1 articles)[0m
[32m2026-09-10 05:29:32.439[0m | [34m[1mDEBUG   [0m | [36msrc.analysis.sentiment[0m:[36manalyse_sentiment[0m:[36m1571[0m - [34m[1mAAPL sentiment scaled +0.05 \u2192 +0.02 (count=1, sources=1, scale=0.32)[0m
[32m2026-09-10 05:29:34.406[0m | [1mINFO    [0m | [36msrc.analysis.sentiment[0m:[36manalyse_sentiment[0m:[36m1515[0m - [1mAAPL raw_sentiment=-0.05 (local, 1 articles)[0m
[32m2026-09-10 05:29:34.406[0m | [34m[1mDEBUG   [0m | [36msrc.analysis.sentiment[0m:[36manalyse_sentiment[0m:[36m1571[0m - [34m[1mAAPL sentiment scaled -0.05 \u2192 -0.02 (count=1, sources=1, scale=0.32)[0m
[32m2026-09-10 05:29:37.463[0m | [1mINFO    [0m | [36msrc.analysis.sentiment[0m:[36manalyse_sentiment[0m:[36m1515[0m - [1mAMZN raw_sentiment=-0.25 (local, 1 articles)[0m
[32m2026-09-10 05:29:37.463[0m | [34m[1mDEBUG   [0m | [36msrc.analysis.sentiment[0m:[36manalyse_sentiment[0m:[36m1571[0m - [34m[1mAMZN sentiment scaled -0.25 \u2192 -0.11 (count=1, sources=1, scale=0.44)[0m
[32m2026-09-10 05:29:39.350[0m | [1mINFO    [0m | [36msrc.analysis.sentiment[0m:[36manalyse_sentiment[0m:[36m1515[0m - [1mAMZN raw_sentiment=-0.65 (local, 2 articles)[0m
[32m2026-09-10 05:29:39.350[0m | [34m[1mDEBUG   [0m | [36msrc.analysis.sentiment[0m:[36manalyse_sentiment[0m:[36m1571[0m - [34m[1mAMZN sentiment scaled -0.65 \u2192 -0.28 (count=2, sources=1, scale=0.43)[0m
[32m2026-09-10 05:29:41.804[0m | [1mINFO    [0m | [36msrc.analysis.sentiment[0m:[36manalyse_sentiment[0m:[36m1515[0m - [1mAMZN raw_sentiment=-0.05 (local, 1 articles)[0m
[32m2026-09-10 05:29:41.804[0m | [34m[1mDEBUG   [0m | [36msrc.analysis.sentiment[0m:[36manalyse_sentiment[0m:[36m1571[0m - [34m[1mAMZN sentiment scaled -0.05 \u2192 -0.02 (count=1, sources=1, scale=0.41)[0m
[32m2026-09-10 05:29:43.492[0m | [1mINFO    [0m | [36msrc.analysis.sentiment[0m:[36manalyse_sentiment[0m:[36m1515[0m - [1mAMZN raw_sentiment=+0.05 (local, 1 articles)[0m
[32m2026-09-10 05:29:43.492[0m | [34m[1mDEBUG   [0m | [36msrc.analysis.sentiment[0m:[36manalyse_sentiment[0m:[36m1571[0m - [34m[1mAMZN sentiment scaled +0.05 \u2192 +0.02 (count=1, sources=1, scale=0.40)[0m
[32m2026-09-10 05:29:45.238[0m | [1mINFO    [0m | [36msrc.analysis.sentiment[0m:[36manalyse_sentiment[0m:[36m1515[0m - [1mAMZN raw_sentiment=+0.00 (local, 1 articles)[0m
[32m2026-09-10 05:29:45.238[0m | [34m[1mDEBUG   [0m | [36msrc.analysis.sentiment[0m:[36manalyse_sentiment[0m:[36m1571[0m - [34m[1mAMZN sentiment scaled +0.00 \u2192 +0.00 (count=1, sources=1, scale=0.39)[0m
[32m2026-09-10 05:29:47.375[0m | [1mINFO    [0m | [36msrc.analysis.sentiment[0m:[36manalyse_sentiment[0m:[36m1515[0m - [1mAMZN raw_sentiment=-0.15 (local, 1 articles)[0m
[32m2026-09-10 05:29:47.375[0m | [34m[1mDEBUG   [0m | [36msrc.analysis.sentiment[0m:[36manalyse_sentiment[0m:[36m1571[0m - [34m[1mAMZN sentiment scaled -0.15 \u2192 -0.05 (count=1, sources=1, scale=0.36)[0m
[32m2026-09-10 05:29:49.877[0m | [1mINFO    [0m | [36msrc.analysis.sentiment[0m:[36manalyse_sentiment[0m:[36m1515[0m - [1mAMZN raw_sentiment=+0.00 (local, 1 articles)[0m
[32m2026-09-10 05:29:49.877[0m | [34m[1mDEBUG   [0m | [36msrc.analysis.sentiment[0m:[36manalyse_sentiment[0m:[36m1571[0m - [34m[1mAMZN sentiment scaled +0.00 \u2192 +0.00 (count=1, sources=1, scale=0.34)[0m
[32m2026-09-10 05:29:51.628[0m | [1mINFO    [0m | [36msrc.analysis.sentiment[0m:[36manalyse_sentiment[0m:[36m1515[0m - [1mAMZN raw_sentiment=+0.00 (local, 1 articles)[0m
[32m2026-09-10 05:29:51.628[0m | [34m[1mDEBUG   [0m | [36msrc.analysis.sentiment[0m:[36manalyse_sentiment[0m:[36m1571[0m - [34m[1mAMZN sentiment scaled +0.00 \u2192 +0.00 (count=1, sources=1, scale=0.34)[0m
[32m2026-09-10 05:29:53.513[0m | [1mINFO    [0m | [36msrc.analysis.sentiment[0m:[36manalyse_sentiment[0m:[36m1515[0m - [1mAMZN raw_sentiment=+0.15 (local, 2 articles)[0m
[32m2026-09-10 05:29:53.513[0m | [34m[1mDEBUG   [0m | [36msrc.analysis.sentiment[0m:[36manalyse_sentiment[0m:[36m1571[0m - [34m[1mAMZN sentiment scaled +0.15 \u2192 +0.06 (count=2, sources=2, scale=0.43)[0m
[32m2026-09-10 05:29:55.177[0m | [1mINFO    [0m | [36msrc.analysis.sentiment[0m:[36manalyse_sentiment[0m:[36m1515[0m - [1mAMZN raw_sentiment=-0.05 (local, 1 articles)[0m
[32m2026-09-10 05:29:55.177[0m | [34m[1mDEBUG   [0m | [36msrc.analysis.sentiment[0m:[36manalyse_sentiment[0m:[36m1571[0m - [34m[1mAMZN sentiment scaled -0.05 \u2192 -0.02 (count=1, sources=1, scale=0.34)[0m
[32m2026-09-10 05:29:57.120[0m | [1mINFO    [0m | [36msrc.analysis.sentiment[0m:[36manalyse_sentiment[0m:[36m1515[0m - [1mAMZN raw_sentiment=-0.05 (local, 1 articles)[0m
[32m2026-09-10 05:29:57.121[0m | [34m[1mDEBUG   [0m | [36msrc.analysis.sentiment[0m:[36manalyse_sentiment[0m:[36m1571[0m - [34m[1mAMZN sentiment scaled -0.05 \u2192 -0.02 (count=1, sources=1, scale=0.34)[0m
[32m2026-09-10 05:29:59.240[0m | [1mINFO    [0m | [36msrc.analysis.sentiment[0m:[36manalyse_sentiment[0m:[36m1515[0m - [1mAMZN raw_sentiment=+0.15 (local, 1 articles)[0m
[32m2026-09-10 05:29:59.240[0m | [34m[1mDEBUG   [0m | [36msrc.analysis.sentiment[0m:[36manalyse_sentiment[0m:[36m1571[0m - [34m[1mAMZN sentiment scaled +0.15 \u2192 +0.05 (count=1, sources=1, scale=0.34)[0m
[32m2026-09-10 05:30:01.072[0m | [1mINFO    [0m | [36msrc.analysis.sentiment[0m:[36manalyse_sentiment[0m:[36m1515[0m - [1mAMZN raw_sentiment=+0.05 (local, 1 articles)[0m
[32m2026-09-10 05:30:01.073[0m | [34m[1mDEBUG   [0m | [36msrc.analysis.sentiment[0m:[36manalyse_sentiment[0m:[36m1571[0m - [34m[1mAMZN sentiment scaled +0.05 \u2192 +0.02 (count=1, sources=1, scale=0.33)[0m
[32m2026-09-10 05:30:03.318[0m | [1mINFO    [0m | [36msrc.analysis.sentiment[0m:[36manalyse_sentiment[0m:[36m1515[0m - [1mAMZN raw_sentiment=-0.15 (local, 1 articles)[0m
[32m2026-09-10 05:30:03.318[0m | [34m[1mDEBUG   [0m | [36msrc.analysis.sentiment[0m:[36manalyse_sentiment[0m:[36m1571[0m - [34m[1mAMZN sentiment scaled -0.15 \u2192 -0.05 (count=1, sources=1, scale=0.33)[0m
[32m2026-09-10 05:30:05.262[0m | [1mINFO    [0m | [36msrc.analysis.sentiment[0m:[36manalyse_sentiment[0m:[36m1515[0m - [1mAMZN raw_sentiment=+0.00 (local, 1 articles)[0m
[32m2026-09-10 05:30:05.262[0m | [34m[1mDEBUG   [0m | [36msrc.analysis.sentiment[0m:[36manalyse_sentiment[0m:[36m1571[0m - [34m[1mAMZN sentiment scaled +0.00 \u2192 +0.00 (count=1, sources=1, scale=0.33)[0m
[32m2026-09-10 05:30:07.607[0m | [1mINFO    [0m | [36msrc.analysis.sentiment[0m:[36manalyse_sentiment[0m:[36m1515[0m - [1mAMZN raw_sentiment=+0.05 (local, 1 articles)[0m
[32m2026-09-10 05:30:07.607[0m | [34m[1mDEBUG   [0m | [36msrc.analysis.sentiment[0m:[36manalyse_sentiment[0m:[36m1571[0m - [34m[1mAMZN sentiment scaled +0.05 \u2192 +0.02 (count=1, sources=1, scale=0.33)[0m
[32m2026-09-10 05:30:09.526[0m | [1mINFO    [0m | [36msrc.analysis.sentiment[0m:[36manalyse_sentiment[0m:[36m1515[0m - [1mAMZN raw_sentiment=-0.05 (local, 1 articles)[0m
[32m2026-09-10 05:30:09.526[0m | [34m[1mDEBUG   [0m | [36msrc.analysis.sentiment[0m:[36manalyse_sentiment[0m:[36m1571[0m - [34m[1mAMZN sentiment scaled -0.05 \u2192 -0.02 (count=1, sources=1, scale=0.33)[0m
[32m2026-09-10 05:30:11.224[0m | [1mINFO    [0m | [36msrc.analysis.sentiment[0m:[36manalyse_sentiment[0m:[36m1515[0m - [1mAMZN raw_sentiment=-0.05 (local, 1 articles)[0m
[32m2026-09-10 05:30:11.224[0m | [34m[1mDEBUG   [0m | [36msrc.analysis.sentiment[0m:[36manalyse_sentiment[0m:[36m1571[0m - [34m[1mAMZN sentiment scaled -0.05 \u2192 -0.02 (count=1, sources=1, scale=0.33)[0m
[32m2026-09-10 05:30:13.142[0m | [1mINFO    [0m | [36msrc.analysis.sentiment[0m:[36manalyse_sentiment[0m:[36m1515[0m - [1mANET raw_sentiment=+0.15 (local, 1 articles)[0m
[32m2026-09-10 05:30:13.142[0m | [34m[1mDEBUG   [0m | [36msrc.analysis.sentiment[0m:[36manalyse_sentiment[0m:[36m1571[0m - [34m[1mANET sentiment scaled +0.15 \u2192 +0.05 (count=1, sources=1, scale=0.34)[0m
[32m2026-09-10 05:30:15.236[0m | [1mINFO    [0m | [36msrc.analysis.sentiment[0m:[36manalyse_sentiment[0m:[36m1515[0m - [1mANET raw_sentiment=+0.05 (local, 1 articles)[0m
[32m2026-09-10 05:30:15.236[0m | [34m[1mDEBUG   [0m | [36msrc.analysis.sentiment[0m:[36manalyse_sentiment[0m:[36m1571[0m - [34m[1mANET sentiment scaled +0.05 \u2192 +0.02 (count=1, sources=1, scale=0.32)[0m
[32m2026-09-10 05:30:17.660[0m | [1mINFO    [0m | [36msrc.analysis.sentiment[0m:[36manalyse_sentiment[0m:[36m1515[0m - [1mANET raw_sentiment=+0.45 (local, 1 articles)[0m
[32m2026-09-10 05:30:17.660[0m | [34m[1mDEBUG   [0m | [36msrc.analysis.sentiment[0m:[36manalyse_sentiment[0m:[36m1571[0m - [34m[1mANET sentiment scaled +0.45 \u2192 +0.14 (count=1, sources=1, scale=0.32)[0m
[32m2026-09-10 05:30:19.767[0m | [1mINFO    [0m | [36msrc.analysis.sentiment[0m:[36manalyse_sentiment[0m:[36m1515[0m - [1mANET raw_sentiment=+0.05 (local, 1 articles)[0m
[32m2026-09-10 05:30:19.767[0m | [34m[1mDEBUG   [0m | [36msrc.analysis.sentiment[0m:[36manalyse_sentiment[0m:[36m1571[0m - [34m[1mANET sentiment scaled +0.05 \u2192 +0.02 (count=1, sources=1, scale=0.32)[0m
[32m2026-09-10 05:30:21.871[0m | [1mINFO    [0m | [36msrc.analysis.sentiment[0m:[36manalyse_sentiment[0m:[36m1515[0m - [1mANET raw_sentiment=-0.05 (local, 1 articles)[0m
[32m2026-09-10 05:30:21.871[0m | [34m[1mDEBUG   [0m | [36msrc.analysis.sentiment[0m:[36manalyse_sentiment[0m:[36m1571[0m - [34m[1mANET sentiment scaled -0.05 \u2192 -0.02 (count=1, sources=1, scale=0.32)[0m
[32m2026-09-10 05:30:23.724[0m | [1mINFO    [0m | [36msrc.analysis.sentiment[0m:[36manalyse_sentiment[0m:[36m1515[0m - [1mANET raw_sentiment=+0.15 (local, 1 articles)[0m
[32m2026-09-10 05:30:23.724[0m | [34m[1mDEBUG   [0m | [36msrc.analysis.sentiment[0m:[36manalyse_sentiment[0m:[36m1571[0m - [34m[1mANET sentiment scaled +0.15 \u2192 +0.05 (count=1, sources=1, scale=0.32)[0m
[32m2026-09-10 05:30:25.508[0m | [1mINFO    [0m | [36msrc.analysis.sentiment[0m:[36manalyse_sentiment[0m:[36m1515[0m - [1mANET raw_sentiment=+0.15 (local, 1 articles)[0m
[32m2026-09-10 05:30:25.508[0m | [34m[1mDEBUG   [0m | [36msrc.analysis.sentiment[0m:[36manalyse_sentiment[0m:[36m1571[0m - [34m[1mANET sentiment scaled +0.15 \u2192 +0.05 (count=1, sources=1, scale=0.32)[0m
  2026-07-13: 3 tickers in 77s
[32m2026-09-10 05:30:28.334[0m | [1mINFO    [0m | [36msrc.analysis.sentiment[0m:[36manalyse_sentiment[0m:[36m1515[0m - [1mAAPL raw_sentiment=-0.15 (local, 1 articles)[0m
[32m2026-09-10 05:30:28.334[0m | [34m[1mDEBUG   [0m | [36msrc.analysis.sentiment[0m:[36manalyse_sentiment[0m:[36m1571[0m - [34m[1mAAPL sentiment scaled -0.15 \u2192 -0.07 (count=1, sources=1, scale=0.44)[0m
[32m2026-09-10 05:30:30.602[0m | [1mINFO    [0m | [36msrc.analysis.sentiment[0m:[36manalyse_sentiment[0m:[36m1515[0m - [1mAAPL raw_sentiment=-0.05 (local, 1 articles)[0m
[32m2026-09-10 05:30:30.602[0m | [34m[1mDEBUG   [0m | [36msrc.analysis.sentiment[0m:[36manalyse_sentiment[0m:[36m1571[0m - [34m[1mAAPL sentiment scaled -0.05 \u2192 -0.02 (count=1, sources=1, scale=0.44)[0m
[32m2026-09-10 05:30:32.461[0m | [1mINFO    [0m | [36msrc.analysis.sentiment[0m:[36manalyse_sentiment[0m:[36m1515[0m - [1mAAPL raw_sentiment=-0.15 (local, 1 articles)[0m
[32m2026-09-10 05:30:32.462[0m | [34m[1mDEBUG   [0m | [36msrc.analysis.sentiment[0m:[36manalyse_sentiment[0m:[36m1571[0m - [34m[1mAAPL sentiment scaled -0.15 \u2192 -0.06 (count=1, sources=1, scale=0.43)[0m
[32m2026-09-10 05:30:34.623[0m | [1mINFO    [0m | [36msrc.analysis.sentiment[0m:[36manalyse_sentiment[0m:[36m1515[0m - [1mAAPL raw_sentiment=+0.35 (local, 2 articles)[0m
[32m2026-09-10 05:30:34.623[0m | [34m[1mDEBUG   [0m | [36msrc.analysis.sentiment[0m:[36manalyse_sentiment[0m:[36m1571[0m - [34m[1mAAPL sentiment scaled +0.35 \u2192 +0.20 (count=2, sources=2, scale=0.58)[0m
[32m2026-09-10 05:30:36.645[0m | [1mINFO    [0m | [36msrc.analysis.sentiment[0m:[36manalyse_sentiment[0m:[36m1515[0m - [1mAAPL raw_sentiment=+0.65 (local, 3 articles)[0m
[32m2026-09-10 05:30:36.645[0m | [34m[1mDEBUG   [0m | [36msrc.analysis.sentiment[0m:[36manalyse_sentiment[0m:[36m1571[0m - [34m[1mAAPL sentiment scaled +0.65 \u2192 +0.41 (count=3, sources=2, scale=0.64)[0m
[32m2026-09-10 05:30:38.619[0m | [1mINFO    [0m | [36msrc.analysis.sentiment[0m:[36manalyse_sentiment[0m:[36m1515[0m - [1mAAPL raw_sentiment=-0.15 (local, 1 articles)[0m
[32m2026-09-10 05:30:38.619[0m | [34m[1mDEBUG   [0m | [36msrc.analysis.sentiment[0m:[36manalyse_sentiment[0m:[36m1571[0m - [34m[1mAAPL sentiment scaled -0.15 \u2192 -0.06 (count=1, sources=1, scale=0.42)[0m
[32m2026-09-10 05:30:40.650[0m | [1mINFO    [0m | [36msrc.analysis.sentiment[0m:[36manalyse_sentiment[0m:[36m1515[0m - [1mAAPL raw_sentiment=-0.15 (local, 1 articles)[0m
[32m2026-09-10 05:30:40.650[0m | [34m[1mDEBUG   [0m | [36msrc.analysis.sentiment[0m:[36manalyse_sentiment[0m:[36m1571[0m - [34m[1mAAPL sentiment scaled -0.15 \u2192 -0.06 (count=1, sources=1, scale=0.41)[0m
[32m2026-09-10 05:30:42.814[0m | [1mINFO    [0m | [36msrc.analysis.sentiment[0m:[36manalyse_sentiment[0m:[36m1515[0m - [1mAAPL raw_sentiment=+0.15 (local, 1 articles)[0m
[32m2026-09-10 05:30:42.814[0m | [34m[1mDEBUG   [0m | [36msrc.analysis.sentiment[0m:[36manalyse_sentiment[0m:[36m1571[0m - [34m[1mAAPL sentiment scaled +0.15 \u2192 +0.06 (count=1, sources=1, scale=0.41)[0m
[32m2026-09-10 05:30:44.484[0m | [1mINFO    [0m | [36msrc.analysis.sentiment[0m:[36manalyse_sentiment[0m:[36m1515[0m - [1mAAPL raw_sentiment=-0.15 (local, 1 articles)[0m
[32m2026-09-10 05:30:44.484[0m | [34m[1mDEBUG   [0m | [36msrc.analysis.sentiment[0m:[36manalyse_sentiment[0m:[36m1571[0m - [34m[1mAAPL sentiment scaled -0.15 \u2192 -0.06 (count=1, sources=1, scale=0.41)[0m
[32m2026-09-10 05:30:46.109[0m | [1mINFO    [0m | [36msrc.analysis.sentiment[0m:[36manalyse_sentiment[0m:[36m1515[0m - [1mAAPL raw_sentiment=-0.05 (local, 1 articles)[0m
[32m2026-09-10 05:30:46.109[0m | [34m[1mDEBUG   [0m | [36msrc.analysis.sentiment[0m:[36manalyse_sentiment[0m:[36m1571[0m - [34m[1mAAPL sentiment scaled -0.05 \u2192 -0.02 (count=1, sources=1, scale=0.41)[0m
[32m2026-09-10 05:30:47.992[0m | [1mINFO    [0m | [36msrc.analysis.sentiment[0m:[36manalyse_sentiment[0m:[36m1515[0m - [1mAAPL raw_sentiment=+0.05 (local, 1 articles)[0m
[32m2026-09-10 05:30:47.992[0m | [34m[1mDEBUG   [0m | [36msrc.analysis.sentiment[0m:[36manalyse_sentiment[0m:[36m1571[0m - [34m[1mAAPL sentiment scaled +0.05 \u2192 +0.02 (count=1, sources=1, scale=0.41)[0m
[32m2026-09-10 05:30:49.781[0m | [1mINFO    [0m | [36msrc.analysis.sentiment[0m:[36manalyse_sentiment[0m:[36m1515[0m - [1mAAPL raw_sentiment=+0.15 (local, 1 articles)[0m
[32m2026-09-10 05:30:49.781[0m | [34m[1mDEBUG   [0m | [36msrc.analysis.sentiment[0m:[36manalyse_sentiment[0m:[36m1571[0m - [34m[1mAAPL sentiment scaled +0.15 \u2192 +0.06 (count=1, sources=1, scale=0.41)[0m
[32m2026-09-10 05:30:51.800[0m | [1mINFO    [0m | [36msrc.analysis.sentiment[0m:[36manalyse_sentiment[0m:[36m1515[0m - [1mAAPL raw_sentiment=-0.45 (local, 3 articles)[0m
[32m2026-09-10 05:30:51.800[0m | [34m[1mDEBUG   [0m | [36msrc.analysis.sentiment[0m:[36manalyse_sentiment[0m:[36m1571[0m - [34m[1mAAPL sentiment scaled -0.45 \u2192 -0.31 (count=3, sources=3, scale=0.68)[0m
[32m2026-09-10 05:30:53.702[0m | [1mINFO    [0m | [36msrc.analysis.sentiment[0m:[36manalyse_sentiment[0m:[36m1515[0m - [1mAAPL raw_sentiment=+0.45 (local, 1 articles)[0m
[32m2026-09-10 05:30:53.702[0m | [34m[1mDEBUG   [0m | [36msrc.analysis.sentiment[0m:[36manalyse_sentiment[0m:[36m1571[0m - [34m[1mAAPL sentiment scaled +0.45 \u2192 +0.18 (count=1, sources=1, scale=0.40)[0m
[32m2026-09-10 05:30:55.538[0m | [1mINFO    [0m | [36msrc.analysis.sentiment[0m:[36manalyse_sentiment[0m:[36m1515[0m - [1mAAPL raw_sentiment=+0.05 (local, 1 articles)[0m
[32m2026-09-10 05:30:55.538[0m | [34m[1mDEBUG   [0m | [36msrc.analysis.sentiment[0m:[36manalyse_sentiment[0m:[36m1571[0m - [34m[1mAAPL sentiment scaled +0.05 \u2192 +0.02 (count=1, sources=1, scale=0.40)[0m
[32m2026-09-10 05:30:58.830[0m | [1mINFO    [0m | [36msrc.analysis.sentiment[0m:[36manalyse_sentiment[0m:[36m1515[0m - [1mADMA raw_sentiment=-0.65 (local, 7 articles)[0m
[32m2026-09-10 05:30:58.830[0m | [34m[1mDEBUG   [0m | [36msrc.analysis.sentiment[0m:[36manalyse_sentiment[0m:[36m1571[0m - [34m[1mADMA sentiment scaled -0.65 \u2192 -0.30 (count=7, sources=1, scale=0.45)[0m
[32m2026-09-10 05:31:01.492[0m | [1mINFO    [0m | [36msrc.analysis.sentiment[0m:[36manalyse_sentiment[0m:[36m1515[0m - [1mADMA raw_sentiment=-0.85 (local, 7 articles)[0m
[32m2026-09-10 05:31:01.492[0m | [34m[1mDEBUG   [0m | [36msrc.analysis.sentiment[0m:[36manalyse_sentiment[0m:[36m1571[0m - [34m[1mADMA sentiment scaled -0.85 \u2192 -0.39 (count=7, sources=1, scale=0.45)[0m
  2026-07-14: 2 tickers in 35s
[32m2026-09-10 05:31:05.176[0m | [1mINFO    [0m | [36msrc.analysis.sentiment[0m:[36manalyse_sentiment[0m:[36m1515[0m - [1mADMA raw_sentiment=-0.15 (local, 6 articles)[0m
[32m2026-09-10 05:31:05.176[0m | [34m[1mDEBUG   [0m | [36msrc.analysis.sentiment[0m:[36manalyse_sentiment[0m:[36m1571[0m - [34m[1mADMA sentiment scaled -0.15 \u2192 -0.06 (count=6, sources=1, scale=0.38)[0m
[32m2026-09-10 05:31:07.560[0m | [1mINFO    [0m | [36msrc.analysis.sentiment[0m:[36manalyse_sentiment[0m:[36m1515[0m - [1mADMA raw_sentiment=-0.15 (local, 6 articles)[0m
[32m2026-09-10 05:31:07.561[0m | [34m[1mDEBUG   [0m | [36msrc.analysis.sentiment[0m:[36manalyse_sentiment[0m:[36m1571[0m - [34m[1mADMA sentiment scaled -0.15 \u2192 -0.06 (count=6, sources=1, scale=0.38)[0m
  2026-07-15: 1 tickers in 5s
[32m2026-09-10 05:31:10.769[0m | [1mINFO    [0m | [36msrc.analysis.sentiment[0m:[36manalyse_sentiment[0m:[36m1515[0m - [1mAA raw_sentiment=+0.25 (local, 3 articles)[0m
[32m2026-09-10 05:31:10.769[0m | [34m[1mDEBUG   [0m | [36msrc.analysis.sentiment[0m:[36manalyse_sentiment[0m:[36m1571[0m - [34m[1mAA sentiment scaled +0.25 \u2192 +0.16 (count=3, sources=3, scale=0.64)[0m
[32m2026-09-10 05:31:12.977[0m | [1mINFO    [0m | [36msrc.analysis.sentiment[0m:[36manalyse_sentiment[0m:[36m1515[0m - [1mAA raw_sentiment=+0.35 (local, 2 articles)[0m
[32m2026-09-10 05:31:12.977[0m | [34m[1mDEBUG   [0m | [36msrc.analysis.sentiment[0m:[36manalyse_sentiment[0m:[36m1571[0m - [34m[1mAA sentiment scaled +0.35 \u2192 +0.18 (count=2, sources=2, scale=0.52)[0m
[32m2026-09-10 05:31:15.463[0m | [1mINFO    [0m | [36msrc.analysis.sentiment[0m:[36manalyse_sentiment[0m:[36m1515[0m - [1mAA raw_sentiment=+0.35 (local, 1 articles)[0m
[32m2026-09-10 05:31:15.463[0m | [34m[1mDEBUG   [0m | [36msrc.analysis.sentiment[0m:[36manalyse_sentiment[0m:[36m1571[0m - [34m[1mAA sentiment scaled +0.35 \u2192 +0.13 (count=1, sources=1, scale=0.37)[0m
[32m2026-09-10 05:31:17.477[0m | [1mINFO    [0m | [36msrc.analysis.sentiment[0m:[36manalyse_sentiment[0m:[36m1515[0m - [1mAA raw_sentiment=-0.01 (local, 1 articles)[0m
[32m2026-09-10 05:31:17.477[0m | [34m[1mDEBUG   [0m | [36msrc.analysis.sentiment[0m:[36manalyse_sentiment[0m:[36m1571[0m - [34m[1mAA sentiment scaled -0.01 \u2192 -0.00 (count=1, sources=1, scale=0.33)[0m
[32m2026-09-10 05:31:21.027[0m | [1mINFO    [0m | [36msrc.analysis.sentiment[0m:[36manalyse_sentiment[0m:[36m1515[0m - [1mAEHR raw_sentiment=+0.75 (local, 14 articles)[0m
[32m2026-09-10 05:31:23.161[0m | [1mINFO    [0m | [36msrc.analysis.sentiment[0m:[36manalyse_sentiment[0m:[36m1515[0m - [1mAEHR raw_sentiment=+0.25 (local, 2 articles)[0m
[32m2026-09-10 05:31:23.161[0m | [34m[1mDEBUG   [0m | [36msrc.analysis.sentiment[0m:[36manalyse_sentiment[0m:[36m1571[0m - [34m[1mAEHR sentiment scaled +0.25 \u2192 +0.10 (count=2, sources=2, scale=0.38)[0m
[32m2026-09-10 05:31:25.058[0m | [1mINFO    [0m | [36msrc.analysis.sentiment[0m:[36manalyse_sentiment[0m:[36m1515[0m - [1mAEHR raw_sentiment=+0.15 (local, 1 articles)[0m
[32m2026-09-10 05:31:25.058[0m | [34m[1mDEBUG   [0m | [36msrc.analysis.sentiment[0m:[36manalyse_sentiment[0m:[36m1571[0m - [34m[1mAEHR sentiment scaled +0.15 \u2192 +0.06 (count=1, sources=1, scale=0.42)[0m
[32m2026-09-10 05:31:26.806[0m | [1mINFO    [0m | [36msrc.analysis.sentiment[0m:[36manalyse_sentiment[0m:[36m1515[0m - [1mAEHR raw_sentiment=-0.15 (local, 2 articles)[0m
[32m2026-09-10 05:31:26.806[0m | [34m[1mDEBUG   [0m | [36msrc.analysis.sentiment[0m:[36manalyse_sentiment[0m:[36m1571[0m - [34m[1mAEHR sentiment scaled -0.15 \u2192 -0.08 (count=2, sources=2, scale=0.54)[0m
[32m2026-09-10 05:31:29.347[0m | [1mINFO    [0m | [36msrc.analysis.sentiment[0m:[36manalyse_sentiment[0m:[36m1515[0m - [1mAEHR raw_sentiment=+0.15 (local, 10 articles)[0m
[32m2026-09-10 05:31:29.348[0m | [34m[1mDEBUG   [0m | [36msrc.analysis.sentiment[0m:[36manalyse_sentiment[0m:[36m1571[0m - [34m[1mAEHR sentiment scaled +0.15 \u2192 +0.13 (count=10, sources=6, scale=0.85)[0m
[32m2026-09-10 05:31:31.114[0m | [1mINFO    [0m | [36msrc.analysis.sentiment[0m:[36manalyse_sentiment[0m:[36m1515[0m - [1mAEHR raw_sentiment=+0.65 (local, 1 articles)[0m
[32m2026-09-10 05:31:31.114[0m | [34m[1mDEBUG   [0m | [36msrc.analysis.sentiment[0m:[36manalyse_sentiment[0m:[36m1571[0m - [34m[1mAEHR sentiment scaled +0.65 \u2192 +0.26 (count=1, sources=1, scale=0.40)[0m
[32m2026-09-10 05:31:33.131[0m | [1mINFO    [0m | [36msrc.analysis.sentiment[0m:[36manalyse_sentiment[0m:[36m1515[0m - [1mAEHR raw_sentiment=+0.85 (local, 1 articles)[0m
[32m2026-09-10 05:31:33.131[0m | [34m[1mDEBUG   [0m | [36msrc.analysis.sentiment[0m:[36manalyse_sentiment[0m:[36m1571[0m - [34m[1mAEHR sentiment scaled +0.85 \u2192 +0.31 (count=1, sources=1, scale=0.37)[0m
[32m2026-09-10 05:31:34.942[0m | [1mINFO    [0m | [36msrc.analysis.sentiment[0m:[36manalyse_sentiment[0m:[36m1515[0m - [1mAEHR raw_sentiment=+0.75 (local, 1 articles)[0m
[32m2026-09-10 05:31:34.942[0m | [34m[1mDEBUG   [0m | [36msrc.analysis.sentiment[0m:[36manalyse_sentiment[0m:[36m1571[0m - [34m[1mAEHR sentiment scaled +0.75 \u2192 +0.28 (count=1, sources=1, scale=0.37)[0m
  2026-07-16: 2 tickers in 27s
[32m2026-09-10 05:31:37.894[0m | [1mINFO    [0m | [36msrc.analysis.sentiment[0m:[36manalyse_sentiment[0m:[36m1515[0m - [1mACGL raw_sentiment=-0.05 (local, 1 articles)[0m
[32m2026-09-10 05:31:37.894[0m | [34m[1mDEBUG   [0m | [36msrc.analysis.sentiment[0m:[36manalyse_sentiment[0m:[36m1571[0m - [34m[1mACGL sentiment scaled -0.05 \u2192 -0.02 (count=1, sources=1, scale=0.42)[0m
[32m2026-09-10 05:31:39.628[0m | [1mINFO    [0m | [36msrc.analysis.sentiment[0m:[36manalyse_sentiment[0m:[36m1515[0m - [1mACGL raw_sentiment=-0.25 (local, 1 articles)[0m
[32m2026-09-10 05:31:39.628[0m | [34m[1mDEBUG   [0m | [36msrc.analysis.sentiment[0m:[36manalyse_sentiment[0m:[36m1571[0m - [34m[1mACGL sentiment scaled -0.25 \u2192 -0.08 (count=1, sources=1, scale=0.33)[0m
[32m2026-09-10 05:31:41.548[0m | [1mINFO    [0m | [36msrc.analysis.sentiment[0m:[36manalyse_sentiment[0m:[36m1515[0m - [1mACGL raw_sentiment=+0.00 (local, 1 articles)[0m
[32m2026-09-10 05:31:41.548[0m | [34m[1mDEBUG   [0m | [36msrc.analysis.sentiment[0m:[36manalyse_sentiment[0m:[36m1571[0m - [34m[1mACGL sentiment scaled +0.00 \u2192 +0.00 (count=1, sources=1, scale=0.32)[0m
[32m2026-09-10 05:31:43.673[0m | [1mINFO    [0m | [36msrc.analysis.sentiment[0m:[36manalyse_sentiment[0m:[36m1515[0m - [1mAEHR raw_sentiment=+0.65 (local, 1 articles)[0m
[32m2026-09-10 05:31:43.673[0m | [34m[1mDEBUG   [0m | [36msrc.analysis.sentiment[0m:[36manalyse_sentiment[0m:[36m1571[0m - [34m[1mAEHR sentiment scaled +0.65 \u2192 +0.24 (count=1, sources=1, scale=0.37)[0m
[32m2026-09-10 05:31:45.380[0m | [1mINFO    [0m | [36msrc.analysis.sentiment[0m:[36manalyse_sentiment[0m:[36m1515[0m - [1mAEHR raw_sentiment=+0.25 (local, 2 articles)[0m
[32m2026-09-10 05:31:45.380[0m | [34m[1mDEBUG   [0m | [36msrc.analysis.sentiment[0m:[36manalyse_sentiment[0m:[36m1571[0m - [34m[1mAEHR sentiment scaled +0.25 \u2192 +0.11 (count=2, sources=2, scale=0.46)[0m
[32m2026-09-10 05:31:47.738[0m | [1mINFO    [0m | [36msrc.analysis.sentiment[0m:[36manalyse_sentiment[0m:[36m1515[0m - [1mAEHR raw_sentiment=+0.45 (local, 8 articles)[0m
[32m2026-09-10 05:31:47.738[0m | [34m[1mDEBUG   [0m | [36msrc.analysis.sentiment[0m:[36manalyse_sentiment[0m:[36m1571[0m - [34m[1mAEHR sentiment scaled +0.45 \u2192 +0.30 (count=8, sources=6, scale=0.67)[0m
[32m2026-09-10 05:31:49.562[0m | [1mINFO    [0m | [36msrc.analysis.sentiment[0m:[36manalyse_sentiment[0m:[36m1515[0m - [1mAEHR raw_sentiment=+0.85 (local, 1 articles)[0m
[32m2026-09-10 05:31:49.562[0m | [34m[1mDEBUG   [0m | [36msrc.analysis.sentiment[0m:[36manalyse_sentiment[0m:[36m1571[0m - [34m[1mAEHR sentiment scaled +0.85 \u2192 +0.30 (count=1, sources=1, scale=0.35)[0m
[32m2026-09-10 05:31:51.580[0m | [1mINFO    [0m | [36msrc.analysis.sentiment[0m:[36manalyse_sentiment[0m:[36m1515[0m - [1mAEHR raw_sentiment=+0.85 (local, 1 articles)[0m
[32m2026-09-10 05:31:51.580[0m | [34m[1mDEBUG   [0m | [36msrc.analysis.sentiment[0m:[36manalyse_sentiment[0m:[36m1571[0m - [34m[1mAEHR sentiment scaled +0.85 \u2192 +0.29 (count=1, sources=1, scale=0.34)[0m
[32m2026-09-10 05:31:53.391[0m | [1mINFO    [0m | [36msrc.analysis.sentiment[0m:[36manalyse_sentiment[0m:[36m1515[0m - [1mAEHR raw_sentiment=+0.75 (local, 1 articles)[0m
[32m2026-09-10 05:31:53.391[0m | [34m[1mDEBUG   [0m | [36msrc.analysis.sentiment[0m:[36manalyse_sentiment[0m:[36m1571[0m - [34m[1mAEHR sentiment scaled +0.75 \u2192 +0.25 (count=1, sources=1, scale=0.34)[0m
[32m2026-09-10 05:31:55.373[0m | [1mINFO    [0m | [36msrc.analysis.sentiment[0m:[36manalyse_sentiment[0m:[36m1515[0m - [1mAMZN raw_sentiment=+0.15 (local, 1 articles)[0m
[32m2026-09-10 05:31:55.373[0m | [34m[1mDEBUG   [0m | [36msrc.analysis.sentiment[0m:[36manalyse_sentiment[0m:[36m1571[0m - [34m[1mAMZN sentiment scaled +0.15 \u2192 +0.07 (count=1, sources=1, scale=0.44)[0m
[32m2026-09-10 05:31:58.063[0m | [1mINFO    [0m | [36msrc.analysis.sentiment[0m:[36manalyse_sentiment[0m:[36m1515[0m - [1mAMZN raw_sentiment=+0.25 (local, 2 articles)[0m
[32m2026-09-10 05:31:58.063[0m | [34m[1mDEBUG   [0m | [36msrc.analysis.sentiment[0m:[36manalyse_sentiment[0m:[36m1571[0m - [34m[1mAMZN sentiment scaled +0.25 \u2192 +0.15 (count=2, sources=2, scale=0.61)[0m
[32m2026-09-10 05:32:01.008[0m | [1mINFO    [0m | [36msrc.analysis.sentiment[0m:[36manalyse_sentiment[0m:[36m1515[0m - [1mAMZN raw_sentiment=+0.45 (local, 4 articles)[0m
[32m2026-09-10 05:32:01.008[0m | [34m[1mDEBUG   [0m | [36msrc.analysis.sentiment[0m:[36manalyse_sentiment[0m:[36m1571[0m - [34m[1mAMZN sentiment scaled +0.45 \u2192 +0.34 (count=4, sources=3, scale=0.75)[0m
[32m2026-09-10 05:32:03.114[0m | [1mINFO    [0m | [36msrc.analysis.sentiment[0m:[36manalyse_sentiment[0m:[36m1515[0m - [1mAMZN raw_sentiment=-0.05 (local, 1 articles)[0m
[32m2026-09-10 05:32:03.114[0m | [34m[1mDEBUG   [0m | [36msrc.analysis.sentiment[0m:[36manalyse_sentiment[0m:[36m1571[0m - [34m[1mAMZN sentiment scaled -0.05 \u2192 -0.02 (count=1, sources=1, scale=0.42)[0m
[32m2026-09-10 05:32:05.173[0m | [1mINFO    [0m | [36msrc.analysis.sentiment[0m:[36manalyse_sentiment[0m:[36m1515[0m - [1mAMZN raw_sentiment=+0.05 (local, 1 articles)[0m
[32m2026-09-10 05:32:05.173[0m | [34m[1mDEBUG   [0m | [36msrc.analysis.sentiment[0m:[36manalyse_sentiment[0m:[36m1571[0m - [34m[1mAMZN sentiment scaled +0.05 \u2192 +0.02 (count=1, sources=1, scale=0.41)[0m
[32m2026-09-10 05:32:07.281[0m | [1mINFO    [0m | [36msrc.analysis.sentiment[0m:[36manalyse_sentiment[0m:[36m1515[0m - [1mAMZN raw_sentiment=+0.15 (local, 1 articles)[0m
[32m2026-09-10 05:32:07.281[0m | [34m[1mDEBUG   [0m | [36msrc.analysis.sentiment[0m:[36manalyse_sentiment[0m:[36m1571[0m - [34m[1mAMZN sentiment scaled +0.15 \u2192 +0.06 (count=1, sources=1, scale=0.41)[0m
[32m2026-09-10 05:32:09.266[0m | [1mINFO    [0m | [36msrc.analysis.sentiment[0m:[36manalyse_sentiment[0m:[36m1515[0m - [1mAMZN raw_sentiment=+0.00 (local, 1 articles)[0m
[32m2026-09-10 05:32:09.267[0m | [34m[1mDEBUG   [0m | [36msrc.analysis.sentiment[0m:[36manalyse_sentiment[0m:[36m1571[0m - [34m[1mAMZN sentiment scaled +0.00 \u2192 +0.00 (count=1, sources=1, scale=0.40)[0m
[32m2026-09-10 05:32:11.413[0m | [1mINFO    [0m | [36msrc.analysis.sentiment[0m:[36manalyse_sentiment[0m:[36m1515[0m - [1mAMZN raw_sentiment=+0.15 (local, 1 articles)[0m
[32m2026-09-10 05:32:11.413[0m | [34m[1mDEBUG   [0m | [36msrc.analysis.sentiment[0m:[36manalyse_sentiment[0m:[36m1571[0m - [34m[1mAMZN sentiment scaled +0.15 \u2192 +0.06 (count=1, sources=1, scale=0.40)[0m
[32m2026-09-10 05:32:13.670[0m | [1mINFO    [0m | [36msrc.analysis.sentiment[0m:[36manalyse_sentiment[0m:[36m1515[0m - [1mAMZN raw_sentiment=+0.25 (local, 2 articles)[0m
[32m2026-09-10 05:32:13.670[0m | [34m[1mDEBUG   [0m | [36msrc.analysis.sentiment[0m:[36manalyse_sentiment[0m:[36m1571[0m - [34m[1mAMZN sentiment scaled +0.25 \u2192 +0.13 (count=2, sources=2, scale=0.53)[0m
[32m2026-09-10 05:32:15.384[0m | [1mINFO    [0m | [36msrc.analysis.sentiment[0m:[36manalyse_sentiment[0m:[36m1515[0m - [1mAMZN raw_sentiment=-0.05 (local, 1 articles)[0m
[32m2026-09-10 05:32:15.385[0m | [34m[1mDEBUG   [0m | [36msrc.analysis.sentiment[0m:[36manalyse_sentiment[0m:[36m1571[0m - [34m[1mAMZN sentiment scaled -0.05 \u2192 -0.02 (count=1, sources=1, scale=0.40)[0m
[32m2026-09-10 05:32:17.523[0m | [1mINFO    [0m | [36msrc.analysis.sentiment[0m:[36manalyse_sentiment[0m:[36m1515[0m - [1mAMZN raw_sentiment=+0.05 (local, 2 articles)[0m
[32m2026-09-10 05:32:17.523[0m | [34m[1mDEBUG   [0m | [36msrc.analysis.sentiment[0m:[36manalyse_sentiment[0m:[36m1571[0m - [34m[1mAMZN sentiment scaled +0.05 \u2192 +0.02 (count=2, sources=1, scale=0.44)[0m
[32m2026-09-10 05:32:19.540[0m | [1mINFO    [0m | [36msrc.analysis.sentiment[0m:[36manalyse_sentiment[0m:[36m1515[0m - [1mAMZN raw_sentiment=-0.05 (local, 1 articles)[0m
[32m2026-09-10 05:32:19.540[0m | [34m[1mDEBUG   [0m | [36msrc.analysis.sentiment[0m:[36manalyse_sentiment[0m:[36m1571[0m - [34m[1mAMZN sentiment scaled -0.05 \u2192 -0.02 (count=1, sources=1, scale=0.38)[0m
[32m2026-09-10 05:32:21.173[0m | [1mINFO    [0m | [36msrc.analysis.sentiment[0m:[36manalyse_sentiment[0m:[36m1515[0m - [1mAMZN raw_sentiment=+0.15 (local, 1 articles)[0m
[32m2026-09-10 05:32:21.174[0m | [34m[1mDEBUG   [0m | [36msrc.analysis.sentiment[0m:[36manalyse_sentiment[0m:[36m1571[0m - [34m[1mAMZN sentiment scaled +0.15 \u2192 +0.06 (count=1, sources=1, scale=0.37)[0m
[32m2026-09-10 05:32:22.957[0m | [1mINFO    [0m | [36msrc.analysis.sentiment[0m:[36manalyse_sentiment[0m:[36m1515[0m - [1mAMZN raw_sentiment=+0.15 (local, 1 articles)[0m
[32m2026-09-10 05:32:22.957[0m | [34m[1mDEBUG   [0m | [36msrc.analysis.sentiment[0m:[36manalyse_sentiment[0m:[36m1571[0m - [34m[1mAMZN sentiment scaled +0.15 \u2192 +0.05 (count=1, sources=1, scale=0.37)[0m
  2026-07-17: 3 tickers in 47s
[32m2026-09-10 05:32:25.784[0m | [1mINFO    [0m | [36msrc.analysis.sentiment[0m:[36manalyse_sentiment[0m:[36m1515[0m - [1mAAOI raw_sentiment=-0.05 (local, 1 articles)[0m
[32m2026-09-10 05:32:25.784[0m | [34m[1mDEBUG   [0m | [36msrc.analysis.sentiment[0m:[36manalyse_sentiment[0m:[36m1571[0m - [34m[1mAAOI sentiment scaled -0.05 \u2192 -0.02 (count=1, sources=1, scale=0.32)[0m
[32m2026-09-10 05:32:27.861[0m | [1mINFO    [0m | [36msrc.analysis.sentiment[0m:[36manalyse_sentiment[0m:[36m1515[0m - [1mAAOI raw_sentiment=-0.05 (local, 1 articles)[0m
[32m2026-09-10 05:32:27.861[0m | [34m[1mDEBUG   [0m | [36msrc.analysis.sentiment[0m:[36manalyse_sentiment[0m:[36m1571[0m - [34m[1mAAOI sentiment scaled -0.05 \u2192 -0.02 (count=1, sources=1, scale=0.32)[0m
[32m2026-09-10 05:32:29.770[0m | [1mINFO    [0m | [36msrc.analysis.sentiment[0m:[36manalyse_sentiment[0m:[36m1515[0m - [1mAAOI raw_sentiment=-0.45 (local, 1 articles)[0m
[32m2026-09-10 05:32:29.770[0m | [34m[1mDEBUG   [0m | [36msrc.analysis.sentiment[0m:[36manalyse_sentiment[0m:[36m1571[0m - [34m[1mAAOI sentiment scaled -0.45 \u2192 -0.14 (count=1, sources=1, scale=0.32)[0m
[32m2026-09-10 05:32:32.157[0m | [1mINFO    [0m | [36msrc.analysis.sentiment[0m:[36manalyse_sentiment[0m:[36m1515[0m - [1mAAOI raw_sentiment=+0.25 (local, 4 articles)[0m
[32m2026-09-10 05:32:32.158[0m | [34m[1mDEBUG   [0m | [36msrc.analysis.sentiment[0m:[36manalyse_sentiment[0m:[36m1571[0m - [34m[1mAAOI sentiment scaled +0.25 \u2192 +0.11 (count=4, sources=4, scale=0.44)[0m
[32m2026-09-10 05:32:34.621[0m | [1mINFO    [0m | [36msrc.analysis.sentiment[0m:[36manalyse_sentiment[0m:[36m1515[0m - [1mALK raw_sentiment=+0.00 (local, 1 articles)[0m
[32m2026-09-10 05:32:34.621[0m | [34m[1mDEBUG   [0m | [36msrc.analysis.sentiment[0m:[36manalyse_sentiment[0m:[36m1571[0m - [34m[1mALK sentiment scaled +0.00 \u2192 +0.00 (count=1, sources=1, scale=0.32)[0m
[32m2026-09-10 05:32:36.478[0m | [1mINFO    [0m | [36msrc.analysis.sentiment[0m:[36manalyse_sentiment[0m:[36m1515[0m - [1mALK raw_sentiment=-0.05 (local, 1 articles)[0m
[32m2026-09-10 05:32:36.478[0m | [34m[1mDEBUG   [0m | [36msrc.analysis.sentiment[0m:[36manalyse_sentiment[0m:[36m1571[0m - [34m[1mALK sentiment scaled -0.05 \u2192 -0.02 (count=1, sources=1, scale=0.32)[0m
[32m2026-09-10 05:32:38.222[0m | [1mINFO    [0m | [36msrc.analysis.sentiment[0m:[36manalyse_sentiment[0m:[36m1515[0m - [1mALK raw_sentiment=+0.05 (local, 1 articles)[0m
[32m2026-09-10 05:32:38.222[0m | [34m[1mDEBUG   [0m | [36msrc.analysis.sentiment[0m:[36manalyse_sentiment[0m:[36m1571[0m - [34m[1mALK sentiment scaled +0.05 \u2192 +0.02 (count=1, sources=1, scale=0.32)[0m
[32m2026-09-10 05:32:40.155[0m | [1mINFO    [0m | [36msrc.analysis.sentiment[0m:[36manalyse_sentiment[0m:[36m1515[0m - [1mALK raw_sentiment=+0.15 (local, 1 articles)[0m
[32m2026-09-10 05:32:40.155[0m | [34m[1mDEBUG   [0m | [36msrc.analysis.sentiment[0m:[36manalyse_sentiment[0m:[36m1571[0m - [34m[1mALK sentiment scaled +0.15 \u2192 +0.05 (count=1, sources=1, scale=0.32)[0m
[32m2026-09-10 05:32:42.194[0m | [1mINFO    [0m | [36msrc.analysis.sentiment[0m:[36manalyse_sentiment[0m:[36m1515[0m - [1mALK raw_sentiment=-0.25 (local, 1 articles)[0m
[32m2026-09-10 05:32:42.195[0m | [34m[1mDEBUG   [0m | [36msrc.analysis.sentiment[0m:[36manalyse_sentiment[0m:[36m1571[0m - [34m[1mALK sentiment scaled -0.25 \u2192 -0.08 (count=1, sources=1, scale=0.32)[0m
  2026-07-21: 2 tickers in 18s
[32m2026-09-10 05:32:45.588[0m | [1mINFO    [0m | [36msrc.analysis.sentiment[0m:[36manalyse_sentiment[0m:[36m1515[0m - [1mAAPL raw_sentiment=-0.25 (local, 2 articles)[0m
[32m2026-09-10 05:32:45.588[0m | [34m[1mDEBUG   [0m | [36msrc.analysis.sentiment[0m:[36manalyse_sentiment[0m:[36m1571[0m - [34m[1mAAPL sentiment scaled -0.25 \u2192 -0.16 (count=2, sources=2, scale=0.63)[0m
[32m2026-09-10 05:32:47.374[0m | [1mINFO    [0m | [36msrc.analysis.sentiment[0m:[36manalyse_sentiment[0m:[36m1515[0m - [1mAAPL raw_sentiment=-0.15 (local, 1 articles)[0m
[32m2026-09-10 05:32:47.375[0m | [34m[1mDEBUG   [0m | [36msrc.analysis.sentiment[0m:[36manalyse_sentiment[0m:[36m1571[0m - [34m[1mAAPL sentiment scaled -0.15 \u2192 -0.06 (count=1, sources=1, scale=0.42)[0m
[32m2026-09-10 05:32:49.300[0m | [1mINFO    [0m | [36msrc.analysis.sentiment[0m:[36manalyse_sentiment[0m:[36m1515[0m - [1mAAPL raw_sentiment=-0.05 (local, 2 articles)[0m
[32m2026-09-10 05:32:49.300[0m | [34m[1mDEBUG   [0m | [36msrc.analysis.sentiment[0m:[36manalyse_sentiment[0m:[36m1571[0m - [34m[1mAAPL sentiment scaled -0.05 \u2192 -0.03 (count=2, sources=2, scale=0.58)[0m
[32m2026-09-10 05:32:51.105[0m | [1mINFO    [0m | [36msrc.analysis.sentiment[0m:[36manalyse_sentiment[0m:[36m1515[0m - [1mAAPL raw_sentiment=+0.65 (local, 1 articles)[0m
[32m2026-09-10 05:32:51.105[0m | [34m[1mDEBUG   [0m | [36msrc.analysis.sentiment[0m:[36manalyse_sentiment[0m:[36m1571[0m - [34m[1mAAPL sentiment scaled +0.65 \u2192 +0.27 (count=1, sources=1, scale=0.41)[0m
[32m2026-09-10 05:32:52.892[0m | [1mINFO    [0m | [36msrc.analysis.sentiment[0m:[36manalyse_sentiment[0m:[36m1515[0m - [1mAAPL raw_sentiment=+0.00 (local, 1 articles)[0m
[32m2026-09-10 05:32:52.893[0m | [34m[1mDEBUG   [0m | [36msrc.analysis.sentiment[0m:[36manalyse_sentiment[0m:[36m1571[0m - [34m[1mAAPL sentiment scaled +0.00 \u2192 +0.00 (count=1, sources=1, scale=0.41)[0m
[32m2026-09-10 05:32:54.968[0m | [1mINFO    [0m | [36msrc.analysis.sentiment[0m:[36manalyse_sentiment[0m:[36m1515[0m - [1mAAPL raw_sentiment=+0.15 (local, 2 articles)[0m
[32m2026-09-10 05:32:54.968[0m | [34m[1mDEBUG   [0m | [36msrc.analysis.sentiment[0m:[36manalyse_sentiment[0m:[36m1571[0m - [34m[1mAAPL sentiment scaled +0.15 \u2192 +0.08 (count=2, sources=2, scale=0.56)[0m
[32m2026-09-10 05:32:56.657[0m | [1mINFO    [0m | [36msrc.analysis.sentiment[0m:[36manalyse_sentiment[0m:[36m1515[0m - [1mAAPL raw_sentiment=+0.05 (local, 1 articles)[0m
[32m2026-09-10 05:32:56.658[0m | [34m[1mDEBUG   [0m | [36msrc.analysis.sentiment[0m:[36manalyse_sentiment[0m:[36m1571[0m - [34m[1mAAPL sentiment scaled +0.05 \u2192 +0.02 (count=1, sources=1, scale=0.39)[0m
[32m2026-09-10 05:32:58.751[0m | [1mINFO    [0m | [36msrc.analysis.sentiment[0m:[36manalyse_sentiment[0m:[36m1515[0m - [1mAAPL raw_sentiment=-0.35 (local, 1 articles)[0m
[32m2026-09-10 05:32:58.751[0m | [34m[1mDEBUG   [0m | [36msrc.analysis.sentiment[0m:[36manalyse_sentiment[0m:[36m1571[0m - [34m[1mAAPL sentiment scaled -0.35 \u2192 -0.13 (count=1, sources=1, scale=0.38)[0m
[32m2026-09-10 05:33:00.556[0m | [1mINFO    [0m | [36msrc.analysis.sentiment[0m:[36manalyse_sentiment[0m:[36m1515[0m - [1mAAPL raw_sentiment=+0.15 (local, 2 articles)[0m
[32m2026-09-10 05:33:00.556[0m | [34m[1mDEBUG   [0m | [36msrc.analysis.sentiment[0m:[36manalyse_sentiment[0m:[36m1571[0m - [34m[1mAAPL sentiment scaled +0.15 \u2192 +0.08 (count=2, sources=2, scale=0.51)[0m
[32m2026-09-10 05:33:02.494[0m | [1mINFO    [0m | [36msrc.analysis.sentiment[0m:[36manalyse_sentiment[0m:[36m1515[0m - [1mAAPL raw_sentiment=+0.05 (local, 1 articles)[0m
[32m2026-09-10 05:33:02.494[0m | [34m[1mDEBUG   [0m | [36msrc.analysis.sentiment[0m:[36manalyse_sentiment[0m:[36m1571[0m - [34m[1mAAPL sentiment scaled +0.05 \u2192 +0.02 (count=1, sources=1, scale=0.36)[0m
[32m2026-09-10 05:33:03.918[0m | [1mINFO    [0m | [36msrc.analysis.sentiment[0m:[36manalyse_sentiment[0m:[36m1515[0m - [1mAAPL raw_sentiment=+0.00 (local, 1 articles)[0m
[32m2026-09-10 05:33:03.918[0m | [34m[1mDEBUG   [0m | [36msrc.analysis.sentiment[0m:[36manalyse_sentiment[0m:[36m1571[0m - [34m[1mAAPL sentiment scaled +0.00 \u2192 +0.00 (count=1, sources=1, scale=0.36)[0m
[32m2026-09-10 05:33:05.777[0m | [1mINFO    [0m | [36msrc.analysis.sentiment[0m:[36manalyse_sentiment[0m:[36m1515[0m - [1mAAPL raw_sentiment=-0.15 (local, 1 articles)[0m
[32m2026-09-10 05:33:05.777[0m | [34m[1mDEBUG   [0m | [36msrc.analysis.sentiment[0m:[36manalyse_sentiment[0m:[36m1571[0m - [34m[1mAAPL sentiment scaled -0.15 \u2192 -0.05 (count=1, sources=1, scale=0.35)[0m
[32m2026-09-10 05:33:07.862[0m | [1mINFO    [0m | [36msrc.analysis.sentiment[0m:[36manalyse_sentiment[0m:[36m1515[0m - [1mAAPL raw_sentiment=-0.05 (local, 1 articles)[0m
[32m2026-09-10 05:33:07.862[0m | [34m[1mDEBUG   [0m | [36msrc.analysis.sentiment[0m:[36manalyse_sentiment[0m:[36m1571[0m - [34m[1mAAPL sentiment scaled -0.05 \u2192 -0.02 (count=1, sources=1, scale=0.35)[0m
[32m2026-09-10 05:33:09.382[0m | [1mINFO    [0m | [36msrc.analysis.sentiment[0m:[36manalyse_sentiment[0m:[36m1515[0m - [1mAAPL raw_sentiment=-0.15 (local, 2 articles)[0m
[32m2026-09-10 05:33:09.382[0m | [34m[1mDEBUG   [0m | [36msrc.analysis.sentiment[0m:[36manalyse_sentiment[0m:[36m1571[0m - [34m[1mAAPL sentiment scaled -0.15 \u2192 -0.07 (count=2, sources=2, scale=0.46)[0m
[32m2026-09-10 05:33:11.609[0m | [1mINFO    [0m | [36msrc.analysis.sentiment[0m:[36manalyse_sentiment[0m:[36m1515[0m - [1mAAPL raw_sentiment=+0.05 (local, 1 articles)[0m
[32m2026-09-10 05:33:11.609[0m | [34m[1mDEBUG   [0m | [36msrc.analysis.sentiment[0m:[36manalyse_sentiment[0m:[36m1571[0m - [34m[1mAAPL sentiment scaled +0.05 \u2192 +0.02 (count=1, sources=1, scale=0.35)[0m
[32m2026-09-10 05:33:14.070[0m | [1mINFO    [0m | [36msrc.analysis.sentiment[0m:[36manalyse_sentiment[0m:[36m1515[0m - [1mAPP raw_sentiment=-0.35 (local, 2 articles)[0m
[32m2026-09-10 05:33:14.070[0m | [34m[1mDEBUG   [0m | [36msrc.analysis.sentiment[0m:[36manalyse_sentiment[0m:[36m1571[0m - [34m[1mAPP sentiment scaled -0.35 \u2192 -0.16 (count=2, sources=2, scale=0.45)[0m
[32m2026-09-10 05:33:15.992[0m | [1mINFO    [0m | [36msrc.analysis.sentiment[0m:[36manalyse_sentiment[0m:[36m1515[0m - [1mAPP raw_sentiment=-0.15 (local, 1 articles)[0m
[32m2026-09-10 05:33:15.992[0m | [34m[1mDEBUG   [0m | [36msrc.analysis.sentiment[0m:[36manalyse_sentiment[0m:[36m1571[0m - [34m[1mAPP sentiment scaled -0.15 \u2192 -0.05 (count=1, sources=1, scale=0.33)[0m
[32m2026-09-10 05:33:17.971[0m | [1mINFO    [0m | [36msrc.analysis.sentiment[0m:[36manalyse_sentiment[0m:[36m1515[0m - [1mAPP raw_sentiment=-0.05 (local, 1 articles)[0m
[32m2026-09-10 05:33:17.971[0m | [34m[1mDEBUG   [0m | [36msrc.analysis.sentiment[0m:[36manalyse_sentiment[0m:[36m1571[0m - [34m[1mAPP sentiment scaled -0.05 \u2192 -0.02 (count=1, sources=1, scale=0.32)[0m
  2026-07-24: 2 tickers in 35s
[32m2026-09-10 05:33:21.764[0m | [1mINFO    [0m | [36msrc.analysis.sentiment[0m:[36manalyse_sentiment[0m:[36m1515[0m - [1mABBV raw_sentiment=+0.15 (local, 4 articles)[0m
[32m2026-09-10 05:33:21.765[0m | [34m[1mDEBUG   [0m | [36msrc.analysis.sentiment[0m:[36manalyse_sentiment[0m:[36m1571[0m - [34m[1mABBV sentiment scaled +0.15 \u2192 +0.07 (count=4, sources=2, scale=0.49)[0m
[32m2026-09-10 05:33:24.252[0m | [1mINFO    [0m | [36msrc.analysis.sentiment[0m:[36manalyse_sentiment[0m:[36m1515[0m - [1mABBV raw_sentiment=-0.65 (local, 1 articles)[0m
[32m2026-09-10 05:33:24.253[0m | [34m[1mDEBUG   [0m | [36msrc.analysis.sentiment[0m:[36manalyse_sentiment[0m:[36m1571[0m - [34m[1mABBV sentiment scaled -0.65 \u2192 -0.21 (count=1, sources=1, scale=0.33)[0m
[32m2026-09-10 05:33:26.587[0m | [1mINFO    [0m | [36msrc.analysis.sentiment[0m:[36manalyse_sentiment[0m:[36m1515[0m - [1mABBV raw_sentiment=+0.15 (local, 1 articles)[0m
[32m2026-09-10 05:33:26.588[0m | [34m[1mDEBUG   [0m | [36msrc.analysis.sentiment[0m:[36manalyse_sentiment[0m:[36m1571[0m - [34m[1mABBV sentiment scaled +0.15 \u2192 +0.05 (count=1, sources=1, scale=0.32)[0m
[32m2026-09-10 05:33:28.533[0m | [1mINFO    [0m | [36msrc.analysis.sentiment[0m:[36manalyse_sentiment[0m:[36m1515[0m - [1mABBV raw_sentiment=-0.15 (local, 1 articles)[0m
[32m2026-09-10 05:33:28.533[0m | [34m[1mDEBUG   [0m | [36msrc.analysis.sentiment[0m:[36manalyse_sentiment[0m:[36m1571[0m - [34m[1mABBV sentiment scaled -0.15 \u2192 -0.05 (count=1, sources=1, scale=0.32)[0m
[32m2026-09-10 05:33:30.386[0m | [1mINFO    [0m | [36msrc.analysis.sentiment[0m:[36manalyse_sentiment[0m:[36m1515[0m - [1mABBV raw_sentiment=+0.05 (local, 1 articles)[0m
[32m2026-09-10 05:33:30.386[0m | [34m[1mDEBUG   [0m | [36msrc.analysis.sentiment[0m:[36manalyse_sentiment[0m:[36m1571[0m - [34m[1mABBV sentiment scaled +0.05 \u2192 +0.02 (count=1, sources=1, scale=0.32)[0m
[32m2026-09-10 05:33:32.718[0m | [1mINFO    [0m | [36msrc.analysis.sentiment[0m:[36manalyse_sentiment[0m:[36m1515[0m - [1mAMZN raw_sentiment=+0.00 (local, 5 articles)[0m
[32m2026-09-10 05:33:32.718[0m | [34m[1mDEBUG   [0m | [36msrc.analysis.sentiment[0m:[36manalyse_sentiment[0m:[36m1571[0m - [34m[1mAMZN sentiment scaled +0.00 \u2192 +0.00 (count=5, sources=3, scale=0.76)[0m
[32m2026-09-10 05:33:34.590[0m | [1mINFO    [0m | [36msrc.analysis.sentiment[0m:[36manalyse_sentiment[0m:[36m1515[0m - [1mAMZN raw_sentiment=-0.15 (local, 1 articles)[0m
[32m2026-09-10 05:33:34.591[0m | [34m[1mDEBUG   [0m | [36msrc.analysis.sentiment[0m:[36manalyse_sentiment[0m:[36m1571[0m - [34m[1mAMZN sentiment scaled -0.15 \u2192 -0.06 (count=1, sources=1, scale=0.43)[0m
[32m2026-09-10 05:33:36.396[0m | [1mINFO    [0m | [36msrc.analysis.sentiment[0m:[36manalyse_sentiment[0m:[36m1515[0m - [1mAMZN raw_sentiment=+0.25 (local, 1 articles)[0m
[32m2026-09-10 05:33:36.396[0m | [34m[1mDEBUG   [0m | [36msrc.analysis.sentiment[0m:[36manalyse_sentiment[0m:[36m1571[0m - [34m[1mAMZN sentiment scaled +0.25 \u2192 +0.11 (count=1, sources=1, scale=0.43)[0m
[32m2026-09-10 05:33:38.498[0m | [1mINFO    [0m | [36msrc.analysis.sentiment[0m:[36manalyse_sentiment[0m:[36m1515[0m - [1mAMZN raw_sentiment=+0.25 (local, 2 articles)[0m
[32m2026-09-10 05:33:38.498[0m | [34m[1mDEBUG   [0m | [36msrc.analysis.sentiment[0m:[36manalyse_sentiment[0m:[36m1571[0m - [34m[1mAMZN sentiment scaled +0.25 \u2192 +0.15 (count=2, sources=2, scale=0.59)[0m
[32m2026-09-10 05:33:40.304[0m | [1mINFO    [0m | [36msrc.analysis.sentiment[0m:[36manalyse_sentiment[0m:[36m1515[0m - [1mAMZN raw_sentiment=+0.15 (local, 1 articles)[0m
[32m2026-09-10 05:33:40.304[0m | [34m[1mDEBUG   [0m | [36msrc.analysis.sentiment[0m:[36manalyse_sentiment[0m:[36m1571[0m - [34m[1mAMZN sentiment scaled +0.15 \u2192 +0.06 (count=1, sources=1, scale=0.41)[0m
[32m2026-09-10 05:33:41.979[0m | [1mINFO    [0m | [36msrc.analysis.sentiment[0m:[36manalyse_sentiment[0m:[36m1515[0m - [1mAMZN raw_sentiment=+0.00 (local, 1 articles)[0m
[32m2026-09-10 05:33:41.979[0m | [34m[1mDEBUG   [0m | [36msrc.analysis.sentiment[0m:[36manalyse_sentiment[0m:[36m1571[0m - [34m[1mAMZN sentiment scaled +0.00 \u2192 +0.00 (count=1, sources=1, scale=0.39)[0m
[32m2026-09-10 05:33:43.588[0m | [1mINFO    [0m | [36msrc.analysis.sentiment[0m:[36manalyse_sentiment[0m:[36m1515[0m - [1mAMZN raw_sentiment=+0.00 (local, 1 articles)[0m
[32m2026-09-10 05:33:43.588[0m | [34m[1mDEBUG   [0m | [36msrc.analysis.sentiment[0m:[36manalyse_sentiment[0m:[36m1571[0m - [34m[1mAMZN sentiment scaled +0.00 \u2192 +0.00 (count=1, sources=1, scale=0.38)[0m
[32m2026-09-10 05:33:45.306[0m | [1mINFO    [0m | [36msrc.analysis.sentiment[0m:[36manalyse_sentiment[0m:[36m1515[0m - [1mAMZN raw_sentiment=-0.15 (local, 1 articles)[0m
[32m2026-09-10 05:33:45.306[0m | [34m[1mDEBUG   [0m | [36msrc.analysis.sentiment[0m:[36manalyse_sentiment[0m:[36m1571[0m - [34m[1mAMZN sentiment scaled -0.15 \u2192 -0.06 (count=1, sources=1, scale=0.37)[0m
[32m2026-09-10 05:33:47.477[0m | [1mINFO    [0m | [36msrc.analysis.sentiment[0m:[36manalyse_sentiment[0m:[36m1515[0m - [1mAMZN raw_sentiment=-0.15 (local, 1 articles)[0m
[32m2026-09-10 05:33:47.477[0m | [34m[1mDEBUG   [0m | [36msrc.analysis.sentiment[0m:[36manalyse_sentiment[0m:[36m1571[0m - [34m[1mAMZN sentiment scaled -0.15 \u2192 -0.06 (count=1, sources=1, scale=0.37)[0m
[32m2026-09-10 05:33:49.256[0m | [1mINFO    [0m | [36msrc.analysis.sentiment[0m:[36manalyse_sentiment[0m:[36m1515[0m - [1mAMZN raw_sentiment=+0.15 (local, 1 articles)[0m
[32m2026-09-10 05:33:49.256[0m | [34m[1mDEBUG   [0m | [36msrc.analysis.sentiment[0m:[36manalyse_sentiment[0m:[36m1571[0m - [34m[1mAMZN sentiment scaled +0.15 \u2192 +0.05 (count=1, sources=1, scale=0.35)[0m
[32m2026-09-10 05:33:51.245[0m | [1mINFO    [0m | [36msrc.analysis.sentiment[0m:[36manalyse_sentiment[0m:[36m1515[0m - [1mAMZN raw_sentiment=+0.15 (local, 1 articles)[0m
[32m2026-09-10 05:33:51.245[0m | [34m[1mDEBUG   [0m | [36msrc.analysis.sentiment[0m:[36manalyse_sentiment[0m:[36m1571[0m - [34m[1mAMZN sentiment scaled +0.15 \u2192 +0.05 (count=1, sources=1, scale=0.35)[0m
[32m2026-09-10 05:33:53.235[0m | [1mINFO    [0m | [36msrc.analysis.sentiment[0m:[36manalyse_sentiment[0m:[36m1515[0m - [1mAMZN raw_sentiment=+0.00 (local, 1 articles)[0m
[32m2026-09-10 05:33:53.235[0m | [34m[1mDEBUG   [0m | [36msrc.analysis.sentiment[0m:[36manalyse_sentiment[0m:[36m1571[0m - [34m[1mAMZN sentiment scaled +0.00 \u2192 +0.00 (count=1, sources=1, scale=0.34)[0m
[32m2026-09-10 05:33:55.421[0m | [1mINFO    [0m | [36msrc.analysis.sentiment[0m:[36manalyse_sentiment[0m:[36m1515[0m - [1mAMZN raw_sentiment=-0.15 (local, 1 articles)[0m
[32m2026-09-10 05:33:55.421[0m | [34m[1mDEBUG   [0m | [36msrc.analysis.sentiment[0m:[36manalyse_sentiment[0m:[36m1571[0m - [34m[1mAMZN sentiment scaled -0.15 \u2192 -0.05 (count=1, sources=1, scale=0.34)[0m
[32m2026-09-10 05:33:57.264[0m | [1mINFO    [0m | [36msrc.analysis.sentiment[0m:[36manalyse_sentiment[0m:[36m1515[0m - [1mAMZN raw_sentiment=-0.15 (local, 1 articles)[0m
[32m2026-09-10 05:33:57.264[0m | [34m[1mDEBUG   [0m | [36msrc.analysis.sentiment[0m:[36manalyse_sentiment[0m:[36m1571[0m - [34m[1mAMZN sentiment scaled -0.15 \u2192 -0.05 (count=1, sources=1, scale=0.34)[0m
[32m2026-09-10 05:33:59.077[0m | [1mINFO    [0m | [36msrc.analysis.sentiment[0m:[36manalyse_sentiment[0m:[36m1515[0m - [1mAMZN raw_sentiment=+0.25 (local, 1 articles)[0m
[32m2026-09-10 05:33:59.077[0m | [34m[1mDEBUG   [0m | [36msrc.analysis.sentiment[0m:[36manalyse_sentiment[0m:[36m1571[0m - [34m[1mAMZN sentiment scaled +0.25 \u2192 +0.08 (count=1, sources=1, scale=0.34)[0m
  2026-07-26: 2 tickers in 40s
[32m2026-09-10 05:34:02.416[0m | [1mINFO    [0m | [36msrc.analysis.sentiment[0m:[36manalyse_sentiment[0m:[36m1515[0m - [1mABBV raw_sentiment=+0.15 (local, 3 articles)[0m
[32m2026-09-10 05:34:02.416[0m | [34m[1mDEBUG   [0m | [36msrc.analysis.sentiment[0m:[36manalyse_sentiment[0m:[36m1571[0m - [34m[1mABBV sentiment scaled +0.15 \u2192 +0.07 (count=3, sources=2, scale=0.48)[0m
[32m2026-09-10 05:34:04.721[0m | [1mINFO    [0m | [36msrc.analysis.sentiment[0m:[36manalyse_sentiment[0m:[36m1515[0m - [1mABBV raw_sentiment=-0.65 (local, 1 articles)[0m
[32m2026-09-10 05:34:04.721[0m | [34m[1mDEBUG   [0m | [36msrc.analysis.sentiment[0m:[36manalyse_sentiment[0m:[36m1571[0m - [34m[1mABBV sentiment scaled -0.65 \u2192 -0.21 (count=1, sources=1, scale=0.32)[0m
[32m2026-09-10 05:34:07.192[0m | [1mINFO    [0m | [36msrc.analysis.sentiment[0m:[36manalyse_sentiment[0m:[36m1515[0m - [1mABBV raw_sentiment=+0.05 (local, 1 articles)[0m
[32m2026-09-10 05:34:07.192[0m | [34m[1mDEBUG   [0m | [36msrc.analysis.sentiment[0m:[36manalyse_sentiment[0m:[36m1571[0m - [34m[1mABBV sentiment scaled +0.05 \u2192 +0.02 (count=1, sources=1, scale=0.32)[0m
[32m2026-09-10 05:34:09.343[0m | [1mINFO    [0m | [36msrc.analysis.sentiment[0m:[36manalyse_sentiment[0m:[36m1515[0m - [1mABBV raw_sentiment=-0.15 (local, 1 articles)[0m
[32m2026-09-10 05:34:09.343[0m | [34m[1mDEBUG   [0m | [36msrc.analysis.sentiment[0m:[36manalyse_sentiment[0m:[36m1571[0m - [34m[1mABBV sentiment scaled -0.15 \u2192 -0.05 (count=1, sources=1, scale=0.32)[0m
[32m2026-09-10 05:34:12.341[0m | [1mINFO    [0m | [36msrc.analysis.sentiment[0m:[36manalyse_sentiment[0m:[36m1515[0m - [1mACI raw_sentiment=-0.85 (local, 14 articles)[0m
[32m2026-09-10 05:34:12.342[0m | [34m[1mDEBUG   [0m | [36msrc.analysis.sentiment[0m:[36manalyse_sentiment[0m:[36m1571[0m - [34m[1mACI sentiment scaled -0.85 \u2192 -0.50 (count=14, sources=11, scale=0.59)[0m
[32m2026-09-10 05:34:14.293[0m | [1mINFO    [0m | [36msrc.analysis.sentiment[0m:[36manalyse_sentiment[0m:[36m1515[0m - [1mACI raw_sentiment=+0.00 (local, 1 articles)[0m
[32m2026-09-10 05:34:14.293[0m | [34m[1mDEBUG   [0m | [36msrc.analysis.sentiment[0m:[36manalyse_sentiment[0m:[36m1571[0m - [34m[1mACI sentiment scaled +0.00 \u2192 +0.00 (count=1, sources=1, scale=0.33)[0m
[32m2026-09-10 05:34:16.111[0m | [1mINFO    [0m | [36msrc.analysis.sentiment[0m:[36manalyse_sentiment[0m:[36m1515[0m - [1mACI raw_sentiment=-0.15 (local, 2 articles)[0m
[32m2026-09-10 05:34:16.111[0m | [34m[1mDEBUG   [0m | [36msrc.analysis.sentiment[0m:[36manalyse_sentiment[0m:[36m1571[0m - [34m[1mACI sentiment scaled -0.15 \u2192 -0.06 (count=2, sources=2, scale=0.41)[0m
[32m2026-09-10 05:34:17.713[0m | [1mINFO    [0m | [36msrc.analysis.sentiment[0m:[36manalyse_sentiment[0m:[36m1515[0m - [1mACI raw_sentiment=-0.15 (local, 1 articles)[0m
[32m2026-09-10 05:34:17.713[0m | [34m[1mDEBUG   [0m | [36msrc.analysis.sentiment[0m:[36manalyse_sentiment[0m:[36m1571[0m - [34m[1mACI sentiment scaled -0.15 \u2192 -0.05 (count=1, sources=1, scale=0.33)[0m
[32m2026-09-10 05:34:19.540[0m | [1mINFO    [0m | [36msrc.analysis.sentiment[0m:[36manalyse_sentiment[0m:[36m1515[0m - [1mACI raw_sentiment=-0.05 (local, 1 articles)[0m
[32m2026-09-10 05:34:19.540[0m | [34m[1mDEBUG   [0m | [36msrc.analysis.sentiment[0m:[36manalyse_sentiment[0m:[36m1571[0m - [34m[1mACI sentiment scaled -0.05 \u2192 -0.02 (count=1, sources=1, scale=0.33)[0m
[32m2026-09-10 05:34:21.355[0m | [1mINFO    [0m | [36msrc.analysis.sentiment[0m:[36manalyse_sentiment[0m:[36m1515[0m - [1mACI raw_sentiment=-0.45 (local, 1 articles)[0m
[32m2026-09-10 05:34:21.355[0m | [34m[1mDEBUG   [0m | [36msrc.analysis.sentiment[0m:[36manalyse_sentiment[0m:[36m1571[0m - [34m[1mACI sentiment scaled -0.45 \u2192 -0.15 (count=1, sources=1, scale=0.32)[0m
[32m2026-09-10 05:34:23.535[0m | [1mINFO    [0m | [36msrc.analysis.sentiment[0m:[36manalyse_sentiment[0m:[36m1515[0m - [1mAMC raw_sentiment=+0.15 (local, 1 articles)[0m
[32m2026-09-10 05:34:23.535[0m | [34m[1mDEBUG   [0m | [36msrc.analysis.sentiment[0m:[36manalyse_sentiment[0m:[36m1571[0m - [34m[1mAMC sentiment scaled +0.15 \u2192 +0.05 (count=1, sources=1, scale=0.32)[0m
[32m2026-09-10 05:34:26.170[0m | [1mINFO    [0m | [36msrc.analysis.sentiment[0m:[36manalyse_sentiment[0m:[36m1515[0m - [1mAMC raw_sentiment=+0.05 (local, 2 articles)[0m
[32m2026-09-10 05:34:26.170[0m | [34m[1mDEBUG   [0m | [36msrc.analysis.sentiment[0m:[36manalyse_sentiment[0m:[36m1571[0m - [34m[1mAMC sentiment scaled +0.05 \u2192 +0.02 (count=2, sources=1, scale=0.32)[0m
[32m2026-09-10 05:34:27.876[0m | [1mINFO    [0m | [36msrc.analysis.sentiment[0m:[36manalyse_sentiment[0m:[36m1515[0m - [1mAMC raw_sentiment=+0.00 (local, 1 articles)[0m
[32m2026-09-10 05:34:27.876[0m | [34m[1mDEBUG   [0m | [36msrc.analysis.sentiment[0m:[36manalyse_sentiment[0m:[36m1571[0m - [34m[1mAMC sentiment scaled +0.00 \u2192 +0.00 (count=1, sources=1, scale=0.32)[0m
[32m2026-09-10 05:34:29.955[0m | [1mINFO    [0m | [36msrc.analysis.sentiment[0m:[36manalyse_sentiment[0m:[36m1515[0m - [1mAMC raw_sentiment=+0.15 (local, 10 articles)[0m
[32m2026-09-10 05:34:29.955[0m | [34m[1mDEBUG   [0m | [36msrc.analysis.sentiment[0m:[36manalyse_sentiment[0m:[36m1571[0m - [34m[1mAMC sentiment scaled +0.15 \u2192 +0.07 (count=10, sources=7, scale=0.46)[0m
[32m2026-09-10 05:34:32.334[0m | [1mINFO    [0m | [36msrc.analysis.sentiment[0m:[36manalyse_sentiment[0m:[36m1515[0m - [1mAMC raw_sentiment=+0.15 (local, 1 articles)[0m
[32m2026-09-10 05:34:32.334[0m | [34m[1mDEBUG   [0m | [36msrc.analysis.sentiment[0m:[36manalyse_sentiment[0m:[36m1571[0m - [34m[1mAMC sentiment scaled +0.15 \u2192 +0.05 (count=1, sources=1, scale=0.32)[0m
[32m2026-09-10 05:34:34.045[0m | [1mINFO    [0m | [36msrc.analysis.sentiment[0m:[36manalyse_sentiment[0m:[36m1515[0m - [1mAMC raw_sentiment=-0.01 (local, 1 articles)[0m
[32m2026-09-10 05:34:34.045[0m | [34m[1mDEBUG   [0m | [36msrc.analysis.sentiment[0m:[36manalyse_sentiment[0m:[36m1571[0m - [34m[1mAMC sentiment scaled -0.01 \u2192 -0.00 (count=1, sources=1, scale=0.32)[0m
[32m2026-09-10 05:34:35.719[0m | [1mINFO    [0m | [36msrc.analysis.sentiment[0m:[36manalyse_sentiment[0m:[36m1515[0m - [1mAMC raw_sentiment=+0.15 (local, 1 articles)[0m
[32m2026-09-10 05:34:35.720[0m | [34m[1mDEBUG   [0m | [36msrc.analysis.sentiment[0m:[36manalyse_sentiment[0m:[36m1571[0m - [34m[1mAMC sentiment scaled +0.15 \u2192 +0.05 (count=1, sources=1, scale=0.32)[0m
[32m2026-09-10 05:34:37.593[0m | [1mINFO    [0m | [36msrc.analysis.sentiment[0m:[36manalyse_sentiment[0m:[36m1515[0m - [1mAMC raw_sentiment=+0.05 (local, 1 articles)[0m
[32m2026-09-10 05:34:37.593[0m | [34m[1mDEBUG   [0m | [36msrc.analysis.sentiment[0m:[36manalyse_sentiment[0m:[36m1571[0m - [34m[1mAMC sentiment scaled +0.05 \u2192 +0.02 (count=1, sources=1, scale=0.32)[0m
[32m2026-09-10 05:34:39.668[0m | [1mINFO    [0m | [36msrc.analysis.sentiment[0m:[36manalyse_sentiment[0m:[36m1515[0m - [1mAMC raw_sentiment=+0.65 (local, 2 articles)[0m
[32m2026-09-10 05:34:39.668[0m | [34m[1mDEBUG   [0m | [36msrc.analysis.sentiment[0m:[36manalyse_sentiment[0m:[36m1571[0m - [34m[1mAMC sentiment scaled +0.65 \u2192 +0.21 (count=2, sources=1, scale=0.32)[0m
  2026-07-27: 3 tickers in 40s
[32m2026-09-10 05:34:42.694[0m | [1mINFO    [0m | [36msrc.analysis.sentiment[0m:[36manalyse_sentiment[0m:[36m1515[0m - [1mABG raw_sentiment=+0.05 (local, 1 articles)[0m
[32m2026-09-10 05:34:42.694[0m | [34m[1mDEBUG   [0m | [36msrc.analysis.sentiment[0m:[36manalyse_sentiment[0m:[36m1571[0m - [34m[1mABG sentiment scaled +0.05 \u2192 +0.02 (count=1, sources=1, scale=0.45)[0m
[32m2026-09-10 05:34:45.020[0m | [1mINFO    [0m | [36msrc.analysis.sentiment[0m:[36manalyse_sentiment[0m:[36m1515[0m - [1mABG raw_sentiment=+0.35 (local, 1 articles)[0m
[32m2026-09-10 05:34:45.020[0m | [34m[1mDEBUG   [0m | [36msrc.analysis.sentiment[0m:[36manalyse_sentiment[0m:[36m1571[0m - [34m[1mABG sentiment scaled +0.35 \u2192 +0.15 (count=1, sources=1, scale=0.43)[0m
[32m2026-09-10 05:34:46.746[0m | [1mINFO    [0m | [36msrc.analysis.sentiment[0m:[36manalyse_sentiment[0m:[36m1515[0m - [1mABG raw_sentiment=+0.45 (local, 2 articles)[0m
[32m2026-09-10 05:34:46.746[0m | [34m[1mDEBUG   [0m | [36msrc.analysis.sentiment[0m:[36manalyse_sentiment[0m:[36m1571[0m - [34m[1mABG sentiment scaled +0.45 \u2192 +0.27 (count=2, sources=2, scale=0.59)[0m
[32m2026-09-10 05:34:49.317[0m | [1mINFO    [0m | [36msrc.analysis.sentiment[0m:[36manalyse_sentiment[0m:[36m1515[0m - [1mABG raw_sentiment=+0.25 (local, 2 articles)[0m
[32m2026-09-10 05:34:49.317[0m | [34m[1mDEBUG   [0m | [36msrc.analysis.sentiment[0m:[36manalyse_sentiment[0m:[36m1571[0m - [34m[1mABG sentiment scaled +0.25 \u2192 +0.12 (count=2, sources=1, scale=0.46)[0m
[32m2026-09-10 05:34:51.304[0m | [1mINFO    [0m | [36msrc.analysis.sentiment[0m:[36manalyse_sentiment[0m:[36m1515[0m - [1mABG raw_sentiment=-0.15 (local, 1 articles)[0m
[32m2026-09-10 05:34:51.304[0m | [34m[1mDEBUG   [0m | [36msrc.analysis.sentiment[0m:[36manalyse_sentiment[0m:[36m1571[0m - [34m[1mABG sentiment scaled -0.15 \u2192 -0.05 (count=1, sources=1, scale=0.36)[0m
[32m2026-09-10 05:34:53.732[0m | [1mINFO    [0m | [36msrc.analysis.sentiment[0m:[36manalyse_sentiment[0m:[36m1515[0m - [1mADP raw_sentiment=-0.10 (local, 1 articles)[0m
[32m2026-09-10 05:34:53.732[0m | [34m[1mDEBUG   [0m | [36msrc.analysis.sentiment[0m:[36manalyse_sentiment[0m:[36m1571[0m - [34m[1mADP sentiment scaled -0.10 \u2192 -0.04 (count=1, sources=1, scale=0.38)[0m
[32m2026-09-10 05:34:55.467[0m | [1mINFO    [0m | [36msrc.analysis.sentiment[0m:[36manalyse_sentiment[0m:[36m1515[0m - [1mADP raw_sentiment=-0.05 (local, 1 articles)[0m
[32m2026-09-10 05:34:55.467[0m | [34m[1mDEBUG   [0m | [36msrc.analysis.sentiment[0m:[36manalyse_sentiment[0m:[36m1571[0m - [34m[1mADP sentiment scaled -0.05 \u2192 -0.02 (count=1, sources=1, scale=0.36)[0m
[32m2026-09-10 05:34:57.526[0m | [1mINFO    [0m | [36msrc.analysis.sentiment[0m:[36manalyse_sentiment[0m:[36m1515[0m - [1mADP raw_sentiment=+0.25 (local, 2 articles)[0m
[32m2026-09-10 05:34:57.526[0m | [34m[1mDEBUG   [0m | [36msrc.analysis.sentiment[0m:[36manalyse_sentiment[0m:[36m1571[0m - [34m[1mADP sentiment scaled +0.25 \u2192 +0.09 (count=2, sources=1, scale=0.36)[0m
[32m2026-09-10 05:34:59.069[0m | [1mINFO    [0m | [36msrc.analysis.sentiment[0m:[36manalyse_sentiment[0m:[36m1515[0m - [1mADP raw_sentiment=+0.00 (local, 1 articles)[0m
[32m2026-09-10 05:34:59.069[0m | [34m[1mDEBUG   [0m | [36msrc.analysis.sentiment[0m:[36manalyse_sentiment[0m:[36m1571[0m - [34m[1mADP sentiment scaled +0.00 \u2192 +0.00 (count=1, sources=1, scale=0.32)[0m
[32m2026-09-10 05:35:02.034[0m | [1mINFO    [0m | [36msrc.analysis.sentiment[0m:[36manalyse_sentiment[0m:[36m1515[0m - [1mAGX raw_sentiment=+0.35 (local, 2 articles)[0m
[32m2026-09-10 05:35:02.034[0m | [34m[1mDEBUG   [0m | [36msrc.analysis.sentiment[0m:[36manalyse_sentiment[0m:[36m1571[0m - [34m[1mAGX sentiment scaled +0.35 \u2192 +0.14 (count=2, sources=1, scale=0.39)[0m
[32m2026-09-10 05:35:03.976[0m | [1mINFO    [0m | [36msrc.analysis.sentiment[0m:[36manalyse_sentiment[0m:[36m1515[0m - [1mAGX raw_sentiment=+0.15 (local, 1 articles)[0m
[32m2026-09-10 05:35:03.977[0m | [34m[1mDEBUG   [0m | [36msrc.analysis.sentiment[0m:[36manalyse_sentiment[0m:[36m1571[0m - [34m[1mAGX sentiment scaled +0.15 \u2192 +0.05 (count=1, sources=1, scale=0.32)[0m
[32m2026-09-10 05:35:06.350[0m | [1mINFO    [0m | [36msrc.analysis.sentiment[0m:[36manalyse_sentiment[0m:[36m1515[0m - [1mAGX raw_sentiment=-0.15 (local, 1 articles)[0m
[32m2026-09-10 05:35:06.350[0m | [34m[1mDEBUG   [0m | [36msrc.analysis.sentiment[0m:[36manalyse_sentiment[0m:[36m1571[0m - [34m[1mAGX sentiment scaled -0.15 \u2192 -0.05 (count=1, sources=1, scale=0.32)[0m
[32m2026-09-10 05:35:08.499[0m | [1mINFO    [0m | [36msrc.analysis.sentiment[0m:[36manalyse_sentiment[0m:[36m1515[0m - [1mAGX raw_sentiment=+0.05 (local, 1 articles)[0m
[32m2026-09-10 05:35:08.499[0m | [34m[1mDEBUG   [0m | [36msrc.analysis.sentiment[0m:[36manalyse_sentiment[0m:[36m1571[0m - [34m[1mAGX sentiment scaled +0.05 \u2192 +0.02 (count=1, sources=1, scale=0.32)[0m
  2026-07-29: 3 tickers in 28s
[32m2026-09-10 05:35:08.509[0m | [34m[1mDEBUG   [0m | [36msrc.analysis.news_replay[0m:[36mbuild_tick_pool[0m:[36m296[0m - [34m[1m[news-replay] news_2026-07-30_05.json: dropped 1 article(s) published within 30 min after 05:00:29 (fetched during the run itself)[0m
[32m2026-09-10 05:35:12.116[0m | [1mINFO    [0m | [36msrc.analysis.sentiment[0m:[36manalyse_sentiment[0m:[36m1515[0m - [1mABBV raw_sentiment=+0.15 (local, 1 articles)[0m
[32m2026-09-10 05:35:12.116[0m | [34m[1mDEBUG   [0m | [36msrc.analysis.sentiment[0m:[36manalyse_sentiment[0m:[36m1571[0m - [34m[1mABBV sentiment scaled +0.15 \u2192 +0.06 (count=1, sources=1, scale=0.43)[0m
[32m2026-09-10 05:35:13.973[0m | [1mINFO    [0m | [36msrc.analysis.sentiment[0m:[36manalyse_sentiment[0m:[36m1515[0m - [1mABBV raw_sentiment=+0.05 (local, 1 articles)[0m
[32m2026-09-10 05:35:13.973[0m | [34m[1mDEBUG   [0m | [36msrc.analysis.sentiment[0m:[36manalyse_sentiment[0m:[36m1571[0m - [34m[1mABBV sentiment scaled +0.05 \u2192 +0.02 (count=1, sources=1, scale=0.42)[0m
[32m2026-09-10 05:35:16.619[0m | [1mINFO    [0m | [36msrc.analysis.sentiment[0m:[36manalyse_sentiment[0m:[36m1515[0m - [1mABBV raw_sentiment=+0.05 (local, 4 articles)[0m
[32m2026-09-10 05:35:16.620[0m | [34m[1mDEBUG   [0m | [36msrc.analysis.sentiment[0m:[36manalyse_sentiment[0m:[36m1571[0m - [34m[1mABBV sentiment scaled +0.05 \u2192 +0.03 (count=4, sources=3, scale=0.59)[0m
[32m2026-09-10 05:35:18.608[0m | [1mINFO    [0m | [36msrc.analysis.sentiment[0m:[36manalyse_sentiment[0m:[36m1515[0m - [1mABBV raw_sentiment=-0.05 (local, 1 articles)[0m
[32m2026-09-10 05:35:18.608[0m | [34m[1mDEBUG   [0m | [36msrc.analysis.sentiment[0m:[36manalyse_sentiment[0m:[36m1571[0m - [34m[1mABBV sentiment scaled -0.05 \u2192 -0.02 (count=1, sources=1, scale=0.39)[0m
[32m2026-09-10 05:35:20.628[0m | [1mINFO    [0m | [36msrc.analysis.sentiment[0m:[36manalyse_sentiment[0m:[36m1515[0m - [1mABBV raw_sentiment=+0.45 (local, 1 articles)[0m
[32m2026-09-10 05:35:20.629[0m | [34m[1mDEBUG   [0m | [36msrc.analysis.sentiment[0m:[36manalyse_sentiment[0m:[36m1571[0m - [34m[1mABBV sentiment scaled +0.45 \u2192 +0.17 (count=1, sources=1, scale=0.38)[0m
[32m2026-09-10 05:35:22.729[0m | [1mINFO    [0m | [36msrc.analysis.sentiment[0m:[36manalyse_sentiment[0m:[36m1515[0m - [1mABBV raw_sentiment=-0.15 (local, 1 articles)[0m
[32m2026-09-10 05:35:22.729[0m | [34m[1mDEBUG   [0m | [36msrc.analysis.sentiment[0m:[36manalyse_sentiment[0m:[36m1571[0m - [34m[1mABBV sentiment scaled -0.15 \u2192 -0.05 (count=1, sources=1, scale=0.36)[0m
[32m2026-09-10 05:35:25.107[0m | [1mINFO    [0m | [36msrc.analysis.sentiment[0m:[36manalyse_sentiment[0m:[36m1515[0m - [1mABBV raw_sentiment=+0.25 (local, 1 articles)[0m
[32m2026-09-10 05:35:25.107[0m | [34m[1mDEBUG   [0m | [36msrc.analysis.sentiment[0m:[36manalyse_sentiment[0m:[36m1571[0m - [34m[1mABBV sentiment scaled +0.25 \u2192 +0.09 (count=1, sources=1, scale=0.36)[0m
[32m2026-09-10 05:35:27.142[0m | [1mINFO    [0m | [36msrc.analysis.sentiment[0m:[36manalyse_sentiment[0m:[36m1515[0m - [1mABBV raw_sentiment=-0.15 (local, 1 articles)[0m
[32m2026-09-10 05:35:27.143[0m | [34m[1mDEBUG   [0m | [36msrc.analysis.sentiment[0m:[36manalyse_sentiment[0m:[36m1571[0m - [34m[1mABBV sentiment scaled -0.15 \u2192 -0.05 (count=1, sources=1, scale=0.34)[0m
[32m2026-09-10 05:35:28.447[0m | [1mINFO    [0m | [36msrc.analysis.sentiment[0m:[36manalyse_sentiment[0m:[36m1515[0m - [1mABBV raw_sentiment=-0.15 (local, 1 articles)[0m
[32m2026-09-10 05:35:28.447[0m | [34m[1mDEBUG   [0m | [36msrc.analysis.sentiment[0m:[36manalyse_sentiment[0m:[36m1571[0m - [34m[1mABBV sentiment scaled -0.15 \u2192 -0.05 (count=1, sources=1, scale=0.34)[0m
[32m2026-09-10 05:35:30.758[0m | [1mINFO    [0m | [36msrc.analysis.sentiment[0m:[36manalyse_sentiment[0m:[36m1515[0m - [1mABBV raw_sentiment=-0.65 (local, 1 articles)[0m
[32m2026-09-10 05:35:30.758[0m | [34m[1mDEBUG   [0m | [36msrc.analysis.sentiment[0m:[36manalyse_sentiment[0m:[36m1571[0m - [34m[1mABBV sentiment scaled -0.65 \u2192 -0.21 (count=1, sources=1, scale=0.32)[0m
[32m2026-09-10 05:35:33.048[0m | [1mINFO    [0m | [36msrc.analysis.sentiment[0m:[36manalyse_sentiment[0m:[36m1515[0m - [1mABBV raw_sentiment=+0.15 (local, 1 articles)[0m
[32m2026-09-10 05:35:33.048[0m | [34m[1mDEBUG   [0m | [36msrc.analysis.sentiment[0m:[36manalyse_sentiment[0m:[36m1571[0m - [34m[1mABBV sentiment scaled +0.15 \u2192 +0.05 (count=1, sources=1, scale=0.32)[0m
[32m2026-09-10 05:35:35.832[0m | [1mINFO    [0m | [36msrc.analysis.sentiment[0m:[36manalyse_sentiment[0m:[36m1515[0m - [1mACN raw_sentiment=+0.15 (local, 1 articles)[0m
[32m2026-09-10 05:35:35.832[0m | [34m[1mDEBUG   [0m | [36msrc.analysis.sentiment[0m:[36manalyse_sentiment[0m:[36m1571[0m - [34m[1mACN sentiment scaled +0.15 \u2192 +0.06 (count=1, sources=1, scale=0.41)[0m
[32m2026-09-10 05:35:37.554[0m | [1mINFO    [0m | [36msrc.analysis.sentiment[0m:[36manalyse_sentiment[0m:[36m1515[0m - [1mACN raw_sentiment=-0.05 (local, 2 articles)[0m
[32m2026-09-10 05:35:37.554[0m | [34m[1mDEBUG   [0m | [36msrc.analysis.sentiment[0m:[36manalyse_sentiment[0m:[36m1571[0m - [34m[1mACN sentiment scaled -0.05 \u2192 -0.02 (count=2, sources=2, scale=0.43)[0m
[32m2026-09-10 05:35:39.611[0m | [1mINFO    [0m | [36msrc.analysis.sentiment[0m:[36manalyse_sentiment[0m:[36m1515[0m - [1mACN raw_sentiment=+0.15 (local, 1 articles)[0m
[32m2026-09-10 05:35:39.611[0m | [34m[1mDEBUG   [0m | [36msrc.analysis.sentiment[0m:[36manalyse_sentiment[0m:[36m1571[0m - [34m[1mACN sentiment scaled +0.15 \u2192 +0.05 (count=1, sources=1, scale=0.32)[0m
[32m2026-09-10 05:35:41.416[0m | [1mINFO    [0m | [36msrc.analysis.sentiment[0m:[36manalyse_sentiment[0m:[36m1515[0m - [1mACN raw_sentiment=+0.00 (local, 1 articles)[0m
[32m2026-09-10 05:35:41.416[0m | [34m[1mDEBUG   [0m | [36msrc.analysis.sentiment[0m:[36manalyse_sentiment[0m:[36m1571[0m - [34m[1mACN sentiment scaled +0.00 \u2192 +0.00 (count=1, sources=1, scale=0.32)[0m
[32m2026-09-10 05:35:43.314[0m | [1mINFO    [0m | [36msrc.analysis.sentiment[0m:[36manalyse_sentiment[0m:[36m1515[0m - [1mACN raw_sentiment=+0.35 (local, 1 articles)[0m
[32m2026-09-10 05:35:43.314[0m | [34m[1mDEBUG   [0m | [36msrc.analysis.sentiment[0m:[36manalyse_sentiment[0m:[36m1571[0m - [34m[1mACN sentiment scaled +0.35 \u2192 +0.11 (count=1, sources=1, scale=0.32)[0m
  2026-07-30: 2 tickers in 34s
[32m2026-09-10 05:35:47.210[0m | [1mINFO    [0m | [36msrc.analysis.sentiment[0m:[36manalyse_sentiment[0m:[36m1515[0m - [1mABBV raw_sentiment=-0.10 (local, 1 articles)[0m
[32m2026-09-10 05:35:47.210[0m | [34m[1mDEBUG   [0m | [36msrc.analysis.sentiment[0m:[36manalyse_sentiment[0m:[36m1571[0m - [34m[1mABBV sentiment scaled -0.10 \u2192 -0.04 (count=1, sources=1, scale=0.43)[0m
[32m2026-09-10 05:35:50.065[0m | [1mINFO    [0m | [36msrc.analysis.sentiment[0m:[36manalyse_sentiment[0m:[36m1515[0m - [1mABBV raw_sentiment=+0.15 (local, 1 articles)[0m
[32m2026-09-10 05:35:50.065[0m | [34m[1mDEBUG   [0m | [36msrc.analysis.sentiment[0m:[36manalyse_sentiment[0m:[36m1571[0m - [34m[1mABBV sentiment scaled +0.15 \u2192 +0.06 (count=1, sources=1, scale=0.41)[0m
[32m2026-09-10 05:35:52.118[0m | [1mINFO    [0m | [36msrc.analysis.sentiment[0m:[36manalyse_sentiment[0m:[36m1515[0m - [1mABBV raw_sentiment=+0.45 (local, 2 articles)[0m
[32m2026-09-10 05:35:52.118[0m | [34m[1mDEBUG   [0m | [36msrc.analysis.sentiment[0m:[36manalyse_sentiment[0m:[36m1571[0m - [34m[1mABBV sentiment scaled +0.45 \u2192 +0.23 (count=2, sources=2, scale=0.51)[0m
[32m2026-09-10 05:35:54.595[0m | [1mINFO    [0m | [36msrc.analysis.sentiment[0m:[36manalyse_sentiment[0m:[36m1515[0m - [1mABBV raw_sentiment=+0.15 (local, 1 articles)[0m
[32m2026-09-10 05:35:54.595[0m | [34m[1mDEBUG   [0m | [36msrc.analysis.sentiment[0m:[36manalyse_sentiment[0m:[36m1571[0m - [34m[1mABBV sentiment scaled +0.15 \u2192 +0.06 (count=1, sources=1, scale=0.37)[0m
[32m2026-09-10 05:35:56.539[0m | [1mINFO    [0m | [36msrc.analysis.sentiment[0m:[36manalyse_sentiment[0m:[36m1515[0m - [1mABBV raw_sentiment=-0.05 (local, 1 articles)[0m
[32m2026-09-10 05:35:56.539[0m | [34m[1mDEBUG   [0m | [36msrc.analysis.sentiment[0m:[36manalyse_sentiment[0m:[36m1571[0m - [34m[1mABBV sentiment scaled -0.05 \u2192 -0.02 (count=1, sources=1, scale=0.36)[0m
[32m2026-09-10 05:35:58.092[0m | [1mINFO    [0m | [36msrc.analysis.sentiment[0m:[36manalyse_sentiment[0m:[36m1515[0m - [1mABBV raw_sentiment=+0.05 (local, 1 articles)[0m
[32m2026-09-10 05:35:58.092[0m | [34m[1mDEBUG   [0m | [36msrc.analysis.sentiment[0m:[36manalyse_sentiment[0m:[36m1571[0m - [34m[1mABBV sentiment scaled +0.05 \u2192 +0.02 (count=1, sources=1, scale=0.36)[0m
[32m2026-09-10 05:36:00.302[0m | [1mINFO    [0m | [36msrc.analysis.sentiment[0m:[36manalyse_sentiment[0m:[36m1515[0m - [1mABBV raw_sentiment=+0.05 (local, 1 articles)[0m
[32m2026-09-10 05:36:00.302[0m | [34m[1mDEBUG   [0m | [36msrc.analysis.sentiment[0m:[36manalyse_sentiment[0m:[36m1571[0m - [34m[1mABBV sentiment scaled +0.05 \u2192 +0.02 (count=1, sources=1, scale=0.35)[0m
[32m2026-09-10 05:36:02.298[0m | [1mINFO    [0m | [36msrc.analysis.sentiment[0m:[36manalyse_sentiment[0m:[36m1515[0m - [1mABBV raw_sentiment=+0.65 (local, 1 articles)[0m
[32m2026-09-10 05:36:02.298[0m | [34m[1mDEBUG   [0m | [36msrc.analysis.sentiment[0m:[36manalyse_sentiment[0m:[36m1571[0m - [34m[1mABBV sentiment scaled +0.65 \u2192 +0.22 (count=1, sources=1, scale=0.34)[0m
[32m2026-09-10 05:36:04.133[0m | [1mINFO    [0m | [36msrc.analysis.sentiment[0m:[36manalyse_sentiment[0m:[36m1515[0m - [1mABBV raw_sentiment=+0.65 (local, 1 articles)[0m
[32m2026-09-10 05:36:04.133[0m | [34m[1mDEBUG   [0m | [36msrc.analysis.sentiment[0m:[36manalyse_sentiment[0m:[36m1571[0m - [34m[1mABBV sentiment scaled +0.65 \u2192 +0.22 (count=1, sources=1, scale=0.33)[0m
[32m2026-09-10 05:36:06.823[0m | [1mINFO    [0m | [36msrc.analysis.sentiment[0m:[36manalyse_sentiment[0m:[36m1515[0m - [1mABBV raw_sentiment=+0.15 (local, 3 articles)[0m
[32m2026-09-10 05:36:06.823[0m | [34m[1mDEBUG   [0m | [36msrc.analysis.sentiment[0m:[36manalyse_sentiment[0m:[36m1571[0m - [34m[1mABBV sentiment scaled +0.15 \u2192 +0.07 (count=3, sources=3, scale=0.44)[0m
[32m2026-09-10 05:36:08.854[0m | [1mINFO    [0m | [36msrc.analysis.sentiment[0m:[36manalyse_sentiment[0m:[36m1515[0m - [1mABBV raw_sentiment=-0.15 (local, 1 articles)[0m
[32m2026-09-10 05:36:08.854[0m | [34m[1mDEBUG   [0m | [36msrc.analysis.sentiment[0m:[36manalyse_sentiment[0m:[36m1571[0m - [34m[1mABBV sentiment scaled -0.15 \u2192 -0.05 (count=1, sources=1, scale=0.32)[0m
[32m2026-09-10 05:36:10.704[0m | [1mINFO    [0m | [36msrc.analysis.sentiment[0m:[36manalyse_sentiment[0m:[36m1515[0m - [1mABBV raw_sentiment=-0.15 (local, 1 articles)[0m
[32m2026-09-10 05:36:10.704[0m | [34m[1mDEBUG   [0m | [36msrc.analysis.sentiment[0m:[36manalyse_sentiment[0m:[36m1571[0m - [34m[1mABBV sentiment scaled -0.15 \u2192 -0.05 (count=1, sources=1, scale=0.32)[0m
[32m2026-09-10 05:36:13.041[0m | [1mINFO    [0m | [36msrc.analysis.sentiment[0m:[36manalyse_sentiment[0m:[36m1515[0m - [1mAER raw_sentiment=+0.65 (local, 3 articles)[0m
[32m2026-09-10 05:36:13.041[0m | [34m[1mDEBUG   [0m | [36msrc.analysis.sentiment[0m:[36manalyse_sentiment[0m:[36m1571[0m - [34m[1mAER sentiment scaled +0.65 \u2192 +0.38 (count=3, sources=3, scale=0.58)[0m
[32m2026-09-10 05:36:15.350[0m | [1mINFO    [0m | [36msrc.analysis.sentiment[0m:[36manalyse_sentiment[0m:[36m1515[0m - [1mAER raw_sentiment=+0.65 (local, 2 articles)[0m
[32m2026-09-10 05:36:15.350[0m | [34m[1mDEBUG   [0m | [36msrc.analysis.sentiment[0m:[36manalyse_sentiment[0m:[36m1571[0m - [34m[1mAER sentiment scaled +0.65 \u2192 +0.25 (count=2, sources=1, scale=0.39)[0m
[32m2026-09-10 05:36:17.268[0m | [1mINFO    [0m | [36msrc.analysis.sentiment[0m:[36manalyse_sentiment[0m:[36m1515[0m - [1mAER raw_sentiment=-0.05 (local, 1 articles)[0m
[32m2026-09-10 05:36:17.268[0m | [34m[1mDEBUG   [0m | [36msrc.analysis.sentiment[0m:[36manalyse_sentiment[0m:[36m1571[0m - [34m[1mAER sentiment scaled -0.05 \u2192 -0.02 (count=1, sources=1, scale=0.32)[0m
[32m2026-09-10 05:36:19.875[0m | [1mINFO    [0m | [36msrc.analysis.sentiment[0m:[36manalyse_sentiment[0m:[36m1515[0m - [1mAPLD raw_sentiment=+0.15 (local, 7 articles)[0m
[32m2026-09-10 05:36:19.875[0m | [34m[1mDEBUG   [0m | [36msrc.analysis.sentiment[0m:[36manalyse_sentiment[0m:[36m1571[0m - [34m[1mAPLD sentiment scaled +0.15 \u2192 +0.11 (count=7, sources=6, scale=0.75)[0m
[32m2026-09-10 05:36:21.576[0m | [1mINFO    [0m | [36msrc.analysis.sentiment[0m:[36manalyse_sentiment[0m:[36m1515[0m - [1mAPLD raw_sentiment=-0.15 (local, 1 articles)[0m
[32m2026-09-10 05:36:21.576[0m | [34m[1mDEBUG   [0m | [36msrc.analysis.sentiment[0m:[36manalyse_sentiment[0m:[36m1571[0m - [34m[1mAPLD sentiment scaled -0.15 \u2192 -0.05 (count=1, sources=1, scale=0.36)[0m
[32m2026-09-10 05:36:23.668[0m | [1mINFO    [0m | [36msrc.analysis.sentiment[0m:[36manalyse_sentiment[0m:[36m1515[0m - [1mAPLD raw_sentiment=-0.15 (local, 1 articles)[0m
[32m2026-09-10 05:36:23.669[0m | [34m[1mDEBUG   [0m | [36msrc.analysis.sentiment[0m:[36manalyse_sentiment[0m:[36m1571[0m - [34m[1mAPLD sentiment scaled -0.15 \u2192 -0.05 (count=1, sources=1, scale=0.33)[0m
[32m2026-09-10 05:36:25.577[0m | [1mINFO    [0m | [36msrc.analysis.sentiment[0m:[36manalyse_sentiment[0m:[36m1515[0m - [1mAPLD raw_sentiment=+0.65 (local, 2 articles)[0m
[32m2026-09-10 05:36:25.577[0m | [34m[1mDEBUG   [0m | [36msrc.analysis.sentiment[0m:[36manalyse_sentiment[0m:[36m1571[0m - [34m[1mAPLD sentiment scaled +0.65 \u2192 +0.26 (count=2, sources=2, scale=0.41)[0m
[32m2026-09-10 05:36:27.179[0m | [1mINFO    [0m | [36msrc.analysis.sentiment[0m:[36manalyse_sentiment[0m:[36m1515[0m - [1mAPLD raw_sentiment=+0.00 (local, 1 articles)[0m
[32m2026-09-10 05:36:27.179[0m | [34m[1mDEBUG   [0m | [36msrc.analysis.sentiment[0m:[36manalyse_sentiment[0m:[36m1571[0m - [34m[1mAPLD sentiment scaled +0.00 \u2192 +0.00 (count=1, sources=1, scale=0.33)[0m
  2026-07-31: 3 tickers in 42s
[32m2026-09-10 05:36:31.078[0m | [1mINFO    [0m | [36msrc.analysis.sentiment[0m:[36manalyse_sentiment[0m:[36m1515[0m - [1mAAPL raw_sentiment=-0.05 (local, 1 articles)[0m
[32m2026-09-10 05:36:31.079[0m | [34m[1mDEBUG   [0m | [36msrc.analysis.sentiment[0m:[36manalyse_sentiment[0m:[36m1571[0m - [34m[1mAAPL sentiment scaled -0.05 \u2192 -0.02 (count=1, sources=1, scale=0.45)[0m
[32m2026-09-10 05:36:32.737[0m | [1mINFO    [0m | [36msrc.analysis.sentiment[0m:[36manalyse_sentiment[0m:[36m1515[0m - [1mAAPL raw_sentiment=-0.05 (local, 1 articles)[0m
[32m2026-09-10 05:36:32.737[0m | [34m[1mDEBUG   [0m | [36msrc.analysis.sentiment[0m:[36manalyse_sentiment[0m:[36m1571[0m - [34m[1mAAPL sentiment scaled -0.05 \u2192 -0.02 (count=1, sources=1, scale=0.45)[0m
[32m2026-09-10 05:36:34.638[0m | [1mINFO    [0m | [36msrc.analysis.sentiment[0m:[36manalyse_sentiment[0m:[36m1515[0m - [1mAAPL raw_sentiment=+0.05 (local, 1 articles)[0m
[32m2026-09-10 05:36:34.638[0m | [34m[1mDEBUG   [0m | [36msrc.analysis.sentiment[0m:[36manalyse_sentiment[0m:[36m1571[0m - [34m[1mAAPL sentiment scaled +0.05 \u2192 +0.02 (count=1, sources=1, scale=0.44)[0m
[32m2026-09-10 05:36:36.927[0m | [1mINFO    [0m | [36msrc.analysis.sentiment[0m:[36manalyse_sentiment[0m:[36m1515[0m - [1mAAPL raw_sentiment=+0.25 (local, 1 articles)[0m
[32m2026-09-10 05:36:36.927[0m | [34m[1mDEBUG   [0m | [36msrc.analysis.sentiment[0m:[36manalyse_sentiment[0m:[36m1571[0m - [34m[1mAAPL sentiment scaled +0.25 \u2192 +0.11 (count=1, sources=1, scale=0.43)[0m
[32m2026-09-10 05:36:38.753[0m | [1mINFO    [0m | [36msrc.analysis.sentiment[0m:[36manalyse_sentiment[0m:[36m1515[0m - [1mAAPL raw_sentiment=-0.05 (local, 1 articles)[0m
[32m2026-09-10 05:36:38.753[0m | [34m[1mDEBUG   [0m | [36msrc.analysis.sentiment[0m:[36manalyse_sentiment[0m:[36m1571[0m - [34m[1mAAPL sentiment scaled -0.05 \u2192 -0.02 (count=1, sources=1, scale=0.42)[0m
[32m2026-09-10 05:36:40.335[0m | [1mINFO    [0m | [36msrc.analysis.sentiment[0m:[36manalyse_sentiment[0m:[36m1515[0m - [1mAAPL raw_sentiment=+0.15 (local, 1 articles)[0m
[32m2026-09-10 05:36:40.335[0m | [34m[1mDEBUG   [0m | [36msrc.analysis.sentiment[0m:[36manalyse_sentiment[0m:[36m1571[0m - [34m[1mAAPL sentiment scaled +0.15 \u2192 +0.06 (count=1, sources=1, scale=0.42)[0m
[32m2026-09-10 05:36:42.471[0m | [1mINFO    [0m | [36msrc.analysis.sentiment[0m:[36manalyse_sentiment[0m:[36m1515[0m - [1mAAPL raw_sentiment=-0.25 (local, 2 articles)[0m
[32m2026-09-10 05:36:42.471[0m | [34m[1mDEBUG   [0m | [36msrc.analysis.sentiment[0m:[36manalyse_sentiment[0m:[36m1571[0m - [34m[1mAAPL sentiment scaled -0.25 \u2192 -0.15 (count=2, sources=2, scale=0.58)[0m
[32m2026-09-10 05:36:44.060[0m | [1mINFO    [0m | [36msrc.analysis.sentiment[0m:[36manalyse_sentiment[0m:[36m1515[0m - [1mAAPL raw_sentiment=+0.25 (local, 1 articles)[0m
[32m2026-09-10 05:36:44.060[0m | [34m[1mDEBUG   [0m | [36msrc.analysis.sentiment[0m:[36manalyse_sentiment[0m:[36m1571[0m - [34m[1mAAPL sentiment scaled +0.25 \u2192 +0.10 (count=1, sources=1, scale=0.38)[0m
[32m2026-09-10 05:36:45.364[0m | [1mINFO    [0m | [36msrc.analysis.sentiment[0m:[36manalyse_sentiment[0m:[36m1515[0m - [1mAAPL raw_sentiment=+0.00 (local, 1 articles)[0m
[32m2026-09-10 05:36:45.365[0m | [34m[1mDEBUG   [0m | [36msrc.analysis.sentiment[0m:[36manalyse_sentiment[0m:[36m1571[0m - [34m[1mAAPL sentiment scaled +0.00 \u2192 +0.00 (count=1, sources=1, scale=0.38)[0m
[32m2026-09-10 05:36:47.336[0m | [1mINFO    [0m | [36msrc.analysis.sentiment[0m:[36manalyse_sentiment[0m:[36m1515[0m - [1mAAPL raw_sentiment=-0.15 (local, 1 articles)[0m
[32m2026-09-10 05:36:47.336[0m | [34m[1mDEBUG   [0m | [36msrc.analysis.sentiment[0m:[36manalyse_sentiment[0m:[36m1571[0m - [34m[1mAAPL sentiment scaled -0.15 \u2192 -0.06 (count=1, sources=1, scale=0.37)[0m
[32m2026-09-10 05:36:49.438[0m | [1mINFO    [0m | [36msrc.analysis.sentiment[0m:[36manalyse_sentiment[0m:[36m1515[0m - [1mAAPL raw_sentiment=-0.05 (local, 1 articles)[0m
[32m2026-09-10 05:36:49.438[0m | [34m[1mDEBUG   [0m | [36msrc.analysis.sentiment[0m:[36manalyse_sentiment[0m:[36m1571[0m - [34m[1mAAPL sentiment scaled -0.05 \u2192 -0.02 (count=1, sources=1, scale=0.37)[0m
[32m2026-09-10 05:36:51.357[0m | [1mINFO    [0m | [36msrc.analysis.sentiment[0m:[36manalyse_sentiment[0m:[36m1515[0m - [1mAAPL raw_sentiment=-0.35 (local, 1 articles)[0m
[32m2026-09-10 05:36:51.357[0m | [34m[1mDEBUG   [0m | [36msrc.analysis.sentiment[0m:[36manalyse_sentiment[0m:[36m1571[0m - [34m[1mAAPL sentiment scaled -0.35 \u2192 -0.13 (count=1, sources=1, scale=0.37)[0m
[32m2026-09-10 05:36:53.071[0m | [1mINFO    [0m | [36msrc.analysis.sentiment[0m:[36manalyse_sentiment[0m:[36m1515[0m - [1mAAPL raw_sentiment=-0.25 (local, 1 articles)[0m
[32m2026-09-10 05:36:53.072[0m | [34m[1mDEBUG   [0m | [36msrc.analysis.sentiment[0m:[36manalyse_sentiment[0m:[36m1571[0m - [34m[1mAAPL sentiment scaled -0.25 \u2192 -0.09 (count=1, sources=1, scale=0.36)[0m
[32m2026-09-10 05:36:55.346[0m | [1mINFO    [0m | [36msrc.analysis.sentiment[0m:[36manalyse_sentiment[0m:[36m1515[0m - [1mAAPL raw_sentiment=+0.00 (local, 1 articles)[0m
[32m2026-09-10 05:36:55.346[0m | [34m[1mDEBUG   [0m | [36msrc.analysis.sentiment[0m:[36manalyse_sentiment[0m:[36m1571[0m - [34m[1mAAPL sentiment scaled +0.00 \u2192 +0.00 (count=1, sources=1, scale=0.36)[0m
[32m2026-09-10 05:36:56.764[0m | [1mINFO    [0m | [36msrc.analysis.sentiment[0m:[36manalyse_sentiment[0m:[36m1515[0m - [1mAAPL raw_sentiment=-0.65 (local, 1 articles)[0m
[32m2026-09-10 05:36:56.765[0m | [34m[1mDEBUG   [0m | [36msrc.analysis.sentiment[0m:[36manalyse_sentiment[0m:[36m1571[0m - [34m[1mAAPL sentiment scaled -0.65 \u2192 -0.23 (count=1, sources=1, scale=0.35)[0m
[32m2026-09-10 05:36:58.685[0m | [1mINFO    [0m | [36msrc.analysis.sentiment[0m:[36manalyse_sentiment[0m:[36m1515[0m - [1mAAPL raw_sentiment=+0.00 (local, 1 articles)[0m
[32m2026-09-10 05:36:58.685[0m | [34m[1mDEBUG   [0m | [36msrc.analysis.sentiment[0m:[36manalyse_sentiment[0m:[36m1571[0m - [34m[1mAAPL sentiment scaled +0.00 \u2192 +0.00 (count=1, sources=1, scale=0.34)[0m
[32m2026-09-10 05:37:00.284[0m | [1mINFO    [0m | [36msrc.analysis.sentiment[0m:[36manalyse_sentiment[0m:[36m1515[0m - [1mAAPL raw_sentiment=-0.65 (local, 1 articles)[0m
[32m2026-09-10 05:37:00.284[0m | [34m[1mDEBUG   [0m | [36msrc.analysis.sentiment[0m:[36manalyse_sentiment[0m:[36m1571[0m - [34m[1mAAPL sentiment scaled -0.65 \u2192 -0.22 (count=1, sources=1, scale=0.34)[0m
[32m2026-09-10 05:37:02.526[0m | [1mINFO    [0m | [36msrc.analysis.sentiment[0m:[36manalyse_sentiment[0m:[36m1515[0m - [1mAAPL raw_sentiment=-0.65 (local, 1 articles)[0m
[32m2026-09-10 05:37:02.526[0m | [34m[1mDEBUG   [0m | [36msrc.analysis.sentiment[0m:[36manalyse_sentiment[0m:[36m1571[0m - [34m[1mAAPL sentiment scaled -0.65 \u2192 -0.22 (count=1, sources=1, scale=0.34)[0m
[32m2026-09-10 05:37:04.271[0m | [1mINFO    [0m | [36msrc.analysis.sentiment[0m:[36manalyse_sentiment[0m:[36m1515[0m - [1mAAPL raw_sentiment=-0.15 (local, 1 articles)[0m
[32m2026-09-10 05:37:04.271[0m | [34m[1mDEBUG   [0m | [36msrc.analysis.sentiment[0m:[36manalyse_sentiment[0m:[36m1571[0m - [34m[1mAAPL sentiment scaled -0.15 \u2192 -0.05 (count=1, sources=1, scale=0.34)[0m
[32m2026-09-10 05:37:06.458[0m | [1mINFO    [0m | [36msrc.analysis.sentiment[0m:[36manalyse_sentiment[0m:[36m1515[0m - [1mALG raw_sentiment=-0.10 (local, 1 articles)[0m
[32m2026-09-10 05:37:06.458[0m | [34m[1mDEBUG   [0m | [36msrc.analysis.sentiment[0m:[36manalyse_sentiment[0m:[36m1571[0m - [34m[1mALG sentiment scaled -0.10 \u2192 -0.04 (count=1, sources=1, scale=0.39)[0m
[32m2026-09-10 05:37:08.629[0m | [1mINFO    [0m | [36msrc.analysis.sentiment[0m:[36manalyse_sentiment[0m:[36m1515[0m - [1mALG raw_sentiment=+0.25 (local, 1 articles)[0m
[32m2026-09-10 05:37:08.630[0m | [34m[1mDEBUG   [0m | [36msrc.analysis.sentiment[0m:[36manalyse_sentiment[0m:[36m1571[0m - [34m[1mALG sentiment scaled +0.25 \u2192 +0.09 (count=1, sources=1, scale=0.35)[0m
[32m2026-09-10 05:37:10.230[0m | [1mINFO    [0m | [36msrc.analysis.sentiment[0m:[36manalyse_sentiment[0m:[36m1515[0m - [1mALG raw_sentiment=+0.00 (local, 1 articles)[0m
[32m2026-09-10 05:37:10.230[0m | [34m[1mDEBUG   [0m | [36msrc.analysis.sentiment[0m:[36manalyse_sentiment[0m:[36m1571[0m - [34m[1mALG sentiment scaled +0.00 \u2192 +0.00 (count=1, sources=1, scale=0.34)[0m
[32m2026-09-10 05:37:11.915[0m | [1mINFO    [0m | [36msrc.analysis.sentiment[0m:[36manalyse_sentiment[0m:[36m1515[0m - [1mALG raw_sentiment=+0.00 (local, 1 articles)[0m
[32m2026-09-10 05:37:11.915[0m | [34m[1mDEBUG   [0m | [36msrc.analysis.sentiment[0m:[36manalyse_sentiment[0m:[36m1571[0m - [34m[1mALG sentiment scaled +0.00 \u2192 +0.00 (count=1, sources=1, scale=0.32)[0m
  2026-08-02: 2 tickers in 44s
[32m2026-09-10 05:37:15.232[0m | [1mINFO    [0m | [36msrc.analysis.sentiment[0m:[36manalyse_sentiment[0m:[36m1515[0m - [1mABBV raw_sentiment=-0.25 (local, 1 articles)[0m
[32m2026-09-10 05:37:15.232[0m | [34m[1mDEBUG   [0m | [36msrc.analysis.sentiment[0m:[36manalyse_sentiment[0m:[36m1571[0m - [34m[1mABBV sentiment scaled -0.25 \u2192 -0.10 (count=1, sources=1, scale=0.41)[0m
[32m2026-09-10 05:37:16.921[0m | [1mINFO    [0m | [36msrc.analysis.sentiment[0m:[36manalyse_sentiment[0m:[36m1515[0m - [1mABBV raw_sentiment=+0.00 (local, 1 articles)[0m
[32m2026-09-10 05:37:16.922[0m | [34m[1mDEBUG   [0m | [36msrc.analysis.sentiment[0m:[36manalyse_sentiment[0m:[36m1571[0m - [34m[1mABBV sentiment scaled +0.00 \u2192 +0.00 (count=1, sources=1, scale=0.39)[0m
[32m2026-09-10 05:37:18.682[0m | [1mINFO    [0m | [36msrc.analysis.sentiment[0m:[36manalyse_sentiment[0m:[36m1515[0m - [1mABBV raw_sentiment=+0.15 (local, 1 articles)[0m
[32m2026-09-10 05:37:18.682[0m | [34m[1mDEBUG   [0m | [36msrc.analysis.sentiment[0m:[36manalyse_sentiment[0m:[36m1571[0m - [34m[1mABBV sentiment scaled +0.15 \u2192 +0.06 (count=1, sources=1, scale=0.39)[0m
[32m2026-09-10 05:37:21.106[0m | [1mINFO    [0m | [36msrc.analysis.sentiment[0m:[36manalyse_sentiment[0m:[36m1515[0m - [1mABBV raw_sentiment=-0.65 (local, 12 articles)[0m
[32m2026-09-10 05:37:21.106[0m | [34m[1mDEBUG   [0m | [36msrc.analysis.sentiment[0m:[36manalyse_sentiment[0m:[36m1571[0m - [34m[1mABBV sentiment scaled -0.65 \u2192 -0.41 (count=12, sources=9, scale=0.63)[0m
[32m2026-09-10 05:37:23.047[0m | [1mINFO    [0m | [36msrc.analysis.sentiment[0m:[36manalyse_sentiment[0m:[36m1515[0m - [1mABBV raw_sentiment=+0.00 (local, 1 articles)[0m
[32m2026-09-10 05:37:23.047[0m | [34m[1mDEBUG   [0m | [36msrc.analysis.sentiment[0m:[36manalyse_sentiment[0m:[36m1571[0m - [34m[1mABBV sentiment scaled +0.00 \u2192 +0.00 (count=1, sources=1, scale=0.32)[0m
[32m2026-09-10 05:37:24.835[0m | [1mINFO    [0m | [36msrc.analysis.sentiment[0m:[36manalyse_sentiment[0m:[36m1515[0m - [1mABBV raw_sentiment=+0.15 (local, 1 articles)[0m
[32m2026-09-10 05:37:24.836[0m | [34m[1mDEBUG   [0m | [36msrc.analysis.sentiment[0m:[36manalyse_sentiment[0m:[36m1571[0m - [34m[1mABBV sentiment scaled +0.15 \u2192 +0.05 (count=1, sources=1, scale=0.32)[0m
[32m2026-09-10 05:37:26.502[0m | [1mINFO    [0m | [36msrc.analysis.sentiment[0m:[36manalyse_sentiment[0m:[36m1515[0m - [1mABBV raw_sentiment=+0.00 (local, 1 articles)[0m
[32m2026-09-10 05:37:26.502[0m | [34m[1mDEBUG   [0m | [36msrc.analysis.sentiment[0m:[36manalyse_sentiment[0m:[36m1571[0m - [34m[1mABBV sentiment scaled +0.00 \u2192 +0.00 (count=1, sources=1, scale=0.32)[0m
[32m2026-09-10 05:37:28.411[0m | [1mINFO    [0m | [36msrc.analysis.sentiment[0m:[36manalyse_sentiment[0m:[36m1515[0m - [1mABBV raw_sentiment=+0.25 (local, 2 articles)[0m
[32m2026-09-10 05:37:28.411[0m | [34m[1mDEBUG   [0m | [36msrc.analysis.sentiment[0m:[36manalyse_sentiment[0m:[36m1571[0m - [34m[1mABBV sentiment scaled +0.25 \u2192 +0.08 (count=2, sources=1, scale=0.33)[0m
[32m2026-09-10 05:37:32.405[0m | [1mINFO    [0m | [36msrc.analysis.sentiment[0m:[36manalyse_sentiment[0m:[36m1515[0m - [1mADMA raw_sentiment=-0.35 (local, 9 articles)[0m
[32m2026-09-10 05:37:32.405[0m | [34m[1mDEBUG   [0m | [36msrc.analysis.sentiment[0m:[36manalyse_sentiment[0m:[36m1571[0m - [34m[1mADMA sentiment scaled -0.35 \u2192 -0.18 (count=9, sources=1, scale=0.51)[0m
[32m2026-09-10 05:37:35.622[0m | [1mINFO    [0m | [36msrc.analysis.sentiment[0m:[36manalyse_sentiment[0m:[36m1515[0m - [1mADMA raw_sentiment=-0.35 (local, 9 articles)[0m
[32m2026-09-10 05:37:35.622[0m | [34m[1mDEBUG   [0m | [36msrc.analysis.sentiment[0m:[36manalyse_sentiment[0m:[36m1571[0m - [34m[1mADMA sentiment scaled -0.35 \u2192 -0.18 (count=9, sources=1, scale=0.51)[0m
  2026-08-04: 2 tickers in 22s
[32m2026-09-10 05:37:40.331[0m | [1mINFO    [0m | [36msrc.analysis.sentiment[0m:[36manalyse_sentiment[0m:[36m1515[0m - [1mADM raw_sentiment=+0.75 (local, 14 articles)[0m
[32m2026-09-10 05:37:42.355[0m | [1mINFO    [0m | [36msrc.analysis.sentiment[0m:[36manalyse_sentiment[0m:[36m1515[0m - [1mADM raw_sentiment=+0.75 (local, 1 articles)[0m
[32m2026-09-10 05:37:42.355[0m | [34m[1mDEBUG   [0m | [36msrc.analysis.sentiment[0m:[36manalyse_sentiment[0m:[36m1571[0m - [34m[1mADM sentiment scaled +0.75 \u2192 +0.31 (count=1, sources=1, scale=0.41)[0m
[32m2026-09-10 05:37:45.035[0m | [1mINFO    [0m | [36msrc.analysis.sentiment[0m:[36manalyse_sentiment[0m:[36m1515[0m - [1mADM raw_sentiment=+0.15 (local, 8 articles)[0m
[32m2026-09-10 05:37:45.035[0m | [34m[1mDEBUG   [0m | [36msrc.analysis.sentiment[0m:[36manalyse_sentiment[0m:[36m1571[0m - [34m[1mADM sentiment scaled +0.15 \u2192 +0.11 (count=8, sources=3, scale=0.75)[0m
[32m2026-09-10 05:37:46.890[0m | [1mINFO    [0m | [36msrc.analysis.sentiment[0m:[36manalyse_sentiment[0m:[36m1515[0m - [1mADM raw_sentiment=+0.65 (local, 1 articles)[0m
[32m2026-09-10 05:37:46.891[0m | [34m[1mDEBUG   [0m | [36msrc.analysis.sentiment[0m:[36manalyse_sentiment[0m:[36m1571[0m - [34m[1mADM sentiment scaled +0.65 \u2192 +0.25 (count=1, sources=1, scale=0.39)[0m
[32m2026-09-10 05:37:48.894[0m | [1mINFO    [0m | [36msrc.analysis.sentiment[0m:[36manalyse_sentiment[0m:[36m1515[0m - [1mADM raw_sentiment=+0.65 (local, 2 articles)[0m
[32m2026-09-10 05:37:48.894[0m | [34m[1mDEBUG   [0m | [36msrc.analysis.sentiment[0m:[36manalyse_sentiment[0m:[36m1571[0m - [34m[1mADM sentiment scaled +0.65 \u2192 +0.27 (count=2, sources=1, scale=0.41)[0m
[32m2026-09-10 05:37:50.680[0m | [1mINFO    [0m | [36msrc.analysis.sentiment[0m:[36manalyse_sentiment[0m:[36m1515[0m - [1mADM raw_sentiment=+0.00 (local, 1 articles)[0m
[32m2026-09-10 05:37:50.680[0m | [34m[1mDEBUG   [0m | [36msrc.analysis.sentiment[0m:[36manalyse_sentiment[0m:[36m1571[0m - [34m[1mADM sentiment scaled +0.00 \u2192 +0.00 (count=1, sources=1, scale=0.38)[0m
[32m2026-09-10 05:37:52.997[0m | [1mINFO    [0m | [36msrc.analysis.sentiment[0m:[36manalyse_sentiment[0m:[36m1515[0m - [1mADM raw_sentiment=-0.05 (local, 1 articles)[0m
[32m2026-09-10 05:37:52.997[0m | [34m[1mDEBUG   [0m | [36msrc.analysis.sentiment[0m:[36manalyse_sentiment[0m:[36m1571[0m - [34m[1mADM sentiment scaled -0.05 \u2192 -0.02 (count=1, sources=1, scale=0.33)[0m
[32m2026-09-10 05:37:56.599[0m | [1mINFO    [0m | [36msrc.analysis.sentiment[0m:[36manalyse_sentiment[0m:[36m1515[0m - [1mADMA raw_sentiment=-0.75 (local, 12 articles)[0m
[32m2026-09-10 05:37:56.599[0m | [34m[1mDEBUG   [0m | [36msrc.analysis.sentiment[0m:[36manalyse_sentiment[0m:[36m1571[0m - [34m[1mADMA sentiment scaled -0.75 \u2192 -0.51 (count=12, sources=2, scale=0.68)[0m
[32m2026-09-10 05:37:59.751[0m | [1mINFO    [0m | [36msrc.analysis.sentiment[0m:[36manalyse_sentiment[0m:[36m1515[0m - [1mADMA raw_sentiment=-0.65 (local, 10 articles)[0m
[32m2026-09-10 05:37:59.751[0m | [34m[1mDEBUG   [0m | [36msrc.analysis.sentiment[0m:[36manalyse_sentiment[0m:[36m1571[0m - [34m[1mADMA sentiment scaled -0.65 \u2192 -0.36 (count=10, sources=1, scale=0.56)[0m
[32m2026-09-10 05:38:01.787[0m | [1mINFO    [0m | [36msrc.analysis.sentiment[0m:[36manalyse_sentiment[0m:[36m1515[0m - [1mADMA raw_sentiment=-0.05 (local, 1 articles)[0m
[32m2026-09-10 05:38:01.787[0m | [34m[1mDEBUG   [0m | [36msrc.analysis.sentiment[0m:[36manalyse_sentiment[0m:[36m1571[0m - [34m[1mADMA sentiment scaled -0.05 \u2192 -0.02 (count=1, sources=1, scale=0.32)[0m
[32m2026-09-10 05:38:03.847[0m | [1mINFO    [0m | [36msrc.analysis.sentiment[0m:[36manalyse_sentiment[0m:[36m1515[0m - [1mADMA raw_sentiment=+0.15 (local, 1 articles)[0m
[32m2026-09-10 05:38:03.847[0m | [34m[1mDEBUG   [0m | [36msrc.analysis.sentiment[0m:[36manalyse_sentiment[0m:[36m1571[0m - [34m[1mADMA sentiment scaled +0.15 \u2192 +0.05 (count=1, sources=1, scale=0.32)[0m
[32m2026-09-10 05:38:06.432[0m | [1mINFO    [0m | [36msrc.analysis.sentiment[0m:[36manalyse_sentiment[0m:[36m1515[0m - [1mAEIS raw_sentiment=+0.25 (local, 2 articles)[0m
[32m2026-09-10 05:38:06.432[0m | [34m[1mDEBUG   [0m | [36msrc.analysis.sentiment[0m:[36manalyse_sentiment[0m:[36m1571[0m - [34m[1mAEIS sentiment scaled +0.25 \u2192 +0.11 (count=2, sources=2, scale=0.44)[0m
[32m2026-09-10 05:38:08.500[0m | [1mINFO    [0m | [36msrc.analysis.sentiment[0m:[36manalyse_sentiment[0m:[36m1515[0m - [1mAEIS raw_sentiment=+0.35 (local, 2 articles)[0m
[32m2026-09-10 05:38:08.500[0m | [34m[1mDEBUG   [0m | [36msrc.analysis.sentiment[0m:[36manalyse_sentiment[0m:[36m1571[0m - [34m[1mAEIS sentiment scaled +0.35 \u2192 +0.14 (count=2, sources=1, scale=0.40)[0m
[32m2026-09-10 05:38:10.632[0m | [1mINFO    [0m | [36msrc.analysis.sentiment[0m:[36manalyse_sentiment[0m:[36m1515[0m - [1mAEIS raw_sentiment=+0.85 (local, 2 articles)[0m
[32m2026-09-10 05:38:10.632[0m | [34m[1mDEBUG   [0m | [36msrc.analysis.sentiment[0m:[36manalyse_sentiment[0m:[36m1571[0m - [34m[1mAEIS sentiment scaled +0.85 \u2192 +0.31 (count=2, sources=1, scale=0.37)[0m
[32m2026-09-10 05:38:12.679[0m | [1mINFO    [0m | [36msrc.analysis.sentiment[0m:[36manalyse_sentiment[0m:[36m1515[0m - [1mAEIS raw_sentiment=+0.00 (local, 1 articles)[0m
[32m2026-09-10 05:38:12.680[0m | [34m[1mDEBUG   [0m | [36msrc.analysis.sentiment[0m:[36manalyse_sentiment[0m:[36m1571[0m - [34m[1mAEIS sentiment scaled +0.00 \u2192 +0.00 (count=1, sources=1, scale=0.32)[0m
[32m2026-09-10 05:38:14.435[0m | [1mINFO    [0m | [36msrc.analysis.sentiment[0m:[36manalyse_sentiment[0m:[36m1515[0m - [1mAEIS raw_sentiment=-0.15 (local, 1 articles)[0m
[32m2026-09-10 05:38:14.436[0m | [34m[1mDEBUG   [0m | [36msrc.analysis.sentiment[0m:[36manalyse_sentiment[0m:[36m1571[0m - [34m[1mAEIS sentiment scaled -0.15 \u2192 -0.05 (count=1, sources=1, scale=0.32)[0m
[32m2026-09-10 05:38:16.171[0m | [1mINFO    [0m | [36msrc.analysis.sentiment[0m:[36manalyse_sentiment[0m:[36m1515[0m - [1mAEIS raw_sentiment=-0.05 (local, 1 articles)[0m
[32m2026-09-10 05:38:16.171[0m | [34m[1mDEBUG   [0m | [36msrc.analysis.sentiment[0m:[36manalyse_sentiment[0m:[36m1571[0m - [34m[1mAEIS sentiment scaled -0.05 \u2192 -0.02 (count=1, sources=1, scale=0.32)[0m
  2026-08-05: 3 tickers in 39s
[32m2026-09-10 05:38:19.349[0m | [1mINFO    [0m | [36msrc.analysis.sentiment[0m:[36manalyse_sentiment[0m:[36m1515[0m - [1mAMD raw_sentiment=+0.15 (local, 2 articles)[0m
[32m2026-09-10 05:38:19.349[0m | [34m[1mDEBUG   [0m | [36msrc.analysis.sentiment[0m:[36manalyse_sentiment[0m:[36m1571[0m - [34m[1mAMD sentiment scaled +0.15 \u2192 +0.09 (count=2, sources=2, scale=0.61)[0m
[32m2026-09-10 05:38:21.022[0m | [1mINFO    [0m | [36msrc.analysis.sentiment[0m:[36manalyse_sentiment[0m:[36m1515[0m - [1mAMD raw_sentiment=+0.25 (local, 1 articles)[0m
[32m2026-09-10 05:38:21.022[0m | [34m[1mDEBUG   [0m | [36msrc.analysis.sentiment[0m:[36manalyse_sentiment[0m:[36m1571[0m - [34m[1mAMD sentiment scaled +0.25 \u2192 +0.11 (count=1, sources=1, scale=0.43)[0m
[32m2026-09-10 05:38:23.283[0m | [1mINFO    [0m | [36msrc.analysis.sentiment[0m:[36manalyse_sentiment[0m:[36m1515[0m - [1mAMD raw_sentiment=+0.05 (local, 1 articles)[0m
[32m2026-09-10 05:38:23.283[0m | [34m[1mDEBUG   [0m | [36msrc.analysis.sentiment[0m:[36manalyse_sentiment[0m:[36m1571[0m - [34m[1mAMD sentiment scaled +0.05 \u2192 +0.02 (count=1, sources=1, scale=0.43)[0m
[32m2026-09-10 05:38:25.107[0m | [1mINFO    [0m | [36msrc.analysis.sentiment[0m:[36manalyse_sentiment[0m:[36m1515[0m - [1mAMD raw_sentiment=+0.15 (local, 1 articles)[0m
[32m2026-09-10 05:38:25.107[0m | [34m[1mDEBUG   [0m | [36msrc.analysis.sentiment[0m:[36manalyse_sentiment[0m:[36m1571[0m - [34m[1mAMD sentiment scaled +0.15 \u2192 +0.06 (count=1, sources=1, scale=0.42)[0m
[32m2026-09-10 05:38:27.004[0m | [1mINFO    [0m | [36msrc.analysis.sentiment[0m:[36manalyse_sentiment[0m:[36m1515[0m - [1mAMD raw_sentiment=-0.15 (local, 2 articles)[0m
[32m2026-09-10 05:38:27.004[0m | [34m[1mDEBUG   [0m | [36msrc.analysis.sentiment[0m:[36manalyse_sentiment[0m:[36m1571[0m - [34m[1mAMD sentiment scaled -0.15 \u2192 -0.09 (count=2, sources=2, scale=0.60)[0m
[32m2026-09-10 05:38:29.152[0m | [1mINFO    [0m | [36msrc.analysis.sentiment[0m:[36manalyse_sentiment[0m:[36m1515[0m - [1mAMD raw_sentiment=+0.35 (local, 1 articles)[0m
[32m2026-09-10 05:38:29.152[0m | [34m[1mDEBUG   [0m | [36msrc.analysis.sentiment[0m:[36manalyse_sentiment[0m:[36m1571[0m - [34m[1mAMD sentiment scaled +0.35 \u2192 +0.15 (count=1, sources=1, scale=0.42)[0m
[32m2026-09-10 05:38:31.282[0m | [1mINFO    [0m | [36msrc.analysis.sentiment[0m:[36manalyse_sentiment[0m:[36m1515[0m - [1mAMD raw_sentiment=-0.15 (local, 1 articles)[0m
[32m2026-09-10 05:38:31.282[0m | [34m[1mDEBUG   [0m | [36msrc.analysis.sentiment[0m:[36manalyse_sentiment[0m:[36m1571[0m - [34m[1mAMD sentiment scaled -0.15 \u2192 -0.06 (count=1, sources=1, scale=0.42)[0m
[32m2026-09-10 05:38:33.106[0m | [1mINFO    [0m | [36msrc.analysis.sentiment[0m:[36manalyse_sentiment[0m:[36m1515[0m - [1mAMD raw_sentiment=+0.35 (local, 1 articles)[0m
[32m2026-09-10 05:38:33.106[0m | [34m[1mDEBUG   [0m | [36msrc.analysis.sentiment[0m:[36manalyse_sentiment[0m:[36m1571[0m - [34m[1mAMD sentiment scaled +0.35 \u2192 +0.14 (count=1, sources=1, scale=0.41)[0m
[32m2026-09-10 05:38:35.322[0m | [1mINFO    [0m | [36msrc.analysis.sentiment[0m:[36manalyse_sentiment[0m:[36m1515[0m - [1mAMD raw_sentiment=+0.05 (local, 1 articles)[0m
[32m2026-09-10 05:38:35.322[0m | [34m[1mDEBUG   [0m | [36msrc.analysis.sentiment[0m:[36manalyse_sentiment[0m:[36m1571[0m - [34m[1mAMD sentiment scaled +0.05 \u2192 +0.02 (count=1, sources=1, scale=0.41)[0m
[32m2026-09-10 05:38:37.064[0m | [1mINFO    [0m | [36msrc.analysis.sentiment[0m:[36manalyse_sentiment[0m:[36m1515[0m - [1mAMD raw_sentiment=+0.15 (local, 1 articles)[0m
[32m2026-09-10 05:38:37.064[0m | [34m[1mDEBUG   [0m | [36msrc.analysis.sentiment[0m:[36manalyse_sentiment[0m:[36m1571[0m - [34m[1mAMD sentiment scaled +0.15 \u2192 +0.06 (count=1, sources=1, scale=0.40)[0m
[32m2026-09-10 05:38:39.122[0m | [1mINFO    [0m | [36msrc.analysis.sentiment[0m:[36manalyse_sentiment[0m:[36m1515[0m - [1mAMD raw_sentiment=+0.25 (local, 1 articles)[0m
[32m2026-09-10 05:38:39.122[0m | [34m[1mDEBUG   [0m | [36msrc.analysis.sentiment[0m:[36manalyse_sentiment[0m:[36m1571[0m - [34m[1mAMD sentiment scaled +0.25 \u2192 +0.10 (count=1, sources=1, scale=0.40)[0m
[32m2026-09-10 05:38:41.228[0m | [1mINFO    [0m | [36msrc.analysis.sentiment[0m:[36manalyse_sentiment[0m:[36m1515[0m - [1mAMD raw_sentiment=+0.05 (local, 1 articles)[0m
[32m2026-09-10 05:38:41.228[0m | [34m[1mDEBUG   [0m | [36msrc.analysis.sentiment[0m:[36manalyse_sentiment[0m:[36m1571[0m - [34m[1mAMD sentiment scaled +0.05 \u2192 +0.02 (count=1, sources=1, scale=0.40)[0m
[32m2026-09-10 05:38:43.056[0m | [1mINFO    [0m | [36msrc.analysis.sentiment[0m:[36manalyse_sentiment[0m:[36m1515[0m - [1mAMD raw_sentiment=-0.35 (local, 1 articles)[0m
[32m2026-09-10 05:38:43.056[0m | [34m[1mDEBUG   [0m | [36msrc.analysis.sentiment[0m:[36manalyse_sentiment[0m:[36m1571[0m - [34m[1mAMD sentiment scaled -0.35 \u2192 -0.14 (count=1, sources=1, scale=0.39)[0m
[32m2026-09-10 05:38:45.251[0m | [1mINFO    [0m | [36msrc.analysis.sentiment[0m:[36manalyse_sentiment[0m:[36m1515[0m - [1mAMD raw_sentiment=-0.45 (local, 2 articles)[0m
[32m2026-09-10 05:38:45.252[0m | [34m[1mDEBUG   [0m | [36msrc.analysis.sentiment[0m:[36manalyse_sentiment[0m:[36m1571[0m - [34m[1mAMD sentiment scaled -0.45 \u2192 -0.23 (count=2, sources=2, scale=0.52)[0m
[32m2026-09-10 05:38:47.300[0m | [1mINFO    [0m | [36msrc.analysis.sentiment[0m:[36manalyse_sentiment[0m:[36m1515[0m - [1mAMD raw_sentiment=-0.65 (local, 1 articles)[0m
[32m2026-09-10 05:38:47.300[0m | [34m[1mDEBUG   [0m | [36msrc.analysis.sentiment[0m:[36manalyse_sentiment[0m:[36m1571[0m - [34m[1mAMD sentiment scaled -0.65 \u2192 -0.24 (count=1, sources=1, scale=0.37)[0m
[32m2026-09-10 05:38:49.378[0m | [1mINFO    [0m | [36msrc.analysis.sentiment[0m:[36manalyse_sentiment[0m:[36m1515[0m - [1mAMD raw_sentiment=-0.10 (local, 1 articles)[0m
[32m2026-09-10 05:38:49.378[0m | [34m[1mDEBUG   [0m | [36msrc.analysis.sentiment[0m:[36manalyse_sentiment[0m:[36m1571[0m - [34m[1mAMD sentiment scaled -0.10 \u2192 -0.04 (count=1, sources=1, scale=0.37)[0m
[32m2026-09-10 05:38:51.052[0m | [1mINFO    [0m | [36msrc.analysis.sentiment[0m:[36manalyse_sentiment[0m:[36m1515[0m - [1mAMD raw_sentiment=-0.15 (local, 1 articles)[0m
[32m2026-09-10 05:38:51.052[0m | [34m[1mDEBUG   [0m | [36msrc.analysis.sentiment[0m:[36manalyse_sentiment[0m:[36m1571[0m - [34m[1mAMD sentiment scaled -0.15 \u2192 -0.06 (count=1, sources=1, scale=0.37)[0m
  2026-08-07: 1 tickers in 34s
[32m2026-09-10 05:38:55.429[0m | [1mINFO    [0m | [36msrc.analysis.sentiment[0m:[36manalyse_sentiment[0m:[36m1515[0m - [1mAMN raw_sentiment=+0.75 (local, 10 articles)[0m
[32m2026-09-10 05:38:55.430[0m | [34m[1mDEBUG   [0m | [36msrc.analysis.sentiment[0m:[36manalyse_sentiment[0m:[36m1571[0m - [34m[1mAMN sentiment scaled +0.75 \u2192 +0.50 (count=10, sources=5, scale=0.66)[0m
[32m2026-09-10 05:38:57.766[0m | [1mINFO    [0m | [36msrc.analysis.sentiment[0m:[36manalyse_sentiment[0m:[36m1515[0m - [1mAMN raw_sentiment=+0.15 (local, 1 articles)[0m
[32m2026-09-10 05:38:57.766[0m | [34m[1mDEBUG   [0m | [36msrc.analysis.sentiment[0m:[36manalyse_sentiment[0m:[36m1571[0m - [34m[1mAMN sentiment scaled +0.15 \u2192 +0.06 (count=1, sources=1, scale=0.40)[0m
[32m2026-09-10 05:38:59.542[0m | [1mINFO    [0m | [36msrc.analysis.sentiment[0m:[36manalyse_sentiment[0m:[36m1515[0m - [1mAMN raw_sentiment=+0.75 (local, 5 articles)[0m
[32m2026-09-10 05:38:59.543[0m | [34m[1mDEBUG   [0m | [36msrc.analysis.sentiment[0m:[36manalyse_sentiment[0m:[36m1571[0m - [34m[1mAMN sentiment scaled +0.75 \u2192 +0.41 (count=5, sources=4, scale=0.54)[0m
[32m2026-09-10 05:39:01.765[0m | [1mINFO    [0m | [36msrc.analysis.sentiment[0m:[36manalyse_sentiment[0m:[36m1515[0m - [1mAMN raw_sentiment=-0.05 (local, 1 articles)[0m
[32m2026-09-10 05:39:01.765[0m | [34m[1mDEBUG   [0m | [36msrc.analysis.sentiment[0m:[36manalyse_sentiment[0m:[36m1571[0m - [34m[1mAMN sentiment scaled -0.05 \u2192 -0.02 (count=1, sources=1, scale=0.33)[0m
[32m2026-09-10 05:39:04.036[0m | [1mINFO    [0m | [36msrc.analysis.sentiment[0m:[36manalyse_sentiment[0m:[36m1515[0m - [1mAMN raw_sentiment=+0.65 (local, 1 articles)[0m
[32m2026-09-10 05:39:04.037[0m | [34m[1mDEBUG   [0m | [36msrc.analysis.sentiment[0m:[36manalyse_sentiment[0m:[36m1571[0m - [34m[1mAMN sentiment scaled +0.65 \u2192 +0.21 (count=1, sources=1, scale=0.33)[0m
[32m2026-09-10 05:39:06.354[0m | [1mINFO    [0m | [36msrc.analysis.sentiment[0m:[36manalyse_sentiment[0m:[36m1515[0m - [1mAMN raw_sentiment=+0.65 (local, 2 articles)[0m
[32m2026-09-10 05:39:06.354[0m | [34m[1mDEBUG   [0m | [36msrc.analysis.sentiment[0m:[36manalyse_sentiment[0m:[36m1571[0m - [34m[1mAMN sentiment scaled +0.65 \u2192 +0.21 (count=2, sources=1, scale=0.32)[0m
  2026-08-12: 1 tickers in 14s
[32m2026-09-10 05:39:10.577[0m | [1mINFO    [0m | [36msrc.analysis.sentiment[0m:[36manalyse_sentiment[0m:[36m1515[0m - [1mACM raw_sentiment=-0.75 (local, 10 articles)[0m
[32m2026-09-10 05:39:10.577[0m | [34m[1mDEBUG   [0m | [36msrc.analysis.sentiment[0m:[36manalyse_sentiment[0m:[36m1571[0m - [34m[1mACM sentiment scaled -0.75 \u2192 -0.54 (count=10, sources=7, scale=0.72)[0m
[32m2026-09-10 05:39:12.643[0m | [1mINFO    [0m | [36msrc.analysis.sentiment[0m:[36manalyse_sentiment[0m:[36m1515[0m - [1mACM raw_sentiment=-0.75 (local, 4 articles)[0m
[32m2026-09-10 05:39:12.643[0m | [34m[1mDEBUG   [0m | [36msrc.analysis.sentiment[0m:[36manalyse_sentiment[0m:[36m1571[0m - [34m[1mACM sentiment scaled -0.75 \u2192 -0.46 (count=4, sources=4, scale=0.62)[0m
[32m2026-09-10 05:39:15.090[0m | [1mINFO    [0m | [36msrc.analysis.sentiment[0m:[36manalyse_sentiment[0m:[36m1515[0m - [1mACM raw_sentiment=-0.65 (local, 1 articles)[0m
[32m2026-09-10 05:39:15.091[0m | [34m[1mDEBUG   [0m | [36msrc.analysis.sentiment[0m:[36manalyse_sentiment[0m:[36m1571[0m - [34m[1mACM sentiment scaled -0.65 \u2192 -0.23 (count=1, sources=1, scale=0.35)[0m
[32m2026-09-10 05:39:16.704[0m | [1mINFO    [0m | [36msrc.analysis.sentiment[0m:[36manalyse_sentiment[0m:[36m1515[0m - [1mACM raw_sentiment=-0.45 (local, 3 articles)[0m
[32m2026-09-10 05:39:16.705[0m | [34m[1mDEBUG   [0m | [36msrc.analysis.sentiment[0m:[36manalyse_sentiment[0m:[36m1571[0m - [34m[1mACM sentiment scaled -0.45 \u2192 -0.20 (count=3, sources=2, scale=0.45)[0m
[32m2026-09-10 05:39:18.612[0m | [1mINFO    [0m | [36msrc.analysis.sentiment[0m:[36manalyse_sentiment[0m:[36m1515[0m - [1mACM raw_sentiment=-0.65 (local, 1 articles)[0m
[32m2026-09-10 05:39:18.612[0m | [34m[1mDEBUG   [0m | [36msrc.analysis.sentiment[0m:[36manalyse_sentiment[0m:[36m1571[0m - [34m[1mACM sentiment scaled -0.65 \u2192 -0.22 (count=1, sources=1, scale=0.34)[0m
[32m2026-09-10 05:39:21.191[0m | [1mINFO    [0m | [36msrc.analysis.sentiment[0m:[36manalyse_sentiment[0m:[36m1515[0m - [1mACM raw_sentiment=+0.15 (local, 1 articles)[0m
[32m2026-09-10 05:39:21.191[0m | [34m[1mDEBUG   [0m | [36msrc.analysis.sentiment[0m:[36manalyse_sentiment[0m:[36m1571[0m - [34m[1mACM sentiment scaled +0.15 \u2192 +0.05 (count=1, sources=1, scale=0.32)[0m
  2026-08-13: 1 tickers in 14s
[32m2026-09-10 05:39:24.865[0m | [1mINFO    [0m | [36msrc.analysis.sentiment[0m:[36manalyse_sentiment[0m:[36m1515[0m - [1mAMBQ raw_sentiment=+0.65 (local, 4 articles)[0m
[32m2026-09-10 05:39:24.865[0m | [34m[1mDEBUG   [0m | [36msrc.analysis.sentiment[0m:[36manalyse_sentiment[0m:[36m1571[0m - [34m[1mAMBQ sentiment scaled +0.65 \u2192 +0.35 (count=4, sources=4, scale=0.54)[0m
[32m2026-09-10 05:39:26.629[0m | [1mINFO    [0m | [36msrc.analysis.sentiment[0m:[36manalyse_sentiment[0m:[36m1515[0m - [1mAMBQ raw_sentiment=+0.25 (local, 1 articles)[0m
[32m2026-09-10 05:39:26.629[0m | [34m[1mDEBUG   [0m | [36msrc.analysis.sentiment[0m:[36manalyse_sentiment[0m:[36m1571[0m - [34m[1mAMBQ sentiment scaled +0.25 \u2192 +0.08 (count=1, sources=1, scale=0.33)[0m
[32m2026-09-10 05:39:28.364[0m | [1mINFO    [0m | [36msrc.analysis.sentiment[0m:[36manalyse_sentiment[0m:[36m1515[0m - [1mAMBQ raw_sentiment=+0.25 (local, 1 articles)[0m
[32m2026-09-10 05:39:28.364[0m | [34m[1mDEBUG   [0m | [36msrc.analysis.sentiment[0m:[36manalyse_sentiment[0m:[36m1571[0m - [34m[1mAMBQ sentiment scaled +0.25 \u2192 +0.08 (count=1, sources=1, scale=0.33)[0m
[32m2026-09-10 05:39:31.480[0m | [1mINFO    [0m | [36msrc.analysis.sentiment[0m:[36manalyse_sentiment[0m:[36m1515[0m - [1mAPOS raw_sentiment=+0.65 (local, 7 articles)[0m
[32m2026-09-10 05:39:31.481[0m | [34m[1mDEBUG   [0m | [36msrc.analysis.sentiment[0m:[36manalyse_sentiment[0m:[36m1571[0m - [34m[1mAPOS sentiment scaled +0.65 \u2192 +0.37 (count=7, sources=7, scale=0.57)[0m
[32m2026-09-10 05:39:33.426[0m | [1mINFO    [0m | [36msrc.analysis.sentiment[0m:[36manalyse_sentiment[0m:[36m1515[0m - [1mAPOS raw_sentiment=+0.00 (local, 1 articles)[0m
[32m2026-09-10 05:39:33.426[0m | [34m[1mDEBUG   [0m | [36msrc.analysis.sentiment[0m:[36manalyse_sentiment[0m:[36m1571[0m - [34m[1mAPOS sentiment scaled +0.00 \u2192 +0.00 (count=1, sources=1, scale=0.32)[0m
  2026-08-14: 2 tickers in 11s
[32m2026-09-10 05:39:37.448[0m | [1mINFO    [0m | [36msrc.analysis.sentiment[0m:[36manalyse_sentiment[0m:[36m1515[0m - [1mABBV raw_sentiment=+0.05 (local, 4 articles)[0m
[32m2026-09-10 05:39:37.448[0m | [34m[1mDEBUG   [0m | [36msrc.analysis.sentiment[0m:[36manalyse_sentiment[0m:[36m1571[0m - [34m[1mABBV sentiment scaled +0.05 \u2192 +0.02 (count=4, sources=3, scale=0.46)[0m
[32m2026-09-10 05:39:39.423[0m | [1mINFO    [0m | [36msrc.analysis.sentiment[0m:[36manalyse_sentiment[0m:[36m1515[0m - [1mABBV raw_sentiment=+0.00 (local, 1 articles)[0m
[32m2026-09-10 05:39:39.423[0m | [34m[1mDEBUG   [0m | [36msrc.analysis.sentiment[0m:[36manalyse_sentiment[0m:[36m1571[0m - [34m[1mABBV sentiment scaled +0.00 \u2192 +0.00 (count=1, sources=1, scale=0.32)[0m
[32m2026-09-10 05:39:41.661[0m | [1mINFO    [0m | [36msrc.analysis.sentiment[0m:[36manalyse_sentiment[0m:[36m1515[0m - [1mABBV raw_sentiment=+0.05 (local, 1 articles)[0m
[32m2026-09-10 05:39:41.661[0m | [34m[1mDEBUG   [0m | [36msrc.analysis.sentiment[0m:[36manalyse_sentiment[0m:[36m1571[0m - [34m[1mABBV sentiment scaled +0.05 \u2192 +0.02 (count=1, sources=1, scale=0.32)[0m
  2026-08-16: 1 tickers in 7s
[32m2026-09-10 05:39:46.551[0m | [1mINFO    [0m | [36msrc.analysis.sentiment[0m:[36manalyse_sentiment[0m:[36m1515[0m - [1mABCL raw_sentiment=+0.15 (local, 16 articles)[0m
[32m2026-09-10 05:39:46.551[0m | [34m[1mDEBUG   [0m | [36msrc.analysis.sentiment[0m:[36manalyse_sentiment[0m:[36m1571[0m - [34m[1mABCL sentiment scaled +0.15 \u2192 +0.08 (count=16, sources=8, scale=0.55)[0m
[32m2026-09-10 05:39:48.633[0m | [1mINFO    [0m | [36msrc.analysis.sentiment[0m:[36manalyse_sentiment[0m:[36m1515[0m - [1mABCL raw_sentiment=-0.05 (local, 2 articles)[0m
[32m2026-09-10 05:39:48.634[0m | [34m[1mDEBUG   [0m | [36msrc.analysis.sentiment[0m:[36manalyse_sentiment[0m:[36m1571[0m - [34m[1mABCL sentiment scaled -0.05 \u2192 -0.02 (count=2, sources=1, scale=0.36)[0m
[32m2026-09-10 05:39:51.010[0m | [1mINFO    [0m | [36msrc.analysis.sentiment[0m:[36manalyse_sentiment[0m:[36m1515[0m - [1mABCL raw_sentiment=+0.00 (local, 1 articles)[0m
[32m2026-09-10 05:39:51.010[0m | [34m[1mDEBUG   [0m | [36msrc.analysis.sentiment[0m:[36manalyse_sentiment[0m:[36m1571[0m - [34m[1mABCL sentiment scaled +0.00 \u2192 +0.00 (count=1, sources=1, scale=0.33)[0m
[32m2026-09-10 05:39:52.913[0m | [1mINFO    [0m | [36msrc.analysis.sentiment[0m:[36manalyse_sentiment[0m:[36m1515[0m - [1mABCL raw_sentiment=+0.15 (local, 6 articles)[0m
[32m2026-09-10 05:39:52.914[0m | [34m[1mDEBUG   [0m | [36msrc.analysis.sentiment[0m:[36manalyse_sentiment[0m:[36m1571[0m - [34m[1mABCL sentiment scaled +0.15 \u2192 +0.07 (count=6, sources=4, scale=0.44)[0m
[32m2026-09-10 05:39:54.852[0m | [1mINFO    [0m | [36msrc.analysis.sentiment[0m:[36manalyse_sentiment[0m:[36m1515[0m - [1mABCL raw_sentiment=+0.35 (local, 1 articles)[0m
[32m2026-09-10 05:39:54.853[0m | [34m[1mDEBUG   [0m | [36msrc.analysis.sentiment[0m:[36manalyse_sentiment[0m:[36m1571[0m - [34m[1mABCL sentiment scaled +0.35 \u2192 +0.11 (count=1, sources=1, scale=0.32)[0m
[32m2026-09-10 05:39:56.796[0m | [1mINFO    [0m | [36msrc.analysis.sentiment[0m:[36manalyse_sentiment[0m:[36m1515[0m - [1mABCL raw_sentiment=-0.15 (local, 1 articles)[0m
[32m2026-09-10 05:39:56.797[0m | [34m[1mDEBUG   [0m | [36msrc.analysis.sentiment[0m:[36manalyse_sentiment[0m:[36m1571[0m - [34m[1mABCL sentiment scaled -0.15 \u2192 -0.05 (count=1, sources=1, scale=0.32)[0m
[32m2026-09-10 05:39:58.416[0m | [1mINFO    [0m | [36msrc.analysis.sentiment[0m:[36manalyse_sentiment[0m:[36m1515[0m - [1mABCL raw_sentiment=+0.00 (local, 1 articles)[0m
[32m2026-09-10 05:39:58.416[0m | [34m[1mDEBUG   [0m | [36msrc.analysis.sentiment[0m:[36manalyse_sentiment[0m:[36m1571[0m - [34m[1mABCL sentiment scaled +0.00 \u2192 +0.00 (count=1, sources=1, scale=0.32)[0m
[32m2026-09-10 05:40:00.723[0m | [1mINFO    [0m | [36msrc.analysis.sentiment[0m:[36manalyse_sentiment[0m:[36m1515[0m - [1mABCL raw_sentiment=+0.35 (local, 1 articles)[0m
[32m2026-09-10 05:40:00.723[0m | [34m[1mDEBUG   [0m | [36msrc.analysis.sentiment[0m:[36manalyse_sentiment[0m:[36m1571[0m - [34m[1mABCL sentiment scaled +0.35 \u2192 +0.11 (count=1, sources=1, scale=0.32)[0m
[32m2026-09-10 05:40:02.736[0m | [1mINFO    [0m | [36msrc.analysis.sentiment[0m:[36manalyse_sentiment[0m:[36m1515[0m - [1mABCL raw_sentiment=+0.15 (local, 1 articles)[0m
[32m2026-09-10 05:40:02.736[0m | [34m[1mDEBUG   [0m | [36msrc.analysis.sentiment[0m:[36manalyse_sentiment[0m:[36m1571[0m - [34m[1mABCL sentiment scaled +0.15 \u2192 +0.05 (count=1, sources=1, scale=0.32)[0m
[32m2026-09-10 05:40:04.889[0m | [1mINFO    [0m | [36msrc.analysis.sentiment[0m:[36manalyse_sentiment[0m:[36m1515[0m - [1mABCL raw_sentiment=+0.00 (local, 1 articles)[0m
[32m2026-09-10 05:40:04.889[0m | [34m[1mDEBUG   [0m | [36msrc.analysis.sentiment[0m:[36manalyse_sentiment[0m:[36m1571[0m - [34m[1mABCL sentiment scaled +0.00 \u2192 +0.00 (count=1, sources=1, scale=0.32)[0m
[32m2026-09-10 05:40:06.841[0m | [1mINFO    [0m | [36msrc.analysis.sentiment[0m:[36manalyse_sentiment[0m:[36m1515[0m - [1mABCL raw_sentiment=+0.15 (local, 1 articles)[0m
[32m2026-09-10 05:40:06.841[0m | [34m[1mDEBUG   [0m | [36msrc.analysis.sentiment[0m:[36manalyse_sentiment[0m:[36m1571[0m - [34m[1mABCL sentiment scaled +0.15 \u2192 +0.05 (count=1, sources=1, scale=0.32)[0m
  2026-08-17: 1 tickers in 24s

done -> runs/cluster_ab3.jsonl
